Source_Mol,Target_Mol
CNC(=O)c1cnc2[nH]ccc2c1NC1CCN(Cc2cccc(OC)c2)C1,CNC(=O)c1cnc2[nH]ccc2c1NC1CC2CCC(C1)N2Cc1ccc(Cl)cc1
CNC(=O)c1cnc2[nH]ccc2c1NC1CCN(Cc2cccc(OC)c2)C1,CNC(=O)c1cnc2[nH]ccc2c1NC1CCN(Cc2ccc(OC)cc2)CC1
CNC(=O)c1cnc2[nH]ccc2c1NC1CCN(Cc2cccc(OC)c2)C1,CNC(=O)c1cnc2[nH]ccc2c1NC1CCN(Cc2ccccc2OC)CC1
CNC(=O)c1cnc2[nH]ccc2c1NC1CCN(Cc2cccc(OC)c2)C1,N#Cc1cnc(N2CCC(Nc3c(C(N)=O)cnc4[nH]ccc34)CC2)cn1
CNC(=O)c1cnc2[nH]ccc2c1NC1CCN(Cc2cccc(OC)c2)C1,CNC(=O)c1cnc2[nH]ccc2c1NC1CCN(Cc2ccc(C#N)cc2)C(C)C1
CNC(=O)c1cnc2[nH]ccc2c1NC1CCN(Cc2cccc(OC)c2)C1,N#Cc1ccc(N2CCC(Nc3c(C(N)=O)cnc4[nH]ccc34)CC2)cc1
CNC(=O)c1cnc2[nH]ccc2c1NC1CCN(Cc2cccc(OC)c2)C1,CNC(=O)c1cnc2[nH]ccc2c1NC1CCCN(Cc2ccc(Cl)cc2)CC1
CNC(=O)c1cnc2[nH]ccc2c1NC1CCN(Cc2cccc(OC)c2)C1,CNC(=O)c1cnc2[nH]ccc2c1NC1CCCN(Cc2ccc(C#N)cc2)CC1
CNC(=O)c1cnc2[nH]ccc2c1NC1CCN(Cc2cccc(OC)c2)C1,CNC(=O)c1cnc2[nH]ccc2c1NC1CCCN(Cc2cccc(Cl)c2)CC1
CNC(=O)c1cnc2[nH]ccc2c1NC1CCN(Cc2cccc(OC)c2)C1,NC(=O)c1ccc(N2CCC(Nc3c(C(N)=O)cnc4[nH]ccc34)CC2)nc1
CNC(=O)c1cnc2[nH]ccc2c1NC1CCN(Cc2cccc(OC)c2)C1,CC1CC(Nc2c(C(N)=O)cnc3[nH]ccc23)CCN1Cc1cccc(Cl)c1
CNC(=O)c1cnc2[nH]ccc2c1NC1CCN(Cc2cccc(OC)c2)C1,CNC(=O)c1cnc2[nH]ccc2c1NC1CCN(Cc2cccc(OC)c2)CC1
CNC(=O)c1cnc2[nH]ccc2c1NC1CCN(Cc2cccc(OC)c2)C1,CNC(=O)c1cnc2[nH]ccc2c1NC1CCCN(Cc2ccccc2)CC1
CNC(=O)c1cnc2[nH]ccc2c1NC1CCN(Cc2cccc(OC)c2)C1,CNC(=O)c1cnc2[nH]ccc2c1NC1CCN(Cc2ccccc2)C(C)C1
CNC(=O)c1cnc2[nH]ccc2c1NC1CCN(Cc2cccc(OC)c2)C1,CNC(=O)c1cnc2[nH]ccc2c1NC1CCN(Cc2ccc(Cl)cc2)C1
CNC(=O)c1cnc2[nH]ccc2c1NC1CCN(Cc2cccc(OC)c2)C1,CC1CCCCC1Nc1c(C(N)=O)cnc2[nH]ccc12
CNC(=O)c1cnc2[nH]ccc2c1NC1CCN(Cc2cccc(OC)c2)C1,N#Cc1ccc(N2CCC(Nc3c(C(N)=O)cnc4[nH]ccc34)CC2)nn1
CNC(=O)c1cnc2[nH]ccc2c1NC1CCN(Cc2cccc(OC)c2)C1,O=C(NC1CC1)c1cnc2[nH]ccc2c1NC1CCN(Cc2ccccc2)CC1
CNC(=O)c1cnc2[nH]ccc2c1NC1CCN(Cc2cccc(OC)c2)C1,CNC(=O)c1cnc2[nH]ccc2c1NC1CC2CCC(C1)N2Cc1ccc(OC)cc1
CNC(=O)c1cnc2[nH]ccc2c1NC1CCN(Cc2cccc(OC)c2)C1,CN1CCC(Nc2c(C(N)=O)cnc3[nH]ccc23)CC1
CNC(=O)c1cnc2[nH]ccc2c1NC1CCN(Cc2cccc(OC)c2)C1,CNC(=O)c1cnc2[nH]ccc2c1NC1CCN(Cc2cccc(OC)c2)C(C)C1
CNC(=O)c1cnc2[nH]ccc2c1NC1CCN(Cc2cccc(OC)c2)C1,CNC(=O)c1cnc2[nH]ccc2c1NCC1CCN(Cc2ccc(Cl)cc2)CC1
CNC(=O)c1cnc2[nH]ccc2c1NC1CCN(Cc2cccc(OC)c2)C1,CNC(=O)c1cnc2[nH]ccc2c1NCC1CCN(Cc2ccc(OC)cc2)CC1
CNC(=O)c1cnc2[nH]ccc2c1NC1CCN(Cc2cccc(OC)c2)C1,CNC(=O)c1cnc2[nH]ccc2c1NC1CCN(Cc2cccc(Cl)c2)CC1F
CNC(=O)c1cnc2[nH]ccc2c1NC1CCN(Cc2cccc(OC)c2)C1,CNC(=O)c1cnc2[nH]ccc2c1NC1CCN(Cc2cccc(Cl)c2)C(C)C1
CNC(=O)c1cnc2[nH]ccc2c1NC1CCN(Cc2cccc(OC)c2)C1,N#Cc1ccc(N2CCC(Nc3c(C(N)=O)cnc4[nH]ccc34)CC2)nc1
CNC(=O)c1cnc2[nH]ccc2c1NC1CCN(Cc2cccc(OC)c2)C1,CNC(=O)c1cnc2[nH]ccc2c1NC1CCN(Cc2cccc(Cl)c2)C1
CNC(=O)c1cnc2[nH]ccc2c1NC1CCN(Cc2cccc(OC)c2)C1,NC(=O)c1cnc2[nH]ccc2c1NC1C2CC3CC1CC(O)(C3)C2
COc1ccc(-c2cccc3nc(N)nn23)cc1,O=C(Nc1nc2cccc(-c3ccc(C(=O)N4CCC(F)(F)CC4)cc3)n2n1)C1CC1
COc1ccc(-c2cccc3nc(N)nn23)cc1,O=C(Nc1nc2cccc(-c3ccc(C(=O)N4CC(F)(F)C4)cc3)n2n1)C1CC1
COc1ccc(-c2cccc3nc(N)nn23)cc1,O=C(NCC(F)(F)F)c1ccc(-c2cccc3nc(NC(=O)C4CC4)nn23)cc1
COc1ccc(-c2cccc3nc(N)nn23)cc1,N#CC1CN(C(=O)c2ccc(-c3cccc4nc(NC(=O)C5CC5)nn34)cc2)C1
COc1ccc(-c2cccc3nc(N)nn23)cc1,C=C(C#N)C(O)c1ccc(-c2cccc3nc(NC(=O)C4CC4)nn23)cc1
CCOc1ccc(-c2cccn3nc(NC(=O)C4CC4)nc23)cc1,O=C(Nc1nc2cccc(C3CCC(NC(=O)C4(F)CC4)CC3)n2n1)C1CC1
CCOc1ccc(-c2cccn3nc(NC(=O)C4CC4)nc23)cc1,O=C(Nc1nc2cccc(-c3ccc(C(=O)N4CCC(F)(F)CC4)cc3)n2n1)C1CC1
CCOc1ccc(-c2cccn3nc(NC(=O)C4CC4)nc23)cc1,O=C(Nc1nc2cccc(-c3ccc(C(=O)N4CC(F)(F)C4)cc3)n2n1)C1CC1
CCOc1ccc(-c2cccn3nc(NC(=O)C4CC4)nc23)cc1,N#CCC(=O)N1CC=C(c2cccc3nc(NC(=O)C4CC4)nn23)CC1
CCOc1ccc(-c2cccn3nc(NC(=O)C4CC4)nc23)cc1,C=CC(=O)N1CC=C(c2cccc3nc(NC(=O)C4CC4)nn23)CC1
CCOc1ccc(-c2cccn3nc(NC(=O)C4CC4)nc23)cc1,O=C(Nc1nc2cccc(C3CCC4(CCN(C(=O)C5CC5(F)F)CC4)C3)n2n1)C1CC1
CCOc1ccc(-c2cccn3nc(NC(=O)C4CC4)nc23)cc1,CC(C)(C#N)C(=O)N1CC2(CCC(c3cccc4nc(NC(=O)C5CC5)nn34)CC2)C1
CCOc1ccc(-c2cccn3nc(NC(=O)C4CC4)nc23)cc1,O=C(Nc1nc2cccc(C3=CCN(C(=O)NCC(F)(F)F)CC3)n2n1)C1CC1
CCOc1ccc(-c2cccn3nc(NC(=O)C4CC4)nc23)cc1,O=C(Nc1nc2cccc(C3CCC4(CC3)CCN(C(=O)C3CC3(F)F)CC4)n2n1)C1CC1
CCOc1ccc(-c2cccn3nc(NC(=O)C4CC4)nc23)cc1,O=C(NCC(F)(F)F)c1ccc(-c2cccc3nc(NC(=O)C4CC4)nn23)cc1
CCOc1ccc(-c2cccn3nc(NC(=O)C4CC4)nc23)cc1,N#CC1CN(C(=O)c2ccc(-c3cccc4nc(NC(=O)C5CC5)nn34)cc2)C1
CCOc1ccc(-c2cccn3nc(NC(=O)C4CC4)nc23)cc1,O=C(Nc1nc2cccc(C3=CCN(C(=O)C4(C(F)(F)F)CC4)CC3)n2n1)C1CC1
CCOc1ccc(-c2cccn3nc(NC(=O)C4CC4)nc23)cc1,N#CCC(=O)N1CC2(CCC(c3cccc4nc(NC(=O)C5CC5)nn34)CC2)C1
CCOc1ccc(-c2cccn3nc(NC(=O)C4CC4)nc23)cc1,O=C(Nc1nc2cccc(C3=CCN(C(=O)C4CC4(F)F)CC3)n2n1)C1CC1
CCOc1ccc(-c2cccn3nc(NC(=O)C4CC4)nc23)cc1,N#CCC(=O)N1CCC2(CCC(c3cccc4nc(NC(=O)C5CC5)nn34)CC2)CC1
CCOc1ccc(-c2cccn3nc(NC(=O)C4CC4)nc23)cc1,C=C(C#N)C(O)c1ccc(-c2cccc3nc(NC(=O)C4CC4)nn23)cc1
COCc1cccc(-c2cccc3nc(NC(=O)C4CC4)nn23)c1,O=C(Nc1nc2cccc(C3CCC(NC(=O)C4(F)CC4)CC3)n2n1)C1CC1
COCc1cccc(-c2cccc3nc(NC(=O)C4CC4)nn23)c1,O=C(Nc1nc2cccc(-c3ccc(C(=O)N4CCC(F)(F)CC4)cc3)n2n1)C1CC1
COCc1cccc(-c2cccc3nc(NC(=O)C4CC4)nn23)c1,O=C(Nc1nc2cccc(-c3ccc(C(=O)N4CC(F)(F)C4)cc3)n2n1)C1CC1
COCc1cccc(-c2cccc3nc(NC(=O)C4CC4)nn23)c1,N#CCC(=O)N1CC=C(c2cccc3nc(NC(=O)C4CC4)nn23)CC1
COCc1cccc(-c2cccc3nc(NC(=O)C4CC4)nn23)c1,C=CC(=O)N1CC=C(c2cccc3nc(NC(=O)C4CC4)nn23)CC1
COCc1cccc(-c2cccc3nc(NC(=O)C4CC4)nn23)c1,O=C(Nc1nc2cccc(C3CCC4(CCN(C(=O)C5CC5(F)F)CC4)C3)n2n1)C1CC1
COCc1cccc(-c2cccc3nc(NC(=O)C4CC4)nn23)c1,CC(C)(C#N)C(=O)N1CC2(CCC(c3cccc4nc(NC(=O)C5CC5)nn34)CC2)C1
COCc1cccc(-c2cccc3nc(NC(=O)C4CC4)nn23)c1,O=C(Nc1nc2cccc(C3=CCN(C(=O)NCC(F)(F)F)CC3)n2n1)C1CC1
COCc1cccc(-c2cccc3nc(NC(=O)C4CC4)nn23)c1,O=C(Nc1nc2cccc(C3CCC4(CC3)CCN(C(=O)C3CC3(F)F)CC4)n2n1)C1CC1
COCc1cccc(-c2cccc3nc(NC(=O)C4CC4)nn23)c1,O=C(NCC(F)(F)F)c1ccc(-c2cccc3nc(NC(=O)C4CC4)nn23)cc1
COCc1cccc(-c2cccc3nc(NC(=O)C4CC4)nn23)c1,N#CC1CN(C(=O)c2ccc(-c3cccc4nc(NC(=O)C5CC5)nn34)cc2)C1
COCc1cccc(-c2cccc3nc(NC(=O)C4CC4)nn23)c1,O=C(Nc1nc2cccc(C3=CCN(C(=O)C4(C(F)(F)F)CC4)CC3)n2n1)C1CC1
COCc1cccc(-c2cccc3nc(NC(=O)C4CC4)nn23)c1,N#CCC(=O)N1CC2(CCC(c3cccc4nc(NC(=O)C5CC5)nn34)CC2)C1
COCc1cccc(-c2cccc3nc(NC(=O)C4CC4)nn23)c1,O=C(Nc1nc2cccc(C3=CCN(C(=O)C4CC4(F)F)CC3)n2n1)C1CC1
COCc1cccc(-c2cccc3nc(NC(=O)C4CC4)nn23)c1,N#CCC(=O)N1CCC2(CCC(c3cccc4nc(NC(=O)C5CC5)nn34)CC2)CC1
COCc1cccc(-c2cccc3nc(NC(=O)C4CC4)nn23)c1,C=C(C#N)C(O)c1ccc(-c2cccc3nc(NC(=O)C4CC4)nn23)cc1
N#CCC1(n2cc(-c3ncnc4[nH]ccc34)cn2)CN(C2CCN(C(=O)c3ccnc(C(F)(F)F)c3F)CC2)C1,O=C(Nc1nc2cccc(-c3ccc(C(=O)N4CCC(F)(F)CC4)cc3)n2n1)C1CC1
N#CCC1(n2cc(-c3ncnc4[nH]ccc34)cn2)CN(C2CCN(C(=O)c3ccnc(C(F)(F)F)c3F)CC2)C1,Nc1n[nH]c2c(-c3ccccn3)cn(-c3ccccc3Cl)c(=O)c12
N#CCC1(n2cc(-c3ncnc4[nH]ccc34)cn2)CN(C2CCN(C(=O)c3ccnc(C(F)(F)F)c3F)CC2)C1,CCn1c(C(=O)N(C2CC2)C2CC2)cc2c3c(ncn3C)c(NC(=O)NCCOC)nc21
N#CCC1(n2cc(-c3ncnc4[nH]ccc34)cn2)CN(C2CCN(C(=O)c3ccnc(C(F)(F)F)c3F)CC2)C1,Cc1ccc(C(=O)C=CC(=O)N2CCc3ccc(Nc4ncc(C)c(-c5cnn(C(C)C)c5)n4)cc3C2)cc1
N#CCC1(n2cc(-c3ncnc4[nH]ccc34)cn2)CN(C2CCN(C(=O)c3ccnc(C(F)(F)F)c3F)CC2)C1,CCn1c(C(=O)N(C2CC2)C2CC2)cc2c3c(ncn3C)c(Nc3nc(C(=O)NC)c(C)s3)nc21
N#CCC1(n2cc(-c3ncnc4[nH]ccc34)cn2)CN(C2CCN(C(=O)c3ccnc(C(F)(F)F)c3F)CC2)C1,CCn1c(C(=O)N(C2CC2)C2CC2)cc2c3c(ncn3C)c(Nc3nc(C)cs3)nc21
N#CCC1(n2cc(-c3ncnc4[nH]ccc34)cn2)CN(C2CCN(C(=O)c3ccnc(C(F)(F)F)c3F)CC2)C1,CCn1c(C(=O)N(C2CC2)C2CC2)cc2c3c(ncn3C)c(Nc3ncc(C)s3)nc21
N#CCC1(n2cc(-c3ncnc4[nH]ccc34)cn2)CN(C2CCN(C(=O)c3ccnc(C(F)(F)F)c3F)CC2)C1,CC(NC(=O)c1c[nH]c2ncc(-c3nn(C)c4cc(F)ccc34)nc12)C(=O)N1CC(C#N)C1
N#CCC1(n2cc(-c3ncnc4[nH]ccc34)cn2)CN(C2CCN(C(=O)c3ccnc(C(F)(F)F)c3F)CC2)C1,CC(NC(=O)c1c[nH]c2ncc(-n3ncc4cc(Cl)ccc43)nc12)C(=O)N1CC(C#N)C1
N#CCC1(n2cc(-c3ncnc4[nH]ccc34)cn2)CN(C2CCN(C(=O)c3ccnc(C(F)(F)F)c3F)CC2)C1,CCn1c(C(=O)N(C2CC2)C2CC2)cc2c3c(ncn3C)c(NC)nc21
N#CCC1(n2cc(-c3ncnc4[nH]ccc34)cn2)CN(C2CCN(C(=O)c3ccnc(C(F)(F)F)c3F)CC2)C1,CCn1nc(Nc2nc3c(cc(C(=O)N(C4CC4)C4CC4)n3CC)c3c2ncn3C)cc1C
N#CCC1(n2cc(-c3ncnc4[nH]ccc34)cn2)CN(C2CCN(C(=O)c3ccnc(C(F)(F)F)c3F)CC2)C1,CC(CCCCCC(=O)NO)n1cc(-c2ncnc3[nH]ccc23)cn1
N#CCC1(n2cc(-c3ncnc4[nH]ccc34)cn2)CN(C2CCN(C(=O)c3ccnc(C(F)(F)F)c3F)CC2)C1,CCn1c(C(=O)N(C2CC2)C2CC2)cc2c3c(ncn3C)c(Nc3cc(C)nn3C)nc21
N#CCC1(n2cc(-c3ncnc4[nH]ccc34)cn2)CN(C2CCN(C(=O)c3ccnc(C(F)(F)F)c3F)CC2)C1,Cn1cc(C2=C(Nc3cccc(OCCNc4ccnc(F)c4)c3)C(=O)NC2=O)c2ccccc21
N#CCC1(n2cc(-c3ncnc4[nH]ccc34)cn2)CN(C2CCN(C(=O)c3ccnc(C(F)(F)F)c3F)CC2)C1,CCn1c(C(=O)N(C2CC2)C2CC2)cc2c3c(ncn3C)c(Nc3nc(C)c(S(C)(=O)=O)s3)nc21
N#CCC1(n2cc(-c3ncnc4[nH]ccc34)cn2)CN(C2CCN(C(=O)c3ccnc(C(F)(F)F)c3F)CC2)C1,Cc1cnc(Nc2ccc3c(c2)CCN(C(=O)C=CCN(C)C)C3)nc1-c1cnn(C(C)C)c1
N#CCC1(n2cc(-c3ncnc4[nH]ccc34)cn2)CN(C2CCN(C(=O)c3ccnc(C(F)(F)F)c3F)CC2)C1,CC(NC(=O)c1c[nH]c2ncc(-c3nn(C)c4cc(Cl)cc(F)c34)nc12)C(=O)N1CC(C#N)C1
N#CCC1(n2cc(-c3ncnc4[nH]ccc34)cn2)CN(C2CCN(C(=O)c3ccnc(C(F)(F)F)c3F)CC2)C1,CC(C)C(C)n1cc(-c2cc(N3CCOCC3)n(C)n2)c2[nH]nc(N)c2c1=O
N#CCC1(n2cc(-c3ncnc4[nH]ccc34)cn2)CN(C2CCN(C(=O)c3ccnc(C(F)(F)F)c3F)CC2)C1,Cc1ccccc1-n1cc(-c2ccn(C)n2)c2[nH]nc(N)c2c1=O
N#CCC1(n2cc(-c3ncnc4[nH]ccc34)cn2)CN(C2CCN(C(=O)c3ccnc(C(F)(F)F)c3F)CC2)C1,CC1(N)CCC(Nc2c(C(N)=O)cnn3cc(-c4ccccc4C#N)cc23)C1(C)C
N#CCC1(n2cc(-c3ncnc4[nH]ccc34)cn2)CN(C2CCN(C(=O)c3ccnc(C(F)(F)F)c3F)CC2)C1,CC(C)C(C)n1cc(-c2ccn(C)n2)c2[nH]nc(N)c2c1=O
N#CCC1(n2cc(-c3ncnc4[nH]ccc34)cn2)CN(C2CCN(C(=O)c3ccnc(C(F)(F)F)c3F)CC2)C1,COC(=O)C=CCN1CCc2cc(Nc3ncc(C)c(-c4cnn(C(C)C)c4)n3)ccc2C1
N#CCC1(n2cc(-c3ncnc4[nH]ccc34)cn2)CN(C2CCN(C(=O)c3ccnc(C(F)(F)F)c3F)CC2)C1,COc1ccc2c(-c3cnc4[nH]cc(C(=O)NC(C)C(=O)N5CC(C#N)C5)c4n3)nn(C)c2c1
N#CCC1(n2cc(-c3ncnc4[nH]ccc34)cn2)CN(C2CCN(C(=O)c3ccnc(C(F)(F)F)c3F)CC2)C1,CCC(C(C)C)n1cc(-c2ccn(C)n2)c2[nH]nc(N)c2c1=O
N#CCC1(n2cc(-c3ncnc4[nH]ccc34)cn2)CN(C2CCN(C(=O)c3ccnc(C(F)(F)F)c3F)CC2)C1,CCn1c(C(=O)N(C2CC2)C2CC2)cc2c3c(ncn3C)c(Nc3cc(C)[nH]n3)nc21
N#CCC1(n2cc(-c3ncnc4[nH]ccc34)cn2)CN(C2CCN(C(=O)c3ccnc(C(F)(F)F)c3F)CC2)C1,N#CNC1CC(NS(=O)(=O)c2cccc(C#N)c2)c2ccc(-c3ncnc4[nH]ccc34)cc21
N#CCC1(n2cc(-c3ncnc4[nH]ccc34)cn2)CN(C2CCN(C(=O)c3ccnc(C(F)(F)F)c3F)CC2)C1,N#CNC1CC(NS(=O)(=O)c2cccc(F)c2)c2ccc(-c3ncnc4[nH]ccc34)cc21
N#CCC1(n2cc(-c3ncnc4[nH]ccc34)cn2)CN(C2CCN(C(=O)c3ccnc(C(F)(F)F)c3F)CC2)C1,CC(NC(=O)c1c[nH]c2ncc(-c3ncn4cc(F)cc(F)c34)nc12)C(=O)N1CC(C#N)C1
N#CCC1(n2cc(-c3ncnc4[nH]ccc34)cn2)CN(C2CCN(C(=O)c3ccnc(C(F)(F)F)c3F)CC2)C1,CC1(N)CCC(Nc2c(C(N)=O)cnn3cc(-c4cc[nH]n4)cc23)C1(C)C
N#CCC1(n2cc(-c3ncnc4[nH]ccc34)cn2)CN(C2CCN(C(=O)c3ccnc(C(F)(F)F)c3F)CC2)C1,Cc1cnc(Nc2ccc3c(c2)CCN(C(=O)C=CC(=O)c2ccccc2)C3)nc1-c1cnn(C(C)C)c1
N#CCC1(n2cc(-c3ncnc4[nH]ccc34)cn2)CN(C2CCN(C(=O)c3ccnc(C(F)(F)F)c3F)CC2)C1,CC(NC(=O)c1c[nH]c2ncc(-c3nn(C)c4cc(C(C)(C)C)ccc34)nc12)C(=O)N1CC(C#N)C1
N#CCC1(n2cc(-c3ncnc4[nH]ccc34)cn2)CN(C2CCN(C(=O)c3ccnc(C(F)(F)F)c3F)CC2)C1,CC(NC(=O)c1c[nH]c2ncc(-c3nn(C)c4ccccc34)nc12)C(=O)N1CC(C#N)C1
N#CCC1(n2cc(-c3ncnc4[nH]ccc34)cn2)CN(C2CCN(C(=O)c3ccnc(C(F)(F)F)c3F)CC2)C1,CC(NC(=O)c1c[nH]c2ncc(-c3nn(C)c4cc(C#N)ccc34)nc12)C(=O)N1CC(C#N)C1
N#CCC1(n2cc(-c3ncnc4[nH]ccc34)cn2)CN(C2CCN(C(=O)c3ccnc(C(F)(F)F)c3F)CC2)C1,CCn1c(C(=O)N(C2CC2)C2CC2)cc2c3c(ncn3C)c(Nc3cc(C)n(C)n3)nc21
N#CCC1(n2cc(-c3ncnc4[nH]ccc34)cn2)CN(C2CCN(C(=O)c3ccnc(C(F)(F)F)c3F)CC2)C1,O=C1NC(=O)C(c2c[nH]c3ccccc23)=C1Nc1cccc(OC2CCN(c3ccnc(F)c3)CC2)c1
N#CCC1(n2cc(-c3ncnc4[nH]ccc34)cn2)CN(C2CCN(C(=O)c3ccnc(C(F)(F)F)c3F)CC2)C1,N#CCCn1cc(-c2nc(Nc3ccc4c(c3)CCN4C(=O)CN3CCS(=O)(=O)CC3)ncc2F)cn1
N#CCC1(n2cc(-c3ncnc4[nH]ccc34)cn2)CN(C2CCN(C(=O)c3ccnc(C(F)(F)F)c3F)CC2)C1,CC(C)C(C)n1cc(-c2cc(C3CCOCC3)n(C)n2)c2[nH]nc(N)c2c1=O
N#CCC1(n2cc(-c3ncnc4[nH]ccc34)cn2)CN(C2CCN(C(=O)c3ccnc(C(F)(F)F)c3F)CC2)C1,Cc1cnc(Nc2ccc3c(c2)CN(C(=O)C=CC(=O)c2ccccc2)CC3)nc1-c1cnn(C(C)C)c1
N#CCC1(n2cc(-c3ncnc4[nH]ccc34)cn2)CN(C2CCN(C(=O)c3ccnc(C(F)(F)F)c3F)CC2)C1,N#CCCn1cc(-c2nc(Nc3ccc4c(c3)CCN4C(=O)C3(C#N)CC3)ncc2F)cn1
N#CCC1(n2cc(-c3ncnc4[nH]ccc34)cn2)CN(C2CCN(C(=O)c3ccnc(C(F)(F)F)c3F)CC2)C1,O=C1NC(=O)C(c2cn(CCCn3ccnc3)c3ccccc23)=C1Nc1ccccc1
N#CCC1(n2cc(-c3ncnc4[nH]ccc34)cn2)CN(C2CCN(C(=O)c3ccnc(C(F)(F)F)c3F)CC2)C1,CCn1c(C(=O)N(C2CC2)C2CC2)cc2c3c(ncn3C)c(Nc3nc(C)n(C)n3)nc21
N#CCC1(n2cc(-c3ncnc4[nH]ccc34)cn2)CN(C2CCN(C(=O)c3ccnc(C(F)(F)F)c3F)CC2)C1,CCn1c(C(=O)N(C2CC2)C2CC2)cc2c3c(ncn3C)c(Nc3nc(C)c(C(=O)NC)s3)nc21
N#CCC1(n2cc(-c3ncnc4[nH]ccc34)cn2)CN(C2CCN(C(=O)c3ccnc(C(F)(F)F)c3F)CC2)C1,CCOC(C)n1cc(-c2nc(Nc3ccc4c(c3)CCN4S(=O)(=O)c3ccc(C(F)(F)F)cc3)ncc2C)cn1
CNC(=O)c1c[nH]c(-c2c(NC3CCC(N)CC3)cc[nH]c2=O)n1,NC1CCC(Nc2cc[nH]c(=O)c2-c2nc3ccccc3[nH]2)CC1
CNC(=O)c1c[nH]c(-c2c(NC3CCC(N)CC3)cc[nH]c2=O)n1,O=c1[nH]ccc(NC2CCOCC2)c1-c1nc2ccccc2[nH]1
CNC(=O)c1c[nH]c(-c2c(NC3CCC(N)CC3)cc[nH]c2=O)n1,COC(=O)C1CCc2[nH]c(-c3c(NC4CCC(N)CC4)cc[nH]c3=O)nc2C1
CNC(=O)c1cnc2[nH]ccc2c1NCC1CCN(Cc2cccc(OC)c2)CC1,CNC(=O)c1cnc2[nH]ccc2c1NC1CC2CCC(C1)N2Cc1ccc(Cl)cc1
CNC(=O)c1cnc2[nH]ccc2c1NCC1CCN(Cc2cccc(OC)c2)CC1,CNC(=O)c1cnc2[nH]ccc2c1NC1CCN(Cc2ccc(OC)cc2)CC1
CNC(=O)c1cnc2[nH]ccc2c1NCC1CCN(Cc2cccc(OC)c2)CC1,CNC(=O)c1cnc2[nH]ccc2c1NC1CCN(Cc2ccccc2OC)CC1
CNC(=O)c1cnc2[nH]ccc2c1NCC1CCN(Cc2cccc(OC)c2)CC1,N#Cc1cnc(N2CCC(Nc3c(C(N)=O)cnc4[nH]ccc34)CC2)cn1
CNC(=O)c1cnc2[nH]ccc2c1NCC1CCN(Cc2cccc(OC)c2)CC1,CNC(=O)c1cnc2[nH]ccc2c1NC1CCN(Cc2ccc(C#N)cc2)C(C)C1
CNC(=O)c1cnc2[nH]ccc2c1NCC1CCN(Cc2cccc(OC)c2)CC1,N#Cc1ccc(N2CCC(Nc3c(C(N)=O)cnc4[nH]ccc34)CC2)cc1
CNC(=O)c1cnc2[nH]ccc2c1NCC1CCN(Cc2cccc(OC)c2)CC1,CNC(=O)c1cnc2[nH]ccc2c1NC1CCCN(Cc2ccc(Cl)cc2)CC1
CNC(=O)c1cnc2[nH]ccc2c1NCC1CCN(Cc2cccc(OC)c2)CC1,CNC(=O)c1cnc2[nH]ccc2c1NC1CCCN(Cc2ccc(C#N)cc2)CC1
CNC(=O)c1cnc2[nH]ccc2c1NCC1CCN(Cc2cccc(OC)c2)CC1,CNC(=O)c1cnc2[nH]ccc2c1NC1CCCN(Cc2cccc(Cl)c2)CC1
CNC(=O)c1cnc2[nH]ccc2c1NCC1CCN(Cc2cccc(OC)c2)CC1,NC(=O)c1ccc(N2CCC(Nc3c(C(N)=O)cnc4[nH]ccc34)CC2)nc1
CNC(=O)c1cnc2[nH]ccc2c1NCC1CCN(Cc2cccc(OC)c2)CC1,CC1CC(Nc2c(C(N)=O)cnc3[nH]ccc23)CCN1Cc1cccc(Cl)c1
CNC(=O)c1cnc2[nH]ccc2c1NCC1CCN(Cc2cccc(OC)c2)CC1,CNC(=O)c1cnc2[nH]ccc2c1NC1CCN(Cc2cccc(OC)c2)CC1
CNC(=O)c1cnc2[nH]ccc2c1NCC1CCN(Cc2cccc(OC)c2)CC1,CNC(=O)c1cnc2[nH]ccc2c1NC1CCCN(Cc2ccccc2)CC1
CNC(=O)c1cnc2[nH]ccc2c1NCC1CCN(Cc2cccc(OC)c2)CC1,CNC(=O)c1cnc2[nH]ccc2c1NC1CCN(Cc2ccccc2)C(C)C1
CNC(=O)c1cnc2[nH]ccc2c1NCC1CCN(Cc2cccc(OC)c2)CC1,CNC(=O)c1cnc2[nH]ccc2c1NC1CCN(Cc2ccc(Cl)cc2)C1
CNC(=O)c1cnc2[nH]ccc2c1NCC1CCN(Cc2cccc(OC)c2)CC1,CC1CCCCC1Nc1c(C(N)=O)cnc2[nH]ccc12
CNC(=O)c1cnc2[nH]ccc2c1NCC1CCN(Cc2cccc(OC)c2)CC1,N#Cc1ccc(N2CCC(Nc3c(C(N)=O)cnc4[nH]ccc34)CC2)nn1
CNC(=O)c1cnc2[nH]ccc2c1NCC1CCN(Cc2cccc(OC)c2)CC1,O=C(NC1CC1)c1cnc2[nH]ccc2c1NC1CCN(Cc2ccccc2)CC1
CNC(=O)c1cnc2[nH]ccc2c1NCC1CCN(Cc2cccc(OC)c2)CC1,CNC(=O)c1cnc2[nH]ccc2c1NC1CC2CCC(C1)N2Cc1ccc(OC)cc1
CNC(=O)c1cnc2[nH]ccc2c1NCC1CCN(Cc2cccc(OC)c2)CC1,CN1CCC(Nc2c(C(N)=O)cnc3[nH]ccc23)CC1
CNC(=O)c1cnc2[nH]ccc2c1NCC1CCN(Cc2cccc(OC)c2)CC1,CNC(=O)c1cnc2[nH]ccc2c1NC1CCN(Cc2cccc(OC)c2)C(C)C1
CNC(=O)c1cnc2[nH]ccc2c1NCC1CCN(Cc2cccc(OC)c2)CC1,CNC(=O)c1cnc2[nH]ccc2c1NCC1CCN(Cc2ccc(Cl)cc2)CC1
CNC(=O)c1cnc2[nH]ccc2c1NCC1CCN(Cc2cccc(OC)c2)CC1,CNC(=O)c1cnc2[nH]ccc2c1NCC1CCN(Cc2ccc(OC)cc2)CC1
CNC(=O)c1cnc2[nH]ccc2c1NCC1CCN(Cc2cccc(OC)c2)CC1,CNC(=O)c1cnc2[nH]ccc2c1NC1CCN(Cc2cccc(Cl)c2)CC1F
CNC(=O)c1cnc2[nH]ccc2c1NCC1CCN(Cc2cccc(OC)c2)CC1,CNC(=O)c1cnc2[nH]ccc2c1NC1CCN(Cc2cccc(Cl)c2)C(C)C1
CNC(=O)c1cnc2[nH]ccc2c1NCC1CCN(Cc2cccc(OC)c2)CC1,N#Cc1ccc(N2CCC(Nc3c(C(N)=O)cnc4[nH]ccc34)CC2)nc1
CNC(=O)c1cnc2[nH]ccc2c1NCC1CCN(Cc2cccc(OC)c2)CC1,CNC(=O)c1cnc2[nH]ccc2c1NC1CCN(Cc2cccc(Cl)c2)C1
CNC(=O)c1cnc2[nH]ccc2c1NCC1CCN(Cc2cccc(OC)c2)CC1,NC(=O)c1cnc2[nH]ccc2c1NC1C2CC3CC1CC(O)(C3)C2
CN(c1ncnc2[nH]ccc12)C1CC(NS(=O)(=O)c2ccc(F)cc2)C1,CC1CCN(C(=O)N2CCCC2)CC1N(C)c1ncnc2[nH]ccc12
CN(c1ncnc2[nH]ccc12)C1CC(NS(=O)(=O)c2ccc(F)cc2)C1,CN(c1ncnc2[nH]ccc12)C1CN(S(=O)(=O)c2cccc(C#N)c2)CC12CC2
CN(c1ncnc2[nH]ccc12)C1CC(NS(=O)(=O)c2ccc(F)cc2)C1,CC1CN(C(=O)CC#N)C12CCN(c1ncnc3[nH]ccc13)C2
CN(c1ncnc2[nH]ccc12)C1CC(NS(=O)(=O)c2ccc(F)cc2)C1,CC1CCCN(c2ncnc3[nH]cc(-c4cccc(C#N)c4)c23)C1
CN(c1ncnc2[nH]ccc12)C1CC(NS(=O)(=O)c2ccc(F)cc2)C1,CN(c1ncnc2[nH]ccc12)C1CCN(C(=O)CC#N)C1
CN(c1ncnc2[nH]ccc12)C1CC(CS(=O)(=O)N(C)CC2CC2)C1,CC1CCN(C(=O)N2CCCC2)CC1N(C)c1ncnc2[nH]ccc12
CN(c1ncnc2[nH]ccc12)C1CC(CS(=O)(=O)N(C)CC2CC2)C1,CN(c1ncnc2[nH]ccc12)C1CN(S(=O)(=O)c2cccc(C#N)c2)CC12CC2
CN(c1ncnc2[nH]ccc12)C1CC(CS(=O)(=O)N(C)CC2CC2)C1,CC1CN(C(=O)CC#N)C12CCN(c1ncnc3[nH]ccc13)C2
CN(c1ncnc2[nH]ccc12)C1CC(CS(=O)(=O)N(C)CC2CC2)C1,CC1CCCN(c2ncnc3[nH]cc(-c4cccc(C#N)c4)c23)C1
CN(c1ncnc2[nH]ccc12)C1CC(CS(=O)(=O)N(C)CC2CC2)C1,CN(c1ncnc2[nH]ccc12)C1CCN(C(=O)CC#N)C1
Cc1cnc(Nc2ccncc2)nc1N1CCC2(CCNC2=O)CC1,COc1ccc(Nc2ncc(C)c(N3CCC4(CCNC4=O)CC3)n2)cc1N
Cc1cnc(Nc2ccncc2)nc1N1CCC2(CCNC2=O)CC1,COc1cc(Nc2ncc(C)c(N3CCC4(CCNC4=O)CC3)n2)cc(OC)c1OC
Cc1cnc(Nc2ccncc2)nc1N1CCC2(CCNC2=O)CC1,Cc1cnc(Nc2cnn(C(C)C)c2)nc1N1CCC2(CCNC2=O)CC1
Cc1cnc(Nc2ccncc2)nc1N1CCC2(CCNC2=O)CC1,Cc1cnc(Nc2cnn(C)c2)nc1N1CCC2(CCNC2=O)CC1
Cc1cnc(Nc2ccncc2)nc1N1CCC2(CCNC2=O)CC1,Cc1cnc(Nc2cnn(C(F)F)c2)nc1N1CCC2(CCNC2=O)CC1
Cc1cnc(Nc2ccncc2)nc1N1CCC2(CCNC2=O)CC1,Cc1cnc(Nc2ccc(N3C4CCC3COC4)cc2)nc1N1CCC2(CCNC2=O)CC1
CC(O)c1nc2cnc3[nH]ccc3c2n1C1CCC(NCC(F)F)CC1,NCCCn1c(C2CCNCC2)nc2cc(C(N)=O)ccc21
CC(O)c1nc2cnc3[nH]ccc3c2n1C1CCC(NCC(F)F)CC1,CCn1c(C(=O)N(C2CC2)C2CC2)cc2c3c(ncn3C)c(NC(=O)NCCOC)nc21
CC(O)c1nc2cnc3[nH]ccc3c2n1C1CCC(NCC(F)F)CC1,N#CCC1CCC(n2c(CC(=O)NCc3ccc(F)cc3)nc3cnc4[nH]ccc4c32)CC1
CC(O)c1nc2cnc3[nH]ccc3c2n1C1CCC(NCC(F)F)CC1,COc1cc2c(=O)n(C3CCCN(C(=O)CC#N)C3)c3c4cc[nH]c4ncc3c2cc1OC
CC(O)c1nc2cnc3[nH]ccc3c2n1C1CCC(NCC(F)F)CC1,CCn1c(C(=O)N(C2CC2)C2CC2)cc2c3c(ncn3C)c(Nc3nc(C(=O)NC)c(C)s3)nc21
CC(O)c1nc2cnc3[nH]ccc3c2n1C1CCC(NCC(F)F)CC1,CCn1c(C(=O)N(C2CC2)C2CC2)cc2c3c(ncn3C)c(Nc3nc(C)cs3)nc21
CC(O)c1nc2cnc3[nH]ccc3c2n1C1CCC(NCC(F)F)CC1,CCn1c(C(=O)N(C2CC2)C2CC2)cc2c3c(ncn3C)c(Nc3ncc(C)s3)nc21
CC(O)c1nc2cnc3[nH]ccc3c2n1C1CCC(NCC(F)F)CC1,N#CCCNC1CCC(n2nnc3cnc4[nH]ccc4c32)CC1
CC(O)c1nc2cnc3[nH]ccc3c2n1C1CCC(NCC(F)F)CC1,CC1CCC(n2c(=O)[nH]c3cnc4[nH]ccc4c32)CC1
CC(O)c1nc2cnc3[nH]ccc3c2n1C1CCC(NCC(F)F)CC1,CCn1c(C(=O)N(C2CC2)C2CC2)cc2c3c(ncn3C)c(NC)nc21
CC(O)c1nc2cnc3[nH]ccc3c2n1C1CCC(NCC(F)F)CC1,COc1cc2c(=O)n(C(C(=O)N3CC(C#N)C3)C(C)C)c3c4cc[nH]c4ncc3c2cc1OC
CC(O)c1nc2cnc3[nH]ccc3c2n1C1CCC(NCC(F)F)CC1,CS(=O)(=O)N1CCC(n2c(=O)[nH]c3cnc4[nH]ccc4c32)CC1
CC(O)c1nc2cnc3[nH]ccc3c2n1C1CCC(NCC(F)F)CC1,CCC(C(=O)N1CC(C#N)C1)n1c(=O)c2cc(OC)c(OC)cc2c2cnc3[nH]ccc3c21
CC(O)c1nc2cnc3[nH]ccc3c2n1C1CCC(NCC(F)F)CC1,CCn1nc(Nc2nc3c(cc(C(=O)N(C4CC4)C4CC4)n3CC)c3c2ncn3C)cc1C
CC(O)c1nc2cnc3[nH]ccc3c2n1C1CCC(NCC(F)F)CC1,NCCCn1c(C2CCC(O)CC2)nc2cc(C(N)=O)ccc21
CC(O)c1nc2cnc3[nH]ccc3c2n1C1CCC(NCC(F)F)CC1,CCn1c(C(=O)N(C2CC2)C2CC2)cc2c3c(ncn3C)c(Nc3cc(C)nn3C)nc21
CC(O)c1nc2cnc3[nH]ccc3c2n1C1CCC(NCC(F)F)CC1,Cc1nc2cnc3ccc(-c4cc(Cl)c(O)c(Cl)c4)cc3c2n1C1CCC(CO)CC1
CC(O)c1nc2cnc3[nH]ccc3c2n1C1CCC(NCC(F)F)CC1,CCn1c(C(=O)N(C2CC2)C2CC2)cc2c3c(ncn3C)c(Nc3nc(C)c(S(C)(=O)=O)s3)nc21
CC(O)c1nc2cnc3[nH]ccc3c2n1C1CCC(NCC(F)F)CC1,Cc1nc2cnc3ccc(-c4cc(Cl)c(O)c(Cl)c4)cc3c2n1C1CCN(C)CC1
CC(O)c1nc2cnc3[nH]ccc3c2n1C1CCC(NCC(F)F)CC1,O=c1[nH]c2cnc3[nH]ccc3c2n1C1CCCCCC1
CC(O)c1nc2cnc3[nH]ccc3c2n1C1CCC(NCC(F)F)CC1,CC1(C)CCCCC1n1c(=O)[nH]c2cnc3[nH]ccc3c21
CC(O)c1nc2cnc3[nH]ccc3c2n1C1CCC(NCC(F)F)CC1,COc1cc2c(=O)n(C3CCCCC3)c3c4cc[nH]c4ncc3c2cc1OC
CC(O)c1nc2cnc3[nH]ccc3c2n1C1CCC(NCC(F)F)CC1,N#CC(C#N)=Cc1ccc(-c2nc3cnc4[nH]ccc4c3n2C2CCCCC2)o1
CC(O)c1nc2cnc3[nH]ccc3c2n1C1CCC(NCC(F)F)CC1,CCn1c(C(=O)N(C2CC2)C2CC2)cc2c3c(ncn3C)c(Nc3cc(C)[nH]n3)nc21
CC(O)c1nc2cnc3[nH]ccc3c2n1C1CCC(NCC(F)F)CC1,COc1cc2c(=O)n(C3CCCCCCC3)c3c4cc[nH]c4ncc3c2cc1OC
CC(O)c1nc2cnc3[nH]ccc3c2n1C1CCC(NCC(F)F)CC1,CCC1CCCCC1n1c(=O)[nH]c2cnc3[nH]ccc3c21
CC(O)c1nc2cnc3[nH]ccc3c2n1C1CCC(NCC(F)F)CC1,COc1cc2c(=O)n(C3CCCNC3)c3c4cc[nH]c4ncc3c2cc1OC
CC(O)c1nc2cnc3[nH]ccc3c2n1C1CCC(NCC(F)F)CC1,CN(C)C(=O)CCc1ccc(-c2nc3cnc4[nH]ccc4c3n2C2CCCCC2)o1
CC(O)c1nc2cnc3[nH]ccc3c2n1C1CCC(NCC(F)F)CC1,Cc1nc2cnc3ccc(-c4cc(Cl)c(O)c(Cl)c4)cc3c2n1C1CCCN(C)C1
CC(O)c1nc2cnc3[nH]ccc3c2n1C1CCC(NCC(F)F)CC1,Cc1nc2cnc3ccc(-c4cc(Cl)c(O)c(Cl)c4)cc3c2n1C1CCOCC1
CC(O)c1nc2cnc3[nH]ccc3c2n1C1CCC(NCC(F)F)CC1,N#CCC(=O)N1CCCC(n2nnc3cnc4[nH]ccc4c32)C1
CC(O)c1nc2cnc3[nH]ccc3c2n1C1CCC(NCC(F)F)CC1,O=c1[nH]c2cnc3[nH]ccc3c2n1C1CCCCC1
CC(O)c1nc2cnc3[nH]ccc3c2n1C1CCC(NCC(F)F)CC1,CCn1c(C(=O)N(C2CC2)C2CC2)cc2c3c(ncn3C)c(Nc3cc(C)n(C)n3)nc21
CC(O)c1nc2cnc3[nH]ccc3c2n1C1CCC(NCC(F)F)CC1,CC1CCN(C(=O)CC#N)CC1n1c(=O)[nH]c2cnc3[nH]ccc3c21
CC(O)c1nc2cnc3[nH]ccc3c2n1C1CCC(NCC(F)F)CC1,N#CC=Cc1ccc(-c2nc3cnc4[nH]ccc4c3n2C2CCCCC2)o1
CC(O)c1nc2cnc3[nH]ccc3c2n1C1CCC(NCC(F)F)CC1,CC(C)(O)CNC(=O)Cc1nc2cnc3[nH]ccc3c2n1C1CCC(CC#N)CC1
CC(O)c1nc2cnc3[nH]ccc3c2n1C1CCC(NCC(F)F)CC1,O=c1[nH]c2cnc3[nH]ccc3c2n1C1CCCC1
CC(O)c1nc2cnc3[nH]ccc3c2n1C1CCC(NCC(F)F)CC1,CC1CCCC(n2c(=O)[nH]c3cnc4[nH]ccc4c32)C1
CC(O)c1nc2cnc3[nH]ccc3c2n1C1CCC(NCC(F)F)CC1,CC1CCN(C(=O)CC#N)CC1n1c(=O)n(C)c2cnc3[nH]ccc3c21
CC(O)c1nc2cnc3[nH]ccc3c2n1C1CCC(NCC(F)F)CC1,CCn1c(C(=O)N(C2CC2)C2CC2)cc2c3c(ncn3C)c(Nc3nc(C)n(C)n3)nc21
CC(O)c1nc2cnc3[nH]ccc3c2n1C1CCC(NCC(F)F)CC1,N#CCCc1ccc(-c2nc3cnc4[nH]ccc4c3n2C2CCCCC2)o1
CC(O)c1nc2cnc3[nH]ccc3c2n1C1CCC(NCC(F)F)CC1,CCn1c(C(=O)N(C2CC2)C2CC2)cc2c3c(ncn3C)c(Nc3nc(C)c(C(=O)NC)s3)nc21
CC(O)c1nc2cnc3[nH]ccc3c2n1C1CCC(NCC(F)F)CC1,N#CCC1CCC(n2c(CC(=O)NCC(F)(F)F)nc3cnc4[nH]ccc4c32)CC1
CC(O)c1nc2cnc3[nH]ccc3c2n1C1CCC(NCC(F)F)CC1,CC(O)Cn1c(C2CCC(O)CC2)nc2cc(C(N)=O)ccc21
NC1CCC(Nc2cc[nH]c(=O)c2-c2nc3c([nH]2)CCCC3)CC1,NC1CCC(Nc2cc[nH]c(=O)c2-c2nc3ccccc3[nH]2)CC1
NC1CCC(Nc2cc[nH]c(=O)c2-c2nc3c([nH]2)CCCC3)CC1,O=c1[nH]ccc(NC2CCOCC2)c1-c1nc2ccccc2[nH]1
NC1CCC(Nc2cc[nH]c(=O)c2-c2nc3c([nH]2)CCCC3)CC1,COC(=O)C1CCc2[nH]c(-c3c(NC4CCC(N)CC4)cc[nH]c3=O)nc2C1
O=C(Nc1nc2cccc(-c3cccc4ncccc34)n2n1)C1CC1,O=C(Nc1nc2cccc(C3CCC(NC(=O)C4(F)CC4)CC3)n2n1)C1CC1
O=C(Nc1nc2cccc(-c3cccc4ncccc34)n2n1)C1CC1,O=C(Nc1nc2cccc(-c3ccc(C(=O)N4CCC(F)(F)CC4)cc3)n2n1)C1CC1
O=C(Nc1nc2cccc(-c3cccc4ncccc34)n2n1)C1CC1,O=C(Nc1nc2cccc(-c3ccc(C(=O)N4CC(F)(F)C4)cc3)n2n1)C1CC1
O=C(Nc1nc2cccc(-c3cccc4ncccc34)n2n1)C1CC1,N#CCC(=O)N1CC=C(c2cccc3nc(NC(=O)C4CC4)nn23)CC1
O=C(Nc1nc2cccc(-c3cccc4ncccc34)n2n1)C1CC1,C=CC(=O)N1CC=C(c2cccc3nc(NC(=O)C4CC4)nn23)CC1
O=C(Nc1nc2cccc(-c3cccc4ncccc34)n2n1)C1CC1,O=C(Nc1nc2cccc(C3CCC4(CCN(C(=O)C5CC5(F)F)CC4)C3)n2n1)C1CC1
O=C(Nc1nc2cccc(-c3cccc4ncccc34)n2n1)C1CC1,CC(NC(=O)c1c[nH]c2ncc(-c3nn(C)c4cc(Cl)cc(F)c34)nc12)C(=O)N1CC(C#N)C1
O=C(Nc1nc2cccc(-c3cccc4ncccc34)n2n1)C1CC1,CC(C)(C#N)C(=O)N1CC2(CCC(c3cccc4nc(NC(=O)C5CC5)nn34)CC2)C1
O=C(Nc1nc2cccc(-c3cccc4ncccc34)n2n1)C1CC1,O=C(Nc1nc2cccc(C3=CCN(C(=O)NCC(F)(F)F)CC3)n2n1)C1CC1
O=C(Nc1nc2cccc(-c3cccc4ncccc34)n2n1)C1CC1,O=C(Nc1nc2cccc(C3CCC4(CC3)CCN(C(=O)C3CC3(F)F)CC4)n2n1)C1CC1
O=C(Nc1nc2cccc(-c3cccc4ncccc34)n2n1)C1CC1,O=C(NCC(F)(F)F)c1ccc(-c2cccc3nc(NC(=O)C4CC4)nn23)cc1
O=C(Nc1nc2cccc(-c3cccc4ncccc34)n2n1)C1CC1,N#CC1CN(C(=O)c2ccc(-c3cccc4nc(NC(=O)C5CC5)nn34)cc2)C1
O=C(Nc1nc2cccc(-c3cccc4ncccc34)n2n1)C1CC1,O=C(Nc1nc2cccc(C3=CCN(C(=O)C4(C(F)(F)F)CC4)CC3)n2n1)C1CC1
O=C(Nc1nc2cccc(-c3cccc4ncccc34)n2n1)C1CC1,N#CCC(=O)N1CC2(CCC(c3cccc4nc(NC(=O)C5CC5)nn34)CC2)C1
O=C(Nc1nc2cccc(-c3cccc4ncccc34)n2n1)C1CC1,O=C(Nc1nc2cccc(C3=CCN(C(=O)C4CC4(F)F)CC3)n2n1)C1CC1
O=C(Nc1nc2cccc(-c3cccc4ncccc34)n2n1)C1CC1,N#CCC(=O)N1CCC2(CCC(c3cccc4nc(NC(=O)C5CC5)nn34)CC2)CC1
O=C(Nc1nc2cccc(-c3cccc4ncccc34)n2n1)C1CC1,C=C(C#N)C(O)c1ccc(-c2cccc3nc(NC(=O)C4CC4)nn23)cc1
N#Cc1ccc(OCC2CN(c3ccc(-c4cccc5nc(NC(=O)C6CC6)nn45)cc3)C2)cc1,O=C(Nc1nc2cccc(C3CCC(NC(=O)C4(F)CC4)CC3)n2n1)C1CC1
N#Cc1ccc(OCC2CN(c3ccc(-c4cccc5nc(NC(=O)C6CC6)nn45)cc3)C2)cc1,O=C(Nc1nc2cccc(-c3ccc(C(=O)N4CCC(F)(F)CC4)cc3)n2n1)C1CC1
N#Cc1ccc(OCC2CN(c3ccc(-c4cccc5nc(NC(=O)C6CC6)nn45)cc3)C2)cc1,O=C(Nc1nc2cccc(-c3ccc(C(=O)N4CC(F)(F)C4)cc3)n2n1)C1CC1
N#Cc1ccc(OCC2CN(c3ccc(-c4cccc5nc(NC(=O)C6CC6)nn45)cc3)C2)cc1,N#CCC(=O)N1CC=C(c2cccc3nc(NC(=O)C4CC4)nn23)CC1
N#Cc1ccc(OCC2CN(c3ccc(-c4cccc5nc(NC(=O)C6CC6)nn45)cc3)C2)cc1,C=CC(=O)N1CC=C(c2cccc3nc(NC(=O)C4CC4)nn23)CC1
N#Cc1ccc(OCC2CN(c3ccc(-c4cccc5nc(NC(=O)C6CC6)nn45)cc3)C2)cc1,O=C(Nc1nc2cccc(C3CCC4(CCN(C(=O)C5CC5(F)F)CC4)C3)n2n1)C1CC1
N#Cc1ccc(OCC2CN(c3ccc(-c4cccc5nc(NC(=O)C6CC6)nn45)cc3)C2)cc1,CC(C)(C#N)C(=O)N1CC2(CCC(c3cccc4nc(NC(=O)C5CC5)nn34)CC2)C1
N#Cc1ccc(OCC2CN(c3ccc(-c4cccc5nc(NC(=O)C6CC6)nn45)cc3)C2)cc1,O=C(Nc1nc2cccc(C3=CCN(C(=O)NCC(F)(F)F)CC3)n2n1)C1CC1
N#Cc1ccc(OCC2CN(c3ccc(-c4cccc5nc(NC(=O)C6CC6)nn45)cc3)C2)cc1,O=C(Nc1nc2cccc(C3CCC4(CC3)CCN(C(=O)C3CC3(F)F)CC4)n2n1)C1CC1
N#Cc1ccc(OCC2CN(c3ccc(-c4cccc5nc(NC(=O)C6CC6)nn45)cc3)C2)cc1,O=C(NCC(F)(F)F)c1ccc(-c2cccc3nc(NC(=O)C4CC4)nn23)cc1
N#Cc1ccc(OCC2CN(c3ccc(-c4cccc5nc(NC(=O)C6CC6)nn45)cc3)C2)cc1,N#CC1CN(C(=O)c2ccc(-c3cccc4nc(NC(=O)C5CC5)nn34)cc2)C1
N#Cc1ccc(OCC2CN(c3ccc(-c4cccc5nc(NC(=O)C6CC6)nn45)cc3)C2)cc1,O=C(Nc1nc2cccc(C3=CCN(C(=O)C4(C(F)(F)F)CC4)CC3)n2n1)C1CC1
N#Cc1ccc(OCC2CN(c3ccc(-c4cccc5nc(NC(=O)C6CC6)nn45)cc3)C2)cc1,N#CCC(=O)N1CC2(CCC(c3cccc4nc(NC(=O)C5CC5)nn34)CC2)C1
N#Cc1ccc(OCC2CN(c3ccc(-c4cccc5nc(NC(=O)C6CC6)nn45)cc3)C2)cc1,O=C(Nc1nc2cccc(C3=CCN(C(=O)C4CC4(F)F)CC3)n2n1)C1CC1
N#Cc1ccc(OCC2CN(c3ccc(-c4cccc5nc(NC(=O)C6CC6)nn45)cc3)C2)cc1,N#CCC(=O)N1CCC2(CCC(c3cccc4nc(NC(=O)C5CC5)nn34)CC2)CC1
N#Cc1ccc(OCC2CN(c3ccc(-c4cccc5nc(NC(=O)C6CC6)nn45)cc3)C2)cc1,C=C(C#N)C(O)c1ccc(-c2cccc3nc(NC(=O)C4CC4)nn23)cc1
CCN1CCC(n2c(C(C)O)nc3cnc4[nH]ccc4c32)C(F)(F)C1,NCCCn1c(C2CCNCC2)nc2cc(C(N)=O)ccc21
CCN1CCC(n2c(C(C)O)nc3cnc4[nH]ccc4c32)C(F)(F)C1,CC1(n2nnc3cnc4[nH]ccc4c32)CCN(S(C)(=O)=O)CC1
CCN1CCC(n2c(C(C)O)nc3cnc4[nH]ccc4c32)C(F)(F)C1,CCn1c(C(=O)N(C2CC2)C2CC2)cc2c3c(ncn3C)c(NC(=O)NCCOC)nc21
CCN1CCC(n2c(C(C)O)nc3cnc4[nH]ccc4c32)C(F)(F)C1,N#CCC1CCC(n2c(CC(=O)NCc3ccc(F)cc3)nc3cnc4[nH]ccc4c32)CC1
CCN1CCC(n2c(C(C)O)nc3cnc4[nH]ccc4c32)C(F)(F)C1,COc1cc2c(=O)n(C3CCCN(C(=O)CC#N)C3)c3c4cc[nH]c4ncc3c2cc1OC
CCN1CCC(n2c(C(C)O)nc3cnc4[nH]ccc4c32)C(F)(F)C1,CCn1c(C(=O)N(C2CC2)C2CC2)cc2c3c(ncn3C)c(Nc3nc(C(=O)NC)c(C)s3)nc21
CCN1CCC(n2c(C(C)O)nc3cnc4[nH]ccc4c32)C(F)(F)C1,CCn1c(C(=O)N(C2CC2)C2CC2)cc2c3c(ncn3C)c(Nc3nc(C)cs3)nc21
CCN1CCC(n2c(C(C)O)nc3cnc4[nH]ccc4c32)C(F)(F)C1,CCn1c(C(=O)N(C2CC2)C2CC2)cc2c3c(ncn3C)c(Nc3ncc(C)s3)nc21
CCN1CCC(n2c(C(C)O)nc3cnc4[nH]ccc4c32)C(F)(F)C1,CC1CCC(n2c(=O)[nH]c3cnc4[nH]ccc4c32)CC1
CCN1CCC(n2c(C(C)O)nc3cnc4[nH]ccc4c32)C(F)(F)C1,CCn1c(C(=O)N(C2CC2)C2CC2)cc2c3c(ncn3C)c(NC)nc21
CCN1CCC(n2c(C(C)O)nc3cnc4[nH]ccc4c32)C(F)(F)C1,COc1cc2c(=O)n(C(C(=O)N3CC(C#N)C3)C(C)C)c3c4cc[nH]c4ncc3c2cc1OC
CCN1CCC(n2c(C(C)O)nc3cnc4[nH]ccc4c32)C(F)(F)C1,CS(=O)(=O)N1CCC(n2c(=O)[nH]c3cnc4[nH]ccc4c32)CC1
CCN1CCC(n2c(C(C)O)nc3cnc4[nH]ccc4c32)C(F)(F)C1,CCC(C(=O)N1CC(C#N)C1)n1c(=O)c2cc(OC)c(OC)cc2c2cnc3[nH]ccc3c21
CCN1CCC(n2c(C(C)O)nc3cnc4[nH]ccc4c32)C(F)(F)C1,CCn1nc(Nc2nc3c(cc(C(=O)N(C4CC4)C4CC4)n3CC)c3c2ncn3C)cc1C
CCN1CCC(n2c(C(C)O)nc3cnc4[nH]ccc4c32)C(F)(F)C1,NCCCn1c(C2CCC(O)CC2)nc2cc(C(N)=O)ccc21
CCN1CCC(n2c(C(C)O)nc3cnc4[nH]ccc4c32)C(F)(F)C1,CCn1c(C(=O)N(C2CC2)C2CC2)cc2c3c(ncn3C)c(Nc3cc(C)nn3C)nc21
CCN1CCC(n2c(C(C)O)nc3cnc4[nH]ccc4c32)C(F)(F)C1,Cc1nc2cnc3ccc(-c4cc(Cl)c(O)c(Cl)c4)cc3c2n1C1CCC(CO)CC1
CCN1CCC(n2c(C(C)O)nc3cnc4[nH]ccc4c32)C(F)(F)C1,CCn1c(C(=O)N(C2CC2)C2CC2)cc2c3c(ncn3C)c(Nc3nc(C)c(S(C)(=O)=O)s3)nc21
CCN1CCC(n2c(C(C)O)nc3cnc4[nH]ccc4c32)C(F)(F)C1,Cc1nc2cnc3ccc(-c4cc(Cl)c(O)c(Cl)c4)cc3c2n1C1CCN(C)CC1
CCN1CCC(n2c(C(C)O)nc3cnc4[nH]ccc4c32)C(F)(F)C1,CC(NC(=O)c1c[nH]c2ncc(-c3nn(C)c4cc(Cl)cc(F)c34)nc12)C(=O)N1CC(C#N)C1
CCN1CCC(n2c(C(C)O)nc3cnc4[nH]ccc4c32)C(F)(F)C1,O=c1[nH]c2cnc3[nH]ccc3c2n1C1CCCCCC1
CCN1CCC(n2c(C(C)O)nc3cnc4[nH]ccc4c32)C(F)(F)C1,CC1(C)CCCCC1n1c(=O)[nH]c2cnc3[nH]ccc3c21
CCN1CCC(n2c(C(C)O)nc3cnc4[nH]ccc4c32)C(F)(F)C1,N#CC(C#N)=Cc1ccc(-c2nc3cnc4[nH]ccc4c3n2C2CCCCC2)o1
CCN1CCC(n2c(C(C)O)nc3cnc4[nH]ccc4c32)C(F)(F)C1,CCn1c(C(=O)N(C2CC2)C2CC2)cc2c3c(ncn3C)c(Nc3cc(C)[nH]n3)nc21
CCN1CCC(n2c(C(C)O)nc3cnc4[nH]ccc4c32)C(F)(F)C1,CCC1CCCCC1n1c(=O)[nH]c2cnc3[nH]ccc3c21
CCN1CCC(n2c(C(C)O)nc3cnc4[nH]ccc4c32)C(F)(F)C1,COc1cc2c(=O)n(C3CCNC3)c3c4cc[nH]c4ncc3c2cc1OC
CCN1CCC(n2c(C(C)O)nc3cnc4[nH]ccc4c32)C(F)(F)C1,CN(C)C(=O)CCc1ccc(-c2nc3cnc4[nH]ccc4c3n2C2CCCCC2)o1
CCN1CCC(n2c(C(C)O)nc3cnc4[nH]ccc4c32)C(F)(F)C1,Cc1nc2cnc3ccc(-c4cc(Cl)c(O)c(Cl)c4)cc3c2n1C1CCCN(C)C1
CCN1CCC(n2c(C(C)O)nc3cnc4[nH]ccc4c32)C(F)(F)C1,CC(NC(=O)c1c[nH]c2ncc(-c3nn(C)c4cc(C(C)(C)C)ccc34)nc12)C(=O)N1CC(C#N)C1
CCN1CCC(n2c(C(C)O)nc3cnc4[nH]ccc4c32)C(F)(F)C1,Cc1nc2cnc3ccc(-c4cc(Cl)c(O)c(Cl)c4)cc3c2n1C1CCOCC1
CCN1CCC(n2c(C(C)O)nc3cnc4[nH]ccc4c32)C(F)(F)C1,N#CCC(=O)N1CCCC(n2nnc3cnc4[nH]ccc4c32)C1
CCN1CCC(n2c(C(C)O)nc3cnc4[nH]ccc4c32)C(F)(F)C1,O=c1[nH]c2cnc3[nH]ccc3c2n1C1CCCCC1
CCN1CCC(n2c(C(C)O)nc3cnc4[nH]ccc4c32)C(F)(F)C1,CCn1c(C(=O)N(C2CC2)C2CC2)cc2c3c(ncn3C)c(Nc3cc(C)n(C)n3)nc21
CCN1CCC(n2c(C(C)O)nc3cnc4[nH]ccc4c32)C(F)(F)C1,CC1CCN(C(=O)CC#N)CC1n1c(=O)[nH]c2cnc3[nH]ccc3c21
CCN1CCC(n2c(C(C)O)nc3cnc4[nH]ccc4c32)C(F)(F)C1,N#CC=Cc1ccc(-c2nc3cnc4[nH]ccc4c3n2C2CCCCC2)o1
CCN1CCC(n2c(C(C)O)nc3cnc4[nH]ccc4c32)C(F)(F)C1,CC(C)(O)CNC(=O)Cc1nc2cnc3[nH]ccc3c2n1C1CCC(CC#N)CC1
CCN1CCC(n2c(C(C)O)nc3cnc4[nH]ccc4c32)C(F)(F)C1,O=c1[nH]c2cnc3[nH]ccc3c2n1C1CCCC1
CCN1CCC(n2c(C(C)O)nc3cnc4[nH]ccc4c32)C(F)(F)C1,COc1cc2c(=O)n(C3CCNCC3)c3c4cc[nH]c4ncc3c2cc1OC
CCN1CCC(n2c(C(C)O)nc3cnc4[nH]ccc4c32)C(F)(F)C1,CC1CCCC(n2c(=O)[nH]c3cnc4[nH]ccc4c32)C1
CCN1CCC(n2c(C(C)O)nc3cnc4[nH]ccc4c32)C(F)(F)C1,CC1CCN(C(=O)CC#N)CC1n1c(=O)n(C)c2cnc3[nH]ccc3c21
CCN1CCC(n2c(C(C)O)nc3cnc4[nH]ccc4c32)C(F)(F)C1,CCn1c(C(=O)N(C2CC2)C2CC2)cc2c3c(ncn3C)c(Nc3nc(C)n(C)n3)nc21
CCN1CCC(n2c(C(C)O)nc3cnc4[nH]ccc4c32)C(F)(F)C1,N#CCCc1ccc(-c2nc3cnc4[nH]ccc4c3n2C2CCCCC2)o1
CCN1CCC(n2c(C(C)O)nc3cnc4[nH]ccc4c32)C(F)(F)C1,CCn1c(C(=O)N(C2CC2)C2CC2)cc2c3c(ncn3C)c(Nc3nc(C)c(C(=O)NC)s3)nc21
CCN1CCC(n2c(C(C)O)nc3cnc4[nH]ccc4c32)C(F)(F)C1,N#CCC1CCC(n2c(CC(=O)NCC(F)(F)F)nc3cnc4[nH]ccc4c32)CC1
CCN1CCC(n2c(C(C)O)nc3cnc4[nH]ccc4c32)C(F)(F)C1,CC(O)Cn1c(C2CCC(O)CC2)nc2cc(C(N)=O)ccc21
CC(=O)N1CCC(Nc2cc[nH]c(=O)c2-c2nc3ccccc3[nH]2)CC1,CN1CCN(c2ccc3nc(-c4c(N)c5c(F)cccc5[nH]c4=O)[nH]c3c2)CC1
CC(=O)N1CCC(Nc2cc[nH]c(=O)c2-c2nc3ccccc3[nH]2)CC1,NC1CCC(Nc2cc[nH]c(=O)c2-c2nc3ccccc3[nH]2)CC1
CC(=O)N1CCC(Nc2cc[nH]c(=O)c2-c2nc3ccccc3[nH]2)CC1,O=c1[nH]ccc(NC2CCOCC2)c1-c1nc2ccccc2[nH]1
CC(=O)N1CCC(Nc2cc[nH]c(=O)c2-c2nc3ccccc3[nH]2)CC1,COC(=O)C1CCc2[nH]c(-c3c(NC4CCC(N)CC4)cc[nH]c3=O)nc2C1
CNC(=O)c1cnc2[nH]ccc2c1NCC1CCN(Cc2ccccc2)CC1,CNC(=O)c1cnc2[nH]ccc2c1NC1CC2CCC(C1)N2Cc1ccc(Cl)cc1
CNC(=O)c1cnc2[nH]ccc2c1NCC1CCN(Cc2ccccc2)CC1,CNC(=O)c1cnc2[nH]ccc2c1NC1CCN(Cc2ccc(OC)cc2)CC1
CNC(=O)c1cnc2[nH]ccc2c1NCC1CCN(Cc2ccccc2)CC1,CNC(=O)c1cnc2[nH]ccc2c1NC1CCN(Cc2ccccc2OC)CC1
CNC(=O)c1cnc2[nH]ccc2c1NCC1CCN(Cc2ccccc2)CC1,N#Cc1cnc(N2CCC(Nc3c(C(N)=O)cnc4[nH]ccc34)CC2)cn1
CNC(=O)c1cnc2[nH]ccc2c1NCC1CCN(Cc2ccccc2)CC1,CNC(=O)c1cnc2[nH]ccc2c1NC1CCN(Cc2ccc(C#N)cc2)C(C)C1
CNC(=O)c1cnc2[nH]ccc2c1NCC1CCN(Cc2ccccc2)CC1,N#Cc1ccc(N2CCC(Nc3c(C(N)=O)cnc4[nH]ccc34)CC2)cc1
CNC(=O)c1cnc2[nH]ccc2c1NCC1CCN(Cc2ccccc2)CC1,CNC(=O)c1cnc2[nH]ccc2c1NC1CCCN(Cc2ccc(Cl)cc2)CC1
CNC(=O)c1cnc2[nH]ccc2c1NCC1CCN(Cc2ccccc2)CC1,CNC(=O)c1cnc2[nH]ccc2c1NC1CCCN(Cc2ccc(C#N)cc2)CC1
CNC(=O)c1cnc2[nH]ccc2c1NCC1CCN(Cc2ccccc2)CC1,CNC(=O)c1cnc2[nH]ccc2c1NC1CCCN(Cc2cccc(Cl)c2)CC1
CNC(=O)c1cnc2[nH]ccc2c1NCC1CCN(Cc2ccccc2)CC1,NC(=O)c1ccc(N2CCC(Nc3c(C(N)=O)cnc4[nH]ccc34)CC2)nc1
CNC(=O)c1cnc2[nH]ccc2c1NCC1CCN(Cc2ccccc2)CC1,CC1CC(Nc2c(C(N)=O)cnc3[nH]ccc23)CCN1Cc1cccc(Cl)c1
CNC(=O)c1cnc2[nH]ccc2c1NCC1CCN(Cc2ccccc2)CC1,CNC(=O)c1cnc2[nH]ccc2c1NC1CCN(Cc2cccc(OC)c2)CC1
CNC(=O)c1cnc2[nH]ccc2c1NCC1CCN(Cc2ccccc2)CC1,CNC(=O)c1cnc2[nH]ccc2c1NC1CCCN(Cc2ccccc2)CC1
CNC(=O)c1cnc2[nH]ccc2c1NCC1CCN(Cc2ccccc2)CC1,CNC(=O)c1cnc2[nH]ccc2c1NC1CCN(Cc2ccccc2)C(C)C1
CNC(=O)c1cnc2[nH]ccc2c1NCC1CCN(Cc2ccccc2)CC1,CNC(=O)c1cnc2[nH]ccc2c1NC1CCN(Cc2ccc(Cl)cc2)C1
CNC(=O)c1cnc2[nH]ccc2c1NCC1CCN(Cc2ccccc2)CC1,CC1CCCCC1Nc1c(C(N)=O)cnc2[nH]ccc12
CNC(=O)c1cnc2[nH]ccc2c1NCC1CCN(Cc2ccccc2)CC1,N#Cc1ccc(N2CCC(Nc3c(C(N)=O)cnc4[nH]ccc34)CC2)nn1
CNC(=O)c1cnc2[nH]ccc2c1NCC1CCN(Cc2ccccc2)CC1,O=C(NC1CC1)c1cnc2[nH]ccc2c1NC1CCN(Cc2ccccc2)CC1
CNC(=O)c1cnc2[nH]ccc2c1NCC1CCN(Cc2ccccc2)CC1,CNC(=O)c1cnc2[nH]ccc2c1NC1CC2CCC(C1)N2Cc1ccc(OC)cc1
CNC(=O)c1cnc2[nH]ccc2c1NCC1CCN(Cc2ccccc2)CC1,CN1CCC(Nc2c(C(N)=O)cnc3[nH]ccc23)CC1
CNC(=O)c1cnc2[nH]ccc2c1NCC1CCN(Cc2ccccc2)CC1,CNC(=O)c1cnc2[nH]ccc2c1NC1CCN(Cc2cccc(OC)c2)C(C)C1
CNC(=O)c1cnc2[nH]ccc2c1NCC1CCN(Cc2ccccc2)CC1,CNC(=O)c1cnc2[nH]ccc2c1NCC1CCN(Cc2ccc(Cl)cc2)CC1
CNC(=O)c1cnc2[nH]ccc2c1NCC1CCN(Cc2ccccc2)CC1,CNC(=O)c1cnc2[nH]ccc2c1NCC1CCN(Cc2ccc(OC)cc2)CC1
CNC(=O)c1cnc2[nH]ccc2c1NCC1CCN(Cc2ccccc2)CC1,CNC(=O)c1cnc2[nH]ccc2c1NC1CCN(Cc2cccc(Cl)c2)CC1F
CNC(=O)c1cnc2[nH]ccc2c1NCC1CCN(Cc2ccccc2)CC1,CNC(=O)c1cnc2[nH]ccc2c1NC1CCN(Cc2cccc(Cl)c2)C(C)C1
CNC(=O)c1cnc2[nH]ccc2c1NCC1CCN(Cc2ccccc2)CC1,N#Cc1ccc(N2CCC(Nc3c(C(N)=O)cnc4[nH]ccc34)CC2)nc1
CNC(=O)c1cnc2[nH]ccc2c1NCC1CCN(Cc2ccccc2)CC1,CNC(=O)c1cnc2[nH]ccc2c1NC1CCN(Cc2cccc(Cl)c2)C1
CNC(=O)c1cnc2[nH]ccc2c1NCC1CCN(Cc2ccccc2)CC1,NC(=O)c1cnc2[nH]ccc2c1NC1C2CC3CC1CC(O)(C3)C2
Cc1nn(CCCCCC#N)nc1-c1ncnc2[nH]ccc12,CC(CCCCCC(=O)NO)n1cc(-c2ncnc3[nH]ccc23)cn1
CC(C)(CNC(=O)OC(C)(C)C)CNc1cc[nH]c(=O)c1-c1nc2c([nH]1)CCCC2,NC1CCC(Nc2cc[nH]c(=O)c2-c2nc3ccccc3[nH]2)CC1
CC(C)(CNC(=O)OC(C)(C)C)CNc1cc[nH]c(=O)c1-c1nc2c([nH]1)CCCC2,O=c1[nH]ccc(NC2CCOCC2)c1-c1nc2ccccc2[nH]1
CC(C)(CNC(=O)OC(C)(C)C)CNc1cc[nH]c(=O)c1-c1nc2c([nH]1)CCCC2,COC(=O)C1CCc2[nH]c(-c3c(NC4CCC(N)CC4)cc[nH]c3=O)nc2C1
CNC(=O)c1cnc2[nH]ccc2c1NC1CCN(Cc2ccc(OC)cc2)C1,CNC(=O)c1cnc2[nH]ccc2c1NC1CC2CCC(C1)N2Cc1ccc(Cl)cc1
CNC(=O)c1cnc2[nH]ccc2c1NC1CCN(Cc2ccc(OC)cc2)C1,CNC(=O)c1cnc2[nH]ccc2c1NC1CCN(Cc2ccc(OC)cc2)CC1
CNC(=O)c1cnc2[nH]ccc2c1NC1CCN(Cc2ccc(OC)cc2)C1,CNC(=O)c1cnc2[nH]ccc2c1NC1CCN(Cc2ccccc2OC)CC1
CNC(=O)c1cnc2[nH]ccc2c1NC1CCN(Cc2ccc(OC)cc2)C1,N#Cc1cnc(N2CCC(Nc3c(C(N)=O)cnc4[nH]ccc34)CC2)cn1
CNC(=O)c1cnc2[nH]ccc2c1NC1CCN(Cc2ccc(OC)cc2)C1,CNC(=O)c1cnc2[nH]ccc2c1NC1CCN(Cc2ccc(C#N)cc2)C(C)C1
CNC(=O)c1cnc2[nH]ccc2c1NC1CCN(Cc2ccc(OC)cc2)C1,N#Cc1ccc(N2CCC(Nc3c(C(N)=O)cnc4[nH]ccc34)CC2)cc1
CNC(=O)c1cnc2[nH]ccc2c1NC1CCN(Cc2ccc(OC)cc2)C1,CNC(=O)c1cnc2[nH]ccc2c1NC1CCCN(Cc2ccc(Cl)cc2)CC1
CNC(=O)c1cnc2[nH]ccc2c1NC1CCN(Cc2ccc(OC)cc2)C1,CNC(=O)c1cnc2[nH]ccc2c1NC1CCCN(Cc2ccc(C#N)cc2)CC1
CNC(=O)c1cnc2[nH]ccc2c1NC1CCN(Cc2ccc(OC)cc2)C1,CNC(=O)c1cnc2[nH]ccc2c1NC1CCCN(Cc2cccc(Cl)c2)CC1
CNC(=O)c1cnc2[nH]ccc2c1NC1CCN(Cc2ccc(OC)cc2)C1,NC(=O)c1ccc(N2CCC(Nc3c(C(N)=O)cnc4[nH]ccc34)CC2)nc1
CNC(=O)c1cnc2[nH]ccc2c1NC1CCN(Cc2ccc(OC)cc2)C1,CC1CC(Nc2c(C(N)=O)cnc3[nH]ccc23)CCN1Cc1cccc(Cl)c1
CNC(=O)c1cnc2[nH]ccc2c1NC1CCN(Cc2ccc(OC)cc2)C1,CNC(=O)c1cnc2[nH]ccc2c1NC1CCN(Cc2cccc(OC)c2)CC1
CNC(=O)c1cnc2[nH]ccc2c1NC1CCN(Cc2ccc(OC)cc2)C1,CNC(=O)c1cnc2[nH]ccc2c1NC1CCCN(Cc2ccccc2)CC1
CNC(=O)c1cnc2[nH]ccc2c1NC1CCN(Cc2ccc(OC)cc2)C1,CNC(=O)c1cnc2[nH]ccc2c1NC1CCN(Cc2ccccc2)C(C)C1
CNC(=O)c1cnc2[nH]ccc2c1NC1CCN(Cc2ccc(OC)cc2)C1,CNC(=O)c1cnc2[nH]ccc2c1NC1CCN(Cc2ccc(Cl)cc2)C1
CNC(=O)c1cnc2[nH]ccc2c1NC1CCN(Cc2ccc(OC)cc2)C1,CC1CCCCC1Nc1c(C(N)=O)cnc2[nH]ccc12
CNC(=O)c1cnc2[nH]ccc2c1NC1CCN(Cc2ccc(OC)cc2)C1,N#Cc1ccc(N2CCC(Nc3c(C(N)=O)cnc4[nH]ccc34)CC2)nn1
CNC(=O)c1cnc2[nH]ccc2c1NC1CCN(Cc2ccc(OC)cc2)C1,O=C(NC1CC1)c1cnc2[nH]ccc2c1NC1CCN(Cc2ccccc2)CC1
CNC(=O)c1cnc2[nH]ccc2c1NC1CCN(Cc2ccc(OC)cc2)C1,CNC(=O)c1cnc2[nH]ccc2c1NC1CC2CCC(C1)N2Cc1ccc(OC)cc1
CNC(=O)c1cnc2[nH]ccc2c1NC1CCN(Cc2ccc(OC)cc2)C1,CN1CCC(Nc2c(C(N)=O)cnc3[nH]ccc23)CC1
CNC(=O)c1cnc2[nH]ccc2c1NC1CCN(Cc2ccc(OC)cc2)C1,CNC(=O)c1cnc2[nH]ccc2c1NC1CCN(Cc2cccc(OC)c2)C(C)C1
CNC(=O)c1cnc2[nH]ccc2c1NC1CCN(Cc2ccc(OC)cc2)C1,CNC(=O)c1cnc2[nH]ccc2c1NCC1CCN(Cc2ccc(Cl)cc2)CC1
CNC(=O)c1cnc2[nH]ccc2c1NC1CCN(Cc2ccc(OC)cc2)C1,CNC(=O)c1cnc2[nH]ccc2c1NCC1CCN(Cc2ccc(OC)cc2)CC1
CNC(=O)c1cnc2[nH]ccc2c1NC1CCN(Cc2ccc(OC)cc2)C1,CNC(=O)c1cnc2[nH]ccc2c1NC1CCN(Cc2cccc(Cl)c2)CC1F
CNC(=O)c1cnc2[nH]ccc2c1NC1CCN(Cc2ccc(OC)cc2)C1,CNC(=O)c1cnc2[nH]ccc2c1NC1CCN(Cc2cccc(Cl)c2)C(C)C1
CNC(=O)c1cnc2[nH]ccc2c1NC1CCN(Cc2ccc(OC)cc2)C1,N#Cc1ccc(N2CCC(Nc3c(C(N)=O)cnc4[nH]ccc34)CC2)nc1
CNC(=O)c1cnc2[nH]ccc2c1NC1CCN(Cc2ccc(OC)cc2)C1,CNC(=O)c1cnc2[nH]ccc2c1NC1CCN(Cc2cccc(Cl)c2)C1
CNC(=O)c1cnc2[nH]ccc2c1NC1CCN(Cc2ccc(OC)cc2)C1,NC(=O)c1cnc2[nH]ccc2c1NC1C2CC3CC1CC(O)(C3)C2
O=C(Nc1nc2cccc(-c3ccccc3)n2n1)C1CC1,O=C(Nc1nc2cccc(C3CCC(NC(=O)C4(F)CC4)CC3)n2n1)C1CC1
O=C(Nc1nc2cccc(-c3ccccc3)n2n1)C1CC1,O=C(Nc1nc2cccc(-c3ccc(C(=O)N4CCC(F)(F)CC4)cc3)n2n1)C1CC1
O=C(Nc1nc2cccc(-c3ccccc3)n2n1)C1CC1,O=C(Nc1nc2cccc(-c3ccc(C(=O)N4CC(F)(F)C4)cc3)n2n1)C1CC1
O=C(Nc1nc2cccc(-c3ccccc3)n2n1)C1CC1,N#CCC(=O)N1CC=C(c2cccc3nc(NC(=O)C4CC4)nn23)CC1
O=C(Nc1nc2cccc(-c3ccccc3)n2n1)C1CC1,C=CC(=O)N1CC=C(c2cccc3nc(NC(=O)C4CC4)nn23)CC1
O=C(Nc1nc2cccc(-c3ccccc3)n2n1)C1CC1,O=C(Nc1nc2cccc(C3CCC4(CCN(C(=O)C5CC5(F)F)CC4)C3)n2n1)C1CC1
O=C(Nc1nc2cccc(-c3ccccc3)n2n1)C1CC1,CC(C)(C#N)C(=O)N1CC2(CCC(c3cccc4nc(NC(=O)C5CC5)nn34)CC2)C1
O=C(Nc1nc2cccc(-c3ccccc3)n2n1)C1CC1,O=C(Nc1nc2cccc(C3=CCN(C(=O)NCC(F)(F)F)CC3)n2n1)C1CC1
O=C(Nc1nc2cccc(-c3ccccc3)n2n1)C1CC1,O=C(Nc1nc2cccc(C3CCC4(CC3)CCN(C(=O)C3CC3(F)F)CC4)n2n1)C1CC1
O=C(Nc1nc2cccc(-c3ccccc3)n2n1)C1CC1,O=C(NCC(F)(F)F)c1ccc(-c2cccc3nc(NC(=O)C4CC4)nn23)cc1
O=C(Nc1nc2cccc(-c3ccccc3)n2n1)C1CC1,N#CC1CN(C(=O)c2ccc(-c3cccc4nc(NC(=O)C5CC5)nn34)cc2)C1
O=C(Nc1nc2cccc(-c3ccccc3)n2n1)C1CC1,O=C(Nc1nc2cccc(C3=CCN(C(=O)C4(C(F)(F)F)CC4)CC3)n2n1)C1CC1
O=C(Nc1nc2cccc(-c3ccccc3)n2n1)C1CC1,N#CCC(=O)N1CC2(CCC(c3cccc4nc(NC(=O)C5CC5)nn34)CC2)C1
O=C(Nc1nc2cccc(-c3ccccc3)n2n1)C1CC1,O=C(Nc1nc2cccc(C3=CCN(C(=O)C4CC4(F)F)CC3)n2n1)C1CC1
O=C(Nc1nc2cccc(-c3ccccc3)n2n1)C1CC1,N#CCC(=O)N1CCC2(CCC(c3cccc4nc(NC(=O)C5CC5)nn34)CC2)CC1
O=C(Nc1nc2cccc(-c3ccccc3)n2n1)C1CC1,C=C(C#N)C(O)c1ccc(-c2cccc3nc(NC(=O)C4CC4)nn23)cc1
CCS(=O)(=O)N1CC(CC#N)(n2cc(-c3ncnc4[nH]ccc34)cn2)C1,CC(CCCCCC(=O)NO)n1cc(-c2ncnc3[nH]ccc23)cn1
Cc1nc2cnc3ccc(-c4ccc(O)c(Cl)c4)cc3c2n1C1CCN(C)CC1,CCn1c(C(=O)N(C2CC2)C2CC2)cc2c3c(ncn3C)c(NC(=O)NCCOC)nc21
Cc1nc2cnc3ccc(-c4ccc(O)c(Cl)c4)cc3c2n1C1CCN(C)CC1,N#CCC1CCC(n2c(CC(=O)NCc3ccc(F)cc3)nc3cnc4[nH]ccc4c32)CC1
Cc1nc2cnc3ccc(-c4ccc(O)c(Cl)c4)cc3c2n1C1CCN(C)CC1,CCn1c(C(=O)N(C2CC2)C2CC2)cc2c3c(ncn3C)c(Nc3nc(C(=O)NC)c(C)s3)nc21
Cc1nc2cnc3ccc(-c4ccc(O)c(Cl)c4)cc3c2n1C1CCN(C)CC1,CCn1c(C(=O)N(C2CC2)C2CC2)cc2c3c(ncn3C)c(Nc3nc(C)cs3)nc21
Cc1nc2cnc3ccc(-c4ccc(O)c(Cl)c4)cc3c2n1C1CCN(C)CC1,CCn1c(C(=O)N(C2CC2)C2CC2)cc2c3c(ncn3C)c(Nc3ncc(C)s3)nc21
Cc1nc2cnc3ccc(-c4ccc(O)c(Cl)c4)cc3c2n1C1CCN(C)CC1,CC1CCC(n2c(=O)[nH]c3cnc4[nH]ccc4c32)CC1
Cc1nc2cnc3ccc(-c4ccc(O)c(Cl)c4)cc3c2n1C1CCN(C)CC1,CCn1c(C(=O)N(C2CC2)C2CC2)cc2c3c(ncn3C)c(NC)nc21
Cc1nc2cnc3ccc(-c4ccc(O)c(Cl)c4)cc3c2n1C1CCN(C)CC1,CS(=O)(=O)N1CCC(n2c(=O)[nH]c3cnc4[nH]ccc4c32)CC1
Cc1nc2cnc3ccc(-c4ccc(O)c(Cl)c4)cc3c2n1C1CCN(C)CC1,CCn1nc(Nc2nc3c(cc(C(=O)N(C4CC4)C4CC4)n3CC)c3c2ncn3C)cc1C
Cc1nc2cnc3ccc(-c4ccc(O)c(Cl)c4)cc3c2n1C1CCN(C)CC1,CCn1c(C(=O)N(C2CC2)C2CC2)cc2c3c(ncn3C)c(Nc3cc(C)nn3C)nc21
Cc1nc2cnc3ccc(-c4ccc(O)c(Cl)c4)cc3c2n1C1CCN(C)CC1,Cc1nc2cnc3ccc(-c4cc(Cl)c(O)c(Cl)c4)cc3c2n1C1CCC(CO)CC1
Cc1nc2cnc3ccc(-c4ccc(O)c(Cl)c4)cc3c2n1C1CCN(C)CC1,CCn1c(C(=O)N(C2CC2)C2CC2)cc2c3c(ncn3C)c(Nc3nc(C)c(S(C)(=O)=O)s3)nc21
Cc1nc2cnc3ccc(-c4ccc(O)c(Cl)c4)cc3c2n1C1CCN(C)CC1,Cc1nc2cnc3ccc(-c4cc(Cl)c(O)c(Cl)c4)cc3c2n1C1CCN(C)CC1
Cc1nc2cnc3ccc(-c4ccc(O)c(Cl)c4)cc3c2n1C1CCN(C)CC1,O=c1[nH]c2cnc3[nH]ccc3c2n1C1CCCCCC1
Cc1nc2cnc3ccc(-c4ccc(O)c(Cl)c4)cc3c2n1C1CCN(C)CC1,CC1(C)CCCCC1n1c(=O)[nH]c2cnc3[nH]ccc3c21
Cc1nc2cnc3ccc(-c4ccc(O)c(Cl)c4)cc3c2n1C1CCN(C)CC1,N#CC(C#N)=Cc1ccc(-c2nc3cnc4[nH]ccc4c3n2C2CCCCC2)o1
Cc1nc2cnc3ccc(-c4ccc(O)c(Cl)c4)cc3c2n1C1CCN(C)CC1,CCn1c(C(=O)N(C2CC2)C2CC2)cc2c3c(ncn3C)c(Nc3cc(C)[nH]n3)nc21
Cc1nc2cnc3ccc(-c4ccc(O)c(Cl)c4)cc3c2n1C1CCN(C)CC1,CCC1CCCCC1n1c(=O)[nH]c2cnc3[nH]ccc3c21
Cc1nc2cnc3ccc(-c4ccc(O)c(Cl)c4)cc3c2n1C1CCN(C)CC1,CN(C)C(=O)CCc1ccc(-c2nc3cnc4[nH]ccc4c3n2C2CCCCC2)o1
Cc1nc2cnc3ccc(-c4ccc(O)c(Cl)c4)cc3c2n1C1CCN(C)CC1,Cc1nc2cnc3ccc(-c4cc(Cl)c(O)c(Cl)c4)cc3c2n1C1CCCN(C)C1
Cc1nc2cnc3ccc(-c4ccc(O)c(Cl)c4)cc3c2n1C1CCN(C)CC1,Cc1nc2cnc3ccc(-c4cc(Cl)c(O)c(Cl)c4)cc3c2n1C1CCOCC1
Cc1nc2cnc3ccc(-c4ccc(O)c(Cl)c4)cc3c2n1C1CCN(C)CC1,O=c1[nH]c2cnc3[nH]ccc3c2n1C1CCCCC1
Cc1nc2cnc3ccc(-c4ccc(O)c(Cl)c4)cc3c2n1C1CCN(C)CC1,CCn1c(C(=O)N(C2CC2)C2CC2)cc2c3c(ncn3C)c(Nc3cc(C)n(C)n3)nc21
Cc1nc2cnc3ccc(-c4ccc(O)c(Cl)c4)cc3c2n1C1CCN(C)CC1,CC1CCN(C(=O)CC#N)CC1n1c(=O)[nH]c2cnc3[nH]ccc3c21
Cc1nc2cnc3ccc(-c4ccc(O)c(Cl)c4)cc3c2n1C1CCN(C)CC1,N#CC=Cc1ccc(-c2nc3cnc4[nH]ccc4c3n2C2CCCCC2)o1
Cc1nc2cnc3ccc(-c4ccc(O)c(Cl)c4)cc3c2n1C1CCN(C)CC1,CC(C)(O)CNC(=O)Cc1nc2cnc3[nH]ccc3c2n1C1CCC(CC#N)CC1
Cc1nc2cnc3ccc(-c4ccc(O)c(Cl)c4)cc3c2n1C1CCN(C)CC1,O=c1[nH]c2cnc3[nH]ccc3c2n1C1CCCC1
Cc1nc2cnc3ccc(-c4ccc(O)c(Cl)c4)cc3c2n1C1CCN(C)CC1,COc1cc2c(=O)n(C3CCNCC3)c3c4cc[nH]c4ncc3c2cc1OC
Cc1nc2cnc3ccc(-c4ccc(O)c(Cl)c4)cc3c2n1C1CCN(C)CC1,CC1CCCC(n2c(=O)[nH]c3cnc4[nH]ccc4c32)C1
Cc1nc2cnc3ccc(-c4ccc(O)c(Cl)c4)cc3c2n1C1CCN(C)CC1,CC1CCN(C(=O)CC#N)CC1n1c(=O)n(C)c2cnc3[nH]ccc3c21
Cc1nc2cnc3ccc(-c4ccc(O)c(Cl)c4)cc3c2n1C1CCN(C)CC1,CCn1c(C(=O)N(C2CC2)C2CC2)cc2c3c(ncn3C)c(Nc3nc(C)n(C)n3)nc21
Cc1nc2cnc3ccc(-c4ccc(O)c(Cl)c4)cc3c2n1C1CCN(C)CC1,N#CCCc1ccc(-c2nc3cnc4[nH]ccc4c3n2C2CCCCC2)o1
Cc1nc2cnc3ccc(-c4ccc(O)c(Cl)c4)cc3c2n1C1CCN(C)CC1,CCn1c(C(=O)N(C2CC2)C2CC2)cc2c3c(ncn3C)c(Nc3nc(C)c(C(=O)NC)s3)nc21
Cc1nc2cnc3ccc(-c4ccc(O)c(Cl)c4)cc3c2n1C1CCN(C)CC1,N#CCC1CCC(n2c(CC(=O)NCC(F)(F)F)nc3cnc4[nH]ccc4c32)CC1
O=c1[nH]ccc(NC2CCC(NCC(F)F)CC2)c1-c1nc2ccccc2[nH]1,CN1CCN(c2ccc3nc(-c4c(N)c5c(F)cccc5[nH]c4=O)[nH]c3c2)CC1
O=c1[nH]ccc(NC2CCC(NCC(F)F)CC2)c1-c1nc2ccccc2[nH]1,NC1CCC(Nc2cc[nH]c(=O)c2-c2nc3ccccc3[nH]2)CC1
O=c1[nH]ccc(NC2CCC(NCC(F)F)CC2)c1-c1nc2ccccc2[nH]1,O=c1[nH]ccc(NC2CCOCC2)c1-c1nc2ccccc2[nH]1
O=c1[nH]ccc(NC2CCC(NCC(F)F)CC2)c1-c1nc2ccccc2[nH]1,COC(=O)C1CCc2[nH]c(-c3c(NC4CCC(N)CC4)cc[nH]c3=O)nc2C1
CNC(=O)c1cnc2[nH]ccc2c1NC1CCN(c2ccccc2)CC1,CNC(=O)c1cnc2[nH]ccc2c1NC1CC2CCC(C1)N2Cc1ccc(Cl)cc1
CNC(=O)c1cnc2[nH]ccc2c1NC1CCN(c2ccccc2)CC1,CNC(=O)c1cnc2[nH]ccc2c1NC1CCN(Cc2ccc(OC)cc2)CC1
CNC(=O)c1cnc2[nH]ccc2c1NC1CCN(c2ccccc2)CC1,CNC(=O)c1cnc2[nH]ccc2c1NC1CCN(Cc2ccccc2OC)CC1
CNC(=O)c1cnc2[nH]ccc2c1NC1CCN(c2ccccc2)CC1,N#Cc1cnc(N2CCC(Nc3c(C(N)=O)cnc4[nH]ccc34)CC2)cn1
CNC(=O)c1cnc2[nH]ccc2c1NC1CCN(c2ccccc2)CC1,Cc1cncc(Nc2cc(NC3CCN(c4ccc(C#N)cn4)CC3)c(C(N)=O)cn2)n1
CNC(=O)c1cnc2[nH]ccc2c1NC1CCN(c2ccccc2)CC1,Cc1nccc(Nc2cc(NC3CCN(c4ccc(C#N)cn4)CC3F)c(C(N)=O)cn2)n1
CNC(=O)c1cnc2[nH]ccc2c1NC1CCN(c2ccccc2)CC1,CNC(=O)c1cnc2[nH]ccc2c1NC1CCN(Cc2ccc(C#N)cc2)C(C)C1
CNC(=O)c1cnc2[nH]ccc2c1NC1CCN(c2ccccc2)CC1,N#Cc1ccc(N2CCC(Nc3c(C(N)=O)cnc4[nH]ccc34)CC2)cc1
CNC(=O)c1cnc2[nH]ccc2c1NC1CCN(c2ccccc2)CC1,N#Cc1ccc(N2CCC(Nc3cc(Nc4cnccn4)ncc3C(N)=O)CC2)nc1
CNC(=O)c1cnc2[nH]ccc2c1NC1CCN(c2ccccc2)CC1,CNC(=O)c1cnc2[nH]ccc2c1NC1CCCN(Cc2ccc(Cl)cc2)CC1
CNC(=O)c1cnc2[nH]ccc2c1NC1CCN(c2ccccc2)CC1,CNC(=O)c1cnc2[nH]ccc2c1NC1CCCN(Cc2ccc(C#N)cc2)CC1
CNC(=O)c1cnc2[nH]ccc2c1NC1CCN(c2ccccc2)CC1,CNC(=O)c1cnc2[nH]ccc2c1NC1CCCN(Cc2cccc(Cl)c2)CC1
CNC(=O)c1cnc2[nH]ccc2c1NC1CCN(c2ccccc2)CC1,NC(=O)c1ccc(N2CCC(Nc3c(C(N)=O)cnc4[nH]ccc34)CC2)nc1
CNC(=O)c1cnc2[nH]ccc2c1NC1CCN(c2ccccc2)CC1,CC1CC(Nc2c(C(N)=O)cnc3[nH]ccc23)CCN1Cc1cccc(Cl)c1
CNC(=O)c1cnc2[nH]ccc2c1NC1CCN(c2ccccc2)CC1,CNC(=O)c1cnc2[nH]ccc2c1NC1CCN(Cc2cccc(OC)c2)CC1
CNC(=O)c1cnc2[nH]ccc2c1NC1CCN(c2ccccc2)CC1,CNC(=O)c1cnc2[nH]ccc2c1NC1CCCN(Cc2ccccc2)CC1
CNC(=O)c1cnc2[nH]ccc2c1NC1CCN(c2ccccc2)CC1,CNC(=O)c1cnc2[nH]ccc2c1NC1CCN(Cc2ccccc2)C(C)C1
CNC(=O)c1cnc2[nH]ccc2c1NC1CCN(c2ccccc2)CC1,CNC(=O)c1cnc2[nH]ccc2c1NC1CCN(Cc2ccc(Cl)cc2)C1
CNC(=O)c1cnc2[nH]ccc2c1NC1CCN(c2ccccc2)CC1,CC1CCCCC1Nc1c(C(N)=O)cnc2[nH]ccc12
CNC(=O)c1cnc2[nH]ccc2c1NC1CCN(c2ccccc2)CC1,N#Cc1ccc(N2CCC(Nc3c(C(N)=O)cnc4[nH]ccc34)CC2)nn1
CNC(=O)c1cnc2[nH]ccc2c1NC1CCN(c2ccccc2)CC1,O=C(NC1CC1)c1cnc2[nH]ccc2c1NC1CCN(Cc2ccccc2)CC1
CNC(=O)c1cnc2[nH]ccc2c1NC1CCN(c2ccccc2)CC1,CNC(=O)c1cnc2[nH]ccc2c1NC1CC2CCC(C1)N2Cc1ccc(OC)cc1
CNC(=O)c1cnc2[nH]ccc2c1NC1CCN(c2ccccc2)CC1,CN1CCC(Nc2c(C(N)=O)cnc3[nH]ccc23)CC1
CNC(=O)c1cnc2[nH]ccc2c1NC1CCN(c2ccccc2)CC1,CNC(=O)c1cnc2[nH]ccc2c1NC1CCN(Cc2cccc(OC)c2)C(C)C1
CNC(=O)c1cnc2[nH]ccc2c1NC1CCN(c2ccccc2)CC1,N#Cc1ccc(N2CCC(Nc3cc(Nc4ccccn4)ncc3C(N)=O)CC2)nc1
CNC(=O)c1cnc2[nH]ccc2c1NC1CCN(c2ccccc2)CC1,CNC(=O)c1cnc2[nH]ccc2c1NCC1CCN(Cc2ccc(Cl)cc2)CC1
CNC(=O)c1cnc2[nH]ccc2c1NC1CCN(c2ccccc2)CC1,CNC(=O)c1cnc2[nH]ccc2c1NCC1CCN(Cc2ccc(OC)cc2)CC1
CNC(=O)c1cnc2[nH]ccc2c1NC1CCN(c2ccccc2)CC1,CNC(=O)c1cnc2[nH]ccc2c1NC1CCN(Cc2cccc(Cl)c2)CC1F
CNC(=O)c1cnc2[nH]ccc2c1NC1CCN(c2ccccc2)CC1,CNC(=O)c1cnc2[nH]ccc2c1NC1CCN(Cc2cccc(Cl)c2)C(C)C1
CNC(=O)c1cnc2[nH]ccc2c1NC1CCN(c2ccccc2)CC1,CN(c1ccnc2[nH]ccc12)C1CCCCC1
CNC(=O)c1cnc2[nH]ccc2c1NC1CCN(c2ccccc2)CC1,N#Cc1ccc(N2CCC(Nc3c(C(N)=O)cnc4[nH]ccc34)CC2)nc1
CNC(=O)c1cnc2[nH]ccc2c1NC1CCN(c2ccccc2)CC1,Cc1nccc(Nc2cc(NC3CCN(c4ccc(C#N)cn4)CC3)c(C(N)=O)cn2)n1
CNC(=O)c1cnc2[nH]ccc2c1NC1CCN(c2ccccc2)CC1,CNC(=O)c1cnc2[nH]ccc2c1NC1CCN(Cc2cccc(Cl)c2)C1
CNC(=O)c1cnc2[nH]ccc2c1NC1CCN(c2ccccc2)CC1,N#Cc1ccc(N2CCC(Nc3cc(Nc4ccncn4)ncc3C(N)=O)CC2)nc1
CNC(=O)c1cnc2[nH]ccc2c1NC1CCN(c2ccccc2)CC1,Cc1cnc(Nc2cc(NC3CCN(c4ccc(C#N)cn4)CC3)c(C(N)=O)cn2)cn1
CNC(=O)c1cnc2[nH]ccc2c1NC1CCN(c2ccccc2)CC1,NC(=O)c1cnc2[nH]ccc2c1NC1C2CC3CC1CC(O)(C3)C2
O=c1[nH]ccc(NC2CCN(Cc3ccccc3)CC2)c1-c1nc2ccccc2[nH]1,CN1CCN(c2ccc3nc(-c4c(N)c5c(F)cccc5[nH]c4=O)[nH]c3c2)CC1
O=c1[nH]ccc(NC2CCN(Cc3ccccc3)CC2)c1-c1nc2ccccc2[nH]1,NC1CCC(Nc2cc[nH]c(=O)c2-c2nc3ccccc3[nH]2)CC1
O=c1[nH]ccc(NC2CCN(Cc3ccccc3)CC2)c1-c1nc2ccccc2[nH]1,O=c1[nH]ccc(NC2CCOCC2)c1-c1nc2ccccc2[nH]1
O=c1[nH]ccc(NC2CCN(Cc3ccccc3)CC2)c1-c1nc2ccccc2[nH]1,COC(=O)C1CCc2[nH]c(-c3c(NC4CCC(N)CC4)cc[nH]c3=O)nc2C1
O=C(Nc1nc2cccc(-c3cn[nH]c3)n2n1)C1CC1,O=C(Nc1nc2cccc(C3CCC(NC(=O)C4(F)CC4)CC3)n2n1)C1CC1
O=C(Nc1nc2cccc(-c3cn[nH]c3)n2n1)C1CC1,O=C(Nc1nc2cccc(-c3ccc(C(=O)N4CCC(F)(F)CC4)cc3)n2n1)C1CC1
O=C(Nc1nc2cccc(-c3cn[nH]c3)n2n1)C1CC1,O=C(Nc1nc2cccc(-c3ccc(C(=O)N4CC(F)(F)C4)cc3)n2n1)C1CC1
O=C(Nc1nc2cccc(-c3cn[nH]c3)n2n1)C1CC1,N#CCC(=O)N1CC=C(c2cccc3nc(NC(=O)C4CC4)nn23)CC1
O=C(Nc1nc2cccc(-c3cn[nH]c3)n2n1)C1CC1,C=CC(=O)N1CC=C(c2cccc3nc(NC(=O)C4CC4)nn23)CC1
O=C(Nc1nc2cccc(-c3cn[nH]c3)n2n1)C1CC1,O=C(Nc1nc2cccc(C3CCC4(CCN(C(=O)C5CC5(F)F)CC4)C3)n2n1)C1CC1
O=C(Nc1nc2cccc(-c3cn[nH]c3)n2n1)C1CC1,CC(C)(C#N)C(=O)N1CC2(CCC(c3cccc4nc(NC(=O)C5CC5)nn34)CC2)C1
O=C(Nc1nc2cccc(-c3cn[nH]c3)n2n1)C1CC1,O=C(Nc1nc2cccc(C3=CCN(C(=O)NCC(F)(F)F)CC3)n2n1)C1CC1
O=C(Nc1nc2cccc(-c3cn[nH]c3)n2n1)C1CC1,O=C(Nc1nc2cccc(C3CCC4(CC3)CCN(C(=O)C3CC3(F)F)CC4)n2n1)C1CC1
O=C(Nc1nc2cccc(-c3cn[nH]c3)n2n1)C1CC1,O=C(NCC(F)(F)F)c1ccc(-c2cccc3nc(NC(=O)C4CC4)nn23)cc1
O=C(Nc1nc2cccc(-c3cn[nH]c3)n2n1)C1CC1,N#CC1CN(C(=O)c2ccc(-c3cccc4nc(NC(=O)C5CC5)nn34)cc2)C1
O=C(Nc1nc2cccc(-c3cn[nH]c3)n2n1)C1CC1,O=C(Nc1nc2cccc(C3=CCN(C(=O)C4(C(F)(F)F)CC4)CC3)n2n1)C1CC1
O=C(Nc1nc2cccc(-c3cn[nH]c3)n2n1)C1CC1,N#CCC(=O)N1CC2(CCC(c3cccc4nc(NC(=O)C5CC5)nn34)CC2)C1
O=C(Nc1nc2cccc(-c3cn[nH]c3)n2n1)C1CC1,O=C(Nc1nc2cccc(C3=CCN(C(=O)C4CC4(F)F)CC3)n2n1)C1CC1
O=C(Nc1nc2cccc(-c3cn[nH]c3)n2n1)C1CC1,N#CCC(=O)N1CCC2(CCC(c3cccc4nc(NC(=O)C5CC5)nn34)CC2)CC1
O=C(Nc1nc2cccc(-c3cn[nH]c3)n2n1)C1CC1,C=C(C#N)C(O)c1ccc(-c2cccc3nc(NC(=O)C4CC4)nn23)cc1
Cc1cc(=O)[nH]c2[nH]nc(C)c12,Cc1[nH]nc2[nH]c(=O)cc(C3CCC(NC(=O)C4CCCC4)CC3)c12
Cc1cc(=O)[nH]c2[nH]nc(C)c12,Cc1[nH]nc2[nH]c(=O)cc(C3CCC(CC(=O)N4CC(Cc5ccccc5)C4)CC3)c12
Cc1cc(=O)[nH]c2[nH]nc(C)c12,O=c1cc(C2CCCCC2)c2c[nH]nc2[nH]1
Cc1cc(=O)[nH]c2[nH]nc(C)c12,Cc1[nH]nc2[nH]c(=O)cc(C3CCCCC3C)c12
Cc1cc(=O)[nH]c2[nH]nc(C)c12,Cc1[nH]nc2[nH]c(=O)cc(CC3CCC3)c12
Cc1cc(=O)[nH]c2[nH]nc(C)c12,Cc1[nH]nc2[nH]c(=O)c(CO)c(C3CCCCC3)c12
Cc1cc(=O)[nH]c2[nH]nc(C)c12,CCc1[nH]nc2[nH]c(=O)cc(C3CCCCC3)c12
Cc1cc(=O)[nH]c2[nH]nc(C)c12,O=c1cc(C2CCCCC2)c2c(C3CC3)[nH]nc2[nH]1
Cc1cc(=O)[nH]c2[nH]nc(C)c12,Cc1[nH]nc2[nH]c(=O)cc(C3CCC(CC(=O)N4CCC(c5ccccc5)C4)CC3)c12
Cc1cc(=O)[nH]c2[nH]nc(C)c12,Cc1[nH]nc2[nH]c(=O)cc(C3CCCC3)c12
Cc1cc(=O)[nH]c2[nH]nc(C)c12,Cc1[nH]nc2[nH]c(=O)cc(C3CCC(NS(=O)(=O)C4CC4)CC3)c12
Cc1cc(=O)[nH]c2[nH]nc(C)c12,Cc1[nH]nc2[nH]c(=O)cc(C3CC4CCC3CC4)c12
Cc1cc(=O)[nH]c2[nH]nc(C)c12,Cc1[nH]nc2[nH]c(=O)c(C#N)c(C3CCCCC3)c12
Cc1cc(=O)[nH]c2[nH]nc(C)c12,Cc1[nH]nc2[nH]c(=O)c(CCO)c(C3CCCCC3)c12
Cc1cc(=O)[nH]c2[nH]nc(C)c12,Cc1[nH]nc2[nH]c(=O)cc(C3CCC(NC(=O)C4CC4)CC3)c12
Cc1cc(=O)[nH]c2[nH]nc(C)c12,Cc1[nH]nc2[nH]c(=O)cc(C3CCC(CC(=O)N4CC(C#N)C4)CC3)c12
Cc1cc(=O)[nH]c2[nH]nc(C)c12,Cc1[nH]nc2[nH]c(=O)cc(C3CCC(N)CC3)c12
Cc1cc(=O)[nH]c2[nH]nc(C)c12,Cc1[nH]nc2[nH]c(=O)cc(C3CCC(O)CC3)c12
Cc1cc(=O)[nH]c2[nH]nc(C)c12,Cc1[nH]nc2[nH]c(=O)cc(C3CCC(CC(=O)N4CCC(C#N)C4)CC3)c12
Cc1cc(=O)[nH]c2[nH]nc(C)c12,Cc1[nH]nc2[nH]c(=O)cc(C3CCC(CC#N)CC3)c12
Cc1cc(=O)[nH]c2[nH]nc(C)c12,Cc1[nH]nc2[nH]c(=O)cc(C3CCC(C(=O)NC4CC4)CC3)c12
Cc1cc(-c2ccc3ncc4nc(C)n(C5CCN(C)CC5)c4c3c2)ccc1O,NCCCn1c(C2CCNCC2)nc2cc(C(N)=O)ccc21
Cc1cc(-c2ccc3ncc4nc(C)n(C5CCN(C)CC5)c4c3c2)ccc1O,CCn1c(C(=O)N(C2CC2)C2CC2)cc2c3c(ncn3C)c(NC(=O)NCCOC)nc21
Cc1cc(-c2ccc3ncc4nc(C)n(C5CCN(C)CC5)c4c3c2)ccc1O,N#CCC1CCC(n2c(CC(=O)NCc3ccc(F)cc3)nc3cnc4[nH]ccc4c32)CC1
Cc1cc(-c2ccc3ncc4nc(C)n(C5CCN(C)CC5)c4c3c2)ccc1O,CCn1c(C(=O)N(C2CC2)C2CC2)cc2c3c(ncn3C)c(Nc3nc(C(=O)NC)c(C)s3)nc21
Cc1cc(-c2ccc3ncc4nc(C)n(C5CCN(C)CC5)c4c3c2)ccc1O,CCn1c(C(=O)N(C2CC2)C2CC2)cc2c3c(ncn3C)c(Nc3nc(C)cs3)nc21
Cc1cc(-c2ccc3ncc4nc(C)n(C5CCN(C)CC5)c4c3c2)ccc1O,CCn1c(C(=O)N(C2CC2)C2CC2)cc2c3c(ncn3C)c(Nc3ncc(C)s3)nc21
Cc1cc(-c2ccc3ncc4nc(C)n(C5CCN(C)CC5)c4c3c2)ccc1O,CC1CCC(n2c(=O)[nH]c3cnc4[nH]ccc4c32)CC1
Cc1cc(-c2ccc3ncc4nc(C)n(C5CCN(C)CC5)c4c3c2)ccc1O,CCn1c(C(=O)N(C2CC2)C2CC2)cc2c3c(ncn3C)c(NC)nc21
Cc1cc(-c2ccc3ncc4nc(C)n(C5CCN(C)CC5)c4c3c2)ccc1O,CS(=O)(=O)N1CCC(n2c(=O)[nH]c3cnc4[nH]ccc4c32)CC1
Cc1cc(-c2ccc3ncc4nc(C)n(C5CCN(C)CC5)c4c3c2)ccc1O,CCn1nc(Nc2nc3c(cc(C(=O)N(C4CC4)C4CC4)n3CC)c3c2ncn3C)cc1C
Cc1cc(-c2ccc3ncc4nc(C)n(C5CCN(C)CC5)c4c3c2)ccc1O,CCn1c(C(=O)N(C2CC2)C2CC2)cc2c3c(ncn3C)c(Nc3cc(C)nn3C)nc21
Cc1cc(-c2ccc3ncc4nc(C)n(C5CCN(C)CC5)c4c3c2)ccc1O,Cc1nc2cnc3ccc(-c4cc(Cl)c(O)c(Cl)c4)cc3c2n1C1CCC(CO)CC1
Cc1cc(-c2ccc3ncc4nc(C)n(C5CCN(C)CC5)c4c3c2)ccc1O,CCn1c(C(=O)N(C2CC2)C2CC2)cc2c3c(ncn3C)c(Nc3nc(C)c(S(C)(=O)=O)s3)nc21
Cc1cc(-c2ccc3ncc4nc(C)n(C5CCN(C)CC5)c4c3c2)ccc1O,Cc1nc2cnc3ccc(-c4cc(Cl)c(O)c(Cl)c4)cc3c2n1C1CCN(C)CC1
Cc1cc(-c2ccc3ncc4nc(C)n(C5CCN(C)CC5)c4c3c2)ccc1O,O=c1[nH]c2cnc3[nH]ccc3c2n1C1CCCCCC1
Cc1cc(-c2ccc3ncc4nc(C)n(C5CCN(C)CC5)c4c3c2)ccc1O,CC1(C)CCCCC1n1c(=O)[nH]c2cnc3[nH]ccc3c21
Cc1cc(-c2ccc3ncc4nc(C)n(C5CCN(C)CC5)c4c3c2)ccc1O,N#CC(C#N)=Cc1ccc(-c2nc3cnc4[nH]ccc4c3n2C2CCCCC2)o1
Cc1cc(-c2ccc3ncc4nc(C)n(C5CCN(C)CC5)c4c3c2)ccc1O,CCn1c(C(=O)N(C2CC2)C2CC2)cc2c3c(ncn3C)c(Nc3cc(C)[nH]n3)nc21
Cc1cc(-c2ccc3ncc4nc(C)n(C5CCN(C)CC5)c4c3c2)ccc1O,CCC1CCCCC1n1c(=O)[nH]c2cnc3[nH]ccc3c21
Cc1cc(-c2ccc3ncc4nc(C)n(C5CCN(C)CC5)c4c3c2)ccc1O,CN(C)C(=O)CCc1ccc(-c2nc3cnc4[nH]ccc4c3n2C2CCCCC2)o1
Cc1cc(-c2ccc3ncc4nc(C)n(C5CCN(C)CC5)c4c3c2)ccc1O,Cc1nc2cnc3ccc(-c4cc(Cl)c(O)c(Cl)c4)cc3c2n1C1CCCN(C)C1
Cc1cc(-c2ccc3ncc4nc(C)n(C5CCN(C)CC5)c4c3c2)ccc1O,Cc1nc2cnc3ccc(-c4cc(Cl)c(O)c(Cl)c4)cc3c2n1C1CCOCC1
Cc1cc(-c2ccc3ncc4nc(C)n(C5CCN(C)CC5)c4c3c2)ccc1O,O=c1[nH]c2cnc3[nH]ccc3c2n1C1CCCCC1
Cc1cc(-c2ccc3ncc4nc(C)n(C5CCN(C)CC5)c4c3c2)ccc1O,CCn1c(C(=O)N(C2CC2)C2CC2)cc2c3c(ncn3C)c(Nc3cc(C)n(C)n3)nc21
Cc1cc(-c2ccc3ncc4nc(C)n(C5CCN(C)CC5)c4c3c2)ccc1O,CC1CCN(C(=O)CC#N)CC1n1c(=O)[nH]c2cnc3[nH]ccc3c21
Cc1cc(-c2ccc3ncc4nc(C)n(C5CCN(C)CC5)c4c3c2)ccc1O,N#CC=Cc1ccc(-c2nc3cnc4[nH]ccc4c3n2C2CCCCC2)o1
Cc1cc(-c2ccc3ncc4nc(C)n(C5CCN(C)CC5)c4c3c2)ccc1O,CC(C)(O)CNC(=O)Cc1nc2cnc3[nH]ccc3c2n1C1CCC(CC#N)CC1
Cc1cc(-c2ccc3ncc4nc(C)n(C5CCN(C)CC5)c4c3c2)ccc1O,O=c1[nH]c2cnc3[nH]ccc3c2n1C1CCCC1
Cc1cc(-c2ccc3ncc4nc(C)n(C5CCN(C)CC5)c4c3c2)ccc1O,CC1CCCC(n2c(=O)[nH]c3cnc4[nH]ccc4c32)C1
Cc1cc(-c2ccc3ncc4nc(C)n(C5CCN(C)CC5)c4c3c2)ccc1O,CC1CCN(C(=O)CC#N)CC1n1c(=O)n(C)c2cnc3[nH]ccc3c21
Cc1cc(-c2ccc3ncc4nc(C)n(C5CCN(C)CC5)c4c3c2)ccc1O,CCn1c(C(=O)N(C2CC2)C2CC2)cc2c3c(ncn3C)c(Nc3nc(C)n(C)n3)nc21
Cc1cc(-c2ccc3ncc4nc(C)n(C5CCN(C)CC5)c4c3c2)ccc1O,N#CCCc1ccc(-c2nc3cnc4[nH]ccc4c3n2C2CCCCC2)o1
Cc1cc(-c2ccc3ncc4nc(C)n(C5CCN(C)CC5)c4c3c2)ccc1O,CCn1c(C(=O)N(C2CC2)C2CC2)cc2c3c(ncn3C)c(Nc3nc(C)c(C(=O)NC)s3)nc21
Cc1cc(-c2ccc3ncc4nc(C)n(C5CCN(C)CC5)c4c3c2)ccc1O,N#CCC1CCC(n2c(CC(=O)NCC(F)(F)F)nc3cnc4[nH]ccc4c32)CC1
NC1CCC(Nc2cc[nH]c(=O)c2-c2nc3ccccc3[nH]2)C1,CN1CCN(c2ccc3nc(-c4c(N)c5c(F)cccc5[nH]c4=O)[nH]c3c2)CC1
NC1CCC(Nc2cc[nH]c(=O)c2-c2nc3ccccc3[nH]2)C1,NC1CCC(Nc2cc[nH]c(=O)c2-c2nc3ccccc3[nH]2)CC1
NC1CCC(Nc2cc[nH]c(=O)c2-c2nc3ccccc3[nH]2)C1,O=c1[nH]ccc(NC2CCOCC2)c1-c1nc2ccccc2[nH]1
NC1CCC(Nc2cc[nH]c(=O)c2-c2nc3ccccc3[nH]2)C1,COC(=O)C1CCc2[nH]c(-c3c(NC4CCC(N)CC4)cc[nH]c3=O)nc2C1
CN1C(=O)c2sccc2N(C)c2nc(Nc3ccc(S(N)(=O)=O)cc3)ncc21,CCn1c(C(=O)N(C2CC2)C2CC2)cc2c3c(ncn3C)c(NC(=O)NCCOC)nc21
CN1C(=O)c2sccc2N(C)c2nc(Nc3ccc(S(N)(=O)=O)cc3)ncc21,CCn1c(C(=O)N(C2CC2)C2CC2)cc2c3c(ncn3C)c(Nc3nc(C(=O)NC)c(C)s3)nc21
CN1C(=O)c2sccc2N(C)c2nc(Nc3ccc(S(N)(=O)=O)cc3)ncc21,CCn1c(C(=O)N(C2CC2)C2CC2)cc2c3c(ncn3C)c(Nc3nc(C)cs3)nc21
CN1C(=O)c2sccc2N(C)c2nc(Nc3ccc(S(N)(=O)=O)cc3)ncc21,CCn1c(C(=O)N(C2CC2)C2CC2)cc2c3c(ncn3C)c(Nc3ncc(C)s3)nc21
CN1C(=O)c2sccc2N(C)c2nc(Nc3ccc(S(N)(=O)=O)cc3)ncc21,CC(NC(=O)c1c[nH]c2ncc(-c3nn(C)c4cc(F)ccc34)nc12)C(=O)N1CC(C#N)C1
CN1C(=O)c2sccc2N(C)c2nc(Nc3ccc(S(N)(=O)=O)cc3)ncc21,CCn1c(C(=O)N(C2CC2)C2CC2)cc2c3c(ncn3C)c(NC)nc21
CN1C(=O)c2sccc2N(C)c2nc(Nc3ccc(S(N)(=O)=O)cc3)ncc21,CCn1nc(Nc2nc3c(cc(C(=O)N(C4CC4)C4CC4)n3CC)c3c2ncn3C)cc1C
CN1C(=O)c2sccc2N(C)c2nc(Nc3ccc(S(N)(=O)=O)cc3)ncc21,CCn1c(C(=O)N(C2CC2)C2CC2)cc2c3c(ncn3C)c(Nc3cc(C)nn3C)nc21
CN1C(=O)c2sccc2N(C)c2nc(Nc3ccc(S(N)(=O)=O)cc3)ncc21,Cn1cc(C2=C(Nc3cccc(OCCNc4ccnc(F)c4)c3)C(=O)NC2=O)c2ccccc21
CN1C(=O)c2sccc2N(C)c2nc(Nc3ccc(S(N)(=O)=O)cc3)ncc21,CCn1c(C(=O)N(C2CC2)C2CC2)cc2c3c(ncn3C)c(Nc3nc(C)c(S(C)(=O)=O)s3)nc21
CN1C(=O)c2sccc2N(C)c2nc(Nc3ccc(S(N)(=O)=O)cc3)ncc21,CC(C)Oc1ccc(-c2cc3c(NC4CCC(C)(N)C4(C)C)c(C(N)=O)cnn3c2)cn1
CN1C(=O)c2sccc2N(C)c2nc(Nc3ccc(S(N)(=O)=O)cc3)ncc21,CC(NC(=O)c1c[nH]c2ncc(-c3nn(C)c4cc(Cl)cc(F)c34)nc12)C(=O)N1CC(C#N)C1
CN1C(=O)c2sccc2N(C)c2nc(Nc3ccc(S(N)(=O)=O)cc3)ncc21,CC(C)C(C)n1cc(-c2cc(N3CCOCC3)n(C)n2)c2[nH]nc(N)c2c1=O
CN1C(=O)c2sccc2N(C)c2nc(Nc3ccc(S(N)(=O)=O)cc3)ncc21,COc1ccc2c(-c3cnc4[nH]cc(C(=O)NC(C)C(=O)N5CC(C#N)C5)c4n3)nn(C)c2c1
CN1C(=O)c2sccc2N(C)c2nc(Nc3ccc(S(N)(=O)=O)cc3)ncc21,CCn1c(C(=O)N(C2CC2)C2CC2)cc2c3c(ncn3C)c(Nc3cc(C)[nH]n3)nc21
CN1C(=O)c2sccc2N(C)c2nc(Nc3ccc(S(N)(=O)=O)cc3)ncc21,CC(NC(=O)c1c[nH]c2ncc(-c3nn(C)c4cc(C(C)(C)C)ccc34)nc12)C(=O)N1CC(C#N)C1
CN1C(=O)c2sccc2N(C)c2nc(Nc3ccc(S(N)(=O)=O)cc3)ncc21,CC(NC(=O)c1c[nH]c2ncc(-c3nn(C)c4cc(C#N)ccc34)nc12)C(=O)N1CC(C#N)C1
CN1C(=O)c2sccc2N(C)c2nc(Nc3ccc(S(N)(=O)=O)cc3)ncc21,CCn1c(C(=O)N(C2CC2)C2CC2)cc2c3c(ncn3C)c(Nc3cc(C)n(C)n3)nc21
CN1C(=O)c2sccc2N(C)c2nc(Nc3ccc(S(N)(=O)=O)cc3)ncc21,O=C1NC(=O)C(c2c[nH]c3ccccc23)=C1Nc1cccc(OC2CCN(c3ccnc(F)c3)CC2)c1
CN1C(=O)c2sccc2N(C)c2nc(Nc3ccc(S(N)(=O)=O)cc3)ncc21,CC(C)C(C)n1cc(-c2cc(C3CCOCC3)n(C)n2)c2[nH]nc(N)c2c1=O
CN1C(=O)c2sccc2N(C)c2nc(Nc3ccc(S(N)(=O)=O)cc3)ncc21,CCNC(=O)c1ncc(Nc2ncc(F)c(N3CC4CCC(C3)N4C(=O)C3CC3)n2)cc1C
CN1C(=O)c2sccc2N(C)c2nc(Nc3ccc(S(N)(=O)=O)cc3)ncc21,CCn1c(C(=O)N(C2CC2)C2CC2)cc2c3c(ncn3C)c(Nc3nc(C)n(C)n3)nc21
CN1C(=O)c2sccc2N(C)c2nc(Nc3ccc(S(N)(=O)=O)cc3)ncc21,CCn1c(C(=O)N(C2CC2)C2CC2)cc2c3c(ncn3C)c(Nc3nc(C)c(C(=O)NC)s3)nc21
CN1C(=O)c2sccc2N(C)c2nc(Nc3ccc(S(N)(=O)=O)cc3)ncc21,CCOC(C)n1cc(-c2nc(Nc3ccc4c(c3)CCN4S(=O)(=O)c3ccc(C(F)(F)F)cc3)ncc2C)cn1
CC(O)c1nc2cnc3[nH]ccc3c2n1C1CCC(O)CC1,CCn1c(C(=O)N(C2CC2)C2CC2)cc2c3c(ncn3C)c(NC(=O)NCCOC)nc21
CC(O)c1nc2cnc3[nH]ccc3c2n1C1CCC(O)CC1,N#CCC1CCC(n2c(CC(=O)NCc3ccc(F)cc3)nc3cnc4[nH]ccc4c32)CC1
CC(O)c1nc2cnc3[nH]ccc3c2n1C1CCC(O)CC1,COc1cc2c(=O)n(C3CCCN(C(=O)CC#N)C3)c3c4cc[nH]c4ncc3c2cc1OC
CC(O)c1nc2cnc3[nH]ccc3c2n1C1CCC(O)CC1,CCn1c(C(=O)N(C2CC2)C2CC2)cc2c3c(ncn3C)c(Nc3nc(C(=O)NC)c(C)s3)nc21
CC(O)c1nc2cnc3[nH]ccc3c2n1C1CCC(O)CC1,CCn1c(C(=O)N(C2CC2)C2CC2)cc2c3c(ncn3C)c(Nc3nc(C)cs3)nc21
CC(O)c1nc2cnc3[nH]ccc3c2n1C1CCC(O)CC1,CCn1c(C(=O)N(C2CC2)C2CC2)cc2c3c(ncn3C)c(Nc3ncc(C)s3)nc21
CC(O)c1nc2cnc3[nH]ccc3c2n1C1CCC(O)CC1,N#CCCNC1CCC(n2nnc3cnc4[nH]ccc4c32)CC1
CC(O)c1nc2cnc3[nH]ccc3c2n1C1CCC(O)CC1,CC1CCC(n2c(=O)[nH]c3cnc4[nH]ccc4c32)CC1
CC(O)c1nc2cnc3[nH]ccc3c2n1C1CCC(O)CC1,CCn1c(C(=O)N(C2CC2)C2CC2)cc2c3c(ncn3C)c(NC)nc21
CC(O)c1nc2cnc3[nH]ccc3c2n1C1CCC(O)CC1,CS(=O)(=O)N1CCC(n2c(=O)[nH]c3cnc4[nH]ccc4c32)CC1
CC(O)c1nc2cnc3[nH]ccc3c2n1C1CCC(O)CC1,CCn1nc(Nc2nc3c(cc(C(=O)N(C4CC4)C4CC4)n3CC)c3c2ncn3C)cc1C
CC(O)c1nc2cnc3[nH]ccc3c2n1C1CCC(O)CC1,NCCCn1c(C2CCC(O)CC2)nc2cc(C(N)=O)ccc21
CC(O)c1nc2cnc3[nH]ccc3c2n1C1CCC(O)CC1,CCn1c(C(=O)N(C2CC2)C2CC2)cc2c3c(ncn3C)c(Nc3cc(C)nn3C)nc21
CC(O)c1nc2cnc3[nH]ccc3c2n1C1CCC(O)CC1,Cc1nc2cnc3ccc(-c4cc(Cl)c(O)c(Cl)c4)cc3c2n1C1CCC(CO)CC1
CC(O)c1nc2cnc3[nH]ccc3c2n1C1CCC(O)CC1,CCn1c(C(=O)N(C2CC2)C2CC2)cc2c3c(ncn3C)c(Nc3nc(C)c(S(C)(=O)=O)s3)nc21
CC(O)c1nc2cnc3[nH]ccc3c2n1C1CCC(O)CC1,Cc1nc2cnc3ccc(-c4cc(Cl)c(O)c(Cl)c4)cc3c2n1C1CCN(C)CC1
CC(O)c1nc2cnc3[nH]ccc3c2n1C1CCC(O)CC1,O=c1[nH]c2cnc3[nH]ccc3c2n1C1CCCCCC1
CC(O)c1nc2cnc3[nH]ccc3c2n1C1CCC(O)CC1,CC1(C)CCCCC1n1c(=O)[nH]c2cnc3[nH]ccc3c21
CC(O)c1nc2cnc3[nH]ccc3c2n1C1CCC(O)CC1,COc1cc2c(=O)n(C3CCCCC3)c3c4cc[nH]c4ncc3c2cc1OC
CC(O)c1nc2cnc3[nH]ccc3c2n1C1CCC(O)CC1,N#CC(C#N)=Cc1ccc(-c2nc3cnc4[nH]ccc4c3n2C2CCCCC2)o1
CC(O)c1nc2cnc3[nH]ccc3c2n1C1CCC(O)CC1,CCn1c(C(=O)N(C2CC2)C2CC2)cc2c3c(ncn3C)c(Nc3cc(C)[nH]n3)nc21
CC(O)c1nc2cnc3[nH]ccc3c2n1C1CCC(O)CC1,COc1cc2c(=O)n(C3CCCCCCC3)c3c4cc[nH]c4ncc3c2cc1OC
CC(O)c1nc2cnc3[nH]ccc3c2n1C1CCC(O)CC1,CCC1CCCCC1n1c(=O)[nH]c2cnc3[nH]ccc3c21
CC(O)c1nc2cnc3[nH]ccc3c2n1C1CCC(O)CC1,NC(=O)c1ccc2c(c1)nc(C1CCC(O)CC1)n2CCO
CC(O)c1nc2cnc3[nH]ccc3c2n1C1CCC(O)CC1,CN(C)C(=O)CCc1ccc(-c2nc3cnc4[nH]ccc4c3n2C2CCCCC2)o1
CC(O)c1nc2cnc3[nH]ccc3c2n1C1CCC(O)CC1,Cc1nc2cnc3ccc(-c4cc(Cl)c(O)c(Cl)c4)cc3c2n1C1CCCN(C)C1
CC(O)c1nc2cnc3[nH]ccc3c2n1C1CCC(O)CC1,Cc1nc2cnc3ccc(-c4cc(Cl)c(O)c(Cl)c4)cc3c2n1C1CCOCC1
CC(O)c1nc2cnc3[nH]ccc3c2n1C1CCC(O)CC1,COC(=O)C(C(C)C)n1c(=O)c2cc(OC)c(OC)cc2c2cnc3[nH]ccc3c21
CC(O)c1nc2cnc3[nH]ccc3c2n1C1CCC(O)CC1,O=c1[nH]c2cnc3[nH]ccc3c2n1C1CCCCC1
CC(O)c1nc2cnc3[nH]ccc3c2n1C1CCC(O)CC1,CCn1c(C(=O)N(C2CC2)C2CC2)cc2c3c(ncn3C)c(Nc3cc(C)n(C)n3)nc21
CC(O)c1nc2cnc3[nH]ccc3c2n1C1CCC(O)CC1,CC1CCN(C(=O)CC#N)CC1n1c(=O)[nH]c2cnc3[nH]ccc3c21
CC(O)c1nc2cnc3[nH]ccc3c2n1C1CCC(O)CC1,N#CC=Cc1ccc(-c2nc3cnc4[nH]ccc4c3n2C2CCCCC2)o1
CC(O)c1nc2cnc3[nH]ccc3c2n1C1CCC(O)CC1,CC(C)(O)CNC(=O)Cc1nc2cnc3[nH]ccc3c2n1C1CCC(CC#N)CC1
CC(O)c1nc2cnc3[nH]ccc3c2n1C1CCC(O)CC1,O=c1[nH]c2cnc3[nH]ccc3c2n1C1CCCC1
CC(O)c1nc2cnc3[nH]ccc3c2n1C1CCC(O)CC1,CC1CCCC(n2c(=O)[nH]c3cnc4[nH]ccc4c32)C1
CC(O)c1nc2cnc3[nH]ccc3c2n1C1CCC(O)CC1,CC1CCN(C(=O)CC#N)CC1n1c(=O)n(C)c2cnc3[nH]ccc3c21
CC(O)c1nc2cnc3[nH]ccc3c2n1C1CCC(O)CC1,CCn1c(C(=O)N(C2CC2)C2CC2)cc2c3c(ncn3C)c(Nc3nc(C)n(C)n3)nc21
CC(O)c1nc2cnc3[nH]ccc3c2n1C1CCC(O)CC1,N#CCCc1ccc(-c2nc3cnc4[nH]ccc4c3n2C2CCCCC2)o1
CC(O)c1nc2cnc3[nH]ccc3c2n1C1CCC(O)CC1,CCn1c(C(=O)N(C2CC2)C2CC2)cc2c3c(ncn3C)c(Nc3nc(C)c(C(=O)NC)s3)nc21
CC(O)c1nc2cnc3[nH]ccc3c2n1C1CCC(O)CC1,N#CCC1CCC(n2c(CC(=O)NCC(F)(F)F)nc3cnc4[nH]ccc4c32)CC1
CC(O)c1nc2cnc3[nH]ccc3c2n1C1CCC(O)CC1,CC(O)Cn1c(C2CCC(O)CC2)nc2cc(C(N)=O)ccc21
CNC(=O)c1cnc2[nH]ccc2c1NC1CCN(Cc2ccccc2)C1,CNC(=O)c1cnc2[nH]ccc2c1NC1CC2CCC(C1)N2Cc1ccc(Cl)cc1
CNC(=O)c1cnc2[nH]ccc2c1NC1CCN(Cc2ccccc2)C1,CNC(=O)c1cnc2[nH]ccc2c1NC1CCN(Cc2ccc(OC)cc2)CC1
CNC(=O)c1cnc2[nH]ccc2c1NC1CCN(Cc2ccccc2)C1,CNC(=O)c1cnc2[nH]ccc2c1NC1CCN(Cc2ccccc2OC)CC1
CNC(=O)c1cnc2[nH]ccc2c1NC1CCN(Cc2ccccc2)C1,N#Cc1cnc(N2CCC(Nc3c(C(N)=O)cnc4[nH]ccc34)CC2)cn1
CNC(=O)c1cnc2[nH]ccc2c1NC1CCN(Cc2ccccc2)C1,CNC(=O)c1cnc2[nH]ccc2c1NC1CCN(Cc2ccc(C#N)cc2)C(C)C1
CNC(=O)c1cnc2[nH]ccc2c1NC1CCN(Cc2ccccc2)C1,N#Cc1ccc(N2CCC(Nc3c(C(N)=O)cnc4[nH]ccc34)CC2)cc1
CNC(=O)c1cnc2[nH]ccc2c1NC1CCN(Cc2ccccc2)C1,CNC(=O)c1cnc2[nH]ccc2c1NC1CCCN(Cc2ccc(Cl)cc2)CC1
CNC(=O)c1cnc2[nH]ccc2c1NC1CCN(Cc2ccccc2)C1,CNC(=O)c1cnc2[nH]ccc2c1NC1CCCN(Cc2ccc(C#N)cc2)CC1
CNC(=O)c1cnc2[nH]ccc2c1NC1CCN(Cc2ccccc2)C1,CNC(=O)c1cnc2[nH]ccc2c1NC1CCCN(Cc2cccc(Cl)c2)CC1
CNC(=O)c1cnc2[nH]ccc2c1NC1CCN(Cc2ccccc2)C1,NC(=O)c1ccc(N2CCC(Nc3c(C(N)=O)cnc4[nH]ccc34)CC2)nc1
CNC(=O)c1cnc2[nH]ccc2c1NC1CCN(Cc2ccccc2)C1,CC1CC(Nc2c(C(N)=O)cnc3[nH]ccc23)CCN1Cc1cccc(Cl)c1
CNC(=O)c1cnc2[nH]ccc2c1NC1CCN(Cc2ccccc2)C1,CNC(=O)c1cnc2[nH]ccc2c1NC1CCN(Cc2cccc(OC)c2)CC1
CNC(=O)c1cnc2[nH]ccc2c1NC1CCN(Cc2ccccc2)C1,CNC(=O)c1cnc2[nH]ccc2c1NC1CCCN(Cc2ccccc2)CC1
CNC(=O)c1cnc2[nH]ccc2c1NC1CCN(Cc2ccccc2)C1,CNC(=O)c1cnc2[nH]ccc2c1NC1CCN(Cc2ccccc2)C(C)C1
CNC(=O)c1cnc2[nH]ccc2c1NC1CCN(Cc2ccccc2)C1,CNC(=O)c1cnc2[nH]ccc2c1NC1CCN(Cc2ccc(Cl)cc2)C1
CNC(=O)c1cnc2[nH]ccc2c1NC1CCN(Cc2ccccc2)C1,CC1CCCCC1Nc1c(C(N)=O)cnc2[nH]ccc12
CNC(=O)c1cnc2[nH]ccc2c1NC1CCN(Cc2ccccc2)C1,N#Cc1ccc(N2CCC(Nc3c(C(N)=O)cnc4[nH]ccc34)CC2)nn1
CNC(=O)c1cnc2[nH]ccc2c1NC1CCN(Cc2ccccc2)C1,O=C(NC1CC1)c1cnc2[nH]ccc2c1NC1CCN(Cc2ccccc2)CC1
CNC(=O)c1cnc2[nH]ccc2c1NC1CCN(Cc2ccccc2)C1,CNC(=O)c1cnc2[nH]ccc2c1NC1CC2CCC(C1)N2Cc1ccc(OC)cc1
CNC(=O)c1cnc2[nH]ccc2c1NC1CCN(Cc2ccccc2)C1,CN1CCC(Nc2c(C(N)=O)cnc3[nH]ccc23)CC1
CNC(=O)c1cnc2[nH]ccc2c1NC1CCN(Cc2ccccc2)C1,CNC(=O)c1cnc2[nH]ccc2c1NC1CCN(Cc2cccc(OC)c2)C(C)C1
CNC(=O)c1cnc2[nH]ccc2c1NC1CCN(Cc2ccccc2)C1,CNC(=O)c1cnc2[nH]ccc2c1NCC1CCN(Cc2ccc(Cl)cc2)CC1
CNC(=O)c1cnc2[nH]ccc2c1NC1CCN(Cc2ccccc2)C1,CNC(=O)c1cnc2[nH]ccc2c1NCC1CCN(Cc2ccc(OC)cc2)CC1
CNC(=O)c1cnc2[nH]ccc2c1NC1CCN(Cc2ccccc2)C1,CNC(=O)c1cnc2[nH]ccc2c1NC1CCN(Cc2cccc(Cl)c2)CC1F
CNC(=O)c1cnc2[nH]ccc2c1NC1CCN(Cc2ccccc2)C1,CNC(=O)c1cnc2[nH]ccc2c1NC1CCN(Cc2cccc(Cl)c2)C(C)C1
CNC(=O)c1cnc2[nH]ccc2c1NC1CCN(Cc2ccccc2)C1,N#Cc1ccc(N2CCC(Nc3c(C(N)=O)cnc4[nH]ccc34)CC2)nc1
CNC(=O)c1cnc2[nH]ccc2c1NC1CCN(Cc2ccccc2)C1,CNC(=O)c1cnc2[nH]ccc2c1NC1CCN(Cc2cccc(Cl)c2)C1
CNC(=O)c1cnc2[nH]ccc2c1NC1CCN(Cc2ccccc2)C1,NC(=O)c1cnc2[nH]ccc2c1NC1C2CC3CC1CC(O)(C3)C2
CC(O)c1nc2cnc3[nH]ccc3c2n1C1CCOCC1,CCn1c(C(=O)N(C2CC2)C2CC2)cc2c3c(ncn3C)c(NC(=O)NCCOC)nc21
CC(O)c1nc2cnc3[nH]ccc3c2n1C1CCOCC1,N#CCC1CCC(n2c(CC(=O)NCc3ccc(F)cc3)nc3cnc4[nH]ccc4c32)CC1
CC(O)c1nc2cnc3[nH]ccc3c2n1C1CCOCC1,CCn1c(C(=O)N(C2CC2)C2CC2)cc2c3c(ncn3C)c(Nc3nc(C(=O)NC)c(C)s3)nc21
CC(O)c1nc2cnc3[nH]ccc3c2n1C1CCOCC1,CCn1c(C(=O)N(C2CC2)C2CC2)cc2c3c(ncn3C)c(Nc3nc(C)cs3)nc21
CC(O)c1nc2cnc3[nH]ccc3c2n1C1CCOCC1,CCn1c(C(=O)N(C2CC2)C2CC2)cc2c3c(ncn3C)c(Nc3ncc(C)s3)nc21
CC(O)c1nc2cnc3[nH]ccc3c2n1C1CCOCC1,CC1CCC(n2c(=O)[nH]c3cnc4[nH]ccc4c32)CC1
CC(O)c1nc2cnc3[nH]ccc3c2n1C1CCOCC1,CCn1c(C(=O)N(C2CC2)C2CC2)cc2c3c(ncn3C)c(NC)nc21
CC(O)c1nc2cnc3[nH]ccc3c2n1C1CCOCC1,CS(=O)(=O)N1CCC(n2c(=O)[nH]c3cnc4[nH]ccc4c32)CC1
CC(O)c1nc2cnc3[nH]ccc3c2n1C1CCOCC1,CCn1nc(Nc2nc3c(cc(C(=O)N(C4CC4)C4CC4)n3CC)c3c2ncn3C)cc1C
CC(O)c1nc2cnc3[nH]ccc3c2n1C1CCOCC1,NCCCn1c(C2CCC(O)CC2)nc2cc(C(N)=O)ccc21
CC(O)c1nc2cnc3[nH]ccc3c2n1C1CCOCC1,CCn1c(C(=O)N(C2CC2)C2CC2)cc2c3c(ncn3C)c(Nc3cc(C)nn3C)nc21
CC(O)c1nc2cnc3[nH]ccc3c2n1C1CCOCC1,Cc1nc2cnc3ccc(-c4cc(Cl)c(O)c(Cl)c4)cc3c2n1C1CCC(CO)CC1
CC(O)c1nc2cnc3[nH]ccc3c2n1C1CCOCC1,CCn1c(C(=O)N(C2CC2)C2CC2)cc2c3c(ncn3C)c(Nc3nc(C)c(S(C)(=O)=O)s3)nc21
CC(O)c1nc2cnc3[nH]ccc3c2n1C1CCOCC1,Cc1nc2cnc3ccc(-c4cc(Cl)c(O)c(Cl)c4)cc3c2n1C1CCN(C)CC1
CC(O)c1nc2cnc3[nH]ccc3c2n1C1CCOCC1,O=c1[nH]c2cnc3[nH]ccc3c2n1C1CCCCCC1
CC(O)c1nc2cnc3[nH]ccc3c2n1C1CCOCC1,CC1(C)CCCCC1n1c(=O)[nH]c2cnc3[nH]ccc3c21
CC(O)c1nc2cnc3[nH]ccc3c2n1C1CCOCC1,N#CC(C#N)=Cc1ccc(-c2nc3cnc4[nH]ccc4c3n2C2CCCCC2)o1
CC(O)c1nc2cnc3[nH]ccc3c2n1C1CCOCC1,CCn1c(C(=O)N(C2CC2)C2CC2)cc2c3c(ncn3C)c(Nc3cc(C)[nH]n3)nc21
CC(O)c1nc2cnc3[nH]ccc3c2n1C1CCOCC1,CCC1CCCCC1n1c(=O)[nH]c2cnc3[nH]ccc3c21
CC(O)c1nc2cnc3[nH]ccc3c2n1C1CCOCC1,CN(C)C(=O)CCc1ccc(-c2nc3cnc4[nH]ccc4c3n2C2CCCCC2)o1
CC(O)c1nc2cnc3[nH]ccc3c2n1C1CCOCC1,Cc1nc2cnc3ccc(-c4cc(Cl)c(O)c(Cl)c4)cc3c2n1C1CCCN(C)C1
CC(O)c1nc2cnc3[nH]ccc3c2n1C1CCOCC1,Cc1nc2cnc3ccc(-c4cc(Cl)c(O)c(Cl)c4)cc3c2n1C1CCOCC1
CC(O)c1nc2cnc3[nH]ccc3c2n1C1CCOCC1,O=c1[nH]c2cnc3[nH]ccc3c2n1C1CCCCC1
CC(O)c1nc2cnc3[nH]ccc3c2n1C1CCOCC1,CCn1c(C(=O)N(C2CC2)C2CC2)cc2c3c(ncn3C)c(Nc3cc(C)n(C)n3)nc21
CC(O)c1nc2cnc3[nH]ccc3c2n1C1CCOCC1,CC1CCN(C(=O)CC#N)CC1n1c(=O)[nH]c2cnc3[nH]ccc3c21
CC(O)c1nc2cnc3[nH]ccc3c2n1C1CCOCC1,N#CC=Cc1ccc(-c2nc3cnc4[nH]ccc4c3n2C2CCCCC2)o1
CC(O)c1nc2cnc3[nH]ccc3c2n1C1CCOCC1,CC(C)(O)CNC(=O)Cc1nc2cnc3[nH]ccc3c2n1C1CCC(CC#N)CC1
CC(O)c1nc2cnc3[nH]ccc3c2n1C1CCOCC1,O=c1[nH]c2cnc3[nH]ccc3c2n1C1CCCC1
CC(O)c1nc2cnc3[nH]ccc3c2n1C1CCOCC1,CC1CCCC(n2c(=O)[nH]c3cnc4[nH]ccc4c32)C1
CC(O)c1nc2cnc3[nH]ccc3c2n1C1CCOCC1,CC1CCN(C(=O)CC#N)CC1n1c(=O)n(C)c2cnc3[nH]ccc3c21
CC(O)c1nc2cnc3[nH]ccc3c2n1C1CCOCC1,CCn1c(C(=O)N(C2CC2)C2CC2)cc2c3c(ncn3C)c(Nc3nc(C)n(C)n3)nc21
CC(O)c1nc2cnc3[nH]ccc3c2n1C1CCOCC1,N#CCCc1ccc(-c2nc3cnc4[nH]ccc4c3n2C2CCCCC2)o1
CC(O)c1nc2cnc3[nH]ccc3c2n1C1CCOCC1,CCn1c(C(=O)N(C2CC2)C2CC2)cc2c3c(ncn3C)c(Nc3nc(C)c(C(=O)NC)s3)nc21
CC(O)c1nc2cnc3[nH]ccc3c2n1C1CCOCC1,N#CCC1CCC(n2c(CC(=O)NCC(F)(F)F)nc3cnc4[nH]ccc4c32)CC1
CC(O)c1nc2cnc3[nH]ccc3c2n1C1CCOCC1,CC(O)Cn1c(C2CCC(O)CC2)nc2cc(C(N)=O)ccc21
N#CNC1CCc2ccc(-c3ncnc4[nH]cc(-c5cccc(CO)c5)c34)cc21,CN(C#N)C1CCc2ccc(-c3ncnc4[nH]ccc34)cc21
N#CNC1CCc2ccc(-c3ncnc4[nH]cc(-c5cccc(CO)c5)c34)cc21,N#CNC1CC(NS(=O)(=O)c2cccc(C#N)c2)c2ccc(-c3ncnc4[nH]ccc34)cc21
N#CNC1CCc2ccc(-c3ncnc4[nH]cc(-c5cccc(CO)c5)c34)cc21,N#CNC1CC(NS(=O)(=O)c2cccc(F)c2)c2ccc(-c3ncnc4[nH]ccc34)cc21
O=c1[nH]ccc(NC2CCCNC2)c1-c1nc2ccccc2[nH]1,CN1CCN(c2ccc3nc(-c4c(N)c5c(F)cccc5[nH]c4=O)[nH]c3c2)CC1
O=c1[nH]ccc(NC2CCCNC2)c1-c1nc2ccccc2[nH]1,NC1CCC(Nc2cc[nH]c(=O)c2-c2nc3ccccc3[nH]2)CC1
O=c1[nH]ccc(NC2CCCNC2)c1-c1nc2ccccc2[nH]1,O=c1[nH]ccc(NC2CCOCC2)c1-c1nc2ccccc2[nH]1
O=c1[nH]ccc(NC2CCCNC2)c1-c1nc2ccccc2[nH]1,COC(=O)C1CCc2[nH]c(-c3c(NC4CCC(N)CC4)cc[nH]c3=O)nc2C1
Cc1nn(CCCC(F)(F)F)nc1-c1ncnc2[nH]ccc12,CC(CCCCCC(=O)NO)n1cc(-c2ncnc3[nH]ccc23)cn1
CC(O)c1nc2cnc3[nH]ccc3c2n1C1CCCC(O)C1,CCn1c(C(=O)N(C2CC2)C2CC2)cc2c3c(ncn3C)c(NC(=O)NCCOC)nc21
CC(O)c1nc2cnc3[nH]ccc3c2n1C1CCCC(O)C1,N#CCC1CCC(n2c(CC(=O)NCc3ccc(F)cc3)nc3cnc4[nH]ccc4c32)CC1
CC(O)c1nc2cnc3[nH]ccc3c2n1C1CCCC(O)C1,CCn1c(C(=O)N(C2CC2)C2CC2)cc2c3c(ncn3C)c(Nc3nc(C(=O)NC)c(C)s3)nc21
CC(O)c1nc2cnc3[nH]ccc3c2n1C1CCCC(O)C1,CCn1c(C(=O)N(C2CC2)C2CC2)cc2c3c(ncn3C)c(Nc3nc(C)cs3)nc21
CC(O)c1nc2cnc3[nH]ccc3c2n1C1CCCC(O)C1,CCn1c(C(=O)N(C2CC2)C2CC2)cc2c3c(ncn3C)c(Nc3ncc(C)s3)nc21
CC(O)c1nc2cnc3[nH]ccc3c2n1C1CCCC(O)C1,CC1CCC(n2c(=O)[nH]c3cnc4[nH]ccc4c32)CC1
CC(O)c1nc2cnc3[nH]ccc3c2n1C1CCCC(O)C1,CCn1c(C(=O)N(C2CC2)C2CC2)cc2c3c(ncn3C)c(NC)nc21
CC(O)c1nc2cnc3[nH]ccc3c2n1C1CCCC(O)C1,CS(=O)(=O)N1CCC(n2c(=O)[nH]c3cnc4[nH]ccc4c32)CC1
CC(O)c1nc2cnc3[nH]ccc3c2n1C1CCCC(O)C1,CCn1nc(Nc2nc3c(cc(C(=O)N(C4CC4)C4CC4)n3CC)c3c2ncn3C)cc1C
CC(O)c1nc2cnc3[nH]ccc3c2n1C1CCCC(O)C1,NCCCn1c(C2CCC(O)CC2)nc2cc(C(N)=O)ccc21
CC(O)c1nc2cnc3[nH]ccc3c2n1C1CCCC(O)C1,CCn1c(C(=O)N(C2CC2)C2CC2)cc2c3c(ncn3C)c(Nc3cc(C)nn3C)nc21
CC(O)c1nc2cnc3[nH]ccc3c2n1C1CCCC(O)C1,Cc1nc2cnc3ccc(-c4cc(Cl)c(O)c(Cl)c4)cc3c2n1C1CCC(CO)CC1
CC(O)c1nc2cnc3[nH]ccc3c2n1C1CCCC(O)C1,CCn1c(C(=O)N(C2CC2)C2CC2)cc2c3c(ncn3C)c(Nc3nc(C)c(S(C)(=O)=O)s3)nc21
CC(O)c1nc2cnc3[nH]ccc3c2n1C1CCCC(O)C1,Cc1nc2cnc3ccc(-c4cc(Cl)c(O)c(Cl)c4)cc3c2n1C1CCN(C)CC1
CC(O)c1nc2cnc3[nH]ccc3c2n1C1CCCC(O)C1,O=c1[nH]c2cnc3[nH]ccc3c2n1C1CCCCCC1
CC(O)c1nc2cnc3[nH]ccc3c2n1C1CCCC(O)C1,CC1(C)CCCCC1n1c(=O)[nH]c2cnc3[nH]ccc3c21
CC(O)c1nc2cnc3[nH]ccc3c2n1C1CCCC(O)C1,COc1cc2c(=O)n(C3CCCCC3)c3c4cc[nH]c4ncc3c2cc1OC
CC(O)c1nc2cnc3[nH]ccc3c2n1C1CCCC(O)C1,N#CC(C#N)=Cc1ccc(-c2nc3cnc4[nH]ccc4c3n2C2CCCCC2)o1
CC(O)c1nc2cnc3[nH]ccc3c2n1C1CCCC(O)C1,CCn1c(C(=O)N(C2CC2)C2CC2)cc2c3c(ncn3C)c(Nc3cc(C)[nH]n3)nc21
CC(O)c1nc2cnc3[nH]ccc3c2n1C1CCCC(O)C1,COc1cc2c(=O)n(C3CCCCCCC3)c3c4cc[nH]c4ncc3c2cc1OC
CC(O)c1nc2cnc3[nH]ccc3c2n1C1CCCC(O)C1,CCC1CCCCC1n1c(=O)[nH]c2cnc3[nH]ccc3c21
CC(O)c1nc2cnc3[nH]ccc3c2n1C1CCCC(O)C1,CN(C)C(=O)CCc1ccc(-c2nc3cnc4[nH]ccc4c3n2C2CCCCC2)o1
CC(O)c1nc2cnc3[nH]ccc3c2n1C1CCCC(O)C1,Cc1nc2cnc3ccc(-c4cc(Cl)c(O)c(Cl)c4)cc3c2n1C1CCCN(C)C1
CC(O)c1nc2cnc3[nH]ccc3c2n1C1CCCC(O)C1,Cc1nc2cnc3ccc(-c4cc(Cl)c(O)c(Cl)c4)cc3c2n1C1CCOCC1
CC(O)c1nc2cnc3[nH]ccc3c2n1C1CCCC(O)C1,O=c1[nH]c2cnc3[nH]ccc3c2n1C1CCCCC1
CC(O)c1nc2cnc3[nH]ccc3c2n1C1CCCC(O)C1,CCn1c(C(=O)N(C2CC2)C2CC2)cc2c3c(ncn3C)c(Nc3cc(C)n(C)n3)nc21
CC(O)c1nc2cnc3[nH]ccc3c2n1C1CCCC(O)C1,CC1CCN(C(=O)CC#N)CC1n1c(=O)[nH]c2cnc3[nH]ccc3c21
CC(O)c1nc2cnc3[nH]ccc3c2n1C1CCCC(O)C1,N#CC=Cc1ccc(-c2nc3cnc4[nH]ccc4c3n2C2CCCCC2)o1
CC(O)c1nc2cnc3[nH]ccc3c2n1C1CCCC(O)C1,CC(C)(O)CNC(=O)Cc1nc2cnc3[nH]ccc3c2n1C1CCC(CC#N)CC1
CC(O)c1nc2cnc3[nH]ccc3c2n1C1CCCC(O)C1,O=c1[nH]c2cnc3[nH]ccc3c2n1C1CCCC1
CC(O)c1nc2cnc3[nH]ccc3c2n1C1CCCC(O)C1,CC1CCCC(n2c(=O)[nH]c3cnc4[nH]ccc4c32)C1
CC(O)c1nc2cnc3[nH]ccc3c2n1C1CCCC(O)C1,CC1CCN(C(=O)CC#N)CC1n1c(=O)n(C)c2cnc3[nH]ccc3c21
CC(O)c1nc2cnc3[nH]ccc3c2n1C1CCCC(O)C1,CCn1c(C(=O)N(C2CC2)C2CC2)cc2c3c(ncn3C)c(Nc3nc(C)n(C)n3)nc21
CC(O)c1nc2cnc3[nH]ccc3c2n1C1CCCC(O)C1,N#CCCc1ccc(-c2nc3cnc4[nH]ccc4c3n2C2CCCCC2)o1
CC(O)c1nc2cnc3[nH]ccc3c2n1C1CCCC(O)C1,CCn1c(C(=O)N(C2CC2)C2CC2)cc2c3c(ncn3C)c(Nc3nc(C)c(C(=O)NC)s3)nc21
CC(O)c1nc2cnc3[nH]ccc3c2n1C1CCCC(O)C1,N#CCC1CCC(n2c(CC(=O)NCC(F)(F)F)nc3cnc4[nH]ccc4c32)CC1
CC(O)c1nc2cnc3[nH]ccc3c2n1C1CCCC(O)C1,CC(O)Cn1c(C2CCC(O)CC2)nc2cc(C(N)=O)ccc21
CCS(=O)(=O)CC1CC(N(C)c2ncnc3[nH]ccc23)C1,CC1CCN(C(=O)N2CCCC2)CC1N(C)c1ncnc2[nH]ccc12
CCS(=O)(=O)CC1CC(N(C)c2ncnc3[nH]ccc23)C1,CN(c1ncnc2[nH]ccc12)C1CN(S(=O)(=O)c2cccc(C#N)c2)CC12CC2
CCS(=O)(=O)CC1CC(N(C)c2ncnc3[nH]ccc23)C1,CC1CN(C(=O)CC#N)C12CCN(c1ncnc3[nH]ccc13)C2
CCS(=O)(=O)CC1CC(N(C)c2ncnc3[nH]ccc23)C1,CC1CCCN(c2ncnc3[nH]cc(-c4cccc(C#N)c4)c23)C1
CCS(=O)(=O)CC1CC(N(C)c2ncnc3[nH]ccc23)C1,CN(c1ncnc2[nH]ccc12)C1CCN(C(=O)CC#N)C1
COC1CCC(n2c(C(C)O)nc3cnc4[nH]ccc4c32)CC1,CCn1c(C(=O)N(C2CC2)C2CC2)cc2c3c(ncn3C)c(NC(=O)NCCOC)nc21
COC1CCC(n2c(C(C)O)nc3cnc4[nH]ccc4c32)CC1,N#CCC1CCC(n2c(CC(=O)NCc3ccc(F)cc3)nc3cnc4[nH]ccc4c32)CC1
COC1CCC(n2c(C(C)O)nc3cnc4[nH]ccc4c32)CC1,COc1cc2c(=O)n(C3CCCN(C(=O)CC#N)C3)c3c4cc[nH]c4ncc3c2cc1OC
COC1CCC(n2c(C(C)O)nc3cnc4[nH]ccc4c32)CC1,CCn1c(C(=O)N(C2CC2)C2CC2)cc2c3c(ncn3C)c(Nc3nc(C(=O)NC)c(C)s3)nc21
COC1CCC(n2c(C(C)O)nc3cnc4[nH]ccc4c32)CC1,CCn1c(C(=O)N(C2CC2)C2CC2)cc2c3c(ncn3C)c(Nc3nc(C)cs3)nc21
COC1CCC(n2c(C(C)O)nc3cnc4[nH]ccc4c32)CC1,CCn1c(C(=O)N(C2CC2)C2CC2)cc2c3c(ncn3C)c(Nc3ncc(C)s3)nc21
COC1CCC(n2c(C(C)O)nc3cnc4[nH]ccc4c32)CC1,N#CCCNC1CCC(n2nnc3cnc4[nH]ccc4c32)CC1
COC1CCC(n2c(C(C)O)nc3cnc4[nH]ccc4c32)CC1,CC1CCC(n2c(=O)[nH]c3cnc4[nH]ccc4c32)CC1
COC1CCC(n2c(C(C)O)nc3cnc4[nH]ccc4c32)CC1,CCn1c(C(=O)N(C2CC2)C2CC2)cc2c3c(ncn3C)c(NC)nc21
COC1CCC(n2c(C(C)O)nc3cnc4[nH]ccc4c32)CC1,CS(=O)(=O)N1CCC(n2c(=O)[nH]c3cnc4[nH]ccc4c32)CC1
COC1CCC(n2c(C(C)O)nc3cnc4[nH]ccc4c32)CC1,CCn1nc(Nc2nc3c(cc(C(=O)N(C4CC4)C4CC4)n3CC)c3c2ncn3C)cc1C
COC1CCC(n2c(C(C)O)nc3cnc4[nH]ccc4c32)CC1,NCCCn1c(C2CCC(O)CC2)nc2cc(C(N)=O)ccc21
COC1CCC(n2c(C(C)O)nc3cnc4[nH]ccc4c32)CC1,CCn1c(C(=O)N(C2CC2)C2CC2)cc2c3c(ncn3C)c(Nc3cc(C)nn3C)nc21
COC1CCC(n2c(C(C)O)nc3cnc4[nH]ccc4c32)CC1,Cc1nc2cnc3ccc(-c4cc(Cl)c(O)c(Cl)c4)cc3c2n1C1CCC(CO)CC1
COC1CCC(n2c(C(C)O)nc3cnc4[nH]ccc4c32)CC1,CCn1c(C(=O)N(C2CC2)C2CC2)cc2c3c(ncn3C)c(Nc3nc(C)c(S(C)(=O)=O)s3)nc21
COC1CCC(n2c(C(C)O)nc3cnc4[nH]ccc4c32)CC1,Cc1nc2cnc3ccc(-c4cc(Cl)c(O)c(Cl)c4)cc3c2n1C1CCN(C)CC1
COC1CCC(n2c(C(C)O)nc3cnc4[nH]ccc4c32)CC1,O=c1[nH]c2cnc3[nH]ccc3c2n1C1CCCCCC1
COC1CCC(n2c(C(C)O)nc3cnc4[nH]ccc4c32)CC1,CC1(C)CCCCC1n1c(=O)[nH]c2cnc3[nH]ccc3c21
COC1CCC(n2c(C(C)O)nc3cnc4[nH]ccc4c32)CC1,COc1cc2c(=O)n(C3CCCCC3)c3c4cc[nH]c4ncc3c2cc1OC
COC1CCC(n2c(C(C)O)nc3cnc4[nH]ccc4c32)CC1,N#CC(C#N)=Cc1ccc(-c2nc3cnc4[nH]ccc4c3n2C2CCCCC2)o1
COC1CCC(n2c(C(C)O)nc3cnc4[nH]ccc4c32)CC1,CCn1c(C(=O)N(C2CC2)C2CC2)cc2c3c(ncn3C)c(Nc3cc(C)[nH]n3)nc21
COC1CCC(n2c(C(C)O)nc3cnc4[nH]ccc4c32)CC1,COc1cc2c(=O)n(C3CCCCCCC3)c3c4cc[nH]c4ncc3c2cc1OC
COC1CCC(n2c(C(C)O)nc3cnc4[nH]ccc4c32)CC1,CCC1CCCCC1n1c(=O)[nH]c2cnc3[nH]ccc3c21
COC1CCC(n2c(C(C)O)nc3cnc4[nH]ccc4c32)CC1,CN(C)C(=O)CCc1ccc(-c2nc3cnc4[nH]ccc4c3n2C2CCCCC2)o1
COC1CCC(n2c(C(C)O)nc3cnc4[nH]ccc4c32)CC1,Cc1nc2cnc3ccc(-c4cc(Cl)c(O)c(Cl)c4)cc3c2n1C1CCCN(C)C1
COC1CCC(n2c(C(C)O)nc3cnc4[nH]ccc4c32)CC1,Cc1nc2cnc3ccc(-c4cc(Cl)c(O)c(Cl)c4)cc3c2n1C1CCOCC1
COC1CCC(n2c(C(C)O)nc3cnc4[nH]ccc4c32)CC1,COC(=O)C(C(C)C)n1c(=O)c2cc(OC)c(OC)cc2c2cnc3[nH]ccc3c21
COC1CCC(n2c(C(C)O)nc3cnc4[nH]ccc4c32)CC1,O=c1[nH]c2cnc3[nH]ccc3c2n1C1CCCCC1
COC1CCC(n2c(C(C)O)nc3cnc4[nH]ccc4c32)CC1,CCn1c(C(=O)N(C2CC2)C2CC2)cc2c3c(ncn3C)c(Nc3cc(C)n(C)n3)nc21
COC1CCC(n2c(C(C)O)nc3cnc4[nH]ccc4c32)CC1,CC1CCN(C(=O)CC#N)CC1n1c(=O)[nH]c2cnc3[nH]ccc3c21
COC1CCC(n2c(C(C)O)nc3cnc4[nH]ccc4c32)CC1,N#CC=Cc1ccc(-c2nc3cnc4[nH]ccc4c3n2C2CCCCC2)o1
COC1CCC(n2c(C(C)O)nc3cnc4[nH]ccc4c32)CC1,CC(C)(O)CNC(=O)Cc1nc2cnc3[nH]ccc3c2n1C1CCC(CC#N)CC1
COC1CCC(n2c(C(C)O)nc3cnc4[nH]ccc4c32)CC1,O=c1[nH]c2cnc3[nH]ccc3c2n1C1CCCC1
COC1CCC(n2c(C(C)O)nc3cnc4[nH]ccc4c32)CC1,CC1CCCC(n2c(=O)[nH]c3cnc4[nH]ccc4c32)C1
COC1CCC(n2c(C(C)O)nc3cnc4[nH]ccc4c32)CC1,CC1CCN(C(=O)CC#N)CC1n1c(=O)n(C)c2cnc3[nH]ccc3c21
COC1CCC(n2c(C(C)O)nc3cnc4[nH]ccc4c32)CC1,CCn1c(C(=O)N(C2CC2)C2CC2)cc2c3c(ncn3C)c(Nc3nc(C)n(C)n3)nc21
COC1CCC(n2c(C(C)O)nc3cnc4[nH]ccc4c32)CC1,N#CCCc1ccc(-c2nc3cnc4[nH]ccc4c3n2C2CCCCC2)o1
COC1CCC(n2c(C(C)O)nc3cnc4[nH]ccc4c32)CC1,CCn1c(C(=O)N(C2CC2)C2CC2)cc2c3c(ncn3C)c(Nc3nc(C)c(C(=O)NC)s3)nc21
COC1CCC(n2c(C(C)O)nc3cnc4[nH]ccc4c32)CC1,N#CCC1CCC(n2c(CC(=O)NCC(F)(F)F)nc3cnc4[nH]ccc4c32)CC1
COC1CCC(n2c(C(C)O)nc3cnc4[nH]ccc4c32)CC1,CC(O)Cn1c(C2CCC(O)CC2)nc2cc(C(N)=O)ccc21
Cc1nc2cnc3ccc(-c4cc(F)c(O)c(F)c4)cc3c2n1C1CCN(C)CC1,CCn1c(C(=O)N(C2CC2)C2CC2)cc2c3c(ncn3C)c(NC(=O)NCCOC)nc21
Cc1nc2cnc3ccc(-c4cc(F)c(O)c(F)c4)cc3c2n1C1CCN(C)CC1,N#CCC1CCC(n2c(CC(=O)NCc3ccc(F)cc3)nc3cnc4[nH]ccc4c32)CC1
Cc1nc2cnc3ccc(-c4cc(F)c(O)c(F)c4)cc3c2n1C1CCN(C)CC1,CCn1c(C(=O)N(C2CC2)C2CC2)cc2c3c(ncn3C)c(Nc3nc(C(=O)NC)c(C)s3)nc21
Cc1nc2cnc3ccc(-c4cc(F)c(O)c(F)c4)cc3c2n1C1CCN(C)CC1,CCn1c(C(=O)N(C2CC2)C2CC2)cc2c3c(ncn3C)c(Nc3nc(C)cs3)nc21
Cc1nc2cnc3ccc(-c4cc(F)c(O)c(F)c4)cc3c2n1C1CCN(C)CC1,CCn1c(C(=O)N(C2CC2)C2CC2)cc2c3c(ncn3C)c(Nc3ncc(C)s3)nc21
Cc1nc2cnc3ccc(-c4cc(F)c(O)c(F)c4)cc3c2n1C1CCN(C)CC1,CC1CCC(n2c(=O)[nH]c3cnc4[nH]ccc4c32)CC1
Cc1nc2cnc3ccc(-c4cc(F)c(O)c(F)c4)cc3c2n1C1CCN(C)CC1,CCn1c(C(=O)N(C2CC2)C2CC2)cc2c3c(ncn3C)c(NC)nc21
Cc1nc2cnc3ccc(-c4cc(F)c(O)c(F)c4)cc3c2n1C1CCN(C)CC1,CS(=O)(=O)N1CCC(n2c(=O)[nH]c3cnc4[nH]ccc4c32)CC1
Cc1nc2cnc3ccc(-c4cc(F)c(O)c(F)c4)cc3c2n1C1CCN(C)CC1,CCn1nc(Nc2nc3c(cc(C(=O)N(C4CC4)C4CC4)n3CC)c3c2ncn3C)cc1C
Cc1nc2cnc3ccc(-c4cc(F)c(O)c(F)c4)cc3c2n1C1CCN(C)CC1,CCn1c(C(=O)N(C2CC2)C2CC2)cc2c3c(ncn3C)c(Nc3cc(C)nn3C)nc21
Cc1nc2cnc3ccc(-c4cc(F)c(O)c(F)c4)cc3c2n1C1CCN(C)CC1,Cc1nc2cnc3ccc(-c4cc(Cl)c(O)c(Cl)c4)cc3c2n1C1CCC(CO)CC1
Cc1nc2cnc3ccc(-c4cc(F)c(O)c(F)c4)cc3c2n1C1CCN(C)CC1,CCn1c(C(=O)N(C2CC2)C2CC2)cc2c3c(ncn3C)c(Nc3nc(C)c(S(C)(=O)=O)s3)nc21
Cc1nc2cnc3ccc(-c4cc(F)c(O)c(F)c4)cc3c2n1C1CCN(C)CC1,Cc1nc2cnc3ccc(-c4cc(Cl)c(O)c(Cl)c4)cc3c2n1C1CCN(C)CC1
Cc1nc2cnc3ccc(-c4cc(F)c(O)c(F)c4)cc3c2n1C1CCN(C)CC1,O=c1[nH]c2cnc3[nH]ccc3c2n1C1CCCCCC1
Cc1nc2cnc3ccc(-c4cc(F)c(O)c(F)c4)cc3c2n1C1CCN(C)CC1,CC1(C)CCCCC1n1c(=O)[nH]c2cnc3[nH]ccc3c21
Cc1nc2cnc3ccc(-c4cc(F)c(O)c(F)c4)cc3c2n1C1CCN(C)CC1,N#CC(C#N)=Cc1ccc(-c2nc3cnc4[nH]ccc4c3n2C2CCCCC2)o1
Cc1nc2cnc3ccc(-c4cc(F)c(O)c(F)c4)cc3c2n1C1CCN(C)CC1,CCn1c(C(=O)N(C2CC2)C2CC2)cc2c3c(ncn3C)c(Nc3cc(C)[nH]n3)nc21
Cc1nc2cnc3ccc(-c4cc(F)c(O)c(F)c4)cc3c2n1C1CCN(C)CC1,CCC1CCCCC1n1c(=O)[nH]c2cnc3[nH]ccc3c21
Cc1nc2cnc3ccc(-c4cc(F)c(O)c(F)c4)cc3c2n1C1CCN(C)CC1,CN(C)C(=O)CCc1ccc(-c2nc3cnc4[nH]ccc4c3n2C2CCCCC2)o1
Cc1nc2cnc3ccc(-c4cc(F)c(O)c(F)c4)cc3c2n1C1CCN(C)CC1,Cc1nc2cnc3ccc(-c4cc(Cl)c(O)c(Cl)c4)cc3c2n1C1CCCN(C)C1
Cc1nc2cnc3ccc(-c4cc(F)c(O)c(F)c4)cc3c2n1C1CCN(C)CC1,Cc1nc2cnc3ccc(-c4cc(Cl)c(O)c(Cl)c4)cc3c2n1C1CCOCC1
Cc1nc2cnc3ccc(-c4cc(F)c(O)c(F)c4)cc3c2n1C1CCN(C)CC1,O=c1[nH]c2cnc3[nH]ccc3c2n1C1CCCCC1
Cc1nc2cnc3ccc(-c4cc(F)c(O)c(F)c4)cc3c2n1C1CCN(C)CC1,CCn1c(C(=O)N(C2CC2)C2CC2)cc2c3c(ncn3C)c(Nc3cc(C)n(C)n3)nc21
Cc1nc2cnc3ccc(-c4cc(F)c(O)c(F)c4)cc3c2n1C1CCN(C)CC1,CC1CCN(C(=O)CC#N)CC1n1c(=O)[nH]c2cnc3[nH]ccc3c21
Cc1nc2cnc3ccc(-c4cc(F)c(O)c(F)c4)cc3c2n1C1CCN(C)CC1,N#CC=Cc1ccc(-c2nc3cnc4[nH]ccc4c3n2C2CCCCC2)o1
Cc1nc2cnc3ccc(-c4cc(F)c(O)c(F)c4)cc3c2n1C1CCN(C)CC1,CC(C)(O)CNC(=O)Cc1nc2cnc3[nH]ccc3c2n1C1CCC(CC#N)CC1
Cc1nc2cnc3ccc(-c4cc(F)c(O)c(F)c4)cc3c2n1C1CCN(C)CC1,O=c1[nH]c2cnc3[nH]ccc3c2n1C1CCCC1
Cc1nc2cnc3ccc(-c4cc(F)c(O)c(F)c4)cc3c2n1C1CCN(C)CC1,COc1cc2c(=O)n(C3CCNCC3)c3c4cc[nH]c4ncc3c2cc1OC
Cc1nc2cnc3ccc(-c4cc(F)c(O)c(F)c4)cc3c2n1C1CCN(C)CC1,CC1CCCC(n2c(=O)[nH]c3cnc4[nH]ccc4c32)C1
Cc1nc2cnc3ccc(-c4cc(F)c(O)c(F)c4)cc3c2n1C1CCN(C)CC1,CC1CCN(C(=O)CC#N)CC1n1c(=O)n(C)c2cnc3[nH]ccc3c21
Cc1nc2cnc3ccc(-c4cc(F)c(O)c(F)c4)cc3c2n1C1CCN(C)CC1,CCn1c(C(=O)N(C2CC2)C2CC2)cc2c3c(ncn3C)c(Nc3nc(C)n(C)n3)nc21
Cc1nc2cnc3ccc(-c4cc(F)c(O)c(F)c4)cc3c2n1C1CCN(C)CC1,N#CCCc1ccc(-c2nc3cnc4[nH]ccc4c3n2C2CCCCC2)o1
Cc1nc2cnc3ccc(-c4cc(F)c(O)c(F)c4)cc3c2n1C1CCN(C)CC1,CCn1c(C(=O)N(C2CC2)C2CC2)cc2c3c(ncn3C)c(Nc3nc(C)c(C(=O)NC)s3)nc21
Cc1nc2cnc3ccc(-c4cc(F)c(O)c(F)c4)cc3c2n1C1CCN(C)CC1,N#CCC1CCC(n2c(CC(=O)NCC(F)(F)F)nc3cnc4[nH]ccc4c32)CC1
CC(C)CS(=O)(=O)NC1CC(N(C)c2ncnc3[nH]ccc23)C1,CC1CCN(C(=O)N2CCCC2)CC1N(C)c1ncnc2[nH]ccc12
CC(C)CS(=O)(=O)NC1CC(N(C)c2ncnc3[nH]ccc23)C1,CN(c1ncnc2[nH]ccc12)C1CN(S(=O)(=O)c2cccc(C#N)c2)CC12CC2
CC(C)CS(=O)(=O)NC1CC(N(C)c2ncnc3[nH]ccc23)C1,CC1CN(C(=O)CC#N)C12CCN(c1ncnc3[nH]ccc13)C2
CC(C)CS(=O)(=O)NC1CC(N(C)c2ncnc3[nH]ccc23)C1,CC1CCCN(c2ncnc3[nH]cc(-c4cccc(C#N)c4)c23)C1
CC(C)CS(=O)(=O)NC1CC(N(C)c2ncnc3[nH]ccc23)C1,CN(c1ncnc2[nH]ccc12)C1CCN(C(=O)CC#N)C1
CC(Nc1c(C(N)=O)cnn2cccc12)C(C)(C)C,C=CS(=O)(=O)Nc1cccc(CNc2c(C(N)=O)cnn3cccc23)c1
CC(Nc1c(C(N)=O)cnn2cccc12)C(C)(C)C,NC(=O)c1cnn2cccc2c1NC1CCCC1
CC(Nc1c(C(N)=O)cnn2cccc12)C(C)(C)C,CC1(N)CCC(Nc2c(C(N)=O)cnn3cc(-c4cncnc4)cc23)C1(C)C
CC(Nc1c(C(N)=O)cnn2cccc12)C(C)(C)C,CC1(O)CC(Nc2c(C(N)=O)cnn3cccc23)C(C)(C)C1
CC(Nc1c(C(N)=O)cnn2cccc12)C(C)(C)C,CC(C)CNc1c(C(N)=O)cnn2cc(-c3ccccc3)cc12
CC(Nc1c(C(N)=O)cnn2cccc12)C(C)(C)C,CC1(N)CCC(Nc2c(C(N)=O)cnn3cc(-c4ccncc4)cc23)C1(C)C
CC(Nc1c(C(N)=O)cnn2cccc12)C(C)(C)C,CC1(N)CCC(Nc2c(C(N)=O)cnn3cc(-c4cccnc4)cc23)C1(C)C
CC(Nc1c(C(N)=O)cnn2cccc12)C(C)(C)C,COc1cccc(-c2cc3c(NC4CCC(C)(N)C4(C)C)c(C(N)=O)cnn3c2)c1
CC(Nc1c(C(N)=O)cnn2cccc12)C(C)(C)C,CC1(N)CCC(Nc2c(C(N)=O)cnn3cc(-c4ccccc4)cc23)C1(C)C
CC(Nc1c(C(N)=O)cnn2cccc12)C(C)(C)C,Cc1ccccc1-c1cc2c(NC3CCC(C)(N)C3(C)C)c(C(N)=O)cnn2c1
CC(Nc1c(C(N)=O)cnn2cccc12)C(C)(C)C,CC1(N)CCC(Nc2c(C(N)=O)cnn3cc(-c4ccc(F)cc4)cc23)C1(C)C
CC(Nc1c(C(N)=O)cnn2cccc12)C(C)(C)C,CC1(N)CCC(Nc2c(C(N)=O)cnn3cc(-c4cccc(Cl)c4)cc23)C1(C)C
CC(Nc1c(C(N)=O)cnn2cccc12)C(C)(C)C,COc1ccc(-c2cc3c(NC(CO)C(C)O)c(C(N)=O)cnn3c2)cn1
CC(Nc1c(C(N)=O)cnn2cccc12)C(C)(C)C,Cc1cc(-c2cc3c(NC4CCC(C)(N)C4(C)C)c(C(N)=O)cnn3c2)ccn1
CC(Nc1c(C(N)=O)cnn2cccc12)C(C)(C)C,CC1(CO)CCCC1Nc1c(C(N)=O)cnn2cccc12
CC(Nc1c(C(N)=O)cnn2cccc12)C(C)(C)C,CC1(C)C(O)CCC1Nc1c(C(N)=O)cnn2cccc12
CC(Nc1c(C(N)=O)cnn2cccc12)C(C)(C)C,NC(=O)c1cnn2cc(-c3ccccc3)cc2c1NC1CCCC1
CC(Nc1c(C(N)=O)cnn2cccc12)C(C)(C)C,COc1ccc(-c2cc3c(NC(CO)CO)c(C(N)=O)cnn3c2)cn1
CC(Nc1c(C(N)=O)cnn2cccc12)C(C)(C)C,Cc1cccc(-c2cc3c(NC4CCC(C)(N)C4(C)C)c(C(N)=O)cnn3c2)c1
CC(Nc1c(C(N)=O)cnn2cccc12)C(C)(C)C,CC(C)Oc1ccc(-c2cc3c(NC4CCC(C)(N)C4(C)C)c(C(N)=O)cnn3c2)cn1
CC(Nc1c(C(N)=O)cnn2cccc12)C(C)(C)C,CC1(C)C(N)CCC1Nc1c(C(N)=O)cnn2cccc12
CC(Nc1c(C(N)=O)cnn2cccc12)C(C)(C)C,CC1(C#N)CCCC1Nc1c(C(N)=O)cnn2cccc12
CC(Nc1c(C(N)=O)cnn2cccc12)C(C)(C)C,CC1(N)CCC(Nc2c(C(N)=O)cnn3cc(-c4ccccc4C#N)cc23)C1(C)C
CC(Nc1c(C(N)=O)cnn2cccc12)C(C)(C)C,NC(=O)c1cnn2cc(-c3ccccc3)cc2c1NCc1ccccc1
CC(Nc1c(C(N)=O)cnn2cccc12)C(C)(C)C,CC1(N)CCC(Nc2c(C(N)=O)cnn3cc(-c4ccccc4Cl)cc23)C1(C)C
CC(Nc1c(C(N)=O)cnn2cccc12)C(C)(C)C,NC(=O)c1cnn2cccc2c1NCc1cccc(NC(=O)Cn2sc3ccccc3c2=O)c1
CC(Nc1c(C(N)=O)cnn2cccc12)C(C)(C)C,CC1(N)CCC(Nc2c(C(N)=O)cnn3cccc23)C1(C)C
CC(Nc1c(C(N)=O)cnn2cccc12)C(C)(C)C,COc1ccc(-c2cc3c(NC(CO)CC(C)C)c(C(N)=O)cnn3c2)cn1
CC(Nc1c(C(N)=O)cnn2cccc12)C(C)(C)C,COc1ccc(-c2cc3c(NC4CCC(C)(N)C4(C)C)c(C(N)=O)cnn3c2)cc1
CC(Nc1c(C(N)=O)cnn2cccc12)C(C)(C)C,CC1(N)CCC(Nc2c(C(N)=O)cnn3cc(-c4cc[nH]n4)cc23)C1(C)C
CC(Nc1c(C(N)=O)cnn2cccc12)C(C)(C)C,CC1(O)CCCC1Nc1c(C(N)=O)cnn2cccc12
CC(Nc1c(C(N)=O)cnn2cccc12)C(C)(C)C,CC1(O)CCC(Nc2c(C(N)=O)cnn3cccc23)C1(C)C
CC(Nc1c(C(N)=O)cnn2cccc12)C(C)(C)C,COc1ccc(-c2cc3c(NC(CO)CC4CC4)c(C(N)=O)cnn3c2)cn1
CC(Nc1c(C(N)=O)cnn2cccc12)C(C)(C)C,Cc1ccc(-c2cc3c(NC4CCC(C)(N)C4(C)C)c(C(N)=O)cnn3c2)cc1
CC(Nc1c(C(N)=O)cnn2cccc12)C(C)(C)C,CC1(N)CCC(Nc2c(C(N)=O)cnn3cc(-c4cncc(F)c4)cc23)C1(C)C
CC(Nc1c(C(N)=O)cnn2cccc12)C(C)(C)C,CC1(N)CCC(Nc2c(C(N)=O)cnn3cc(-c4cccc(C#N)c4)cc23)C1(C)C
CC(Nc1c(C(N)=O)cnn2cccc12)C(C)(C)C,CC1(N)CCC(Nc2c(C(N)=O)cnn3cc(-c4ccncc4F)cc23)C1(C)C
CC(Nc1c(C(N)=O)cnn2cccc12)C(C)(C)C,COc1ccc(-c2cc3c(NC4CCC(C)(N)C4(C)C)c(C(N)=O)cnn3c2)cn1
CC(Nc1c(C(N)=O)cnn2cccc12)C(C)(C)C,CC1(N)CCC(Nc2c(C(N)=O)cnn3cc(-c4ccc(C#N)cc4)cc23)C1(C)C
CC(Nc1c(C(N)=O)cnn2cccc12)C(C)(C)C,COc1cc(-c2cc3c(NC4CCC(C)(N)C4(C)C)c(C(N)=O)cnn3c2)ccn1
CC(Nc1c(C(N)=O)cnn2cccc12)C(C)(C)C,CC(C)(C)CNc1c(C(N)=O)cnn2cc(-c3ccccc3)cc12
O=C(Nc1nc2cccc(-c3ccc(Cc4ccc(O)c(CO)c4)cc3)n2n1)C1CC1,O=C(Nc1nc2cccc(C3CCC(NC(=O)C4(F)CC4)CC3)n2n1)C1CC1
O=C(Nc1nc2cccc(-c3ccc(Cc4ccc(O)c(CO)c4)cc3)n2n1)C1CC1,O=C(Nc1nc2cccc(-c3ccc(C(=O)N4CCC(F)(F)CC4)cc3)n2n1)C1CC1
O=C(Nc1nc2cccc(-c3ccc(Cc4ccc(O)c(CO)c4)cc3)n2n1)C1CC1,O=C(Nc1nc2cccc(-c3ccc(C(=O)N4CC(F)(F)C4)cc3)n2n1)C1CC1
O=C(Nc1nc2cccc(-c3ccc(Cc4ccc(O)c(CO)c4)cc3)n2n1)C1CC1,N#CCC(=O)N1CC=C(c2cccc3nc(NC(=O)C4CC4)nn23)CC1
O=C(Nc1nc2cccc(-c3ccc(Cc4ccc(O)c(CO)c4)cc3)n2n1)C1CC1,C=CC(=O)N1CC=C(c2cccc3nc(NC(=O)C4CC4)nn23)CC1
O=C(Nc1nc2cccc(-c3ccc(Cc4ccc(O)c(CO)c4)cc3)n2n1)C1CC1,O=C(Nc1nc2cccc(C3CCC4(CCN(C(=O)C5CC5(F)F)CC4)C3)n2n1)C1CC1
O=C(Nc1nc2cccc(-c3ccc(Cc4ccc(O)c(CO)c4)cc3)n2n1)C1CC1,CC(C)(C#N)C(=O)N1CC2(CCC(c3cccc4nc(NC(=O)C5CC5)nn34)CC2)C1
O=C(Nc1nc2cccc(-c3ccc(Cc4ccc(O)c(CO)c4)cc3)n2n1)C1CC1,O=C(Nc1nc2cccc(C3=CCN(C(=O)NCC(F)(F)F)CC3)n2n1)C1CC1
O=C(Nc1nc2cccc(-c3ccc(Cc4ccc(O)c(CO)c4)cc3)n2n1)C1CC1,O=C(Nc1nc2cccc(C3CCC4(CC3)CCN(C(=O)C3CC3(F)F)CC4)n2n1)C1CC1
O=C(Nc1nc2cccc(-c3ccc(Cc4ccc(O)c(CO)c4)cc3)n2n1)C1CC1,O=C(NCC(F)(F)F)c1ccc(-c2cccc3nc(NC(=O)C4CC4)nn23)cc1
O=C(Nc1nc2cccc(-c3ccc(Cc4ccc(O)c(CO)c4)cc3)n2n1)C1CC1,N#CC1CN(C(=O)c2ccc(-c3cccc4nc(NC(=O)C5CC5)nn34)cc2)C1
O=C(Nc1nc2cccc(-c3ccc(Cc4ccc(O)c(CO)c4)cc3)n2n1)C1CC1,O=C(Nc1nc2cccc(C3=CCN(C(=O)C4(C(F)(F)F)CC4)CC3)n2n1)C1CC1
O=C(Nc1nc2cccc(-c3ccc(Cc4ccc(O)c(CO)c4)cc3)n2n1)C1CC1,N#CCC(=O)N1CC2(CCC(c3cccc4nc(NC(=O)C5CC5)nn34)CC2)C1
O=C(Nc1nc2cccc(-c3ccc(Cc4ccc(O)c(CO)c4)cc3)n2n1)C1CC1,O=C(Nc1nc2cccc(C3=CCN(C(=O)C4CC4(F)F)CC3)n2n1)C1CC1
O=C(Nc1nc2cccc(-c3ccc(Cc4ccc(O)c(CO)c4)cc3)n2n1)C1CC1,N#CCC(=O)N1CCC2(CCC(c3cccc4nc(NC(=O)C5CC5)nn34)CC2)CC1
O=C(Nc1nc2cccc(-c3ccc(Cc4ccc(O)c(CO)c4)cc3)n2n1)C1CC1,C=C(C#N)C(O)c1ccc(-c2cccc3nc(NC(=O)C4CC4)nn23)cc1
Nc1cccc(Cl)c1C(=O)Nc1ccncc1,O=C(Nc1ccnc(NC(=O)C2CC2)c1)c1c(Cl)cccc1Cl
Cc1nc2cnc3ccc(-c4ccc(O)cc4)cc3c2n1C1CCN(C)CC1,N#CCC1CCC(n2c(CC(=O)NCc3ccc(F)cc3)nc3cnc4[nH]ccc4c32)CC1
Cc1nc2cnc3ccc(-c4ccc(O)cc4)cc3c2n1C1CCN(C)CC1,CC1CCC(n2c(=O)[nH]c3cnc4[nH]ccc4c32)CC1
Cc1nc2cnc3ccc(-c4ccc(O)cc4)cc3c2n1C1CCN(C)CC1,CS(=O)(=O)N1CCC(n2c(=O)[nH]c3cnc4[nH]ccc4c32)CC1
Cc1nc2cnc3ccc(-c4ccc(O)cc4)cc3c2n1C1CCN(C)CC1,Cc1nc2cnc3ccc(-c4cc(Cl)c(O)c(Cl)c4)cc3c2n1C1CCC(CO)CC1
Cc1nc2cnc3ccc(-c4ccc(O)cc4)cc3c2n1C1CCN(C)CC1,Cc1nc2cnc3ccc(-c4cc(Cl)c(O)c(Cl)c4)cc3c2n1C1CCN(C)CC1
Cc1nc2cnc3ccc(-c4ccc(O)cc4)cc3c2n1C1CCN(C)CC1,O=c1[nH]c2cnc3[nH]ccc3c2n1C1CCCCCC1
Cc1nc2cnc3ccc(-c4ccc(O)cc4)cc3c2n1C1CCN(C)CC1,CC1(C)CCCCC1n1c(=O)[nH]c2cnc3[nH]ccc3c21
Cc1nc2cnc3ccc(-c4ccc(O)cc4)cc3c2n1C1CCN(C)CC1,N#CC(C#N)=Cc1ccc(-c2nc3cnc4[nH]ccc4c3n2C2CCCCC2)o1
Cc1nc2cnc3ccc(-c4ccc(O)cc4)cc3c2n1C1CCN(C)CC1,CCC1CCCCC1n1c(=O)[nH]c2cnc3[nH]ccc3c21
Cc1nc2cnc3ccc(-c4ccc(O)cc4)cc3c2n1C1CCN(C)CC1,CN(C)C(=O)CCc1ccc(-c2nc3cnc4[nH]ccc4c3n2C2CCCCC2)o1
Cc1nc2cnc3ccc(-c4ccc(O)cc4)cc3c2n1C1CCN(C)CC1,Cc1nc2cnc3ccc(-c4cc(Cl)c(O)c(Cl)c4)cc3c2n1C1CCCN(C)C1
Cc1nc2cnc3ccc(-c4ccc(O)cc4)cc3c2n1C1CCN(C)CC1,Cc1nc2cnc3ccc(-c4cc(Cl)c(O)c(Cl)c4)cc3c2n1C1CCOCC1
Cc1nc2cnc3ccc(-c4ccc(O)cc4)cc3c2n1C1CCN(C)CC1,O=c1[nH]c2cnc3[nH]ccc3c2n1C1CCCCC1
Cc1nc2cnc3ccc(-c4ccc(O)cc4)cc3c2n1C1CCN(C)CC1,CC1CCN(C(=O)CC#N)CC1n1c(=O)[nH]c2cnc3[nH]ccc3c21
Cc1nc2cnc3ccc(-c4ccc(O)cc4)cc3c2n1C1CCN(C)CC1,N#CC=Cc1ccc(-c2nc3cnc4[nH]ccc4c3n2C2CCCCC2)o1
Cc1nc2cnc3ccc(-c4ccc(O)cc4)cc3c2n1C1CCN(C)CC1,CC(C)(O)CNC(=O)Cc1nc2cnc3[nH]ccc3c2n1C1CCC(CC#N)CC1
Cc1nc2cnc3ccc(-c4ccc(O)cc4)cc3c2n1C1CCN(C)CC1,O=c1[nH]c2cnc3[nH]ccc3c2n1C1CCCC1
Cc1nc2cnc3ccc(-c4ccc(O)cc4)cc3c2n1C1CCN(C)CC1,COc1cc2c(=O)n(C3CCNCC3)c3c4cc[nH]c4ncc3c2cc1OC
Cc1nc2cnc3ccc(-c4ccc(O)cc4)cc3c2n1C1CCN(C)CC1,CC1CCCC(n2c(=O)[nH]c3cnc4[nH]ccc4c32)C1
Cc1nc2cnc3ccc(-c4ccc(O)cc4)cc3c2n1C1CCN(C)CC1,CC1CCN(C(=O)CC#N)CC1n1c(=O)n(C)c2cnc3[nH]ccc3c21
Cc1nc2cnc3ccc(-c4ccc(O)cc4)cc3c2n1C1CCN(C)CC1,N#CCCc1ccc(-c2nc3cnc4[nH]ccc4c3n2C2CCCCC2)o1
Cc1nc2cnc3ccc(-c4ccc(O)cc4)cc3c2n1C1CCN(C)CC1,N#CCC1CCC(n2c(CC(=O)NCC(F)(F)F)nc3cnc4[nH]ccc4c32)CC1
Cc1[nH]c(-c2c(NC3CCC(N)CC3)cc[nH]c2=O)nc1-c1cnn(C)c1,NC1CCC(Nc2cc[nH]c(=O)c2-c2nc3ccccc3[nH]2)CC1
Cc1[nH]c(-c2c(NC3CCC(N)CC3)cc[nH]c2=O)nc1-c1cnn(C)c1,O=c1[nH]ccc(NC2CCOCC2)c1-c1nc2ccccc2[nH]1
Cc1[nH]c(-c2c(NC3CCC(N)CC3)cc[nH]c2=O)nc1-c1cnn(C)c1,COC(=O)C1CCc2[nH]c(-c3c(NC4CCC(N)CC4)cc[nH]c3=O)nc2C1
N#CNC1CCc2ccc(-c3ncnc4[nH]cc(-c5ccccc5)c34)cc21,CN(C#N)C1CCc2ccc(-c3ncnc4[nH]ccc34)cc21
N#CNC1CCc2ccc(-c3ncnc4[nH]cc(-c5ccccc5)c34)cc21,N#CNC1CC(NS(=O)(=O)c2cccc(C#N)c2)c2ccc(-c3ncnc4[nH]ccc34)cc21
N#CNC1CCc2ccc(-c3ncnc4[nH]cc(-c5ccccc5)c34)cc21,N#CNC1CC(NS(=O)(=O)c2cccc(F)c2)c2ccc(-c3ncnc4[nH]ccc34)cc21
O=c1[nH]ccc(NC2CCC(NCC(F)(F)F)CC2)c1-c1nc2ccccc2[nH]1,CN1CCN(c2ccc3nc(-c4c(N)c5c(F)cccc5[nH]c4=O)[nH]c3c2)CC1
O=c1[nH]ccc(NC2CCC(NCC(F)(F)F)CC2)c1-c1nc2ccccc2[nH]1,NC1CCC(Nc2cc[nH]c(=O)c2-c2nc3ccccc3[nH]2)CC1
O=c1[nH]ccc(NC2CCC(NCC(F)(F)F)CC2)c1-c1nc2ccccc2[nH]1,O=c1[nH]ccc(NC2CCOCC2)c1-c1nc2ccccc2[nH]1
O=c1[nH]ccc(NC2CCC(NCC(F)(F)F)CC2)c1-c1nc2ccccc2[nH]1,COC(=O)C1CCc2[nH]c(-c3c(NC4CCC(N)CC4)cc[nH]c3=O)nc2C1
COc1nn(C)cc1Nc1nccc(-c2c[nH]c3c(NC(=O)C(C)N4CCN(C)CC4)cccc23)n1,CCn1c(C(=O)N(C2CC2)C2CC2)cc2c3c(ncn3C)c(NC(=O)NCCOC)nc21
COc1nn(C)cc1Nc1nccc(-c2c[nH]c3c(NC(=O)C(C)N4CCN(C)CC4)cccc23)n1,Cc1ccc(C(=O)C=CC(=O)N2CCc3ccc(Nc4ncc(C)c(-c5cnn(C(C)C)c5)n4)cc3C2)cc1
COc1nn(C)cc1Nc1nccc(-c2c[nH]c3c(NC(=O)C(C)N4CCN(C)CC4)cccc23)n1,CCn1c(C(=O)N(C2CC2)C2CC2)cc2c3c(ncn3C)c(Nc3nc(C(=O)NC)c(C)s3)nc21
COc1nn(C)cc1Nc1nccc(-c2c[nH]c3c(NC(=O)C(C)N4CCN(C)CC4)cccc23)n1,CCn1c(C(=O)N(C2CC2)C2CC2)cc2c3c(ncn3C)c(Nc3nc(C)cs3)nc21
COc1nn(C)cc1Nc1nccc(-c2c[nH]c3c(NC(=O)C(C)N4CCN(C)CC4)cccc23)n1,CCn1c(C(=O)N(C2CC2)C2CC2)cc2c3c(ncn3C)c(Nc3ncc(C)s3)nc21
COc1nn(C)cc1Nc1nccc(-c2c[nH]c3c(NC(=O)C(C)N4CCN(C)CC4)cccc23)n1,CC(NC(=O)c1c[nH]c2ncc(-c3nn(C)c4cc(F)ccc34)nc12)C(=O)N1CC(C#N)C1
COc1nn(C)cc1Nc1nccc(-c2c[nH]c3c(NC(=O)C(C)N4CCN(C)CC4)cccc23)n1,CC1(N)CCC(Nc2c(C(N)=O)cnn3cc(-c4cncnc4)cc23)C1(C)C
COc1nn(C)cc1Nc1nccc(-c2c[nH]c3c(NC(=O)C(C)N4CCN(C)CC4)cccc23)n1,CC1(N)CCC(Nc2c(C(N)=O)cnn3cc(-c4ccncc4)cc23)C1(C)C
COc1nn(C)cc1Nc1nccc(-c2c[nH]c3c(NC(=O)C(C)N4CCN(C)CC4)cccc23)n1,CC1(N)CCC(Nc2c(C(N)=O)cnn3cc(-c4cccnc4)cc23)C1(C)C
COc1nn(C)cc1Nc1nccc(-c2c[nH]c3c(NC(=O)C(C)N4CCN(C)CC4)cccc23)n1,COc1cccc(-c2cc3c(NC4CCC(C)(N)C4(C)C)c(C(N)=O)cnn3c2)c1
COc1nn(C)cc1Nc1nccc(-c2c[nH]c3c(NC(=O)C(C)N4CCN(C)CC4)cccc23)n1,CCn1nc(Nc2nc3c(cc(C(=O)N(C4CC4)C4CC4)n3CC)c3c2ncn3C)cc1C
COc1nn(C)cc1Nc1nccc(-c2c[nH]c3c(NC(=O)C(C)N4CCN(C)CC4)cccc23)n1,CC1(N)CCC(Nc2c(C(N)=O)cnn3cc(-c4ccccc4)cc23)C1(C)C
COc1nn(C)cc1Nc1nccc(-c2c[nH]c3c(NC(=O)C(C)N4CCN(C)CC4)cccc23)n1,Cc1ccccc1-c1cc2c(NC3CCC(C)(N)C3(C)C)c(C(N)=O)cnn2c1
COc1nn(C)cc1Nc1nccc(-c2c[nH]c3c(NC(=O)C(C)N4CCN(C)CC4)cccc23)n1,CC1(N)CCC(Nc2c(C(N)=O)cnn3cc(-c4ccc(F)cc4)cc23)C1(C)C
COc1nn(C)cc1Nc1nccc(-c2c[nH]c3c(NC(=O)C(C)N4CCN(C)CC4)cccc23)n1,CC1(N)CCC(Nc2c(C(N)=O)cnn3cc(-c4cccc(Cl)c4)cc23)C1(C)C
COc1nn(C)cc1Nc1nccc(-c2c[nH]c3c(NC(=O)C(C)N4CCN(C)CC4)cccc23)n1,COc1ccc(-c2cc3c(NC(CO)C(C)O)c(C(N)=O)cnn3c2)cn1
COc1nn(C)cc1Nc1nccc(-c2c[nH]c3c(NC(=O)C(C)N4CCN(C)CC4)cccc23)n1,CCn1c(C(=O)N(C2CC2)C2CC2)cc2c3c(ncn3C)c(Nc3cc(C)nn3C)nc21
COc1nn(C)cc1Nc1nccc(-c2c[nH]c3c(NC(=O)C(C)N4CCN(C)CC4)cccc23)n1,Cc1cc(-c2cc3c(NC4CCC(C)(N)C4(C)C)c(C(N)=O)cnn3c2)ccn1
COc1nn(C)cc1Nc1nccc(-c2c[nH]c3c(NC(=O)C(C)N4CCN(C)CC4)cccc23)n1,Cn1cc(C2=C(Nc3cccc(OCCNc4ccnc(F)c4)c3)C(=O)NC2=O)c2ccccc21
COc1nn(C)cc1Nc1nccc(-c2c[nH]c3c(NC(=O)C(C)N4CCN(C)CC4)cccc23)n1,CCn1c(C(=O)N(C2CC2)C2CC2)cc2c3c(ncn3C)c(Nc3nc(C)c(S(C)(=O)=O)s3)nc21
COc1nn(C)cc1Nc1nccc(-c2c[nH]c3c(NC(=O)C(C)N4CCN(C)CC4)cccc23)n1,COc1ccc(-c2cc3c(NC(CO)CO)c(C(N)=O)cnn3c2)cn1
COc1nn(C)cc1Nc1nccc(-c2c[nH]c3c(NC(=O)C(C)N4CCN(C)CC4)cccc23)n1,Cc1cccc(-c2cc3c(NC4CCC(C)(N)C4(C)C)c(C(N)=O)cnn3c2)c1
COc1nn(C)cc1Nc1nccc(-c2c[nH]c3c(NC(=O)C(C)N4CCN(C)CC4)cccc23)n1,CC(C)Oc1ccc(-c2cc3c(NC4CCC(C)(N)C4(C)C)c(C(N)=O)cnn3c2)cn1
COc1nn(C)cc1Nc1nccc(-c2c[nH]c3c(NC(=O)C(C)N4CCN(C)CC4)cccc23)n1,CC(NC(=O)c1c[nH]c2ncc(-c3nn(C)c4cc(Cl)cc(F)c34)nc12)C(=O)N1CC(C#N)C1
COc1nn(C)cc1Nc1nccc(-c2c[nH]c3c(NC(=O)C(C)N4CCN(C)CC4)cccc23)n1,CC(C)C(C)n1cc(-c2cc(N3CCOCC3)n(C)n2)c2[nH]nc(N)c2c1=O
COc1nn(C)cc1Nc1nccc(-c2c[nH]c3c(NC(=O)C(C)N4CCN(C)CC4)cccc23)n1,CC1(N)CCC(Nc2c(C(N)=O)cnn3cc(-c4ccccc4C#N)cc23)C1(C)C
COc1nn(C)cc1Nc1nccc(-c2c[nH]c3c(NC(=O)C(C)N4CCN(C)CC4)cccc23)n1,COc1ccc2c(-c3cnc4[nH]cc(C(=O)NC(C)C(=O)N5CC(C#N)C5)c4n3)nn(C)c2c1
COc1nn(C)cc1Nc1nccc(-c2c[nH]c3c(NC(=O)C(C)N4CCN(C)CC4)cccc23)n1,CCn1c(C(=O)N(C2CC2)C2CC2)cc2c3c(ncn3C)c(Nc3cc(C)[nH]n3)nc21
COc1nn(C)cc1Nc1nccc(-c2c[nH]c3c(NC(=O)C(C)N4CCN(C)CC4)cccc23)n1,CC1(N)CCC(Nc2c(C(N)=O)cnn3cc(-c4ccccc4Cl)cc23)C1(C)C
COc1nn(C)cc1Nc1nccc(-c2c[nH]c3c(NC(=O)C(C)N4CCN(C)CC4)cccc23)n1,COc1ccc(-c2cc3c(NC(CO)CC(C)C)c(C(N)=O)cnn3c2)cn1
COc1nn(C)cc1Nc1nccc(-c2c[nH]c3c(NC(=O)C(C)N4CCN(C)CC4)cccc23)n1,COc1ccc(-c2cc3c(NC4CCC(C)(N)C4(C)C)c(C(N)=O)cnn3c2)cc1
COc1nn(C)cc1Nc1nccc(-c2c[nH]c3c(NC(=O)C(C)N4CCN(C)CC4)cccc23)n1,CC1(N)CCC(Nc2c(C(N)=O)cnn3cc(-c4cc[nH]n4)cc23)C1(C)C
COc1nn(C)cc1Nc1nccc(-c2c[nH]c3c(NC(=O)C(C)N4CCN(C)CC4)cccc23)n1,CC(NC(=O)c1c[nH]c2ncc(-c3nn(C)c4cc(C(C)(C)C)ccc34)nc12)C(=O)N1CC(C#N)C1
COc1nn(C)cc1Nc1nccc(-c2c[nH]c3c(NC(=O)C(C)N4CCN(C)CC4)cccc23)n1,CC(NC(=O)c1c[nH]c2ncc(-c3nn(C)c4ccccc34)nc12)C(=O)N1CC(C#N)C1
COc1nn(C)cc1Nc1nccc(-c2c[nH]c3c(NC(=O)C(C)N4CCN(C)CC4)cccc23)n1,CC(NC(=O)c1c[nH]c2ncc(-c3nn(C)c4cc(C#N)ccc34)nc12)C(=O)N1CC(C#N)C1
COc1nn(C)cc1Nc1nccc(-c2c[nH]c3c(NC(=O)C(C)N4CCN(C)CC4)cccc23)n1,CCn1c(C(=O)N(C2CC2)C2CC2)cc2c3c(ncn3C)c(Nc3cc(C)n(C)n3)nc21
COc1nn(C)cc1Nc1nccc(-c2c[nH]c3c(NC(=O)C(C)N4CCN(C)CC4)cccc23)n1,COc1ccc(-c2cc3c(NC(CO)CC4CC4)c(C(N)=O)cnn3c2)cn1
COc1nn(C)cc1Nc1nccc(-c2c[nH]c3c(NC(=O)C(C)N4CCN(C)CC4)cccc23)n1,Cc1ccc(-c2cc3c(NC4CCC(C)(N)C4(C)C)c(C(N)=O)cnn3c2)cc1
COc1nn(C)cc1Nc1nccc(-c2c[nH]c3c(NC(=O)C(C)N4CCN(C)CC4)cccc23)n1,CC1(N)CCC(Nc2c(C(N)=O)cnn3cc(-c4cncc(F)c4)cc23)C1(C)C
COc1nn(C)cc1Nc1nccc(-c2c[nH]c3c(NC(=O)C(C)N4CCN(C)CC4)cccc23)n1,N#CCCn1cc(-c2nc(Nc3ccc4c(c3)CCN4C(=O)CN3CCS(=O)(=O)CC3)ncc2F)cn1
COc1nn(C)cc1Nc1nccc(-c2c[nH]c3c(NC(=O)C(C)N4CCN(C)CC4)cccc23)n1,CC(C)C(C)n1cc(-c2cc(C3CCOCC3)n(C)n2)c2[nH]nc(N)c2c1=O
COc1nn(C)cc1Nc1nccc(-c2c[nH]c3c(NC(=O)C(C)N4CCN(C)CC4)cccc23)n1,CC1(N)CCC(Nc2c(C(N)=O)cnn3cc(-c4cccc(C#N)c4)cc23)C1(C)C
COc1nn(C)cc1Nc1nccc(-c2c[nH]c3c(NC(=O)C(C)N4CCN(C)CC4)cccc23)n1,CC1(N)CCC(Nc2c(C(N)=O)cnn3cc(-c4ccncc4F)cc23)C1(C)C
COc1nn(C)cc1Nc1nccc(-c2c[nH]c3c(NC(=O)C(C)N4CCN(C)CC4)cccc23)n1,N#CCCn1cc(-c2nc(Nc3ccc4c(c3)CCN4C(=O)C3(C#N)CC3)ncc2F)cn1
COc1nn(C)cc1Nc1nccc(-c2c[nH]c3c(NC(=O)C(C)N4CCN(C)CC4)cccc23)n1,CCn1c(C(=O)N(C2CC2)C2CC2)cc2c3c(ncn3C)c(Nc3nc(C)n(C)n3)nc21
COc1nn(C)cc1Nc1nccc(-c2c[nH]c3c(NC(=O)C(C)N4CCN(C)CC4)cccc23)n1,COc1ccc(-c2cc3c(NC4CCC(C)(N)C4(C)C)c(C(N)=O)cnn3c2)cn1
COc1nn(C)cc1Nc1nccc(-c2c[nH]c3c(NC(=O)C(C)N4CCN(C)CC4)cccc23)n1,CC1(N)CCC(Nc2c(C(N)=O)cnn3cc(-c4ccc(C#N)cc4)cc23)C1(C)C
COc1nn(C)cc1Nc1nccc(-c2c[nH]c3c(NC(=O)C(C)N4CCN(C)CC4)cccc23)n1,CCn1c(C(=O)N(C2CC2)C2CC2)cc2c3c(ncn3C)c(Nc3nc(C)c(C(=O)NC)s3)nc21
COc1nn(C)cc1Nc1nccc(-c2c[nH]c3c(NC(=O)C(C)N4CCN(C)CC4)cccc23)n1,COc1cc(-c2cc3c(NC4CCC(C)(N)C4(C)C)c(C(N)=O)cnn3c2)ccn1
COc1nn(C)cc1Nc1nccc(-c2c[nH]c3c(NC(=O)C(C)N4CCN(C)CC4)cccc23)n1,CCOC(C)n1cc(-c2nc(Nc3ccc4c(c3)CCN4S(=O)(=O)c3ccc(C(F)(F)F)cc3)ncc2C)cn1
CN(c1ncnc2[nH]ccc12)C1CC(NS(=O)(=O)CC(F)(F)F)C1,CC1CCN(C(=O)N2CCCC2)CC1N(C)c1ncnc2[nH]ccc12
CN(c1ncnc2[nH]ccc12)C1CC(NS(=O)(=O)CC(F)(F)F)C1,CN(c1ncnc2[nH]ccc12)C1CN(S(=O)(=O)c2cccc(C#N)c2)CC12CC2
CN(c1ncnc2[nH]ccc12)C1CC(NS(=O)(=O)CC(F)(F)F)C1,CC1CN(C(=O)CC#N)C12CCN(c1ncnc3[nH]ccc13)C2
CN(c1ncnc2[nH]ccc12)C1CC(NS(=O)(=O)CC(F)(F)F)C1,CC1CCCN(c2ncnc3[nH]cc(-c4cccc(C#N)c4)c23)C1
CN(c1ncnc2[nH]ccc12)C1CC(NS(=O)(=O)CC(F)(F)F)C1,CN(c1ncnc2[nH]ccc12)C1CCN(C(=O)CC#N)C1
Cc1nn(CCCCC#N)nc1-c1ncnc2[nH]ccc12,CC(CCCCCC(=O)NO)n1cc(-c2ncnc3[nH]ccc23)cn1
COc1ccc(-c2cccc3nc(NS(=O)(=O)C4CC4)nn23)cc1,O=C(Nc1nc2cccc(-c3ccc(C(=O)N4CCC(F)(F)CC4)cc3)n2n1)C1CC1
COc1ccc(-c2cccc3nc(NS(=O)(=O)C4CC4)nn23)cc1,O=C(Nc1nc2cccc(-c3ccc(C(=O)N4CC(F)(F)C4)cc3)n2n1)C1CC1
COc1ccc(-c2cccc3nc(NS(=O)(=O)C4CC4)nn23)cc1,O=C(NCC(F)(F)F)c1ccc(-c2cccc3nc(NC(=O)C4CC4)nn23)cc1
COc1ccc(-c2cccc3nc(NS(=O)(=O)C4CC4)nn23)cc1,N#CC1CN(C(=O)c2ccc(-c3cccc4nc(NC(=O)C5CC5)nn34)cc2)C1
COc1ccc(-c2cccc3nc(NS(=O)(=O)C4CC4)nn23)cc1,C=C(C#N)C(O)c1ccc(-c2cccc3nc(NC(=O)C4CC4)nn23)cc1
CC(O)c1nc2cnc3[nH]ccc3c2n1C1CCCN(C(=O)CC(F)(F)F)C1,CNCCn1c(C2CCC(O)CC2)nc2cc(C(N)=O)ccc21
CC(O)c1nc2cnc3[nH]ccc3c2n1C1CCCN(C(=O)CC(F)(F)F)C1,CCn1c(C(=O)N(C2CC2)C2CC2)cc2c3c(ncn3C)c(NC(=O)NCCOC)nc21
CC(O)c1nc2cnc3[nH]ccc3c2n1C1CCCN(C(=O)CC(F)(F)F)C1,N#CCC1CCC(n2c(CC(=O)NCc3ccc(F)cc3)nc3cnc4[nH]ccc4c32)CC1
CC(O)c1nc2cnc3[nH]ccc3c2n1C1CCCN(C(=O)CC(F)(F)F)C1,COc1cc2c(=O)n(C3CCCN(C(=O)CC#N)C3)c3c4cc[nH]c4ncc3c2cc1OC
CC(O)c1nc2cnc3[nH]ccc3c2n1C1CCCN(C(=O)CC(F)(F)F)C1,CCn1c(C(=O)N(C2CC2)C2CC2)cc2c3c(ncn3C)c(Nc3nc(C(=O)NC)c(C)s3)nc21
CC(O)c1nc2cnc3[nH]ccc3c2n1C1CCCN(C(=O)CC(F)(F)F)C1,CCn1c(C(=O)N(C2CC2)C2CC2)cc2c3c(ncn3C)c(Nc3nc(C)cs3)nc21
CC(O)c1nc2cnc3[nH]ccc3c2n1C1CCCN(C(=O)CC(F)(F)F)C1,CCn1c(C(=O)N(C2CC2)C2CC2)cc2c3c(ncn3C)c(Nc3ncc(C)s3)nc21
CC(O)c1nc2cnc3[nH]ccc3c2n1C1CCCN(C(=O)CC(F)(F)F)C1,N#CCCNC1CCC(n2nnc3cnc4[nH]ccc4c32)CC1
CC(O)c1nc2cnc3[nH]ccc3c2n1C1CCCN(C(=O)CC(F)(F)F)C1,CC1CCC(n2c(=O)[nH]c3cnc4[nH]ccc4c32)CC1
CC(O)c1nc2cnc3[nH]ccc3c2n1C1CCCN(C(=O)CC(F)(F)F)C1,CCn1c(C(=O)N(C2CC2)C2CC2)cc2c3c(ncn3C)c(NC)nc21
CC(O)c1nc2cnc3[nH]ccc3c2n1C1CCCN(C(=O)CC(F)(F)F)C1,COc1cc2c(=O)n(C(C(=O)N3CC(C#N)C3)C(C)C)c3c4cc[nH]c4ncc3c2cc1OC
CC(O)c1nc2cnc3[nH]ccc3c2n1C1CCCN(C(=O)CC(F)(F)F)C1,CS(=O)(=O)N1CCC(n2c(=O)[nH]c3cnc4[nH]ccc4c32)CC1
CC(O)c1nc2cnc3[nH]ccc3c2n1C1CCCN(C(=O)CC(F)(F)F)C1,CCC(C(=O)N1CC(C#N)C1)n1c(=O)c2cc(OC)c(OC)cc2c2cnc3[nH]ccc3c21
CC(O)c1nc2cnc3[nH]ccc3c2n1C1CCCN(C(=O)CC(F)(F)F)C1,CCn1nc(Nc2nc3c(cc(C(=O)N(C4CC4)C4CC4)n3CC)c3c2ncn3C)cc1C
CC(O)c1nc2cnc3[nH]ccc3c2n1C1CCCN(C(=O)CC(F)(F)F)C1,CCn1c(C(=O)N(C2CC2)C2CC2)cc2c3c(ncn3C)c(Nc3cc(C)nn3C)nc21
CC(O)c1nc2cnc3[nH]ccc3c2n1C1CCCN(C(=O)CC(F)(F)F)C1,Cc1nc2cnc3ccc(-c4cc(Cl)c(O)c(Cl)c4)cc3c2n1C1CCC(CO)CC1
CC(O)c1nc2cnc3[nH]ccc3c2n1C1CCCN(C(=O)CC(F)(F)F)C1,CCn1c(C(=O)N(C2CC2)C2CC2)cc2c3c(ncn3C)c(Nc3nc(C)c(S(C)(=O)=O)s3)nc21
CC(O)c1nc2cnc3[nH]ccc3c2n1C1CCCN(C(=O)CC(F)(F)F)C1,Cc1nc2cnc3ccc(-c4cc(Cl)c(O)c(Cl)c4)cc3c2n1C1CCN(C)CC1
CC(O)c1nc2cnc3[nH]ccc3c2n1C1CCCN(C(=O)CC(F)(F)F)C1,CC(NC(=O)c1c[nH]c2ncc(-c3nn(C)c4cc(Cl)cc(F)c34)nc12)C(=O)N1CC(C#N)C1
CC(O)c1nc2cnc3[nH]ccc3c2n1C1CCCN(C(=O)CC(F)(F)F)C1,O=c1[nH]c2cnc3[nH]ccc3c2n1C1CCCCCC1
CC(O)c1nc2cnc3[nH]ccc3c2n1C1CCCN(C(=O)CC(F)(F)F)C1,CC1(C)CCCCC1n1c(=O)[nH]c2cnc3[nH]ccc3c21
CC(O)c1nc2cnc3[nH]ccc3c2n1C1CCCN(C(=O)CC(F)(F)F)C1,N#CC(C#N)=Cc1ccc(-c2nc3cnc4[nH]ccc4c3n2C2CCCCC2)o1
CC(O)c1nc2cnc3[nH]ccc3c2n1C1CCCN(C(=O)CC(F)(F)F)C1,CCn1c(C(=O)N(C2CC2)C2CC2)cc2c3c(ncn3C)c(Nc3cc(C)[nH]n3)nc21
CC(O)c1nc2cnc3[nH]ccc3c2n1C1CCCN(C(=O)CC(F)(F)F)C1,CCC1CCCCC1n1c(=O)[nH]c2cnc3[nH]ccc3c21
CC(O)c1nc2cnc3[nH]ccc3c2n1C1CCCN(C(=O)CC(F)(F)F)C1,COc1cc2c(=O)n(C3CCNC3)c3c4cc[nH]c4ncc3c2cc1OC
CC(O)c1nc2cnc3[nH]ccc3c2n1C1CCCN(C(=O)CC(F)(F)F)C1,COc1cc2c(=O)n(C3CCCNC3)c3c4cc[nH]c4ncc3c2cc1OC
CC(O)c1nc2cnc3[nH]ccc3c2n1C1CCCN(C(=O)CC(F)(F)F)C1,CN(C)C(=O)CCc1ccc(-c2nc3cnc4[nH]ccc4c3n2C2CCCCC2)o1
CC(O)c1nc2cnc3[nH]ccc3c2n1C1CCCN(C(=O)CC(F)(F)F)C1,Cc1nc2cnc3ccc(-c4cc(Cl)c(O)c(Cl)c4)cc3c2n1C1CCCN(C)C1
CC(O)c1nc2cnc3[nH]ccc3c2n1C1CCCN(C(=O)CC(F)(F)F)C1,Cc1nc2cnc3ccc(-c4cc(Cl)c(O)c(Cl)c4)cc3c2n1C1CCOCC1
CC(O)c1nc2cnc3[nH]ccc3c2n1C1CCCN(C(=O)CC(F)(F)F)C1,COC(=O)C(C(C)C)n1c(=O)c2cc(OC)c(OC)cc2c2cnc3[nH]ccc3c21
CC(O)c1nc2cnc3[nH]ccc3c2n1C1CCCN(C(=O)CC(F)(F)F)C1,N#CCC(=O)N1CCCC(n2nnc3cnc4[nH]ccc4c32)C1
CC(O)c1nc2cnc3[nH]ccc3c2n1C1CCCN(C(=O)CC(F)(F)F)C1,O=c1[nH]c2cnc3[nH]ccc3c2n1C1CCCCC1
CC(O)c1nc2cnc3[nH]ccc3c2n1C1CCCN(C(=O)CC(F)(F)F)C1,CCn1c(C(=O)N(C2CC2)C2CC2)cc2c3c(ncn3C)c(Nc3cc(C)n(C)n3)nc21
CC(O)c1nc2cnc3[nH]ccc3c2n1C1CCCN(C(=O)CC(F)(F)F)C1,CC1CCN(C(=O)CC#N)CC1n1c(=O)[nH]c2cnc3[nH]ccc3c21
CC(O)c1nc2cnc3[nH]ccc3c2n1C1CCCN(C(=O)CC(F)(F)F)C1,N#CC=Cc1ccc(-c2nc3cnc4[nH]ccc4c3n2C2CCCCC2)o1
CC(O)c1nc2cnc3[nH]ccc3c2n1C1CCCN(C(=O)CC(F)(F)F)C1,CC(C)(O)CNC(=O)Cc1nc2cnc3[nH]ccc3c2n1C1CCC(CC#N)CC1
CC(O)c1nc2cnc3[nH]ccc3c2n1C1CCCN(C(=O)CC(F)(F)F)C1,O=c1[nH]c2cnc3[nH]ccc3c2n1C1CCCC1
CC(O)c1nc2cnc3[nH]ccc3c2n1C1CCCN(C(=O)CC(F)(F)F)C1,CC1CCCC(n2c(=O)[nH]c3cnc4[nH]ccc4c32)C1
CC(O)c1nc2cnc3[nH]ccc3c2n1C1CCCN(C(=O)CC(F)(F)F)C1,CC1CCN(C(=O)CC#N)CC1n1c(=O)n(C)c2cnc3[nH]ccc3c21
CC(O)c1nc2cnc3[nH]ccc3c2n1C1CCCN(C(=O)CC(F)(F)F)C1,CCn1c(C(=O)N(C2CC2)C2CC2)cc2c3c(ncn3C)c(Nc3nc(C)n(C)n3)nc21
CC(O)c1nc2cnc3[nH]ccc3c2n1C1CCCN(C(=O)CC(F)(F)F)C1,N#CCCc1ccc(-c2nc3cnc4[nH]ccc4c3n2C2CCCCC2)o1
CC(O)c1nc2cnc3[nH]ccc3c2n1C1CCCN(C(=O)CC(F)(F)F)C1,CCn1c(C(=O)N(C2CC2)C2CC2)cc2c3c(ncn3C)c(Nc3nc(C)c(C(=O)NC)s3)nc21
CC(O)c1nc2cnc3[nH]ccc3c2n1C1CCCN(C(=O)CC(F)(F)F)C1,N#CCC1CCC(n2c(CC(=O)NCC(F)(F)F)nc3cnc4[nH]ccc4c32)CC1
CCCCS(=O)(=O)NC1CC(N(C)c2ncnc3[nH]ccc23)C1,CC1CCN(C(=O)N2CCCC2)CC1N(C)c1ncnc2[nH]ccc12
CCCCS(=O)(=O)NC1CC(N(C)c2ncnc3[nH]ccc23)C1,CN(c1ncnc2[nH]ccc12)C1CN(S(=O)(=O)c2cccc(C#N)c2)CC12CC2
CCCCS(=O)(=O)NC1CC(N(C)c2ncnc3[nH]ccc23)C1,CC1CN(C(=O)CC#N)C12CCN(c1ncnc3[nH]ccc13)C2
CCCCS(=O)(=O)NC1CC(N(C)c2ncnc3[nH]ccc23)C1,CC1CCCN(c2ncnc3[nH]cc(-c4cccc(C#N)c4)c23)C1
CCCCS(=O)(=O)NC1CC(N(C)c2ncnc3[nH]ccc23)C1,CN(c1ncnc2[nH]ccc12)C1CCN(C(=O)CC#N)C1
CC(O)c1nc2cnc3[nH]ccc3c2n1C1CCN(CCC#N)CC1,NCCCn1c(C2CCNCC2)nc2cc(C(N)=O)ccc21
CC(O)c1nc2cnc3[nH]ccc3c2n1C1CCN(CCC#N)CC1,CC1(n2nnc3cnc4[nH]ccc4c32)CCN(S(C)(=O)=O)CC1
CC(O)c1nc2cnc3[nH]ccc3c2n1C1CCN(CCC#N)CC1,CCn1c(C(=O)N(C2CC2)C2CC2)cc2c3c(ncn3C)c(NC(=O)NCCOC)nc21
CC(O)c1nc2cnc3[nH]ccc3c2n1C1CCN(CCC#N)CC1,N#CCC1CCC(n2c(CC(=O)NCc3ccc(F)cc3)nc3cnc4[nH]ccc4c32)CC1
CC(O)c1nc2cnc3[nH]ccc3c2n1C1CCN(CCC#N)CC1,COc1cc2c(=O)n(C3CCCN(C(=O)CC#N)C3)c3c4cc[nH]c4ncc3c2cc1OC
CC(O)c1nc2cnc3[nH]ccc3c2n1C1CCN(CCC#N)CC1,CCn1c(C(=O)N(C2CC2)C2CC2)cc2c3c(ncn3C)c(Nc3nc(C(=O)NC)c(C)s3)nc21
CC(O)c1nc2cnc3[nH]ccc3c2n1C1CCN(CCC#N)CC1,CCn1c(C(=O)N(C2CC2)C2CC2)cc2c3c(ncn3C)c(Nc3nc(C)cs3)nc21
CC(O)c1nc2cnc3[nH]ccc3c2n1C1CCN(CCC#N)CC1,CCn1c(C(=O)N(C2CC2)C2CC2)cc2c3c(ncn3C)c(Nc3ncc(C)s3)nc21
CC(O)c1nc2cnc3[nH]ccc3c2n1C1CCN(CCC#N)CC1,N#CCCNC1CCC(n2nnc3cnc4[nH]ccc4c32)CC1
CC(O)c1nc2cnc3[nH]ccc3c2n1C1CCN(CCC#N)CC1,CC1CCC(n2c(=O)[nH]c3cnc4[nH]ccc4c32)CC1
CC(O)c1nc2cnc3[nH]ccc3c2n1C1CCN(CCC#N)CC1,CCn1c(C(=O)N(C2CC2)C2CC2)cc2c3c(ncn3C)c(NC)nc21
CC(O)c1nc2cnc3[nH]ccc3c2n1C1CCN(CCC#N)CC1,COc1cc2c(=O)n(C(C(=O)N3CC(C#N)C3)C(C)C)c3c4cc[nH]c4ncc3c2cc1OC
CC(O)c1nc2cnc3[nH]ccc3c2n1C1CCN(CCC#N)CC1,CS(=O)(=O)N1CCC(n2c(=O)[nH]c3cnc4[nH]ccc4c32)CC1
CC(O)c1nc2cnc3[nH]ccc3c2n1C1CCN(CCC#N)CC1,CCC(C(=O)N1CC(C#N)C1)n1c(=O)c2cc(OC)c(OC)cc2c2cnc3[nH]ccc3c21
CC(O)c1nc2cnc3[nH]ccc3c2n1C1CCN(CCC#N)CC1,CCn1nc(Nc2nc3c(cc(C(=O)N(C4CC4)C4CC4)n3CC)c3c2ncn3C)cc1C
CC(O)c1nc2cnc3[nH]ccc3c2n1C1CCN(CCC#N)CC1,NCCCn1c(C2CCC(O)CC2)nc2cc(C(N)=O)ccc21
CC(O)c1nc2cnc3[nH]ccc3c2n1C1CCN(CCC#N)CC1,CCn1c(C(=O)N(C2CC2)C2CC2)cc2c3c(ncn3C)c(Nc3cc(C)nn3C)nc21
CC(O)c1nc2cnc3[nH]ccc3c2n1C1CCN(CCC#N)CC1,Cc1nc2cnc3ccc(-c4cc(Cl)c(O)c(Cl)c4)cc3c2n1C1CCC(CO)CC1
CC(O)c1nc2cnc3[nH]ccc3c2n1C1CCN(CCC#N)CC1,CCn1c(C(=O)N(C2CC2)C2CC2)cc2c3c(ncn3C)c(Nc3nc(C)c(S(C)(=O)=O)s3)nc21
CC(O)c1nc2cnc3[nH]ccc3c2n1C1CCN(CCC#N)CC1,Cc1nc2cnc3ccc(-c4cc(Cl)c(O)c(Cl)c4)cc3c2n1C1CCN(C)CC1
CC(O)c1nc2cnc3[nH]ccc3c2n1C1CCN(CCC#N)CC1,O=c1[nH]c2cnc3[nH]ccc3c2n1C1CCCCCC1
CC(O)c1nc2cnc3[nH]ccc3c2n1C1CCN(CCC#N)CC1,CC1(C)CCCCC1n1c(=O)[nH]c2cnc3[nH]ccc3c21
CC(O)c1nc2cnc3[nH]ccc3c2n1C1CCN(CCC#N)CC1,N#CC(C#N)=Cc1ccc(-c2nc3cnc4[nH]ccc4c3n2C2CCCCC2)o1
CC(O)c1nc2cnc3[nH]ccc3c2n1C1CCN(CCC#N)CC1,CCn1c(C(=O)N(C2CC2)C2CC2)cc2c3c(ncn3C)c(Nc3cc(C)[nH]n3)nc21
CC(O)c1nc2cnc3[nH]ccc3c2n1C1CCN(CCC#N)CC1,CCC1CCCCC1n1c(=O)[nH]c2cnc3[nH]ccc3c21
CC(O)c1nc2cnc3[nH]ccc3c2n1C1CCN(CCC#N)CC1,COc1cc2c(=O)n(C3CCNC3)c3c4cc[nH]c4ncc3c2cc1OC
CC(O)c1nc2cnc3[nH]ccc3c2n1C1CCN(CCC#N)CC1,CN(C)C(=O)CCc1ccc(-c2nc3cnc4[nH]ccc4c3n2C2CCCCC2)o1
CC(O)c1nc2cnc3[nH]ccc3c2n1C1CCN(CCC#N)CC1,Cc1nc2cnc3ccc(-c4cc(Cl)c(O)c(Cl)c4)cc3c2n1C1CCCN(C)C1
CC(O)c1nc2cnc3[nH]ccc3c2n1C1CCN(CCC#N)CC1,Cc1nc2cnc3ccc(-c4cc(Cl)c(O)c(Cl)c4)cc3c2n1C1CCOCC1
CC(O)c1nc2cnc3[nH]ccc3c2n1C1CCN(CCC#N)CC1,N#CCC(=O)N1CCCC(n2nnc3cnc4[nH]ccc4c32)C1
CC(O)c1nc2cnc3[nH]ccc3c2n1C1CCN(CCC#N)CC1,O=c1[nH]c2cnc3[nH]ccc3c2n1C1CCCCC1
CC(O)c1nc2cnc3[nH]ccc3c2n1C1CCN(CCC#N)CC1,CCn1c(C(=O)N(C2CC2)C2CC2)cc2c3c(ncn3C)c(Nc3cc(C)n(C)n3)nc21
CC(O)c1nc2cnc3[nH]ccc3c2n1C1CCN(CCC#N)CC1,CC1CCN(C(=O)CC#N)CC1n1c(=O)[nH]c2cnc3[nH]ccc3c21
CC(O)c1nc2cnc3[nH]ccc3c2n1C1CCN(CCC#N)CC1,N#CC=Cc1ccc(-c2nc3cnc4[nH]ccc4c3n2C2CCCCC2)o1
CC(O)c1nc2cnc3[nH]ccc3c2n1C1CCN(CCC#N)CC1,CC(C)(O)CNC(=O)Cc1nc2cnc3[nH]ccc3c2n1C1CCC(CC#N)CC1
CC(O)c1nc2cnc3[nH]ccc3c2n1C1CCN(CCC#N)CC1,O=c1[nH]c2cnc3[nH]ccc3c2n1C1CCCC1
CC(O)c1nc2cnc3[nH]ccc3c2n1C1CCN(CCC#N)CC1,COc1cc2c(=O)n(C3CCNCC3)c3c4cc[nH]c4ncc3c2cc1OC
CC(O)c1nc2cnc3[nH]ccc3c2n1C1CCN(CCC#N)CC1,CC1CCCC(n2c(=O)[nH]c3cnc4[nH]ccc4c32)C1
CC(O)c1nc2cnc3[nH]ccc3c2n1C1CCN(CCC#N)CC1,CC1CCN(C(=O)CC#N)CC1n1c(=O)n(C)c2cnc3[nH]ccc3c21
CC(O)c1nc2cnc3[nH]ccc3c2n1C1CCN(CCC#N)CC1,CCn1c(C(=O)N(C2CC2)C2CC2)cc2c3c(ncn3C)c(Nc3nc(C)n(C)n3)nc21
CC(O)c1nc2cnc3[nH]ccc3c2n1C1CCN(CCC#N)CC1,N#CCCc1ccc(-c2nc3cnc4[nH]ccc4c3n2C2CCCCC2)o1
CC(O)c1nc2cnc3[nH]ccc3c2n1C1CCN(CCC#N)CC1,CCn1c(C(=O)N(C2CC2)C2CC2)cc2c3c(ncn3C)c(Nc3nc(C)c(C(=O)NC)s3)nc21
CC(O)c1nc2cnc3[nH]ccc3c2n1C1CCN(CCC#N)CC1,N#CCC1CCC(n2c(CC(=O)NCC(F)(F)F)nc3cnc4[nH]ccc4c32)CC1
CC(O)c1nc2cnc3[nH]ccc3c2n1C1CCN(CCC#N)CC1,CC(O)Cn1c(C2CCC(O)CC2)nc2cc(C(N)=O)ccc21
CCOc1ccc(-c2cccc3nc(NC(=O)C4CC4)nn23)cc1,O=C(Nc1nc2cccc(C3CCC(NC(=O)C4(F)CC4)CC3)n2n1)C1CC1
CCOc1ccc(-c2cccc3nc(NC(=O)C4CC4)nn23)cc1,O=C(Nc1nc2cccc(-c3ccc(C(=O)N4CCC(F)(F)CC4)cc3)n2n1)C1CC1
CCOc1ccc(-c2cccc3nc(NC(=O)C4CC4)nn23)cc1,O=C(Nc1nc2cccc(-c3ccc(C(=O)N4CC(F)(F)C4)cc3)n2n1)C1CC1
CCOc1ccc(-c2cccc3nc(NC(=O)C4CC4)nn23)cc1,N#CCC(=O)N1CC=C(c2cccc3nc(NC(=O)C4CC4)nn23)CC1
CCOc1ccc(-c2cccc3nc(NC(=O)C4CC4)nn23)cc1,C=CC(=O)N1CC=C(c2cccc3nc(NC(=O)C4CC4)nn23)CC1
CCOc1ccc(-c2cccc3nc(NC(=O)C4CC4)nn23)cc1,O=C(Nc1nc2cccc(C3CCC4(CCN(C(=O)C5CC5(F)F)CC4)C3)n2n1)C1CC1
CCOc1ccc(-c2cccc3nc(NC(=O)C4CC4)nn23)cc1,CC(C)(C#N)C(=O)N1CC2(CCC(c3cccc4nc(NC(=O)C5CC5)nn34)CC2)C1
CCOc1ccc(-c2cccc3nc(NC(=O)C4CC4)nn23)cc1,O=C(Nc1nc2cccc(C3=CCN(C(=O)NCC(F)(F)F)CC3)n2n1)C1CC1
CCOc1ccc(-c2cccc3nc(NC(=O)C4CC4)nn23)cc1,O=C(Nc1nc2cccc(C3CCC4(CC3)CCN(C(=O)C3CC3(F)F)CC4)n2n1)C1CC1
CCOc1ccc(-c2cccc3nc(NC(=O)C4CC4)nn23)cc1,O=C(NCC(F)(F)F)c1ccc(-c2cccc3nc(NC(=O)C4CC4)nn23)cc1
CCOc1ccc(-c2cccc3nc(NC(=O)C4CC4)nn23)cc1,N#CC1CN(C(=O)c2ccc(-c3cccc4nc(NC(=O)C5CC5)nn34)cc2)C1
CCOc1ccc(-c2cccc3nc(NC(=O)C4CC4)nn23)cc1,O=C(Nc1nc2cccc(C3=CCN(C(=O)C4(C(F)(F)F)CC4)CC3)n2n1)C1CC1
CCOc1ccc(-c2cccc3nc(NC(=O)C4CC4)nn23)cc1,N#CCC(=O)N1CC2(CCC(c3cccc4nc(NC(=O)C5CC5)nn34)CC2)C1
CCOc1ccc(-c2cccc3nc(NC(=O)C4CC4)nn23)cc1,O=C(Nc1nc2cccc(C3=CCN(C(=O)C4CC4(F)F)CC3)n2n1)C1CC1
CCOc1ccc(-c2cccc3nc(NC(=O)C4CC4)nn23)cc1,N#CCC(=O)N1CCC2(CCC(c3cccc4nc(NC(=O)C5CC5)nn34)CC2)CC1
CCOc1ccc(-c2cccc3nc(NC(=O)C4CC4)nn23)cc1,C=C(C#N)C(O)c1ccc(-c2cccc3nc(NC(=O)C4CC4)nn23)cc1
NC1CCC(Nc2cc[nH]c(=O)c2-c2nc3c([nH]2)CCC(C(=O)O)C3)CC1,NC1CCC(Nc2cc[nH]c(=O)c2-c2nc3ccccc3[nH]2)CC1
NC1CCC(Nc2cc[nH]c(=O)c2-c2nc3c([nH]2)CCC(C(=O)O)C3)CC1,O=c1[nH]ccc(NC2CCOCC2)c1-c1nc2ccccc2[nH]1
NC1CCC(Nc2cc[nH]c(=O)c2-c2nc3c([nH]2)CCC(C(=O)O)C3)CC1,COC(=O)C1CCc2[nH]c(-c3c(NC4CCC(N)CC4)cc[nH]c3=O)nc2C1
O=c1[nH]ccc(NC2CCNCC2)c1-c1nc2ccccc2[nH]1,CN1CCN(c2ccc3nc(-c4c(N)c5c(F)cccc5[nH]c4=O)[nH]c3c2)CC1
O=c1[nH]ccc(NC2CCNCC2)c1-c1nc2ccccc2[nH]1,NC1CCC(Nc2cc[nH]c(=O)c2-c2nc3ccccc3[nH]2)CC1
O=c1[nH]ccc(NC2CCNCC2)c1-c1nc2ccccc2[nH]1,O=c1[nH]ccc(NC2CCOCC2)c1-c1nc2ccccc2[nH]1
O=c1[nH]ccc(NC2CCNCC2)c1-c1nc2ccccc2[nH]1,COC(=O)C1CCc2[nH]c(-c3c(NC4CCC(N)CC4)cc[nH]c3=O)nc2C1
N#CCc1ccccc1NCc1ccc(-c2cccc3nc(NC(=O)C4CC4)nn23)cc1,O=C(Nc1nc2cccc(C3CCC(NC(=O)C4(F)CC4)CC3)n2n1)C1CC1
N#CCc1ccccc1NCc1ccc(-c2cccc3nc(NC(=O)C4CC4)nn23)cc1,O=C(Nc1nc2cccc(-c3ccc(C(=O)N4CCC(F)(F)CC4)cc3)n2n1)C1CC1
N#CCc1ccccc1NCc1ccc(-c2cccc3nc(NC(=O)C4CC4)nn23)cc1,O=C(Nc1nc2cccc(-c3ccc(C(=O)N4CC(F)(F)C4)cc3)n2n1)C1CC1
N#CCc1ccccc1NCc1ccc(-c2cccc3nc(NC(=O)C4CC4)nn23)cc1,N#CCC(=O)N1CC=C(c2cccc3nc(NC(=O)C4CC4)nn23)CC1
N#CCc1ccccc1NCc1ccc(-c2cccc3nc(NC(=O)C4CC4)nn23)cc1,C=CC(=O)N1CC=C(c2cccc3nc(NC(=O)C4CC4)nn23)CC1
N#CCc1ccccc1NCc1ccc(-c2cccc3nc(NC(=O)C4CC4)nn23)cc1,O=C(Nc1nc2cccc(C3CCC4(CCN(C(=O)C5CC5(F)F)CC4)C3)n2n1)C1CC1
N#CCc1ccccc1NCc1ccc(-c2cccc3nc(NC(=O)C4CC4)nn23)cc1,CC(C)(C#N)C(=O)N1CC2(CCC(c3cccc4nc(NC(=O)C5CC5)nn34)CC2)C1
N#CCc1ccccc1NCc1ccc(-c2cccc3nc(NC(=O)C4CC4)nn23)cc1,O=C(Nc1nc2cccc(C3=CCN(C(=O)NCC(F)(F)F)CC3)n2n1)C1CC1
N#CCc1ccccc1NCc1ccc(-c2cccc3nc(NC(=O)C4CC4)nn23)cc1,O=C(Nc1nc2cccc(C3CCC4(CC3)CCN(C(=O)C3CC3(F)F)CC4)n2n1)C1CC1
N#CCc1ccccc1NCc1ccc(-c2cccc3nc(NC(=O)C4CC4)nn23)cc1,O=C(NCC(F)(F)F)c1ccc(-c2cccc3nc(NC(=O)C4CC4)nn23)cc1
N#CCc1ccccc1NCc1ccc(-c2cccc3nc(NC(=O)C4CC4)nn23)cc1,N#CC1CN(C(=O)c2ccc(-c3cccc4nc(NC(=O)C5CC5)nn34)cc2)C1
N#CCc1ccccc1NCc1ccc(-c2cccc3nc(NC(=O)C4CC4)nn23)cc1,O=C(Nc1nc2cccc(C3=CCN(C(=O)C4(C(F)(F)F)CC4)CC3)n2n1)C1CC1
N#CCc1ccccc1NCc1ccc(-c2cccc3nc(NC(=O)C4CC4)nn23)cc1,N#CCC(=O)N1CC2(CCC(c3cccc4nc(NC(=O)C5CC5)nn34)CC2)C1
N#CCc1ccccc1NCc1ccc(-c2cccc3nc(NC(=O)C4CC4)nn23)cc1,O=C(Nc1nc2cccc(C3=CCN(C(=O)C4CC4(F)F)CC3)n2n1)C1CC1
N#CCc1ccccc1NCc1ccc(-c2cccc3nc(NC(=O)C4CC4)nn23)cc1,N#CCC(=O)N1CCC2(CCC(c3cccc4nc(NC(=O)C5CC5)nn34)CC2)CC1
N#CCc1ccccc1NCc1ccc(-c2cccc3nc(NC(=O)C4CC4)nn23)cc1,C=C(C#N)C(O)c1ccc(-c2cccc3nc(NC(=O)C4CC4)nn23)cc1
Cc1nc2cnc3ccc(-c4ccc(O)c(C#N)c4)cc3c2n1C1CCN(C)CC1,CCn1c(C(=O)N(C2CC2)C2CC2)cc2c3c(ncn3C)c(NC(=O)NCCOC)nc21
Cc1nc2cnc3ccc(-c4ccc(O)c(C#N)c4)cc3c2n1C1CCN(C)CC1,N#CCC1CCC(n2c(CC(=O)NCc3ccc(F)cc3)nc3cnc4[nH]ccc4c32)CC1
Cc1nc2cnc3ccc(-c4ccc(O)c(C#N)c4)cc3c2n1C1CCN(C)CC1,CCn1c(C(=O)N(C2CC2)C2CC2)cc2c3c(ncn3C)c(Nc3nc(C(=O)NC)c(C)s3)nc21
Cc1nc2cnc3ccc(-c4ccc(O)c(C#N)c4)cc3c2n1C1CCN(C)CC1,CCn1c(C(=O)N(C2CC2)C2CC2)cc2c3c(ncn3C)c(Nc3nc(C)cs3)nc21
Cc1nc2cnc3ccc(-c4ccc(O)c(C#N)c4)cc3c2n1C1CCN(C)CC1,CCn1c(C(=O)N(C2CC2)C2CC2)cc2c3c(ncn3C)c(Nc3ncc(C)s3)nc21
Cc1nc2cnc3ccc(-c4ccc(O)c(C#N)c4)cc3c2n1C1CCN(C)CC1,CC1CCC(n2c(=O)[nH]c3cnc4[nH]ccc4c32)CC1
Cc1nc2cnc3ccc(-c4ccc(O)c(C#N)c4)cc3c2n1C1CCN(C)CC1,CCn1c(C(=O)N(C2CC2)C2CC2)cc2c3c(ncn3C)c(NC)nc21
Cc1nc2cnc3ccc(-c4ccc(O)c(C#N)c4)cc3c2n1C1CCN(C)CC1,CS(=O)(=O)N1CCC(n2c(=O)[nH]c3cnc4[nH]ccc4c32)CC1
Cc1nc2cnc3ccc(-c4ccc(O)c(C#N)c4)cc3c2n1C1CCN(C)CC1,CCn1nc(Nc2nc3c(cc(C(=O)N(C4CC4)C4CC4)n3CC)c3c2ncn3C)cc1C
Cc1nc2cnc3ccc(-c4ccc(O)c(C#N)c4)cc3c2n1C1CCN(C)CC1,CCn1c(C(=O)N(C2CC2)C2CC2)cc2c3c(ncn3C)c(Nc3cc(C)nn3C)nc21
Cc1nc2cnc3ccc(-c4ccc(O)c(C#N)c4)cc3c2n1C1CCN(C)CC1,Cc1nc2cnc3ccc(-c4cc(Cl)c(O)c(Cl)c4)cc3c2n1C1CCC(CO)CC1
Cc1nc2cnc3ccc(-c4ccc(O)c(C#N)c4)cc3c2n1C1CCN(C)CC1,CCn1c(C(=O)N(C2CC2)C2CC2)cc2c3c(ncn3C)c(Nc3nc(C)c(S(C)(=O)=O)s3)nc21
Cc1nc2cnc3ccc(-c4ccc(O)c(C#N)c4)cc3c2n1C1CCN(C)CC1,Cc1nc2cnc3ccc(-c4cc(Cl)c(O)c(Cl)c4)cc3c2n1C1CCN(C)CC1
Cc1nc2cnc3ccc(-c4ccc(O)c(C#N)c4)cc3c2n1C1CCN(C)CC1,O=c1[nH]c2cnc3[nH]ccc3c2n1C1CCCCCC1
Cc1nc2cnc3ccc(-c4ccc(O)c(C#N)c4)cc3c2n1C1CCN(C)CC1,CC1(C)CCCCC1n1c(=O)[nH]c2cnc3[nH]ccc3c21
Cc1nc2cnc3ccc(-c4ccc(O)c(C#N)c4)cc3c2n1C1CCN(C)CC1,N#CC(C#N)=Cc1ccc(-c2nc3cnc4[nH]ccc4c3n2C2CCCCC2)o1
Cc1nc2cnc3ccc(-c4ccc(O)c(C#N)c4)cc3c2n1C1CCN(C)CC1,CCn1c(C(=O)N(C2CC2)C2CC2)cc2c3c(ncn3C)c(Nc3cc(C)[nH]n3)nc21
Cc1nc2cnc3ccc(-c4ccc(O)c(C#N)c4)cc3c2n1C1CCN(C)CC1,CCC1CCCCC1n1c(=O)[nH]c2cnc3[nH]ccc3c21
Cc1nc2cnc3ccc(-c4ccc(O)c(C#N)c4)cc3c2n1C1CCN(C)CC1,CN(C)C(=O)CCc1ccc(-c2nc3cnc4[nH]ccc4c3n2C2CCCCC2)o1
Cc1nc2cnc3ccc(-c4ccc(O)c(C#N)c4)cc3c2n1C1CCN(C)CC1,Cc1nc2cnc3ccc(-c4cc(Cl)c(O)c(Cl)c4)cc3c2n1C1CCCN(C)C1
Cc1nc2cnc3ccc(-c4ccc(O)c(C#N)c4)cc3c2n1C1CCN(C)CC1,Cc1nc2cnc3ccc(-c4cc(Cl)c(O)c(Cl)c4)cc3c2n1C1CCOCC1
Cc1nc2cnc3ccc(-c4ccc(O)c(C#N)c4)cc3c2n1C1CCN(C)CC1,O=c1[nH]c2cnc3[nH]ccc3c2n1C1CCCCC1
Cc1nc2cnc3ccc(-c4ccc(O)c(C#N)c4)cc3c2n1C1CCN(C)CC1,CCn1c(C(=O)N(C2CC2)C2CC2)cc2c3c(ncn3C)c(Nc3cc(C)n(C)n3)nc21
Cc1nc2cnc3ccc(-c4ccc(O)c(C#N)c4)cc3c2n1C1CCN(C)CC1,CC1CCN(C(=O)CC#N)CC1n1c(=O)[nH]c2cnc3[nH]ccc3c21
Cc1nc2cnc3ccc(-c4ccc(O)c(C#N)c4)cc3c2n1C1CCN(C)CC1,N#CC=Cc1ccc(-c2nc3cnc4[nH]ccc4c3n2C2CCCCC2)o1
Cc1nc2cnc3ccc(-c4ccc(O)c(C#N)c4)cc3c2n1C1CCN(C)CC1,CC(C)(O)CNC(=O)Cc1nc2cnc3[nH]ccc3c2n1C1CCC(CC#N)CC1
Cc1nc2cnc3ccc(-c4ccc(O)c(C#N)c4)cc3c2n1C1CCN(C)CC1,O=c1[nH]c2cnc3[nH]ccc3c2n1C1CCCC1
Cc1nc2cnc3ccc(-c4ccc(O)c(C#N)c4)cc3c2n1C1CCN(C)CC1,CC1CCCC(n2c(=O)[nH]c3cnc4[nH]ccc4c32)C1
Cc1nc2cnc3ccc(-c4ccc(O)c(C#N)c4)cc3c2n1C1CCN(C)CC1,CC1CCN(C(=O)CC#N)CC1n1c(=O)n(C)c2cnc3[nH]ccc3c21
Cc1nc2cnc3ccc(-c4ccc(O)c(C#N)c4)cc3c2n1C1CCN(C)CC1,CCn1c(C(=O)N(C2CC2)C2CC2)cc2c3c(ncn3C)c(Nc3nc(C)n(C)n3)nc21
Cc1nc2cnc3ccc(-c4ccc(O)c(C#N)c4)cc3c2n1C1CCN(C)CC1,N#CCCc1ccc(-c2nc3cnc4[nH]ccc4c3n2C2CCCCC2)o1
Cc1nc2cnc3ccc(-c4ccc(O)c(C#N)c4)cc3c2n1C1CCN(C)CC1,CCn1c(C(=O)N(C2CC2)C2CC2)cc2c3c(ncn3C)c(Nc3nc(C)c(C(=O)NC)s3)nc21
Cc1nc2cnc3ccc(-c4ccc(O)c(C#N)c4)cc3c2n1C1CCN(C)CC1,N#CCC1CCC(n2c(CC(=O)NCC(F)(F)F)nc3cnc4[nH]ccc4c32)CC1
COc1cc(-c2ccc3ncc4nc(C)n(C5CCN(C)CC5)c4c3c2)ccc1O,CCn1c(C(=O)N(C2CC2)C2CC2)cc2c3c(ncn3C)c(NC(=O)NCCOC)nc21
COc1cc(-c2ccc3ncc4nc(C)n(C5CCN(C)CC5)c4c3c2)ccc1O,N#CCC1CCC(n2c(CC(=O)NCc3ccc(F)cc3)nc3cnc4[nH]ccc4c32)CC1
COc1cc(-c2ccc3ncc4nc(C)n(C5CCN(C)CC5)c4c3c2)ccc1O,COc1cc2c(=O)n(C3CCCN(C(=O)CC#N)C3)c3c4cc[nH]c4ncc3c2cc1OC
COc1cc(-c2ccc3ncc4nc(C)n(C5CCN(C)CC5)c4c3c2)ccc1O,CCn1c(C(=O)N(C2CC2)C2CC2)cc2c3c(ncn3C)c(Nc3nc(C(=O)NC)c(C)s3)nc21
COc1cc(-c2ccc3ncc4nc(C)n(C5CCN(C)CC5)c4c3c2)ccc1O,CCn1c(C(=O)N(C2CC2)C2CC2)cc2c3c(ncn3C)c(Nc3nc(C)cs3)nc21
COc1cc(-c2ccc3ncc4nc(C)n(C5CCN(C)CC5)c4c3c2)ccc1O,CCn1c(C(=O)N(C2CC2)C2CC2)cc2c3c(ncn3C)c(Nc3ncc(C)s3)nc21
COc1cc(-c2ccc3ncc4nc(C)n(C5CCN(C)CC5)c4c3c2)ccc1O,CC1CCC(n2c(=O)[nH]c3cnc4[nH]ccc4c32)CC1
COc1cc(-c2ccc3ncc4nc(C)n(C5CCN(C)CC5)c4c3c2)ccc1O,CCn1c(C(=O)N(C2CC2)C2CC2)cc2c3c(ncn3C)c(NC)nc21
COc1cc(-c2ccc3ncc4nc(C)n(C5CCN(C)CC5)c4c3c2)ccc1O,COc1cc2c(=O)n(C(C(=O)N3CC(C#N)C3)C(C)C)c3c4cc[nH]c4ncc3c2cc1OC
COc1cc(-c2ccc3ncc4nc(C)n(C5CCN(C)CC5)c4c3c2)ccc1O,CS(=O)(=O)N1CCC(n2c(=O)[nH]c3cnc4[nH]ccc4c32)CC1
COc1cc(-c2ccc3ncc4nc(C)n(C5CCN(C)CC5)c4c3c2)ccc1O,CCC(C(=O)N1CC(C#N)C1)n1c(=O)c2cc(OC)c(OC)cc2c2cnc3[nH]ccc3c21
COc1cc(-c2ccc3ncc4nc(C)n(C5CCN(C)CC5)c4c3c2)ccc1O,CCn1nc(Nc2nc3c(cc(C(=O)N(C4CC4)C4CC4)n3CC)c3c2ncn3C)cc1C
COc1cc(-c2ccc3ncc4nc(C)n(C5CCN(C)CC5)c4c3c2)ccc1O,COc1cc2c(=O)n(CCCN(C)C)c3c4cc[nH]c4ncc3c2cc1OC
COc1cc(-c2ccc3ncc4nc(C)n(C5CCN(C)CC5)c4c3c2)ccc1O,CCn1c(C(=O)N(C2CC2)C2CC2)cc2c3c(ncn3C)c(Nc3cc(C)nn3C)nc21
COc1cc(-c2ccc3ncc4nc(C)n(C5CCN(C)CC5)c4c3c2)ccc1O,Cc1nc2cnc3ccc(-c4cc(Cl)c(O)c(Cl)c4)cc3c2n1C1CCC(CO)CC1
COc1cc(-c2ccc3ncc4nc(C)n(C5CCN(C)CC5)c4c3c2)ccc1O,CCn1c(C(=O)N(C2CC2)C2CC2)cc2c3c(ncn3C)c(Nc3nc(C)c(S(C)(=O)=O)s3)nc21
COc1cc(-c2ccc3ncc4nc(C)n(C5CCN(C)CC5)c4c3c2)ccc1O,Cc1nc2cnc3ccc(-c4cc(Cl)c(O)c(Cl)c4)cc3c2n1C1CCN(C)CC1
COc1cc(-c2ccc3ncc4nc(C)n(C5CCN(C)CC5)c4c3c2)ccc1O,O=c1[nH]c2cnc3[nH]ccc3c2n1C1CCCCCC1
COc1cc(-c2ccc3ncc4nc(C)n(C5CCN(C)CC5)c4c3c2)ccc1O,CC1(C)CCCCC1n1c(=O)[nH]c2cnc3[nH]ccc3c21
COc1cc(-c2ccc3ncc4nc(C)n(C5CCN(C)CC5)c4c3c2)ccc1O,COc1cc2c(=O)n(C3CCCCC3)c3c4cc[nH]c4ncc3c2cc1OC
COc1cc(-c2ccc3ncc4nc(C)n(C5CCN(C)CC5)c4c3c2)ccc1O,N#CC(C#N)=Cc1ccc(-c2nc3cnc4[nH]ccc4c3n2C2CCCCC2)o1
COc1cc(-c2ccc3ncc4nc(C)n(C5CCN(C)CC5)c4c3c2)ccc1O,CCn1c(C(=O)N(C2CC2)C2CC2)cc2c3c(ncn3C)c(Nc3cc(C)[nH]n3)nc21
COc1cc(-c2ccc3ncc4nc(C)n(C5CCN(C)CC5)c4c3c2)ccc1O,COc1cc2c(=O)n(C3CCCCCCC3)c3c4cc[nH]c4ncc3c2cc1OC
COc1cc(-c2ccc3ncc4nc(C)n(C5CCN(C)CC5)c4c3c2)ccc1O,CCC1CCCCC1n1c(=O)[nH]c2cnc3[nH]ccc3c21
COc1cc(-c2ccc3ncc4nc(C)n(C5CCN(C)CC5)c4c3c2)ccc1O,COc1cc2c(=O)n(C3CCNC3)c3c4cc[nH]c4ncc3c2cc1OC
COc1cc(-c2ccc3ncc4nc(C)n(C5CCN(C)CC5)c4c3c2)ccc1O,COc1cc2c(=O)n(C3CCCNC3)c3c4cc[nH]c4ncc3c2cc1OC
COc1cc(-c2ccc3ncc4nc(C)n(C5CCN(C)CC5)c4c3c2)ccc1O,CN(C)C(=O)CCc1ccc(-c2nc3cnc4[nH]ccc4c3n2C2CCCCC2)o1
COc1cc(-c2ccc3ncc4nc(C)n(C5CCN(C)CC5)c4c3c2)ccc1O,Cc1nc2cnc3ccc(-c4cc(Cl)c(O)c(Cl)c4)cc3c2n1C1CCCN(C)C1
COc1cc(-c2ccc3ncc4nc(C)n(C5CCN(C)CC5)c4c3c2)ccc1O,Cc1nc2cnc3ccc(-c4cc(Cl)c(O)c(Cl)c4)cc3c2n1C1CCOCC1
COc1cc(-c2ccc3ncc4nc(C)n(C5CCN(C)CC5)c4c3c2)ccc1O,O=c1[nH]c2cnc3[nH]ccc3c2n1C1CCCCC1
COc1cc(-c2ccc3ncc4nc(C)n(C5CCN(C)CC5)c4c3c2)ccc1O,CCn1c(C(=O)N(C2CC2)C2CC2)cc2c3c(ncn3C)c(Nc3cc(C)n(C)n3)nc21
COc1cc(-c2ccc3ncc4nc(C)n(C5CCN(C)CC5)c4c3c2)ccc1O,CC1CCN(C(=O)CC#N)CC1n1c(=O)[nH]c2cnc3[nH]ccc3c21
COc1cc(-c2ccc3ncc4nc(C)n(C5CCN(C)CC5)c4c3c2)ccc1O,N#CC=Cc1ccc(-c2nc3cnc4[nH]ccc4c3n2C2CCCCC2)o1
COc1cc(-c2ccc3ncc4nc(C)n(C5CCN(C)CC5)c4c3c2)ccc1O,CC(C)(O)CNC(=O)Cc1nc2cnc3[nH]ccc3c2n1C1CCC(CC#N)CC1
COc1cc(-c2ccc3ncc4nc(C)n(C5CCN(C)CC5)c4c3c2)ccc1O,O=c1[nH]c2cnc3[nH]ccc3c2n1C1CCCC1
COc1cc(-c2ccc3ncc4nc(C)n(C5CCN(C)CC5)c4c3c2)ccc1O,COc1cc2c(=O)n(C3CCNCC3)c3c4cc[nH]c4ncc3c2cc1OC
COc1cc(-c2ccc3ncc4nc(C)n(C5CCN(C)CC5)c4c3c2)ccc1O,CC1CCCC(n2c(=O)[nH]c3cnc4[nH]ccc4c32)C1
COc1cc(-c2ccc3ncc4nc(C)n(C5CCN(C)CC5)c4c3c2)ccc1O,CC1CCN(C(=O)CC#N)CC1n1c(=O)n(C)c2cnc3[nH]ccc3c21
COc1cc(-c2ccc3ncc4nc(C)n(C5CCN(C)CC5)c4c3c2)ccc1O,CCn1c(C(=O)N(C2CC2)C2CC2)cc2c3c(ncn3C)c(Nc3nc(C)n(C)n3)nc21
COc1cc(-c2ccc3ncc4nc(C)n(C5CCN(C)CC5)c4c3c2)ccc1O,N#CCCc1ccc(-c2nc3cnc4[nH]ccc4c3n2C2CCCCC2)o1
COc1cc(-c2ccc3ncc4nc(C)n(C5CCN(C)CC5)c4c3c2)ccc1O,CCn1c(C(=O)N(C2CC2)C2CC2)cc2c3c(ncn3C)c(Nc3nc(C)c(C(=O)NC)s3)nc21
COc1cc(-c2ccc3ncc4nc(C)n(C5CCN(C)CC5)c4c3c2)ccc1O,N#CCC1CCC(n2c(CC(=O)NCC(F)(F)F)nc3cnc4[nH]ccc4c32)CC1
Cc1n[nH]c2[nH]c(=O)cc(C(F)F)c12,Cc1[nH]nc2[nH]c(=O)cc(C3CCC(NC(=O)C4CCCC4)CC3)c12
Cc1n[nH]c2[nH]c(=O)cc(C(F)F)c12,Cc1[nH]nc2[nH]c(=O)cc(C3CCC(CC(=O)N4CC(Cc5ccccc5)C4)CC3)c12
Cc1n[nH]c2[nH]c(=O)cc(C(F)F)c12,O=c1cc(C2CCCCC2)c2c[nH]nc2[nH]1
Cc1n[nH]c2[nH]c(=O)cc(C(F)F)c12,Cc1[nH]nc2[nH]c(=O)cc(C3CCCCC3C)c12
Cc1n[nH]c2[nH]c(=O)cc(C(F)F)c12,Cc1[nH]nc2[nH]c(=O)cc(CC3CCC3)c12
Cc1n[nH]c2[nH]c(=O)cc(C(F)F)c12,Cc1[nH]nc2[nH]c(=O)c(CO)c(C3CCCCC3)c12
Cc1n[nH]c2[nH]c(=O)cc(C(F)F)c12,CCc1[nH]nc2[nH]c(=O)cc(C3CCCCC3)c12
Cc1n[nH]c2[nH]c(=O)cc(C(F)F)c12,O=c1cc(C2CCCCC2)c2c(C3CC3)[nH]nc2[nH]1
Cc1n[nH]c2[nH]c(=O)cc(C(F)F)c12,Cc1[nH]nc2[nH]c(=O)cc(C3CCC(CC(=O)N4CCC(c5ccccc5)C4)CC3)c12
Cc1n[nH]c2[nH]c(=O)cc(C(F)F)c12,Cc1[nH]nc2[nH]c(=O)cc(C3CCCC3)c12
Cc1n[nH]c2[nH]c(=O)cc(C(F)F)c12,Cc1[nH]nc2[nH]c(=O)cc(C3CCC(NS(=O)(=O)C4CC4)CC3)c12
Cc1n[nH]c2[nH]c(=O)cc(C(F)F)c12,Cc1[nH]nc2[nH]c(=O)cc(C3CC4CCC3CC4)c12
Cc1n[nH]c2[nH]c(=O)cc(C(F)F)c12,Cc1[nH]nc2[nH]c(=O)c(C#N)c(C3CCCCC3)c12
Cc1n[nH]c2[nH]c(=O)cc(C(F)F)c12,Cc1[nH]nc2[nH]c(=O)c(CCO)c(C3CCCCC3)c12
Cc1n[nH]c2[nH]c(=O)cc(C(F)F)c12,Cc1[nH]nc2[nH]c(=O)cc(C3CCC(NC(=O)C4CC4)CC3)c12
Cc1n[nH]c2[nH]c(=O)cc(C(F)F)c12,Cc1[nH]nc2[nH]c(=O)cc(C3CCC(CC(=O)N4CC(C#N)C4)CC3)c12
Cc1n[nH]c2[nH]c(=O)cc(C(F)F)c12,Cc1[nH]nc2[nH]c(=O)cc(C3CCC(N)CC3)c12
Cc1n[nH]c2[nH]c(=O)cc(C(F)F)c12,Cc1[nH]nc2[nH]c(=O)cc(C3CCC(O)CC3)c12
Cc1n[nH]c2[nH]c(=O)cc(C(F)F)c12,Cc1[nH]nc2[nH]c(=O)cc(C3CCC(CC(=O)N4CCC(C#N)C4)CC3)c12
Cc1n[nH]c2[nH]c(=O)cc(C(F)F)c12,Cc1[nH]nc2[nH]c(=O)cc(C3CCC(CC#N)CC3)c12
Cc1n[nH]c2[nH]c(=O)cc(C(F)F)c12,Cc1[nH]nc2[nH]c(=O)cc(C3CCC(C(=O)NC4CC4)CC3)c12
CCS(=O)(=O)NC1CC(N(C)c2ncnc3[nH]ccc23)C1,CC1CCN(C(=O)N2CCCC2)CC1N(C)c1ncnc2[nH]ccc12
CCS(=O)(=O)NC1CC(N(C)c2ncnc3[nH]ccc23)C1,CN(c1ncnc2[nH]ccc12)C1CN(S(=O)(=O)c2cccc(C#N)c2)CC12CC2
CCS(=O)(=O)NC1CC(N(C)c2ncnc3[nH]ccc23)C1,CC1CN(C(=O)CC#N)C12CCN(c1ncnc3[nH]ccc13)C2
CCS(=O)(=O)NC1CC(N(C)c2ncnc3[nH]ccc23)C1,CC1CCCN(c2ncnc3[nH]cc(-c4cccc(C#N)c4)c23)C1
CCS(=O)(=O)NC1CC(N(C)c2ncnc3[nH]ccc23)C1,CN(c1ncnc2[nH]ccc12)C1CCN(C(=O)CC#N)C1
COc1cccc(CN2CCC(Nc3c(C(=O)NC4CCCC4)cnc4[nH]ccc34)CC2)c1,CNC(=O)c1cnc2[nH]ccc2c1NC1CC2CCC(C1)N2Cc1ccc(Cl)cc1
COc1cccc(CN2CCC(Nc3c(C(=O)NC4CCCC4)cnc4[nH]ccc34)CC2)c1,CNC(=O)c1cnc2[nH]ccc2c1NC1CCN(Cc2ccc(OC)cc2)CC1
COc1cccc(CN2CCC(Nc3c(C(=O)NC4CCCC4)cnc4[nH]ccc34)CC2)c1,CNC(=O)c1cnc2[nH]ccc2c1NC1CCN(Cc2ccccc2OC)CC1
COc1cccc(CN2CCC(Nc3c(C(=O)NC4CCCC4)cnc4[nH]ccc34)CC2)c1,N#Cc1cnc(N2CCC(Nc3c(C(N)=O)cnc4[nH]ccc34)CC2)cn1
COc1cccc(CN2CCC(Nc3c(C(=O)NC4CCCC4)cnc4[nH]ccc34)CC2)c1,CNC(=O)c1cnc2[nH]ccc2c1NC1CCN(Cc2ccc(C#N)cc2)C(C)C1
COc1cccc(CN2CCC(Nc3c(C(=O)NC4CCCC4)cnc4[nH]ccc34)CC2)c1,N#Cc1ccc(N2CCC(Nc3c(C(N)=O)cnc4[nH]ccc34)CC2)cc1
COc1cccc(CN2CCC(Nc3c(C(=O)NC4CCCC4)cnc4[nH]ccc34)CC2)c1,CNC(=O)c1cnc2[nH]ccc2c1NC1CCCN(Cc2ccc(Cl)cc2)CC1
COc1cccc(CN2CCC(Nc3c(C(=O)NC4CCCC4)cnc4[nH]ccc34)CC2)c1,CNC(=O)c1cnc2[nH]ccc2c1NC1CCCN(Cc2ccc(C#N)cc2)CC1
COc1cccc(CN2CCC(Nc3c(C(=O)NC4CCCC4)cnc4[nH]ccc34)CC2)c1,CNC(=O)c1cnc2[nH]ccc2c1NC1CCCN(Cc2cccc(Cl)c2)CC1
COc1cccc(CN2CCC(Nc3c(C(=O)NC4CCCC4)cnc4[nH]ccc34)CC2)c1,NC(=O)c1ccc(N2CCC(Nc3c(C(N)=O)cnc4[nH]ccc34)CC2)nc1
COc1cccc(CN2CCC(Nc3c(C(=O)NC4CCCC4)cnc4[nH]ccc34)CC2)c1,CC1CC(Nc2c(C(N)=O)cnc3[nH]ccc23)CCN1Cc1cccc(Cl)c1
COc1cccc(CN2CCC(Nc3c(C(=O)NC4CCCC4)cnc4[nH]ccc34)CC2)c1,CNC(=O)c1cnc2[nH]ccc2c1NC1CCN(Cc2cccc(OC)c2)CC1
COc1cccc(CN2CCC(Nc3c(C(=O)NC4CCCC4)cnc4[nH]ccc34)CC2)c1,CNC(=O)c1cnc2[nH]ccc2c1NC1CCCN(Cc2ccccc2)CC1
COc1cccc(CN2CCC(Nc3c(C(=O)NC4CCCC4)cnc4[nH]ccc34)CC2)c1,CNC(=O)c1cnc2[nH]ccc2c1NC1CCN(Cc2ccccc2)C(C)C1
COc1cccc(CN2CCC(Nc3c(C(=O)NC4CCCC4)cnc4[nH]ccc34)CC2)c1,CNC(=O)c1cnc2[nH]ccc2c1NC1CCN(Cc2ccc(Cl)cc2)C1
COc1cccc(CN2CCC(Nc3c(C(=O)NC4CCCC4)cnc4[nH]ccc34)CC2)c1,CC1CCCCC1Nc1c(C(N)=O)cnc2[nH]ccc12
COc1cccc(CN2CCC(Nc3c(C(=O)NC4CCCC4)cnc4[nH]ccc34)CC2)c1,N#Cc1ccc(N2CCC(Nc3c(C(N)=O)cnc4[nH]ccc34)CC2)nn1
COc1cccc(CN2CCC(Nc3c(C(=O)NC4CCCC4)cnc4[nH]ccc34)CC2)c1,O=C(NC1CC1)c1cnc2[nH]ccc2c1NC1CCN(Cc2ccccc2)CC1
COc1cccc(CN2CCC(Nc3c(C(=O)NC4CCCC4)cnc4[nH]ccc34)CC2)c1,CNC(=O)c1cnc2[nH]ccc2c1NC1CC2CCC(C1)N2Cc1ccc(OC)cc1
COc1cccc(CN2CCC(Nc3c(C(=O)NC4CCCC4)cnc4[nH]ccc34)CC2)c1,CN1CCC(Nc2c(C(N)=O)cnc3[nH]ccc23)CC1
COc1cccc(CN2CCC(Nc3c(C(=O)NC4CCCC4)cnc4[nH]ccc34)CC2)c1,CNC(=O)c1cnc2[nH]ccc2c1NC1CCN(Cc2cccc(OC)c2)C(C)C1
COc1cccc(CN2CCC(Nc3c(C(=O)NC4CCCC4)cnc4[nH]ccc34)CC2)c1,CNC(=O)c1cnc2[nH]ccc2c1NCC1CCN(Cc2ccc(Cl)cc2)CC1
COc1cccc(CN2CCC(Nc3c(C(=O)NC4CCCC4)cnc4[nH]ccc34)CC2)c1,CNC(=O)c1cnc2[nH]ccc2c1NCC1CCN(Cc2ccc(OC)cc2)CC1
COc1cccc(CN2CCC(Nc3c(C(=O)NC4CCCC4)cnc4[nH]ccc34)CC2)c1,CNC(=O)c1cnc2[nH]ccc2c1NC1CCN(Cc2cccc(Cl)c2)CC1F
COc1cccc(CN2CCC(Nc3c(C(=O)NC4CCCC4)cnc4[nH]ccc34)CC2)c1,CNC(=O)c1cnc2[nH]ccc2c1NC1CCN(Cc2cccc(Cl)c2)C(C)C1
COc1cccc(CN2CCC(Nc3c(C(=O)NC4CCCC4)cnc4[nH]ccc34)CC2)c1,N#Cc1ccc(N2CCC(Nc3c(C(N)=O)cnc4[nH]ccc34)CC2)nc1
COc1cccc(CN2CCC(Nc3c(C(=O)NC4CCCC4)cnc4[nH]ccc34)CC2)c1,Cc1nccc(Nc2cc(NC3CCN(c4ccc(C#N)cn4)CC3)c(C(N)=O)cn2)n1
COc1cccc(CN2CCC(Nc3c(C(=O)NC4CCCC4)cnc4[nH]ccc34)CC2)c1,CNC(=O)c1cnc2[nH]ccc2c1NC1CCN(Cc2cccc(Cl)c2)C1
COc1cccc(CN2CCC(Nc3c(C(=O)NC4CCCC4)cnc4[nH]ccc34)CC2)c1,NC(=O)c1cnc2[nH]ccc2c1NC1C2CC3CC1CC(O)(C3)C2
NC1CCC(Nc2cc[nH]c(=O)c2-c2nc3c([nH]2)CCC(C(F)F)C3)CC1,NC1CCC(Nc2cc[nH]c(=O)c2-c2nc3ccccc3[nH]2)CC1
NC1CCC(Nc2cc[nH]c(=O)c2-c2nc3c([nH]2)CCC(C(F)F)C3)CC1,O=c1[nH]ccc(NC2CCOCC2)c1-c1nc2ccccc2[nH]1
NC1CCC(Nc2cc[nH]c(=O)c2-c2nc3c([nH]2)CCC(C(F)F)C3)CC1,COC(=O)C1CCc2[nH]c(-c3c(NC4CCC(N)CC4)cc[nH]c3=O)nc2C1
CCOc1ccc(-c2nccc3nc(NC(=O)C4CC4)nn23)cc1,O=C(Nc1nc2cccc(-c3ccc(C(=O)N4CCC(F)(F)CC4)cc3)n2n1)C1CC1
CCOc1ccc(-c2nccc3nc(NC(=O)C4CC4)nn23)cc1,O=C(Nc1nc2cccc(-c3ccc(C(=O)N4CC(F)(F)C4)cc3)n2n1)C1CC1
CCOc1ccc(-c2nccc3nc(NC(=O)C4CC4)nn23)cc1,O=C(NCC(F)(F)F)c1ccc(-c2cccc3nc(NC(=O)C4CC4)nn23)cc1
CCOc1ccc(-c2nccc3nc(NC(=O)C4CC4)nn23)cc1,N#CC1CN(C(=O)c2ccc(-c3cccc4nc(NC(=O)C5CC5)nn34)cc2)C1
CCOc1ccc(-c2nccc3nc(NC(=O)C4CC4)nn23)cc1,C=C(C#N)C(O)c1ccc(-c2cccc3nc(NC(=O)C4CC4)nn23)cc1
CNC(=O)c1cnc2[nH]ccc2c1NC1CC2CCC(C1)N2Cc1ccccc1,CNC(=O)c1cnc2[nH]ccc2c1NC1CC2CCC(C1)N2Cc1ccc(Cl)cc1
CNC(=O)c1cnc2[nH]ccc2c1NC1CC2CCC(C1)N2Cc1ccccc1,CNC(=O)c1cnc2[nH]ccc2c1NC1CCN(Cc2ccc(OC)cc2)CC1
CNC(=O)c1cnc2[nH]ccc2c1NC1CC2CCC(C1)N2Cc1ccccc1,CNC(=O)c1cnc2[nH]ccc2c1NC1CCN(Cc2ccccc2OC)CC1
CNC(=O)c1cnc2[nH]ccc2c1NC1CC2CCC(C1)N2Cc1ccccc1,N#Cc1cnc(N2CCC(Nc3c(C(N)=O)cnc4[nH]ccc34)CC2)cn1
CNC(=O)c1cnc2[nH]ccc2c1NC1CC2CCC(C1)N2Cc1ccccc1,Cc1cncc(Nc2cc(NC3CCN(c4ccc(C#N)cn4)CC3)c(C(N)=O)cn2)n1
CNC(=O)c1cnc2[nH]ccc2c1NC1CC2CCC(C1)N2Cc1ccccc1,Cc1nccc(Nc2cc(NC3CCN(c4ccc(C#N)cn4)CC3F)c(C(N)=O)cn2)n1
CNC(=O)c1cnc2[nH]ccc2c1NC1CC2CCC(C1)N2Cc1ccccc1,CNC(=O)c1cnc2[nH]ccc2c1NC1CCN(Cc2ccc(C#N)cc2)C(C)C1
CNC(=O)c1cnc2[nH]ccc2c1NC1CC2CCC(C1)N2Cc1ccccc1,N#Cc1ccc(N2CCC(Nc3c(C(N)=O)cnc4[nH]ccc34)CC2)cc1
CNC(=O)c1cnc2[nH]ccc2c1NC1CC2CCC(C1)N2Cc1ccccc1,N#Cc1ccc(N2CCC(Nc3cc(Nc4cnccn4)ncc3C(N)=O)CC2)nc1
CNC(=O)c1cnc2[nH]ccc2c1NC1CC2CCC(C1)N2Cc1ccccc1,CNC(=O)c1cnc2[nH]ccc2c1NC1CCCN(Cc2ccc(Cl)cc2)CC1
CNC(=O)c1cnc2[nH]ccc2c1NC1CC2CCC(C1)N2Cc1ccccc1,CNC(=O)c1cnc2[nH]ccc2c1NC1CCCN(Cc2ccc(C#N)cc2)CC1
CNC(=O)c1cnc2[nH]ccc2c1NC1CC2CCC(C1)N2Cc1ccccc1,CNC(=O)c1cnc2[nH]ccc2c1NC1CCCN(Cc2cccc(Cl)c2)CC1
CNC(=O)c1cnc2[nH]ccc2c1NC1CC2CCC(C1)N2Cc1ccccc1,NC(=O)c1ccc(N2CCC(Nc3c(C(N)=O)cnc4[nH]ccc34)CC2)nc1
CNC(=O)c1cnc2[nH]ccc2c1NC1CC2CCC(C1)N2Cc1ccccc1,CC1CC(Nc2c(C(N)=O)cnc3[nH]ccc23)CCN1Cc1cccc(Cl)c1
CNC(=O)c1cnc2[nH]ccc2c1NC1CC2CCC(C1)N2Cc1ccccc1,CNC(=O)c1cnc2[nH]ccc2c1NC1CCN(Cc2cccc(OC)c2)CC1
CNC(=O)c1cnc2[nH]ccc2c1NC1CC2CCC(C1)N2Cc1ccccc1,CNC(=O)c1cnc2[nH]ccc2c1NC1CCCN(Cc2ccccc2)CC1
CNC(=O)c1cnc2[nH]ccc2c1NC1CC2CCC(C1)N2Cc1ccccc1,CNC(=O)c1cnc2[nH]ccc2c1NC1CCN(Cc2ccccc2)C(C)C1
CNC(=O)c1cnc2[nH]ccc2c1NC1CC2CCC(C1)N2Cc1ccccc1,CNC(=O)c1cnc2[nH]ccc2c1NC1CCN(Cc2ccc(Cl)cc2)C1
CNC(=O)c1cnc2[nH]ccc2c1NC1CC2CCC(C1)N2Cc1ccccc1,CC1CCCCC1Nc1c(C(N)=O)cnc2[nH]ccc12
CNC(=O)c1cnc2[nH]ccc2c1NC1CC2CCC(C1)N2Cc1ccccc1,N#Cc1ccc(N2CCC(Nc3c(C(N)=O)cnc4[nH]ccc34)CC2)nn1
CNC(=O)c1cnc2[nH]ccc2c1NC1CC2CCC(C1)N2Cc1ccccc1,O=C(NC1CC1)c1cnc2[nH]ccc2c1NC1CCN(Cc2ccccc2)CC1
CNC(=O)c1cnc2[nH]ccc2c1NC1CC2CCC(C1)N2Cc1ccccc1,CNC(=O)c1cnc2[nH]ccc2c1NC1CC2CCC(C1)N2Cc1ccc(OC)cc1
CNC(=O)c1cnc2[nH]ccc2c1NC1CC2CCC(C1)N2Cc1ccccc1,CN1CCC(Nc2c(C(N)=O)cnc3[nH]ccc23)CC1
CNC(=O)c1cnc2[nH]ccc2c1NC1CC2CCC(C1)N2Cc1ccccc1,CNC(=O)c1cnc2[nH]ccc2c1NC1CCN(Cc2cccc(OC)c2)C(C)C1
CNC(=O)c1cnc2[nH]ccc2c1NC1CC2CCC(C1)N2Cc1ccccc1,N#Cc1ccc(N2CCC(Nc3cc(Nc4ccccn4)ncc3C(N)=O)CC2)nc1
CNC(=O)c1cnc2[nH]ccc2c1NC1CC2CCC(C1)N2Cc1ccccc1,CNC(=O)c1cnc2[nH]ccc2c1NCC1CCN(Cc2ccc(Cl)cc2)CC1
CNC(=O)c1cnc2[nH]ccc2c1NC1CC2CCC(C1)N2Cc1ccccc1,CNC(=O)c1cnc2[nH]ccc2c1NCC1CCN(Cc2ccc(OC)cc2)CC1
CNC(=O)c1cnc2[nH]ccc2c1NC1CC2CCC(C1)N2Cc1ccccc1,CNC(=O)c1cnc2[nH]ccc2c1NC1CCN(Cc2cccc(Cl)c2)CC1F
CNC(=O)c1cnc2[nH]ccc2c1NC1CC2CCC(C1)N2Cc1ccccc1,CNC(=O)c1cnc2[nH]ccc2c1NC1CCN(Cc2cccc(Cl)c2)C(C)C1
CNC(=O)c1cnc2[nH]ccc2c1NC1CC2CCC(C1)N2Cc1ccccc1,N#Cc1ccc(N2CCC(Nc3c(C(N)=O)cnc4[nH]ccc34)CC2)nc1
CNC(=O)c1cnc2[nH]ccc2c1NC1CC2CCC(C1)N2Cc1ccccc1,Cc1nccc(Nc2cc(NC3CCN(c4ccc(C#N)cn4)CC3)c(C(N)=O)cn2)n1
CNC(=O)c1cnc2[nH]ccc2c1NC1CC2CCC(C1)N2Cc1ccccc1,CNC(=O)c1cnc2[nH]ccc2c1NC1CCN(Cc2cccc(Cl)c2)C1
CNC(=O)c1cnc2[nH]ccc2c1NC1CC2CCC(C1)N2Cc1ccccc1,N#Cc1ccc(N2CCC(Nc3cc(Nc4ccncn4)ncc3C(N)=O)CC2)nc1
CNC(=O)c1cnc2[nH]ccc2c1NC1CC2CCC(C1)N2Cc1ccccc1,Cc1cnc(Nc2cc(NC3CCN(c4ccc(C#N)cn4)CC3)c(C(N)=O)cn2)cn1
CNC(=O)c1cnc2[nH]ccc2c1NC1CC2CCC(C1)N2Cc1ccccc1,NC(=O)c1cnc2[nH]ccc2c1NC1C2CC3CC1CC(O)(C3)C2
Cc1cc(-c2ccc3ncc4nc(C)n(C5CCN(C)CC5)c4c3c2)cc(C)c1O,CCn1c(C(=O)N(C2CC2)C2CC2)cc2c3c(ncn3C)c(NC(=O)NCCOC)nc21
Cc1cc(-c2ccc3ncc4nc(C)n(C5CCN(C)CC5)c4c3c2)cc(C)c1O,N#CCC1CCC(n2c(CC(=O)NCc3ccc(F)cc3)nc3cnc4[nH]ccc4c32)CC1
Cc1cc(-c2ccc3ncc4nc(C)n(C5CCN(C)CC5)c4c3c2)cc(C)c1O,CCn1c(C(=O)N(C2CC2)C2CC2)cc2c3c(ncn3C)c(Nc3nc(C(=O)NC)c(C)s3)nc21
Cc1cc(-c2ccc3ncc4nc(C)n(C5CCN(C)CC5)c4c3c2)cc(C)c1O,CCn1c(C(=O)N(C2CC2)C2CC2)cc2c3c(ncn3C)c(Nc3nc(C)cs3)nc21
Cc1cc(-c2ccc3ncc4nc(C)n(C5CCN(C)CC5)c4c3c2)cc(C)c1O,CCn1c(C(=O)N(C2CC2)C2CC2)cc2c3c(ncn3C)c(Nc3ncc(C)s3)nc21
Cc1cc(-c2ccc3ncc4nc(C)n(C5CCN(C)CC5)c4c3c2)cc(C)c1O,CC1CCC(n2c(=O)[nH]c3cnc4[nH]ccc4c32)CC1
Cc1cc(-c2ccc3ncc4nc(C)n(C5CCN(C)CC5)c4c3c2)cc(C)c1O,CCn1c(C(=O)N(C2CC2)C2CC2)cc2c3c(ncn3C)c(NC)nc21
Cc1cc(-c2ccc3ncc4nc(C)n(C5CCN(C)CC5)c4c3c2)cc(C)c1O,CS(=O)(=O)N1CCC(n2c(=O)[nH]c3cnc4[nH]ccc4c32)CC1
Cc1cc(-c2ccc3ncc4nc(C)n(C5CCN(C)CC5)c4c3c2)cc(C)c1O,CCn1nc(Nc2nc3c(cc(C(=O)N(C4CC4)C4CC4)n3CC)c3c2ncn3C)cc1C
Cc1cc(-c2ccc3ncc4nc(C)n(C5CCN(C)CC5)c4c3c2)cc(C)c1O,CCn1c(C(=O)N(C2CC2)C2CC2)cc2c3c(ncn3C)c(Nc3cc(C)nn3C)nc21
Cc1cc(-c2ccc3ncc4nc(C)n(C5CCN(C)CC5)c4c3c2)cc(C)c1O,Cc1nc2cnc3ccc(-c4cc(Cl)c(O)c(Cl)c4)cc3c2n1C1CCC(CO)CC1
Cc1cc(-c2ccc3ncc4nc(C)n(C5CCN(C)CC5)c4c3c2)cc(C)c1O,CCn1c(C(=O)N(C2CC2)C2CC2)cc2c3c(ncn3C)c(Nc3nc(C)c(S(C)(=O)=O)s3)nc21
Cc1cc(-c2ccc3ncc4nc(C)n(C5CCN(C)CC5)c4c3c2)cc(C)c1O,Cc1nc2cnc3ccc(-c4cc(Cl)c(O)c(Cl)c4)cc3c2n1C1CCN(C)CC1
Cc1cc(-c2ccc3ncc4nc(C)n(C5CCN(C)CC5)c4c3c2)cc(C)c1O,O=c1[nH]c2cnc3[nH]ccc3c2n1C1CCCCCC1
Cc1cc(-c2ccc3ncc4nc(C)n(C5CCN(C)CC5)c4c3c2)cc(C)c1O,CC1(C)CCCCC1n1c(=O)[nH]c2cnc3[nH]ccc3c21
Cc1cc(-c2ccc3ncc4nc(C)n(C5CCN(C)CC5)c4c3c2)cc(C)c1O,N#CC(C#N)=Cc1ccc(-c2nc3cnc4[nH]ccc4c3n2C2CCCCC2)o1
Cc1cc(-c2ccc3ncc4nc(C)n(C5CCN(C)CC5)c4c3c2)cc(C)c1O,CCn1c(C(=O)N(C2CC2)C2CC2)cc2c3c(ncn3C)c(Nc3cc(C)[nH]n3)nc21
Cc1cc(-c2ccc3ncc4nc(C)n(C5CCN(C)CC5)c4c3c2)cc(C)c1O,CCC1CCCCC1n1c(=O)[nH]c2cnc3[nH]ccc3c21
Cc1cc(-c2ccc3ncc4nc(C)n(C5CCN(C)CC5)c4c3c2)cc(C)c1O,CN(C)C(=O)CCc1ccc(-c2nc3cnc4[nH]ccc4c3n2C2CCCCC2)o1
Cc1cc(-c2ccc3ncc4nc(C)n(C5CCN(C)CC5)c4c3c2)cc(C)c1O,Cc1nc2cnc3ccc(-c4cc(Cl)c(O)c(Cl)c4)cc3c2n1C1CCCN(C)C1
Cc1cc(-c2ccc3ncc4nc(C)n(C5CCN(C)CC5)c4c3c2)cc(C)c1O,Cc1nc2cnc3ccc(-c4cc(Cl)c(O)c(Cl)c4)cc3c2n1C1CCOCC1
Cc1cc(-c2ccc3ncc4nc(C)n(C5CCN(C)CC5)c4c3c2)cc(C)c1O,O=c1[nH]c2cnc3[nH]ccc3c2n1C1CCCCC1
Cc1cc(-c2ccc3ncc4nc(C)n(C5CCN(C)CC5)c4c3c2)cc(C)c1O,CCn1c(C(=O)N(C2CC2)C2CC2)cc2c3c(ncn3C)c(Nc3cc(C)n(C)n3)nc21
Cc1cc(-c2ccc3ncc4nc(C)n(C5CCN(C)CC5)c4c3c2)cc(C)c1O,CC1CCN(C(=O)CC#N)CC1n1c(=O)[nH]c2cnc3[nH]ccc3c21
Cc1cc(-c2ccc3ncc4nc(C)n(C5CCN(C)CC5)c4c3c2)cc(C)c1O,N#CC=Cc1ccc(-c2nc3cnc4[nH]ccc4c3n2C2CCCCC2)o1
Cc1cc(-c2ccc3ncc4nc(C)n(C5CCN(C)CC5)c4c3c2)cc(C)c1O,CC(C)(O)CNC(=O)Cc1nc2cnc3[nH]ccc3c2n1C1CCC(CC#N)CC1
Cc1cc(-c2ccc3ncc4nc(C)n(C5CCN(C)CC5)c4c3c2)cc(C)c1O,O=c1[nH]c2cnc3[nH]ccc3c2n1C1CCCC1
Cc1cc(-c2ccc3ncc4nc(C)n(C5CCN(C)CC5)c4c3c2)cc(C)c1O,CC1CCCC(n2c(=O)[nH]c3cnc4[nH]ccc4c32)C1
Cc1cc(-c2ccc3ncc4nc(C)n(C5CCN(C)CC5)c4c3c2)cc(C)c1O,CC1CCN(C(=O)CC#N)CC1n1c(=O)n(C)c2cnc3[nH]ccc3c21
Cc1cc(-c2ccc3ncc4nc(C)n(C5CCN(C)CC5)c4c3c2)cc(C)c1O,CCn1c(C(=O)N(C2CC2)C2CC2)cc2c3c(ncn3C)c(Nc3nc(C)n(C)n3)nc21
Cc1cc(-c2ccc3ncc4nc(C)n(C5CCN(C)CC5)c4c3c2)cc(C)c1O,N#CCCc1ccc(-c2nc3cnc4[nH]ccc4c3n2C2CCCCC2)o1
Cc1cc(-c2ccc3ncc4nc(C)n(C5CCN(C)CC5)c4c3c2)cc(C)c1O,CCn1c(C(=O)N(C2CC2)C2CC2)cc2c3c(ncn3C)c(Nc3nc(C)c(C(=O)NC)s3)nc21
Cc1cc(-c2ccc3ncc4nc(C)n(C5CCN(C)CC5)c4c3c2)cc(C)c1O,N#CCC1CCC(n2c(CC(=O)NCC(F)(F)F)nc3cnc4[nH]ccc4c32)CC1
CC(O)c1nc2cnc3[nH]ccc3c2n1C1CCCN(C(=O)CC#N)C1,CNCCn1c(C2CCC(O)CC2)nc2cc(C(N)=O)ccc21
CC(O)c1nc2cnc3[nH]ccc3c2n1C1CCCN(C(=O)CC#N)C1,CCn1c(C(=O)N(C2CC2)C2CC2)cc2c3c(ncn3C)c(NC(=O)NCCOC)nc21
CC(O)c1nc2cnc3[nH]ccc3c2n1C1CCCN(C(=O)CC#N)C1,N#CCC1CCC(n2c(CC(=O)NCc3ccc(F)cc3)nc3cnc4[nH]ccc4c32)CC1
CC(O)c1nc2cnc3[nH]ccc3c2n1C1CCCN(C(=O)CC#N)C1,COc1cc2c(=O)n(C3CCCN(C(=O)CC#N)C3)c3c4cc[nH]c4ncc3c2cc1OC
CC(O)c1nc2cnc3[nH]ccc3c2n1C1CCCN(C(=O)CC#N)C1,CCn1c(C(=O)N(C2CC2)C2CC2)cc2c3c(ncn3C)c(Nc3nc(C(=O)NC)c(C)s3)nc21
CC(O)c1nc2cnc3[nH]ccc3c2n1C1CCCN(C(=O)CC#N)C1,CCn1c(C(=O)N(C2CC2)C2CC2)cc2c3c(ncn3C)c(Nc3nc(C)cs3)nc21
CC(O)c1nc2cnc3[nH]ccc3c2n1C1CCCN(C(=O)CC#N)C1,CCn1c(C(=O)N(C2CC2)C2CC2)cc2c3c(ncn3C)c(Nc3ncc(C)s3)nc21
CC(O)c1nc2cnc3[nH]ccc3c2n1C1CCCN(C(=O)CC#N)C1,N#CCCNC1CCC(n2nnc3cnc4[nH]ccc4c32)CC1
CC(O)c1nc2cnc3[nH]ccc3c2n1C1CCCN(C(=O)CC#N)C1,CC1CCC(n2c(=O)[nH]c3cnc4[nH]ccc4c32)CC1
CC(O)c1nc2cnc3[nH]ccc3c2n1C1CCCN(C(=O)CC#N)C1,CCn1c(C(=O)N(C2CC2)C2CC2)cc2c3c(ncn3C)c(NC)nc21
CC(O)c1nc2cnc3[nH]ccc3c2n1C1CCCN(C(=O)CC#N)C1,COc1cc2c(=O)n(C(C(=O)N3CC(C#N)C3)C(C)C)c3c4cc[nH]c4ncc3c2cc1OC
CC(O)c1nc2cnc3[nH]ccc3c2n1C1CCCN(C(=O)CC#N)C1,CS(=O)(=O)N1CCC(n2c(=O)[nH]c3cnc4[nH]ccc4c32)CC1
CC(O)c1nc2cnc3[nH]ccc3c2n1C1CCCN(C(=O)CC#N)C1,CCC(C(=O)N1CC(C#N)C1)n1c(=O)c2cc(OC)c(OC)cc2c2cnc3[nH]ccc3c21
CC(O)c1nc2cnc3[nH]ccc3c2n1C1CCCN(C(=O)CC#N)C1,CCn1nc(Nc2nc3c(cc(C(=O)N(C4CC4)C4CC4)n3CC)c3c2ncn3C)cc1C
CC(O)c1nc2cnc3[nH]ccc3c2n1C1CCCN(C(=O)CC#N)C1,CCn1c(C(=O)N(C2CC2)C2CC2)cc2c3c(ncn3C)c(Nc3cc(C)nn3C)nc21
CC(O)c1nc2cnc3[nH]ccc3c2n1C1CCCN(C(=O)CC#N)C1,Cc1nc2cnc3ccc(-c4cc(Cl)c(O)c(Cl)c4)cc3c2n1C1CCC(CO)CC1
CC(O)c1nc2cnc3[nH]ccc3c2n1C1CCCN(C(=O)CC#N)C1,CCn1c(C(=O)N(C2CC2)C2CC2)cc2c3c(ncn3C)c(Nc3nc(C)c(S(C)(=O)=O)s3)nc21
CC(O)c1nc2cnc3[nH]ccc3c2n1C1CCCN(C(=O)CC#N)C1,Cc1nc2cnc3ccc(-c4cc(Cl)c(O)c(Cl)c4)cc3c2n1C1CCN(C)CC1
CC(O)c1nc2cnc3[nH]ccc3c2n1C1CCCN(C(=O)CC#N)C1,CC(NC(=O)c1c[nH]c2ncc(-c3nn(C)c4cc(Cl)cc(F)c34)nc12)C(=O)N1CC(C#N)C1
CC(O)c1nc2cnc3[nH]ccc3c2n1C1CCCN(C(=O)CC#N)C1,O=c1[nH]c2cnc3[nH]ccc3c2n1C1CCCCCC1
CC(O)c1nc2cnc3[nH]ccc3c2n1C1CCCN(C(=O)CC#N)C1,CC1(C)CCCCC1n1c(=O)[nH]c2cnc3[nH]ccc3c21
CC(O)c1nc2cnc3[nH]ccc3c2n1C1CCCN(C(=O)CC#N)C1,N#CC(C#N)=Cc1ccc(-c2nc3cnc4[nH]ccc4c3n2C2CCCCC2)o1
CC(O)c1nc2cnc3[nH]ccc3c2n1C1CCCN(C(=O)CC#N)C1,CCn1c(C(=O)N(C2CC2)C2CC2)cc2c3c(ncn3C)c(Nc3cc(C)[nH]n3)nc21
CC(O)c1nc2cnc3[nH]ccc3c2n1C1CCCN(C(=O)CC#N)C1,CCC1CCCCC1n1c(=O)[nH]c2cnc3[nH]ccc3c21
CC(O)c1nc2cnc3[nH]ccc3c2n1C1CCCN(C(=O)CC#N)C1,COc1cc2c(=O)n(C3CCNC3)c3c4cc[nH]c4ncc3c2cc1OC
CC(O)c1nc2cnc3[nH]ccc3c2n1C1CCCN(C(=O)CC#N)C1,COc1cc2c(=O)n(C3CCCNC3)c3c4cc[nH]c4ncc3c2cc1OC
CC(O)c1nc2cnc3[nH]ccc3c2n1C1CCCN(C(=O)CC#N)C1,CN(C)C(=O)CCc1ccc(-c2nc3cnc4[nH]ccc4c3n2C2CCCCC2)o1
CC(O)c1nc2cnc3[nH]ccc3c2n1C1CCCN(C(=O)CC#N)C1,Cc1nc2cnc3ccc(-c4cc(Cl)c(O)c(Cl)c4)cc3c2n1C1CCCN(C)C1
CC(O)c1nc2cnc3[nH]ccc3c2n1C1CCCN(C(=O)CC#N)C1,Cc1nc2cnc3ccc(-c4cc(Cl)c(O)c(Cl)c4)cc3c2n1C1CCOCC1
CC(O)c1nc2cnc3[nH]ccc3c2n1C1CCCN(C(=O)CC#N)C1,N#CCC(=O)N1CCCC(n2nnc3cnc4[nH]ccc4c32)C1
CC(O)c1nc2cnc3[nH]ccc3c2n1C1CCCN(C(=O)CC#N)C1,O=c1[nH]c2cnc3[nH]ccc3c2n1C1CCCCC1
CC(O)c1nc2cnc3[nH]ccc3c2n1C1CCCN(C(=O)CC#N)C1,CCn1c(C(=O)N(C2CC2)C2CC2)cc2c3c(ncn3C)c(Nc3cc(C)n(C)n3)nc21
CC(O)c1nc2cnc3[nH]ccc3c2n1C1CCCN(C(=O)CC#N)C1,CC1CCN(C(=O)CC#N)CC1n1c(=O)[nH]c2cnc3[nH]ccc3c21
CC(O)c1nc2cnc3[nH]ccc3c2n1C1CCCN(C(=O)CC#N)C1,N#CC=Cc1ccc(-c2nc3cnc4[nH]ccc4c3n2C2CCCCC2)o1
CC(O)c1nc2cnc3[nH]ccc3c2n1C1CCCN(C(=O)CC#N)C1,CC(C)(O)CNC(=O)Cc1nc2cnc3[nH]ccc3c2n1C1CCC(CC#N)CC1
CC(O)c1nc2cnc3[nH]ccc3c2n1C1CCCN(C(=O)CC#N)C1,O=c1[nH]c2cnc3[nH]ccc3c2n1C1CCCC1
CC(O)c1nc2cnc3[nH]ccc3c2n1C1CCCN(C(=O)CC#N)C1,CC1CCCC(n2c(=O)[nH]c3cnc4[nH]ccc4c32)C1
CC(O)c1nc2cnc3[nH]ccc3c2n1C1CCCN(C(=O)CC#N)C1,CC1CCN(C(=O)CC#N)CC1n1c(=O)n(C)c2cnc3[nH]ccc3c21
CC(O)c1nc2cnc3[nH]ccc3c2n1C1CCCN(C(=O)CC#N)C1,CCn1c(C(=O)N(C2CC2)C2CC2)cc2c3c(ncn3C)c(Nc3nc(C)n(C)n3)nc21
CC(O)c1nc2cnc3[nH]ccc3c2n1C1CCCN(C(=O)CC#N)C1,CNCCn1c(C2CCNCC2)nc2cc(C(N)=O)ccc21
CC(O)c1nc2cnc3[nH]ccc3c2n1C1CCCN(C(=O)CC#N)C1,N#CCCc1ccc(-c2nc3cnc4[nH]ccc4c3n2C2CCCCC2)o1
CC(O)c1nc2cnc3[nH]ccc3c2n1C1CCCN(C(=O)CC#N)C1,CCn1c(C(=O)N(C2CC2)C2CC2)cc2c3c(ncn3C)c(Nc3nc(C)c(C(=O)NC)s3)nc21
CC(O)c1nc2cnc3[nH]ccc3c2n1C1CCCN(C(=O)CC#N)C1,N#CCC1CCC(n2c(CC(=O)NCC(F)(F)F)nc3cnc4[nH]ccc4c32)CC1
CC(O)c1nc2cnc3[nH]ccc3c2n1C1CCCN(C(=O)CC#N)C1,CC(O)Cn1c(C2CCC(O)CC2)nc2cc(C(N)=O)ccc21
Cc1cnc(Nc2ccc(C(C)(C)C)cc2)nc1N1CCC2(CCNC2=O)CC1,COc1ccc(Nc2ncc(C)c(N3CCC4(CCNC4=O)CC3)n2)cc1N
Cc1cnc(Nc2ccc(C(C)(C)C)cc2)nc1N1CCC2(CCNC2=O)CC1,COc1cc(Nc2ncc(C)c(N3CCC4(CCNC4=O)CC3)n2)cc(OC)c1OC
Cc1cnc(Nc2ccc(C(C)(C)C)cc2)nc1N1CCC2(CCNC2=O)CC1,Cc1cnc(Nc2cnn(C(C)C)c2)nc1N1CCC2(CCNC2=O)CC1
Cc1cnc(Nc2ccc(C(C)(C)C)cc2)nc1N1CCC2(CCNC2=O)CC1,Cc1cnc(Nc2cnn(C)c2)nc1N1CCC2(CCNC2=O)CC1
Cc1cnc(Nc2ccc(C(C)(C)C)cc2)nc1N1CCC2(CCNC2=O)CC1,Cc1cnc(Nc2cnn(C(F)F)c2)nc1N1CCC2(CCNC2=O)CC1
Cc1cnc(Nc2ccc(C(C)(C)C)cc2)nc1N1CCC2(CCNC2=O)CC1,Cc1cnc(Nc2ccc(N3C4CCC3COC4)cc2)nc1N1CCC2(CCNC2=O)CC1
Cc1cnc(Nc2ccc(C(C)(C)C)cc2)nc1N1CCC2(CCNC2=O)CC1,CCNC(=O)c1ccc(Nc2ncc(F)c(N3CC4CCC(C3)N4C(=O)C3CC3)n2)cc1
O=C(Nc1nc2cccc(-c3ccc(NS(=O)(=O)C4CC4)cc3)n2n1)C1CC1,O=C(Nc1nc2cccc(C3CCC(NC(=O)C4(F)CC4)CC3)n2n1)C1CC1
O=C(Nc1nc2cccc(-c3ccc(NS(=O)(=O)C4CC4)cc3)n2n1)C1CC1,O=C(Nc1nc2cccc(-c3ccc(C(=O)N4CCC(F)(F)CC4)cc3)n2n1)C1CC1
O=C(Nc1nc2cccc(-c3ccc(NS(=O)(=O)C4CC4)cc3)n2n1)C1CC1,O=C(Nc1nc2cccc(-c3ccc(C(=O)N4CC(F)(F)C4)cc3)n2n1)C1CC1
O=C(Nc1nc2cccc(-c3ccc(NS(=O)(=O)C4CC4)cc3)n2n1)C1CC1,N#CCC(=O)N1CC=C(c2cccc3nc(NC(=O)C4CC4)nn23)CC1
O=C(Nc1nc2cccc(-c3ccc(NS(=O)(=O)C4CC4)cc3)n2n1)C1CC1,C=CC(=O)N1CC=C(c2cccc3nc(NC(=O)C4CC4)nn23)CC1
O=C(Nc1nc2cccc(-c3ccc(NS(=O)(=O)C4CC4)cc3)n2n1)C1CC1,O=C(Nc1nc2cccc(C3CCC4(CCN(C(=O)C5CC5(F)F)CC4)C3)n2n1)C1CC1
O=C(Nc1nc2cccc(-c3ccc(NS(=O)(=O)C4CC4)cc3)n2n1)C1CC1,CC(C)(C#N)C(=O)N1CC2(CCC(c3cccc4nc(NC(=O)C5CC5)nn34)CC2)C1
O=C(Nc1nc2cccc(-c3ccc(NS(=O)(=O)C4CC4)cc3)n2n1)C1CC1,O=C(Nc1nc2cccc(C3=CCN(C(=O)NCC(F)(F)F)CC3)n2n1)C1CC1
O=C(Nc1nc2cccc(-c3ccc(NS(=O)(=O)C4CC4)cc3)n2n1)C1CC1,O=C(Nc1nc2cccc(C3CCC4(CC3)CCN(C(=O)C3CC3(F)F)CC4)n2n1)C1CC1
O=C(Nc1nc2cccc(-c3ccc(NS(=O)(=O)C4CC4)cc3)n2n1)C1CC1,O=C(NCC(F)(F)F)c1ccc(-c2cccc3nc(NC(=O)C4CC4)nn23)cc1
O=C(Nc1nc2cccc(-c3ccc(NS(=O)(=O)C4CC4)cc3)n2n1)C1CC1,N#CC1CN(C(=O)c2ccc(-c3cccc4nc(NC(=O)C5CC5)nn34)cc2)C1
O=C(Nc1nc2cccc(-c3ccc(NS(=O)(=O)C4CC4)cc3)n2n1)C1CC1,O=C(Nc1nc2cccc(C3=CCN(C(=O)C4(C(F)(F)F)CC4)CC3)n2n1)C1CC1
O=C(Nc1nc2cccc(-c3ccc(NS(=O)(=O)C4CC4)cc3)n2n1)C1CC1,N#CCC(=O)N1CC2(CCC(c3cccc4nc(NC(=O)C5CC5)nn34)CC2)C1
O=C(Nc1nc2cccc(-c3ccc(NS(=O)(=O)C4CC4)cc3)n2n1)C1CC1,O=C(Nc1nc2cccc(C3=CCN(C(=O)C4CC4(F)F)CC3)n2n1)C1CC1
O=C(Nc1nc2cccc(-c3ccc(NS(=O)(=O)C4CC4)cc3)n2n1)C1CC1,N#CCC(=O)N1CCC2(CCC(c3cccc4nc(NC(=O)C5CC5)nn34)CC2)CC1
O=C(Nc1nc2cccc(-c3ccc(NS(=O)(=O)C4CC4)cc3)n2n1)C1CC1,C=C(C#N)C(O)c1ccc(-c2cccc3nc(NC(=O)C4CC4)nn23)cc1
COc1ccccc1-c1cccc2nc(NC(=O)C3CC3)nn12,O=C(Nc1nc2cccc(C3CCC(NC(=O)C4(F)CC4)CC3)n2n1)C1CC1
COc1ccccc1-c1cccc2nc(NC(=O)C3CC3)nn12,O=C(Nc1nc2cccc(-c3ccc(C(=O)N4CCC(F)(F)CC4)cc3)n2n1)C1CC1
COc1ccccc1-c1cccc2nc(NC(=O)C3CC3)nn12,O=C(Nc1nc2cccc(-c3ccc(C(=O)N4CC(F)(F)C4)cc3)n2n1)C1CC1
COc1ccccc1-c1cccc2nc(NC(=O)C3CC3)nn12,N#CCC(=O)N1CC=C(c2cccc3nc(NC(=O)C4CC4)nn23)CC1
COc1ccccc1-c1cccc2nc(NC(=O)C3CC3)nn12,C=CC(=O)N1CC=C(c2cccc3nc(NC(=O)C4CC4)nn23)CC1
COc1ccccc1-c1cccc2nc(NC(=O)C3CC3)nn12,O=C(Nc1nc2cccc(C3CCC4(CCN(C(=O)C5CC5(F)F)CC4)C3)n2n1)C1CC1
COc1ccccc1-c1cccc2nc(NC(=O)C3CC3)nn12,CC(C)(C#N)C(=O)N1CC2(CCC(c3cccc4nc(NC(=O)C5CC5)nn34)CC2)C1
COc1ccccc1-c1cccc2nc(NC(=O)C3CC3)nn12,O=C(Nc1nc2cccc(C3=CCN(C(=O)NCC(F)(F)F)CC3)n2n1)C1CC1
COc1ccccc1-c1cccc2nc(NC(=O)C3CC3)nn12,O=C(Nc1nc2cccc(C3CCC4(CC3)CCN(C(=O)C3CC3(F)F)CC4)n2n1)C1CC1
COc1ccccc1-c1cccc2nc(NC(=O)C3CC3)nn12,O=C(NCC(F)(F)F)c1ccc(-c2cccc3nc(NC(=O)C4CC4)nn23)cc1
COc1ccccc1-c1cccc2nc(NC(=O)C3CC3)nn12,N#CC1CN(C(=O)c2ccc(-c3cccc4nc(NC(=O)C5CC5)nn34)cc2)C1
COc1ccccc1-c1cccc2nc(NC(=O)C3CC3)nn12,O=C(Nc1nc2cccc(C3=CCN(C(=O)C4(C(F)(F)F)CC4)CC3)n2n1)C1CC1
COc1ccccc1-c1cccc2nc(NC(=O)C3CC3)nn12,N#CCC(=O)N1CC2(CCC(c3cccc4nc(NC(=O)C5CC5)nn34)CC2)C1
COc1ccccc1-c1cccc2nc(NC(=O)C3CC3)nn12,O=C(Nc1nc2cccc(C3=CCN(C(=O)C4CC4(F)F)CC3)n2n1)C1CC1
COc1ccccc1-c1cccc2nc(NC(=O)C3CC3)nn12,N#CCC(=O)N1CCC2(CCC(c3cccc4nc(NC(=O)C5CC5)nn34)CC2)CC1
COc1ccccc1-c1cccc2nc(NC(=O)C3CC3)nn12,C=C(C#N)C(O)c1ccc(-c2cccc3nc(NC(=O)C4CC4)nn23)cc1
COCCc1c[nH]c2ncnc(-c3ccc4c(c3)N(C#N)CCO4)c12,CN(C#N)C1CCc2ccc(-c3ncnc4[nH]ccc34)cc21
COCCc1c[nH]c2ncnc(-c3ccc4c(c3)N(C#N)CCO4)c12,CCn1c(C(=O)N(C2CC2)C2CC2)cc2c3c(ncn3C)c(Nc3nc(C)c(S(C)(=O)=O)s3)nc21
COCCc1c[nH]c2ncnc(-c3ccc4c(c3)N(C#N)CCO4)c12,N#CNC1CC(NS(=O)(=O)c2cccc(C#N)c2)c2ccc(-c3ncnc4[nH]ccc34)cc21
COCCc1c[nH]c2ncnc(-c3ccc4c(c3)N(C#N)CCO4)c12,N#CNC1CC(NS(=O)(=O)c2cccc(F)c2)c2ccc(-c3ncnc4[nH]ccc34)cc21
CCC(=O)Nc1nc2cccc(-c3ccc(OC)cc3)n2n1,O=C(Nc1nc2cccc(C3CCC(NC(=O)C4(F)CC4)CC3)n2n1)C1CC1
CCC(=O)Nc1nc2cccc(-c3ccc(OC)cc3)n2n1,O=C(Nc1nc2cccc(-c3ccc(C(=O)N4CCC(F)(F)CC4)cc3)n2n1)C1CC1
CCC(=O)Nc1nc2cccc(-c3ccc(OC)cc3)n2n1,O=C(Nc1nc2cccc(-c3ccc(C(=O)N4CC(F)(F)C4)cc3)n2n1)C1CC1
CCC(=O)Nc1nc2cccc(-c3ccc(OC)cc3)n2n1,O=C(Nc1nc2cccc(C3CCC4(CCN(C(=O)C5CC5(F)F)CC4)C3)n2n1)C1CC1
CCC(=O)Nc1nc2cccc(-c3ccc(OC)cc3)n2n1,CC(C)(C#N)C(=O)N1CC2(CCC(c3cccc4nc(NC(=O)C5CC5)nn34)CC2)C1
CCC(=O)Nc1nc2cccc(-c3ccc(OC)cc3)n2n1,O=C(Nc1nc2cccc(C3CCC4(CC3)CCN(C(=O)C3CC3(F)F)CC4)n2n1)C1CC1
CCC(=O)Nc1nc2cccc(-c3ccc(OC)cc3)n2n1,O=C(NCC(F)(F)F)c1ccc(-c2cccc3nc(NC(=O)C4CC4)nn23)cc1
CCC(=O)Nc1nc2cccc(-c3ccc(OC)cc3)n2n1,N#CC1CN(C(=O)c2ccc(-c3cccc4nc(NC(=O)C5CC5)nn34)cc2)C1
CCC(=O)Nc1nc2cccc(-c3ccc(OC)cc3)n2n1,N#CCC(=O)N1CC2(CCC(c3cccc4nc(NC(=O)C5CC5)nn34)CC2)C1
CCC(=O)Nc1nc2cccc(-c3ccc(OC)cc3)n2n1,N#CCC(=O)N1CCC2(CCC(c3cccc4nc(NC(=O)C5CC5)nn34)CC2)CC1
CCC(=O)Nc1nc2cccc(-c3ccc(OC)cc3)n2n1,C=C(C#N)C(O)c1ccc(-c2cccc3nc(NC(=O)C4CC4)nn23)cc1
CCNC1CCC(Nc2cc[nH]c(=O)c2-c2nc3ccccc3[nH]2)CC1,CN1CCN(c2ccc3nc(-c4c(N)c5c(F)cccc5[nH]c4=O)[nH]c3c2)CC1
CCNC1CCC(Nc2cc[nH]c(=O)c2-c2nc3ccccc3[nH]2)CC1,NC1CCC(Nc2cc[nH]c(=O)c2-c2nc3ccccc3[nH]2)CC1
CCNC1CCC(Nc2cc[nH]c(=O)c2-c2nc3ccccc3[nH]2)CC1,O=c1[nH]ccc(NC2CCOCC2)c1-c1nc2ccccc2[nH]1
CCNC1CCC(Nc2cc[nH]c(=O)c2-c2nc3ccccc3[nH]2)CC1,COC(=O)C1CCc2[nH]c(-c3c(NC4CCC(N)CC4)cc[nH]c3=O)nc2C1
CCOc1ccc(-c2c(OC)ccc3nc(NC(=O)C4CC4)nn23)cc1,O=C(Nc1nc2cccc(C3CCC(NC(=O)C4(F)CC4)CC3)n2n1)C1CC1
CCOc1ccc(-c2c(OC)ccc3nc(NC(=O)C4CC4)nn23)cc1,O=C(Nc1nc2cccc(-c3ccc(C(=O)N4CCC(F)(F)CC4)cc3)n2n1)C1CC1
CCOc1ccc(-c2c(OC)ccc3nc(NC(=O)C4CC4)nn23)cc1,O=C(Nc1nc2cccc(-c3ccc(C(=O)N4CC(F)(F)C4)cc3)n2n1)C1CC1
CCOc1ccc(-c2c(OC)ccc3nc(NC(=O)C4CC4)nn23)cc1,CCn1c(C(=O)N(C2CC2)C2CC2)cc2c3c(ncn3C)c(Nc3nc(C(=O)NC)c(C)s3)nc21
CCOc1ccc(-c2c(OC)ccc3nc(NC(=O)C4CC4)nn23)cc1,N#CCC(=O)N1CC=C(c2cccc3nc(NC(=O)C4CC4)nn23)CC1
CCOc1ccc(-c2c(OC)ccc3nc(NC(=O)C4CC4)nn23)cc1,C=CC(=O)N1CC=C(c2cccc3nc(NC(=O)C4CC4)nn23)CC1
CCOc1ccc(-c2c(OC)ccc3nc(NC(=O)C4CC4)nn23)cc1,CCn1c(C(=O)N(C2CC2)C2CC2)cc2c3c(ncn3C)c(Nc3nc(C)c(S(C)(=O)=O)s3)nc21
CCOc1ccc(-c2c(OC)ccc3nc(NC(=O)C4CC4)nn23)cc1,O=C(Nc1nc2cccc(C3CCC4(CCN(C(=O)C5CC5(F)F)CC4)C3)n2n1)C1CC1
CCOc1ccc(-c2c(OC)ccc3nc(NC(=O)C4CC4)nn23)cc1,CC(NC(=O)c1c[nH]c2ncc(-c3nn(C)c4cc(Cl)cc(F)c34)nc12)C(=O)N1CC(C#N)C1
CCOc1ccc(-c2c(OC)ccc3nc(NC(=O)C4CC4)nn23)cc1,CC(C)(C#N)C(=O)N1CC2(CCC(c3cccc4nc(NC(=O)C5CC5)nn34)CC2)C1
CCOc1ccc(-c2c(OC)ccc3nc(NC(=O)C4CC4)nn23)cc1,O=C(Nc1nc2cccc(C3=CCN(C(=O)NCC(F)(F)F)CC3)n2n1)C1CC1
CCOc1ccc(-c2c(OC)ccc3nc(NC(=O)C4CC4)nn23)cc1,O=C(Nc1nc2cccc(C3CCC4(CC3)CCN(C(=O)C3CC3(F)F)CC4)n2n1)C1CC1
CCOc1ccc(-c2c(OC)ccc3nc(NC(=O)C4CC4)nn23)cc1,O=C(NCC(F)(F)F)c1ccc(-c2cccc3nc(NC(=O)C4CC4)nn23)cc1
CCOc1ccc(-c2c(OC)ccc3nc(NC(=O)C4CC4)nn23)cc1,N#CC1CN(C(=O)c2ccc(-c3cccc4nc(NC(=O)C5CC5)nn34)cc2)C1
CCOc1ccc(-c2c(OC)ccc3nc(NC(=O)C4CC4)nn23)cc1,O=C(Nc1nc2cccc(C3=CCN(C(=O)C4(C(F)(F)F)CC4)CC3)n2n1)C1CC1
CCOc1ccc(-c2c(OC)ccc3nc(NC(=O)C4CC4)nn23)cc1,N#CCC(=O)N1CC2(CCC(c3cccc4nc(NC(=O)C5CC5)nn34)CC2)C1
CCOc1ccc(-c2c(OC)ccc3nc(NC(=O)C4CC4)nn23)cc1,O=C(Nc1nc2cccc(C3=CCN(C(=O)C4CC4(F)F)CC3)n2n1)C1CC1
CCOc1ccc(-c2c(OC)ccc3nc(NC(=O)C4CC4)nn23)cc1,N#CCC(=O)N1CCC2(CCC(c3cccc4nc(NC(=O)C5CC5)nn34)CC2)CC1
CCOc1ccc(-c2c(OC)ccc3nc(NC(=O)C4CC4)nn23)cc1,CCn1c(C(=O)N(C2CC2)C2CC2)cc2c3c(ncn3C)c(Nc3nc(C)n(C)n3)nc21
CCOc1ccc(-c2c(OC)ccc3nc(NC(=O)C4CC4)nn23)cc1,CCn1c(C(=O)N(C2CC2)C2CC2)cc2c3c(ncn3C)c(Nc3nc(C)c(C(=O)NC)s3)nc21
CCOc1ccc(-c2c(OC)ccc3nc(NC(=O)C4CC4)nn23)cc1,C=C(C#N)C(O)c1ccc(-c2cccc3nc(NC(=O)C4CC4)nn23)cc1
CCCCS(=O)(=O)CC1CC(N(C)c2ncnc3[nH]ccc23)C1,CC1CCN(C(=O)N2CCCC2)CC1N(C)c1ncnc2[nH]ccc12
CCCCS(=O)(=O)CC1CC(N(C)c2ncnc3[nH]ccc23)C1,CN(c1ncnc2[nH]ccc12)C1CN(S(=O)(=O)c2cccc(C#N)c2)CC12CC2
CCCCS(=O)(=O)CC1CC(N(C)c2ncnc3[nH]ccc23)C1,CC1CN(C(=O)CC#N)C12CCN(c1ncnc3[nH]ccc13)C2
CCCCS(=O)(=O)CC1CC(N(C)c2ncnc3[nH]ccc23)C1,CC1CCCN(c2ncnc3[nH]cc(-c4cccc(C#N)c4)c23)C1
CCCCS(=O)(=O)CC1CC(N(C)c2ncnc3[nH]ccc23)C1,CN(c1ncnc2[nH]ccc12)C1CCN(C(=O)CC#N)C1
Cc1[nH]c(-c2c(NC3CCC(N)CC3)cc[nH]c2=O)nc1-c1ccccc1,CN1CCN(c2ccc3nc(-c4c(N)c5c(F)cccc5[nH]c4=O)[nH]c3c2)CC1
Cc1[nH]c(-c2c(NC3CCC(N)CC3)cc[nH]c2=O)nc1-c1ccccc1,NC1CCC(Nc2cc[nH]c(=O)c2-c2nc3ccccc3[nH]2)CC1
Cc1[nH]c(-c2c(NC3CCC(N)CC3)cc[nH]c2=O)nc1-c1ccccc1,O=c1[nH]ccc(NC2CCOCC2)c1-c1nc2ccccc2[nH]1
Cc1[nH]c(-c2c(NC3CCC(N)CC3)cc[nH]c2=O)nc1-c1ccccc1,COC(=O)C1CCc2[nH]c(-c3c(NC4CCC(N)CC4)cc[nH]c3=O)nc2C1
COc1ccc(Nc2ncc(C)c(N3CCC4(CCNC4=O)CC3)n2)cc1,COc1ccc(Nc2ncc(C)c(N3CCC4(CCNC4=O)CC3)n2)cc1N
COc1ccc(Nc2ncc(C)c(N3CCC4(CCNC4=O)CC3)n2)cc1,COc1cc(Nc2ncc(C)c(N3CCC4(CCNC4=O)CC3)n2)cc(OC)c1OC
COc1ccc(Nc2ncc(C)c(N3CCC4(CCNC4=O)CC3)n2)cc1,Cc1cnc(Nc2cnn(C(C)C)c2)nc1N1CCC2(CCNC2=O)CC1
COc1ccc(Nc2ncc(C)c(N3CCC4(CCNC4=O)CC3)n2)cc1,Cc1cnc(Nc2cnn(C)c2)nc1N1CCC2(CCNC2=O)CC1
COc1ccc(Nc2ncc(C)c(N3CCC4(CCNC4=O)CC3)n2)cc1,Cc1cnc(Nc2cnn(C(F)F)c2)nc1N1CCC2(CCNC2=O)CC1
COc1ccc(Nc2ncc(C)c(N3CCC4(CCNC4=O)CC3)n2)cc1,Cc1cnc(Nc2ccc(N3C4CCC3COC4)cc2)nc1N1CCC2(CCNC2=O)CC1
COc1ccc(Nc2ncc(C)c(N3CCC4(CCNC4=O)CC3)n2)cc1,CCNC(=O)c1ccc(Nc2ncc(F)c(N3CC4CCC(C3)N4C(=O)C3CC3)n2)cc1
COc1ncc(-c2cccc3nc(NC(=O)C4CC4)nn23)cn1,O=C(Nc1nc2cccc(C3CCC(NC(=O)C4(F)CC4)CC3)n2n1)C1CC1
COc1ncc(-c2cccc3nc(NC(=O)C4CC4)nn23)cn1,O=C(Nc1nc2cccc(-c3ccc(C(=O)N4CCC(F)(F)CC4)cc3)n2n1)C1CC1
COc1ncc(-c2cccc3nc(NC(=O)C4CC4)nn23)cn1,O=C(Nc1nc2cccc(-c3ccc(C(=O)N4CC(F)(F)C4)cc3)n2n1)C1CC1
COc1ncc(-c2cccc3nc(NC(=O)C4CC4)nn23)cn1,N#CCC(=O)N1CC=C(c2cccc3nc(NC(=O)C4CC4)nn23)CC1
COc1ncc(-c2cccc3nc(NC(=O)C4CC4)nn23)cn1,C=CC(=O)N1CC=C(c2cccc3nc(NC(=O)C4CC4)nn23)CC1
COc1ncc(-c2cccc3nc(NC(=O)C4CC4)nn23)cn1,O=C(Nc1nc2cccc(C3CCC4(CCN(C(=O)C5CC5(F)F)CC4)C3)n2n1)C1CC1
COc1ncc(-c2cccc3nc(NC(=O)C4CC4)nn23)cn1,CC(C)(C#N)C(=O)N1CC2(CCC(c3cccc4nc(NC(=O)C5CC5)nn34)CC2)C1
COc1ncc(-c2cccc3nc(NC(=O)C4CC4)nn23)cn1,O=C(Nc1nc2cccc(C3=CCN(C(=O)NCC(F)(F)F)CC3)n2n1)C1CC1
COc1ncc(-c2cccc3nc(NC(=O)C4CC4)nn23)cn1,O=C(Nc1nc2cccc(C3CCC4(CC3)CCN(C(=O)C3CC3(F)F)CC4)n2n1)C1CC1
COc1ncc(-c2cccc3nc(NC(=O)C4CC4)nn23)cn1,O=C(NCC(F)(F)F)c1ccc(-c2cccc3nc(NC(=O)C4CC4)nn23)cc1
COc1ncc(-c2cccc3nc(NC(=O)C4CC4)nn23)cn1,N#CC1CN(C(=O)c2ccc(-c3cccc4nc(NC(=O)C5CC5)nn34)cc2)C1
COc1ncc(-c2cccc3nc(NC(=O)C4CC4)nn23)cn1,O=C(Nc1nc2cccc(C3=CCN(C(=O)C4(C(F)(F)F)CC4)CC3)n2n1)C1CC1
COc1ncc(-c2cccc3nc(NC(=O)C4CC4)nn23)cn1,N#CCC(=O)N1CC2(CCC(c3cccc4nc(NC(=O)C5CC5)nn34)CC2)C1
COc1ncc(-c2cccc3nc(NC(=O)C4CC4)nn23)cn1,O=C(Nc1nc2cccc(C3=CCN(C(=O)C4CC4(F)F)CC3)n2n1)C1CC1
COc1ncc(-c2cccc3nc(NC(=O)C4CC4)nn23)cn1,N#CCC(=O)N1CCC2(CCC(c3cccc4nc(NC(=O)C5CC5)nn34)CC2)CC1
COc1ncc(-c2cccc3nc(NC(=O)C4CC4)nn23)cn1,C=C(C#N)C(O)c1ccc(-c2cccc3nc(NC(=O)C4CC4)nn23)cc1
CN(c1ncnc2[nH]ccc12)C1CC(NS(=O)(=O)N2CCCCC2)C1,CC1CCN(C(=O)N2CCCC2)CC1N(C)c1ncnc2[nH]ccc12
CN(c1ncnc2[nH]ccc12)C1CC(NS(=O)(=O)N2CCCCC2)C1,CN(c1ncnc2[nH]ccc12)C1CN(S(=O)(=O)c2cccc(C#N)c2)CC12CC2
CN(c1ncnc2[nH]ccc12)C1CC(NS(=O)(=O)N2CCCCC2)C1,CC1CN(C(=O)CC#N)C12CCN(c1ncnc3[nH]ccc13)C2
CN(c1ncnc2[nH]ccc12)C1CC(NS(=O)(=O)N2CCCCC2)C1,CC1CCCN(c2ncnc3[nH]cc(-c4cccc(C#N)c4)c23)C1
CN(c1ncnc2[nH]ccc12)C1CC(NS(=O)(=O)N2CCCCC2)C1,CN(c1ncnc2[nH]ccc12)C1CCN(C(=O)CC#N)C1
CN(c1ncnc2[nH]ccc12)C1CC(NS(=O)(=O)N(C)CCC#N)C1,CC1CCN(C(=O)N2CCCC2)CC1N(C)c1ncnc2[nH]ccc12
CN(c1ncnc2[nH]ccc12)C1CC(NS(=O)(=O)N(C)CCC#N)C1,CN(c1ncnc2[nH]ccc12)C1CN(S(=O)(=O)c2cccc(C#N)c2)CC12CC2
CN(c1ncnc2[nH]ccc12)C1CC(NS(=O)(=O)N(C)CCC#N)C1,CC1CN(C(=O)CC#N)C12CCN(c1ncnc3[nH]ccc13)C2
CN(c1ncnc2[nH]ccc12)C1CC(NS(=O)(=O)N(C)CCC#N)C1,CC1CCCN(c2ncnc3[nH]cc(-c4cccc(C#N)c4)c23)C1
CN(c1ncnc2[nH]ccc12)C1CC(NS(=O)(=O)N(C)CCC#N)C1,CN(c1ncnc2[nH]ccc12)C1CCN(C(=O)CC#N)C1
Cc1nc2cnc3ccc(-c4ccc(O)cc4F)cc3c2n1C1CCN(C)CC1,CCn1c(C(=O)N(C2CC2)C2CC2)cc2c3c(ncn3C)c(NC(=O)NCCOC)nc21
Cc1nc2cnc3ccc(-c4ccc(O)cc4F)cc3c2n1C1CCN(C)CC1,N#CCC1CCC(n2c(CC(=O)NCc3ccc(F)cc3)nc3cnc4[nH]ccc4c32)CC1
Cc1nc2cnc3ccc(-c4ccc(O)cc4F)cc3c2n1C1CCN(C)CC1,CCn1c(C(=O)N(C2CC2)C2CC2)cc2c3c(ncn3C)c(Nc3nc(C(=O)NC)c(C)s3)nc21
Cc1nc2cnc3ccc(-c4ccc(O)cc4F)cc3c2n1C1CCN(C)CC1,CCn1c(C(=O)N(C2CC2)C2CC2)cc2c3c(ncn3C)c(Nc3nc(C)cs3)nc21
Cc1nc2cnc3ccc(-c4ccc(O)cc4F)cc3c2n1C1CCN(C)CC1,CCn1c(C(=O)N(C2CC2)C2CC2)cc2c3c(ncn3C)c(Nc3ncc(C)s3)nc21
Cc1nc2cnc3ccc(-c4ccc(O)cc4F)cc3c2n1C1CCN(C)CC1,CC1CCC(n2c(=O)[nH]c3cnc4[nH]ccc4c32)CC1
Cc1nc2cnc3ccc(-c4ccc(O)cc4F)cc3c2n1C1CCN(C)CC1,CCn1c(C(=O)N(C2CC2)C2CC2)cc2c3c(ncn3C)c(NC)nc21
Cc1nc2cnc3ccc(-c4ccc(O)cc4F)cc3c2n1C1CCN(C)CC1,CS(=O)(=O)N1CCC(n2c(=O)[nH]c3cnc4[nH]ccc4c32)CC1
Cc1nc2cnc3ccc(-c4ccc(O)cc4F)cc3c2n1C1CCN(C)CC1,CCn1nc(Nc2nc3c(cc(C(=O)N(C4CC4)C4CC4)n3CC)c3c2ncn3C)cc1C
Cc1nc2cnc3ccc(-c4ccc(O)cc4F)cc3c2n1C1CCN(C)CC1,CCn1c(C(=O)N(C2CC2)C2CC2)cc2c3c(ncn3C)c(Nc3cc(C)nn3C)nc21
Cc1nc2cnc3ccc(-c4ccc(O)cc4F)cc3c2n1C1CCN(C)CC1,Cc1nc2cnc3ccc(-c4cc(Cl)c(O)c(Cl)c4)cc3c2n1C1CCC(CO)CC1
Cc1nc2cnc3ccc(-c4ccc(O)cc4F)cc3c2n1C1CCN(C)CC1,CCn1c(C(=O)N(C2CC2)C2CC2)cc2c3c(ncn3C)c(Nc3nc(C)c(S(C)(=O)=O)s3)nc21
Cc1nc2cnc3ccc(-c4ccc(O)cc4F)cc3c2n1C1CCN(C)CC1,Cc1nc2cnc3ccc(-c4cc(Cl)c(O)c(Cl)c4)cc3c2n1C1CCN(C)CC1
Cc1nc2cnc3ccc(-c4ccc(O)cc4F)cc3c2n1C1CCN(C)CC1,O=c1[nH]c2cnc3[nH]ccc3c2n1C1CCCCCC1
Cc1nc2cnc3ccc(-c4ccc(O)cc4F)cc3c2n1C1CCN(C)CC1,CC1(C)CCCCC1n1c(=O)[nH]c2cnc3[nH]ccc3c21
Cc1nc2cnc3ccc(-c4ccc(O)cc4F)cc3c2n1C1CCN(C)CC1,N#CC(C#N)=Cc1ccc(-c2nc3cnc4[nH]ccc4c3n2C2CCCCC2)o1
Cc1nc2cnc3ccc(-c4ccc(O)cc4F)cc3c2n1C1CCN(C)CC1,CCn1c(C(=O)N(C2CC2)C2CC2)cc2c3c(ncn3C)c(Nc3cc(C)[nH]n3)nc21
Cc1nc2cnc3ccc(-c4ccc(O)cc4F)cc3c2n1C1CCN(C)CC1,CCC1CCCCC1n1c(=O)[nH]c2cnc3[nH]ccc3c21
Cc1nc2cnc3ccc(-c4ccc(O)cc4F)cc3c2n1C1CCN(C)CC1,CN(C)C(=O)CCc1ccc(-c2nc3cnc4[nH]ccc4c3n2C2CCCCC2)o1
Cc1nc2cnc3ccc(-c4ccc(O)cc4F)cc3c2n1C1CCN(C)CC1,Cc1nc2cnc3ccc(-c4cc(Cl)c(O)c(Cl)c4)cc3c2n1C1CCCN(C)C1
Cc1nc2cnc3ccc(-c4ccc(O)cc4F)cc3c2n1C1CCN(C)CC1,Cc1nc2cnc3ccc(-c4cc(Cl)c(O)c(Cl)c4)cc3c2n1C1CCOCC1
Cc1nc2cnc3ccc(-c4ccc(O)cc4F)cc3c2n1C1CCN(C)CC1,O=c1[nH]c2cnc3[nH]ccc3c2n1C1CCCCC1
Cc1nc2cnc3ccc(-c4ccc(O)cc4F)cc3c2n1C1CCN(C)CC1,CCn1c(C(=O)N(C2CC2)C2CC2)cc2c3c(ncn3C)c(Nc3cc(C)n(C)n3)nc21
Cc1nc2cnc3ccc(-c4ccc(O)cc4F)cc3c2n1C1CCN(C)CC1,CC1CCN(C(=O)CC#N)CC1n1c(=O)[nH]c2cnc3[nH]ccc3c21
Cc1nc2cnc3ccc(-c4ccc(O)cc4F)cc3c2n1C1CCN(C)CC1,N#CC=Cc1ccc(-c2nc3cnc4[nH]ccc4c3n2C2CCCCC2)o1
Cc1nc2cnc3ccc(-c4ccc(O)cc4F)cc3c2n1C1CCN(C)CC1,CC(C)(O)CNC(=O)Cc1nc2cnc3[nH]ccc3c2n1C1CCC(CC#N)CC1
Cc1nc2cnc3ccc(-c4ccc(O)cc4F)cc3c2n1C1CCN(C)CC1,O=c1[nH]c2cnc3[nH]ccc3c2n1C1CCCC1
Cc1nc2cnc3ccc(-c4ccc(O)cc4F)cc3c2n1C1CCN(C)CC1,CC1CCCC(n2c(=O)[nH]c3cnc4[nH]ccc4c32)C1
Cc1nc2cnc3ccc(-c4ccc(O)cc4F)cc3c2n1C1CCN(C)CC1,CC1CCN(C(=O)CC#N)CC1n1c(=O)n(C)c2cnc3[nH]ccc3c21
Cc1nc2cnc3ccc(-c4ccc(O)cc4F)cc3c2n1C1CCN(C)CC1,CCn1c(C(=O)N(C2CC2)C2CC2)cc2c3c(ncn3C)c(Nc3nc(C)n(C)n3)nc21
Cc1nc2cnc3ccc(-c4ccc(O)cc4F)cc3c2n1C1CCN(C)CC1,N#CCCc1ccc(-c2nc3cnc4[nH]ccc4c3n2C2CCCCC2)o1
Cc1nc2cnc3ccc(-c4ccc(O)cc4F)cc3c2n1C1CCN(C)CC1,CCn1c(C(=O)N(C2CC2)C2CC2)cc2c3c(ncn3C)c(Nc3nc(C)c(C(=O)NC)s3)nc21
Cc1nc2cnc3ccc(-c4ccc(O)cc4F)cc3c2n1C1CCN(C)CC1,N#CCC1CCC(n2c(CC(=O)NCC(F)(F)F)nc3cnc4[nH]ccc4c32)CC1
COCCc1c[nH]c2ncnc(-c3ccc4c(c3)N(C#N)CC(F)(F)O4)c12,CCn1c(C(=O)N(C2CC2)C2CC2)cc2c3c(ncn3C)c(NC(=O)NCCOC)nc21
COCCc1c[nH]c2ncnc(-c3ccc4c(c3)N(C#N)CC(F)(F)O4)c12,CCn1c(C(=O)N(C2CC2)C2CC2)cc2c3c(ncn3C)c(Nc3nc(C(=O)NC)c(C)s3)nc21
COCCc1c[nH]c2ncnc(-c3ccc4c(c3)N(C#N)CC(F)(F)O4)c12,CCn1c(C(=O)N(C2CC2)C2CC2)cc2c3c(ncn3C)c(Nc3nc(C)cs3)nc21
COCCc1c[nH]c2ncnc(-c3ccc4c(c3)N(C#N)CC(F)(F)O4)c12,CCn1c(C(=O)N(C2CC2)C2CC2)cc2c3c(ncn3C)c(Nc3ncc(C)s3)nc21
COCCc1c[nH]c2ncnc(-c3ccc4c(c3)N(C#N)CC(F)(F)O4)c12,CN(C#N)C1CCc2ccc(-c3ncnc4[nH]ccc34)cc21
COCCc1c[nH]c2ncnc(-c3ccc4c(c3)N(C#N)CC(F)(F)O4)c12,CCn1nc(Nc2nc3c(cc(C(=O)N(C4CC4)C4CC4)n3CC)c3c2ncn3C)cc1C
COCCc1c[nH]c2ncnc(-c3ccc4c(c3)N(C#N)CC(F)(F)O4)c12,CCn1c(C(=O)N(C2CC2)C2CC2)cc2c3c(ncn3C)c(Nc3cc(C)nn3C)nc21
COCCc1c[nH]c2ncnc(-c3ccc4c(c3)N(C#N)CC(F)(F)O4)c12,Cn1cc(C2=C(Nc3cccc(OCCNc4ccnc(F)c4)c3)C(=O)NC2=O)c2ccccc21
COCCc1c[nH]c2ncnc(-c3ccc4c(c3)N(C#N)CC(F)(F)O4)c12,CCn1c(C(=O)N(C2CC2)C2CC2)cc2c3c(ncn3C)c(Nc3nc(C)c(S(C)(=O)=O)s3)nc21
COCCc1c[nH]c2ncnc(-c3ccc4c(c3)N(C#N)CC(F)(F)O4)c12,CC(NC(=O)c1c[nH]c2ncc(-c3nn(C)c4cc(Cl)cc(F)c34)nc12)C(=O)N1CC(C#N)C1
COCCc1c[nH]c2ncnc(-c3ccc4c(c3)N(C#N)CC(F)(F)O4)c12,COc1ccc2c(-c3cnc4[nH]cc(C(=O)NC(C)C(=O)N5CC(C#N)C5)c4n3)nn(C)c2c1
COCCc1c[nH]c2ncnc(-c3ccc4c(c3)N(C#N)CC(F)(F)O4)c12,CCn1c(C(=O)N(C2CC2)C2CC2)cc2c3c(ncn3C)c(Nc3cc(C)[nH]n3)nc21
COCCc1c[nH]c2ncnc(-c3ccc4c(c3)N(C#N)CC(F)(F)O4)c12,N#CNC1CC(NS(=O)(=O)c2cccc(C#N)c2)c2ccc(-c3ncnc4[nH]ccc34)cc21
COCCc1c[nH]c2ncnc(-c3ccc4c(c3)N(C#N)CC(F)(F)O4)c12,N#CNC1CC(NS(=O)(=O)c2cccc(F)c2)c2ccc(-c3ncnc4[nH]ccc34)cc21
COCCc1c[nH]c2ncnc(-c3ccc4c(c3)N(C#N)CC(F)(F)O4)c12,CC(NC(=O)c1c[nH]c2ncc(-c3nn(C)c4cc(C(C)(C)C)ccc34)nc12)C(=O)N1CC(C#N)C1
COCCc1c[nH]c2ncnc(-c3ccc4c(c3)N(C#N)CC(F)(F)O4)c12,CCn1c(C(=O)N(C2CC2)C2CC2)cc2c3c(ncn3C)c(Nc3cc(C)n(C)n3)nc21
COCCc1c[nH]c2ncnc(-c3ccc4c(c3)N(C#N)CC(F)(F)O4)c12,CC(C)C(C)n1cc(-c2cc(C3CCOCC3)n(C)n2)c2[nH]nc(N)c2c1=O
COCCc1c[nH]c2ncnc(-c3ccc4c(c3)N(C#N)CC(F)(F)O4)c12,CCn1c(C(=O)N(C2CC2)C2CC2)cc2c3c(ncn3C)c(Nc3nc(C)n(C)n3)nc21
COCCc1c[nH]c2ncnc(-c3ccc4c(c3)N(C#N)CC(F)(F)O4)c12,CCn1c(C(=O)N(C2CC2)C2CC2)cc2c3c(ncn3C)c(Nc3nc(C)c(C(=O)NC)s3)nc21
COc1ccc(-c2cccc3nc(Nc4ccc(NC(C)=O)cc4)nn23)cc1,O=C(Nc1nc2cccc(-c3ccc(C(=O)N4CCC(F)(F)CC4)cc3)n2n1)C1CC1
COc1ccc(-c2cccc3nc(Nc4ccc(NC(C)=O)cc4)nn23)cc1,O=C(Nc1nc2cccc(-c3ccc(C(=O)N4CC(F)(F)C4)cc3)n2n1)C1CC1
COc1ccc(-c2cccc3nc(Nc4ccc(NC(C)=O)cc4)nn23)cc1,O=C(NCC(F)(F)F)c1ccc(-c2cccc3nc(NC(=O)C4CC4)nn23)cc1
COc1ccc(-c2cccc3nc(Nc4ccc(NC(C)=O)cc4)nn23)cc1,N#CC1CN(C(=O)c2ccc(-c3cccc4nc(NC(=O)C5CC5)nn34)cc2)C1
COc1ccc(-c2cccc3nc(Nc4ccc(NC(C)=O)cc4)nn23)cc1,C=C(C#N)C(O)c1ccc(-c2cccc3nc(NC(=O)C4CC4)nn23)cc1
CN(c1ncnc2[nH]ccc12)C1CC(NS(=O)(=O)CCC(F)(F)F)C1,CC1CCN(C(=O)N2CCCC2)CC1N(C)c1ncnc2[nH]ccc12
CN(c1ncnc2[nH]ccc12)C1CC(NS(=O)(=O)CCC(F)(F)F)C1,CN(c1ncnc2[nH]ccc12)C1CN(S(=O)(=O)c2cccc(C#N)c2)CC12CC2
CN(c1ncnc2[nH]ccc12)C1CC(NS(=O)(=O)CCC(F)(F)F)C1,CC1CN(C(=O)CC#N)C12CCN(c1ncnc3[nH]ccc13)C2
CN(c1ncnc2[nH]ccc12)C1CC(NS(=O)(=O)CCC(F)(F)F)C1,CC1CCCN(c2ncnc3[nH]cc(-c4cccc(C#N)c4)c23)C1
CN(c1ncnc2[nH]ccc12)C1CC(NS(=O)(=O)CCC(F)(F)F)C1,CN(c1ncnc2[nH]ccc12)C1CCN(C(=O)CC#N)C1
CC(O)c1nc2cnc3[nH]ccc3c2n1C1CCN(CC(F)(F)F)CC1,NCCCn1c(C2CCNCC2)nc2cc(C(N)=O)ccc21
CC(O)c1nc2cnc3[nH]ccc3c2n1C1CCN(CC(F)(F)F)CC1,CC1(n2nnc3cnc4[nH]ccc4c32)CCN(S(C)(=O)=O)CC1
CC(O)c1nc2cnc3[nH]ccc3c2n1C1CCN(CC(F)(F)F)CC1,CCn1c(C(=O)N(C2CC2)C2CC2)cc2c3c(ncn3C)c(NC(=O)NCCOC)nc21
CC(O)c1nc2cnc3[nH]ccc3c2n1C1CCN(CC(F)(F)F)CC1,N#CCC1CCC(n2c(CC(=O)NCc3ccc(F)cc3)nc3cnc4[nH]ccc4c32)CC1
CC(O)c1nc2cnc3[nH]ccc3c2n1C1CCN(CC(F)(F)F)CC1,COc1cc2c(=O)n(C3CCCN(C(=O)CC#N)C3)c3c4cc[nH]c4ncc3c2cc1OC
CC(O)c1nc2cnc3[nH]ccc3c2n1C1CCN(CC(F)(F)F)CC1,CCn1c(C(=O)N(C2CC2)C2CC2)cc2c3c(ncn3C)c(Nc3nc(C(=O)NC)c(C)s3)nc21
CC(O)c1nc2cnc3[nH]ccc3c2n1C1CCN(CC(F)(F)F)CC1,CCn1c(C(=O)N(C2CC2)C2CC2)cc2c3c(ncn3C)c(Nc3nc(C)cs3)nc21
CC(O)c1nc2cnc3[nH]ccc3c2n1C1CCN(CC(F)(F)F)CC1,CCn1c(C(=O)N(C2CC2)C2CC2)cc2c3c(ncn3C)c(Nc3ncc(C)s3)nc21
CC(O)c1nc2cnc3[nH]ccc3c2n1C1CCN(CC(F)(F)F)CC1,N#CCCNC1CCC(n2nnc3cnc4[nH]ccc4c32)CC1
CC(O)c1nc2cnc3[nH]ccc3c2n1C1CCN(CC(F)(F)F)CC1,CC1CCC(n2c(=O)[nH]c3cnc4[nH]ccc4c32)CC1
CC(O)c1nc2cnc3[nH]ccc3c2n1C1CCN(CC(F)(F)F)CC1,CCn1c(C(=O)N(C2CC2)C2CC2)cc2c3c(ncn3C)c(NC)nc21
CC(O)c1nc2cnc3[nH]ccc3c2n1C1CCN(CC(F)(F)F)CC1,COc1cc2c(=O)n(C(C(=O)N3CC(C#N)C3)C(C)C)c3c4cc[nH]c4ncc3c2cc1OC
CC(O)c1nc2cnc3[nH]ccc3c2n1C1CCN(CC(F)(F)F)CC1,CS(=O)(=O)N1CCC(n2c(=O)[nH]c3cnc4[nH]ccc4c32)CC1
CC(O)c1nc2cnc3[nH]ccc3c2n1C1CCN(CC(F)(F)F)CC1,CCC(C(=O)N1CC(C#N)C1)n1c(=O)c2cc(OC)c(OC)cc2c2cnc3[nH]ccc3c21
CC(O)c1nc2cnc3[nH]ccc3c2n1C1CCN(CC(F)(F)F)CC1,CCn1nc(Nc2nc3c(cc(C(=O)N(C4CC4)C4CC4)n3CC)c3c2ncn3C)cc1C
CC(O)c1nc2cnc3[nH]ccc3c2n1C1CCN(CC(F)(F)F)CC1,NCCCn1c(C2CCC(O)CC2)nc2cc(C(N)=O)ccc21
CC(O)c1nc2cnc3[nH]ccc3c2n1C1CCN(CC(F)(F)F)CC1,CCn1c(C(=O)N(C2CC2)C2CC2)cc2c3c(ncn3C)c(Nc3cc(C)nn3C)nc21
CC(O)c1nc2cnc3[nH]ccc3c2n1C1CCN(CC(F)(F)F)CC1,Cc1nc2cnc3ccc(-c4cc(Cl)c(O)c(Cl)c4)cc3c2n1C1CCC(CO)CC1
CC(O)c1nc2cnc3[nH]ccc3c2n1C1CCN(CC(F)(F)F)CC1,CCn1c(C(=O)N(C2CC2)C2CC2)cc2c3c(ncn3C)c(Nc3nc(C)c(S(C)(=O)=O)s3)nc21
CC(O)c1nc2cnc3[nH]ccc3c2n1C1CCN(CC(F)(F)F)CC1,Cc1nc2cnc3ccc(-c4cc(Cl)c(O)c(Cl)c4)cc3c2n1C1CCN(C)CC1
CC(O)c1nc2cnc3[nH]ccc3c2n1C1CCN(CC(F)(F)F)CC1,O=c1[nH]c2cnc3[nH]ccc3c2n1C1CCCCCC1
CC(O)c1nc2cnc3[nH]ccc3c2n1C1CCN(CC(F)(F)F)CC1,CC1(C)CCCCC1n1c(=O)[nH]c2cnc3[nH]ccc3c21
CC(O)c1nc2cnc3[nH]ccc3c2n1C1CCN(CC(F)(F)F)CC1,N#CC(C#N)=Cc1ccc(-c2nc3cnc4[nH]ccc4c3n2C2CCCCC2)o1
CC(O)c1nc2cnc3[nH]ccc3c2n1C1CCN(CC(F)(F)F)CC1,CCn1c(C(=O)N(C2CC2)C2CC2)cc2c3c(ncn3C)c(Nc3cc(C)[nH]n3)nc21
CC(O)c1nc2cnc3[nH]ccc3c2n1C1CCN(CC(F)(F)F)CC1,CCC1CCCCC1n1c(=O)[nH]c2cnc3[nH]ccc3c21
CC(O)c1nc2cnc3[nH]ccc3c2n1C1CCN(CC(F)(F)F)CC1,COc1cc2c(=O)n(C3CCNC3)c3c4cc[nH]c4ncc3c2cc1OC
CC(O)c1nc2cnc3[nH]ccc3c2n1C1CCN(CC(F)(F)F)CC1,CN(C)C(=O)CCc1ccc(-c2nc3cnc4[nH]ccc4c3n2C2CCCCC2)o1
CC(O)c1nc2cnc3[nH]ccc3c2n1C1CCN(CC(F)(F)F)CC1,Cc1nc2cnc3ccc(-c4cc(Cl)c(O)c(Cl)c4)cc3c2n1C1CCCN(C)C1
CC(O)c1nc2cnc3[nH]ccc3c2n1C1CCN(CC(F)(F)F)CC1,Cc1nc2cnc3ccc(-c4cc(Cl)c(O)c(Cl)c4)cc3c2n1C1CCOCC1
CC(O)c1nc2cnc3[nH]ccc3c2n1C1CCN(CC(F)(F)F)CC1,N#CCC(=O)N1CCCC(n2nnc3cnc4[nH]ccc4c32)C1
CC(O)c1nc2cnc3[nH]ccc3c2n1C1CCN(CC(F)(F)F)CC1,O=c1[nH]c2cnc3[nH]ccc3c2n1C1CCCCC1
CC(O)c1nc2cnc3[nH]ccc3c2n1C1CCN(CC(F)(F)F)CC1,CCn1c(C(=O)N(C2CC2)C2CC2)cc2c3c(ncn3C)c(Nc3cc(C)n(C)n3)nc21
CC(O)c1nc2cnc3[nH]ccc3c2n1C1CCN(CC(F)(F)F)CC1,CC1CCN(C(=O)CC#N)CC1n1c(=O)[nH]c2cnc3[nH]ccc3c21
CC(O)c1nc2cnc3[nH]ccc3c2n1C1CCN(CC(F)(F)F)CC1,N#CC=Cc1ccc(-c2nc3cnc4[nH]ccc4c3n2C2CCCCC2)o1
CC(O)c1nc2cnc3[nH]ccc3c2n1C1CCN(CC(F)(F)F)CC1,CC(C)(O)CNC(=O)Cc1nc2cnc3[nH]ccc3c2n1C1CCC(CC#N)CC1
CC(O)c1nc2cnc3[nH]ccc3c2n1C1CCN(CC(F)(F)F)CC1,O=c1[nH]c2cnc3[nH]ccc3c2n1C1CCCC1
CC(O)c1nc2cnc3[nH]ccc3c2n1C1CCN(CC(F)(F)F)CC1,COc1cc2c(=O)n(C3CCNCC3)c3c4cc[nH]c4ncc3c2cc1OC
CC(O)c1nc2cnc3[nH]ccc3c2n1C1CCN(CC(F)(F)F)CC1,CC1CCCC(n2c(=O)[nH]c3cnc4[nH]ccc4c32)C1
CC(O)c1nc2cnc3[nH]ccc3c2n1C1CCN(CC(F)(F)F)CC1,CC1CCN(C(=O)CC#N)CC1n1c(=O)n(C)c2cnc3[nH]ccc3c21
CC(O)c1nc2cnc3[nH]ccc3c2n1C1CCN(CC(F)(F)F)CC1,CCn1c(C(=O)N(C2CC2)C2CC2)cc2c3c(ncn3C)c(Nc3nc(C)n(C)n3)nc21
CC(O)c1nc2cnc3[nH]ccc3c2n1C1CCN(CC(F)(F)F)CC1,N#CCCc1ccc(-c2nc3cnc4[nH]ccc4c3n2C2CCCCC2)o1
CC(O)c1nc2cnc3[nH]ccc3c2n1C1CCN(CC(F)(F)F)CC1,CCn1c(C(=O)N(C2CC2)C2CC2)cc2c3c(ncn3C)c(Nc3nc(C)c(C(=O)NC)s3)nc21
CC(O)c1nc2cnc3[nH]ccc3c2n1C1CCN(CC(F)(F)F)CC1,N#CCC1CCC(n2c(CC(=O)NCC(F)(F)F)nc3cnc4[nH]ccc4c32)CC1
CC(O)c1nc2cnc3[nH]ccc3c2n1C1CCN(CC(F)(F)F)CC1,CC(O)Cn1c(C2CCC(O)CC2)nc2cc(C(N)=O)ccc21
O=c1[nH]ccc(NC2CCC(NCCF)CC2)c1-c1nc2ccccc2[nH]1,CN1CCN(c2ccc3nc(-c4c(N)c5c(F)cccc5[nH]c4=O)[nH]c3c2)CC1
O=c1[nH]ccc(NC2CCC(NCCF)CC2)c1-c1nc2ccccc2[nH]1,NC1CCC(Nc2cc[nH]c(=O)c2-c2nc3ccccc3[nH]2)CC1
O=c1[nH]ccc(NC2CCC(NCCF)CC2)c1-c1nc2ccccc2[nH]1,O=c1[nH]ccc(NC2CCOCC2)c1-c1nc2ccccc2[nH]1
O=c1[nH]ccc(NC2CCC(NCCF)CC2)c1-c1nc2ccccc2[nH]1,COC(=O)C1CCc2[nH]c(-c3c(NC4CCC(N)CC4)cc[nH]c3=O)nc2C1
CNC(=O)Nc1nc2cccc(-c3ccc(OC)cc3)n2n1,O=C(Nc1nc2cccc(-c3ccc(C(=O)N4CCC(F)(F)CC4)cc3)n2n1)C1CC1
CNC(=O)Nc1nc2cccc(-c3ccc(OC)cc3)n2n1,O=C(Nc1nc2cccc(-c3ccc(C(=O)N4CC(F)(F)C4)cc3)n2n1)C1CC1
CNC(=O)Nc1nc2cccc(-c3ccc(OC)cc3)n2n1,O=C(NCC(F)(F)F)c1ccc(-c2cccc3nc(NC(=O)C4CC4)nn23)cc1
CNC(=O)Nc1nc2cccc(-c3ccc(OC)cc3)n2n1,N#CC1CN(C(=O)c2ccc(-c3cccc4nc(NC(=O)C5CC5)nn34)cc2)C1
CNC(=O)Nc1nc2cccc(-c3ccc(OC)cc3)n2n1,C=C(C#N)C(O)c1ccc(-c2cccc3nc(NC(=O)C4CC4)nn23)cc1
Cc1nc2cnc3ccc(-c4ccc(O)cc4Cl)cc3c2n1C1CCN(C)CC1,CCn1c(C(=O)N(C2CC2)C2CC2)cc2c3c(ncn3C)c(NC(=O)NCCOC)nc21
Cc1nc2cnc3ccc(-c4ccc(O)cc4Cl)cc3c2n1C1CCN(C)CC1,N#CCC1CCC(n2c(CC(=O)NCc3ccc(F)cc3)nc3cnc4[nH]ccc4c32)CC1
Cc1nc2cnc3ccc(-c4ccc(O)cc4Cl)cc3c2n1C1CCN(C)CC1,CCn1c(C(=O)N(C2CC2)C2CC2)cc2c3c(ncn3C)c(Nc3nc(C(=O)NC)c(C)s3)nc21
Cc1nc2cnc3ccc(-c4ccc(O)cc4Cl)cc3c2n1C1CCN(C)CC1,CCn1c(C(=O)N(C2CC2)C2CC2)cc2c3c(ncn3C)c(Nc3nc(C)cs3)nc21
Cc1nc2cnc3ccc(-c4ccc(O)cc4Cl)cc3c2n1C1CCN(C)CC1,CCn1c(C(=O)N(C2CC2)C2CC2)cc2c3c(ncn3C)c(Nc3ncc(C)s3)nc21
Cc1nc2cnc3ccc(-c4ccc(O)cc4Cl)cc3c2n1C1CCN(C)CC1,CC1CCC(n2c(=O)[nH]c3cnc4[nH]ccc4c32)CC1
Cc1nc2cnc3ccc(-c4ccc(O)cc4Cl)cc3c2n1C1CCN(C)CC1,CCn1c(C(=O)N(C2CC2)C2CC2)cc2c3c(ncn3C)c(NC)nc21
Cc1nc2cnc3ccc(-c4ccc(O)cc4Cl)cc3c2n1C1CCN(C)CC1,CS(=O)(=O)N1CCC(n2c(=O)[nH]c3cnc4[nH]ccc4c32)CC1
Cc1nc2cnc3ccc(-c4ccc(O)cc4Cl)cc3c2n1C1CCN(C)CC1,CCn1nc(Nc2nc3c(cc(C(=O)N(C4CC4)C4CC4)n3CC)c3c2ncn3C)cc1C
Cc1nc2cnc3ccc(-c4ccc(O)cc4Cl)cc3c2n1C1CCN(C)CC1,CCn1c(C(=O)N(C2CC2)C2CC2)cc2c3c(ncn3C)c(Nc3cc(C)nn3C)nc21
Cc1nc2cnc3ccc(-c4ccc(O)cc4Cl)cc3c2n1C1CCN(C)CC1,Cc1nc2cnc3ccc(-c4cc(Cl)c(O)c(Cl)c4)cc3c2n1C1CCC(CO)CC1
Cc1nc2cnc3ccc(-c4ccc(O)cc4Cl)cc3c2n1C1CCN(C)CC1,CCn1c(C(=O)N(C2CC2)C2CC2)cc2c3c(ncn3C)c(Nc3nc(C)c(S(C)(=O)=O)s3)nc21
Cc1nc2cnc3ccc(-c4ccc(O)cc4Cl)cc3c2n1C1CCN(C)CC1,Cc1nc2cnc3ccc(-c4cc(Cl)c(O)c(Cl)c4)cc3c2n1C1CCN(C)CC1
Cc1nc2cnc3ccc(-c4ccc(O)cc4Cl)cc3c2n1C1CCN(C)CC1,O=c1[nH]c2cnc3[nH]ccc3c2n1C1CCCCCC1
Cc1nc2cnc3ccc(-c4ccc(O)cc4Cl)cc3c2n1C1CCN(C)CC1,CC1(C)CCCCC1n1c(=O)[nH]c2cnc3[nH]ccc3c21
Cc1nc2cnc3ccc(-c4ccc(O)cc4Cl)cc3c2n1C1CCN(C)CC1,N#CC(C#N)=Cc1ccc(-c2nc3cnc4[nH]ccc4c3n2C2CCCCC2)o1
Cc1nc2cnc3ccc(-c4ccc(O)cc4Cl)cc3c2n1C1CCN(C)CC1,CCn1c(C(=O)N(C2CC2)C2CC2)cc2c3c(ncn3C)c(Nc3cc(C)[nH]n3)nc21
Cc1nc2cnc3ccc(-c4ccc(O)cc4Cl)cc3c2n1C1CCN(C)CC1,CCC1CCCCC1n1c(=O)[nH]c2cnc3[nH]ccc3c21
Cc1nc2cnc3ccc(-c4ccc(O)cc4Cl)cc3c2n1C1CCN(C)CC1,CN(C)C(=O)CCc1ccc(-c2nc3cnc4[nH]ccc4c3n2C2CCCCC2)o1
Cc1nc2cnc3ccc(-c4ccc(O)cc4Cl)cc3c2n1C1CCN(C)CC1,Cc1nc2cnc3ccc(-c4cc(Cl)c(O)c(Cl)c4)cc3c2n1C1CCCN(C)C1
Cc1nc2cnc3ccc(-c4ccc(O)cc4Cl)cc3c2n1C1CCN(C)CC1,Cc1nc2cnc3ccc(-c4cc(Cl)c(O)c(Cl)c4)cc3c2n1C1CCOCC1
Cc1nc2cnc3ccc(-c4ccc(O)cc4Cl)cc3c2n1C1CCN(C)CC1,O=c1[nH]c2cnc3[nH]ccc3c2n1C1CCCCC1
Cc1nc2cnc3ccc(-c4ccc(O)cc4Cl)cc3c2n1C1CCN(C)CC1,CCn1c(C(=O)N(C2CC2)C2CC2)cc2c3c(ncn3C)c(Nc3cc(C)n(C)n3)nc21
Cc1nc2cnc3ccc(-c4ccc(O)cc4Cl)cc3c2n1C1CCN(C)CC1,CC1CCN(C(=O)CC#N)CC1n1c(=O)[nH]c2cnc3[nH]ccc3c21
Cc1nc2cnc3ccc(-c4ccc(O)cc4Cl)cc3c2n1C1CCN(C)CC1,N#CC=Cc1ccc(-c2nc3cnc4[nH]ccc4c3n2C2CCCCC2)o1
Cc1nc2cnc3ccc(-c4ccc(O)cc4Cl)cc3c2n1C1CCN(C)CC1,CC(C)(O)CNC(=O)Cc1nc2cnc3[nH]ccc3c2n1C1CCC(CC#N)CC1
Cc1nc2cnc3ccc(-c4ccc(O)cc4Cl)cc3c2n1C1CCN(C)CC1,O=c1[nH]c2cnc3[nH]ccc3c2n1C1CCCC1
Cc1nc2cnc3ccc(-c4ccc(O)cc4Cl)cc3c2n1C1CCN(C)CC1,CC1CCCC(n2c(=O)[nH]c3cnc4[nH]ccc4c32)C1
Cc1nc2cnc3ccc(-c4ccc(O)cc4Cl)cc3c2n1C1CCN(C)CC1,CC1CCN(C(=O)CC#N)CC1n1c(=O)n(C)c2cnc3[nH]ccc3c21
Cc1nc2cnc3ccc(-c4ccc(O)cc4Cl)cc3c2n1C1CCN(C)CC1,CCn1c(C(=O)N(C2CC2)C2CC2)cc2c3c(ncn3C)c(Nc3nc(C)n(C)n3)nc21
Cc1nc2cnc3ccc(-c4ccc(O)cc4Cl)cc3c2n1C1CCN(C)CC1,N#CCCc1ccc(-c2nc3cnc4[nH]ccc4c3n2C2CCCCC2)o1
Cc1nc2cnc3ccc(-c4ccc(O)cc4Cl)cc3c2n1C1CCN(C)CC1,CCn1c(C(=O)N(C2CC2)C2CC2)cc2c3c(ncn3C)c(Nc3nc(C)c(C(=O)NC)s3)nc21
Cc1nc2cnc3ccc(-c4ccc(O)cc4Cl)cc3c2n1C1CCN(C)CC1,N#CCC1CCC(n2c(CC(=O)NCC(F)(F)F)nc3cnc4[nH]ccc4c32)CC1
Cc1nc2cnc3ccc(-c4ccc(O)c(F)c4)cc3c2n1C1CCN(C)CC1,CCn1c(C(=O)N(C2CC2)C2CC2)cc2c3c(ncn3C)c(NC(=O)NCCOC)nc21
Cc1nc2cnc3ccc(-c4ccc(O)c(F)c4)cc3c2n1C1CCN(C)CC1,N#CCC1CCC(n2c(CC(=O)NCc3ccc(F)cc3)nc3cnc4[nH]ccc4c32)CC1
Cc1nc2cnc3ccc(-c4ccc(O)c(F)c4)cc3c2n1C1CCN(C)CC1,CCn1c(C(=O)N(C2CC2)C2CC2)cc2c3c(ncn3C)c(Nc3nc(C(=O)NC)c(C)s3)nc21
Cc1nc2cnc3ccc(-c4ccc(O)c(F)c4)cc3c2n1C1CCN(C)CC1,CCn1c(C(=O)N(C2CC2)C2CC2)cc2c3c(ncn3C)c(Nc3nc(C)cs3)nc21
Cc1nc2cnc3ccc(-c4ccc(O)c(F)c4)cc3c2n1C1CCN(C)CC1,CCn1c(C(=O)N(C2CC2)C2CC2)cc2c3c(ncn3C)c(Nc3ncc(C)s3)nc21
Cc1nc2cnc3ccc(-c4ccc(O)c(F)c4)cc3c2n1C1CCN(C)CC1,CC1CCC(n2c(=O)[nH]c3cnc4[nH]ccc4c32)CC1
Cc1nc2cnc3ccc(-c4ccc(O)c(F)c4)cc3c2n1C1CCN(C)CC1,CCn1c(C(=O)N(C2CC2)C2CC2)cc2c3c(ncn3C)c(NC)nc21
Cc1nc2cnc3ccc(-c4ccc(O)c(F)c4)cc3c2n1C1CCN(C)CC1,CS(=O)(=O)N1CCC(n2c(=O)[nH]c3cnc4[nH]ccc4c32)CC1
Cc1nc2cnc3ccc(-c4ccc(O)c(F)c4)cc3c2n1C1CCN(C)CC1,CCn1nc(Nc2nc3c(cc(C(=O)N(C4CC4)C4CC4)n3CC)c3c2ncn3C)cc1C
Cc1nc2cnc3ccc(-c4ccc(O)c(F)c4)cc3c2n1C1CCN(C)CC1,CCn1c(C(=O)N(C2CC2)C2CC2)cc2c3c(ncn3C)c(Nc3cc(C)nn3C)nc21
Cc1nc2cnc3ccc(-c4ccc(O)c(F)c4)cc3c2n1C1CCN(C)CC1,Cc1nc2cnc3ccc(-c4cc(Cl)c(O)c(Cl)c4)cc3c2n1C1CCC(CO)CC1
Cc1nc2cnc3ccc(-c4ccc(O)c(F)c4)cc3c2n1C1CCN(C)CC1,CCn1c(C(=O)N(C2CC2)C2CC2)cc2c3c(ncn3C)c(Nc3nc(C)c(S(C)(=O)=O)s3)nc21
Cc1nc2cnc3ccc(-c4ccc(O)c(F)c4)cc3c2n1C1CCN(C)CC1,Cc1nc2cnc3ccc(-c4cc(Cl)c(O)c(Cl)c4)cc3c2n1C1CCN(C)CC1
Cc1nc2cnc3ccc(-c4ccc(O)c(F)c4)cc3c2n1C1CCN(C)CC1,O=c1[nH]c2cnc3[nH]ccc3c2n1C1CCCCCC1
Cc1nc2cnc3ccc(-c4ccc(O)c(F)c4)cc3c2n1C1CCN(C)CC1,CC1(C)CCCCC1n1c(=O)[nH]c2cnc3[nH]ccc3c21
Cc1nc2cnc3ccc(-c4ccc(O)c(F)c4)cc3c2n1C1CCN(C)CC1,N#CC(C#N)=Cc1ccc(-c2nc3cnc4[nH]ccc4c3n2C2CCCCC2)o1
Cc1nc2cnc3ccc(-c4ccc(O)c(F)c4)cc3c2n1C1CCN(C)CC1,CCn1c(C(=O)N(C2CC2)C2CC2)cc2c3c(ncn3C)c(Nc3cc(C)[nH]n3)nc21
Cc1nc2cnc3ccc(-c4ccc(O)c(F)c4)cc3c2n1C1CCN(C)CC1,CCC1CCCCC1n1c(=O)[nH]c2cnc3[nH]ccc3c21
Cc1nc2cnc3ccc(-c4ccc(O)c(F)c4)cc3c2n1C1CCN(C)CC1,CN(C)C(=O)CCc1ccc(-c2nc3cnc4[nH]ccc4c3n2C2CCCCC2)o1
Cc1nc2cnc3ccc(-c4ccc(O)c(F)c4)cc3c2n1C1CCN(C)CC1,Cc1nc2cnc3ccc(-c4cc(Cl)c(O)c(Cl)c4)cc3c2n1C1CCCN(C)C1
Cc1nc2cnc3ccc(-c4ccc(O)c(F)c4)cc3c2n1C1CCN(C)CC1,Cc1nc2cnc3ccc(-c4cc(Cl)c(O)c(Cl)c4)cc3c2n1C1CCOCC1
Cc1nc2cnc3ccc(-c4ccc(O)c(F)c4)cc3c2n1C1CCN(C)CC1,O=c1[nH]c2cnc3[nH]ccc3c2n1C1CCCCC1
Cc1nc2cnc3ccc(-c4ccc(O)c(F)c4)cc3c2n1C1CCN(C)CC1,CCn1c(C(=O)N(C2CC2)C2CC2)cc2c3c(ncn3C)c(Nc3cc(C)n(C)n3)nc21
Cc1nc2cnc3ccc(-c4ccc(O)c(F)c4)cc3c2n1C1CCN(C)CC1,CC1CCN(C(=O)CC#N)CC1n1c(=O)[nH]c2cnc3[nH]ccc3c21
Cc1nc2cnc3ccc(-c4ccc(O)c(F)c4)cc3c2n1C1CCN(C)CC1,N#CC=Cc1ccc(-c2nc3cnc4[nH]ccc4c3n2C2CCCCC2)o1
Cc1nc2cnc3ccc(-c4ccc(O)c(F)c4)cc3c2n1C1CCN(C)CC1,CC(C)(O)CNC(=O)Cc1nc2cnc3[nH]ccc3c2n1C1CCC(CC#N)CC1
Cc1nc2cnc3ccc(-c4ccc(O)c(F)c4)cc3c2n1C1CCN(C)CC1,O=c1[nH]c2cnc3[nH]ccc3c2n1C1CCCC1
Cc1nc2cnc3ccc(-c4ccc(O)c(F)c4)cc3c2n1C1CCN(C)CC1,COc1cc2c(=O)n(C3CCNCC3)c3c4cc[nH]c4ncc3c2cc1OC
Cc1nc2cnc3ccc(-c4ccc(O)c(F)c4)cc3c2n1C1CCN(C)CC1,CC1CCCC(n2c(=O)[nH]c3cnc4[nH]ccc4c32)C1
Cc1nc2cnc3ccc(-c4ccc(O)c(F)c4)cc3c2n1C1CCN(C)CC1,CC1CCN(C(=O)CC#N)CC1n1c(=O)n(C)c2cnc3[nH]ccc3c21
Cc1nc2cnc3ccc(-c4ccc(O)c(F)c4)cc3c2n1C1CCN(C)CC1,CCn1c(C(=O)N(C2CC2)C2CC2)cc2c3c(ncn3C)c(Nc3nc(C)n(C)n3)nc21
Cc1nc2cnc3ccc(-c4ccc(O)c(F)c4)cc3c2n1C1CCN(C)CC1,N#CCCc1ccc(-c2nc3cnc4[nH]ccc4c3n2C2CCCCC2)o1
Cc1nc2cnc3ccc(-c4ccc(O)c(F)c4)cc3c2n1C1CCN(C)CC1,CCn1c(C(=O)N(C2CC2)C2CC2)cc2c3c(ncn3C)c(Nc3nc(C)c(C(=O)NC)s3)nc21
Cc1nc2cnc3ccc(-c4ccc(O)c(F)c4)cc3c2n1C1CCN(C)CC1,N#CCC1CCC(n2c(CC(=O)NCC(F)(F)F)nc3cnc4[nH]ccc4c32)CC1
CC(CN)(CNC(=O)OC(C)(C)C)CNc1cc[nH]c(=O)c1-c1nc2c([nH]1)CCCC2,NC1CCC(Nc2cc[nH]c(=O)c2-c2nc3ccccc3[nH]2)CC1
CC(CN)(CNC(=O)OC(C)(C)C)CNc1cc[nH]c(=O)c1-c1nc2c([nH]1)CCCC2,O=c1[nH]ccc(NC2CCOCC2)c1-c1nc2ccccc2[nH]1
CC(CN)(CNC(=O)OC(C)(C)C)CNc1cc[nH]c(=O)c1-c1nc2c([nH]1)CCCC2,COC(=O)C1CCc2[nH]c(-c3c(NC4CCC(N)CC4)cc[nH]c3=O)nc2C1
Cc1c(-c2ncnc3[nH]ccc23)nnn1Cc1ccc(S(C)(=O)=O)cc1,CC(NC(=O)c1c[nH]c2ncc(-c3nn(C)c4cc(Cl)cc(F)c34)nc12)C(=O)N1CC(C#N)C1
Cc1c(-c2ncnc3[nH]ccc23)nnn1Cc1ccc(S(C)(=O)=O)cc1,COc1ccc2c(-c3cnc4[nH]cc(C(=O)NC(C)C(=O)N5CC(C#N)C5)c4n3)nn(C)c2c1
Cc1c(-c2ncnc3[nH]ccc23)nnn1Cc1ccc(S(C)(=O)=O)cc1,CC(NC(=O)c1c[nH]c2ncc(-c3nn(C)c4cc(C(C)(C)C)ccc34)nc12)C(=O)N1CC(C#N)C1
Cc1c(-c2ncnc3[nH]ccc23)nnn1Cc1ccc(S(C)(=O)=O)cc1,CC(NC(=O)c1c[nH]c2ncc(-c3nn(C)c4cc(C#N)ccc34)nc12)C(=O)N1CC(C#N)C1
COc1cccc(CN2CCC(Nc3c(C(N)=O)cnc4[nH]ccc34)CC2)c1,CNC(=O)c1cnc2[nH]ccc2c1NC1CC2CCC(C1)N2Cc1ccc(Cl)cc1
COc1cccc(CN2CCC(Nc3c(C(N)=O)cnc4[nH]ccc34)CC2)c1,CNC(=O)c1cnc2[nH]ccc2c1NC1CCN(Cc2ccc(OC)cc2)CC1
COc1cccc(CN2CCC(Nc3c(C(N)=O)cnc4[nH]ccc34)CC2)c1,CNC(=O)c1cnc2[nH]ccc2c1NC1CCN(Cc2ccccc2OC)CC1
COc1cccc(CN2CCC(Nc3c(C(N)=O)cnc4[nH]ccc34)CC2)c1,N#Cc1cnc(N2CCC(Nc3c(C(N)=O)cnc4[nH]ccc34)CC2)cn1
COc1cccc(CN2CCC(Nc3c(C(N)=O)cnc4[nH]ccc34)CC2)c1,Cc1cncc(Nc2cc(NC3CCN(c4ccc(C#N)cn4)CC3)c(C(N)=O)cn2)n1
COc1cccc(CN2CCC(Nc3c(C(N)=O)cnc4[nH]ccc34)CC2)c1,Cc1nccc(Nc2cc(NC3CCN(c4ccc(C#N)cn4)CC3F)c(C(N)=O)cn2)n1
COc1cccc(CN2CCC(Nc3c(C(N)=O)cnc4[nH]ccc34)CC2)c1,CNC(=O)c1cnc2[nH]ccc2c1NC1CCN(Cc2ccc(C#N)cc2)C(C)C1
COc1cccc(CN2CCC(Nc3c(C(N)=O)cnc4[nH]ccc34)CC2)c1,N#Cc1ccc(N2CCC(Nc3c(C(N)=O)cnc4[nH]ccc34)CC2)cc1
COc1cccc(CN2CCC(Nc3c(C(N)=O)cnc4[nH]ccc34)CC2)c1,N#Cc1ccc(N2CCC(Nc3cc(Nc4cnccn4)ncc3C(N)=O)CC2)nc1
COc1cccc(CN2CCC(Nc3c(C(N)=O)cnc4[nH]ccc34)CC2)c1,CNC(=O)c1cnc2[nH]ccc2c1NC1CCCN(Cc2ccc(Cl)cc2)CC1
COc1cccc(CN2CCC(Nc3c(C(N)=O)cnc4[nH]ccc34)CC2)c1,CNC(=O)c1cnc2[nH]ccc2c1NC1CCCN(Cc2ccc(C#N)cc2)CC1
COc1cccc(CN2CCC(Nc3c(C(N)=O)cnc4[nH]ccc34)CC2)c1,CNC(=O)c1cnc2[nH]ccc2c1NC1CCCN(Cc2cccc(Cl)c2)CC1
COc1cccc(CN2CCC(Nc3c(C(N)=O)cnc4[nH]ccc34)CC2)c1,NC(=O)c1ccc(N2CCC(Nc3c(C(N)=O)cnc4[nH]ccc34)CC2)nc1
COc1cccc(CN2CCC(Nc3c(C(N)=O)cnc4[nH]ccc34)CC2)c1,CC1CC(Nc2c(C(N)=O)cnc3[nH]ccc23)CCN1Cc1cccc(Cl)c1
COc1cccc(CN2CCC(Nc3c(C(N)=O)cnc4[nH]ccc34)CC2)c1,CNC(=O)c1cnc2[nH]ccc2c1NC1CCN(Cc2cccc(OC)c2)CC1
COc1cccc(CN2CCC(Nc3c(C(N)=O)cnc4[nH]ccc34)CC2)c1,CNC(=O)c1cnc2[nH]ccc2c1NC1CCCN(Cc2ccccc2)CC1
COc1cccc(CN2CCC(Nc3c(C(N)=O)cnc4[nH]ccc34)CC2)c1,CNC(=O)c1cnc2[nH]ccc2c1NC1CCN(Cc2ccccc2)C(C)C1
COc1cccc(CN2CCC(Nc3c(C(N)=O)cnc4[nH]ccc34)CC2)c1,CNC(=O)c1cnc2[nH]ccc2c1NC1CCN(Cc2ccc(Cl)cc2)C1
COc1cccc(CN2CCC(Nc3c(C(N)=O)cnc4[nH]ccc34)CC2)c1,CC1CCCCC1Nc1c(C(N)=O)cnc2[nH]ccc12
COc1cccc(CN2CCC(Nc3c(C(N)=O)cnc4[nH]ccc34)CC2)c1,N#Cc1ccc(N2CCC(Nc3c(C(N)=O)cnc4[nH]ccc34)CC2)nn1
COc1cccc(CN2CCC(Nc3c(C(N)=O)cnc4[nH]ccc34)CC2)c1,O=C(NC1CC1)c1cnc2[nH]ccc2c1NC1CCN(Cc2ccccc2)CC1
COc1cccc(CN2CCC(Nc3c(C(N)=O)cnc4[nH]ccc34)CC2)c1,CNC(=O)c1cnc2[nH]ccc2c1NC1CC2CCC(C1)N2Cc1ccc(OC)cc1
COc1cccc(CN2CCC(Nc3c(C(N)=O)cnc4[nH]ccc34)CC2)c1,CN1CCC(Nc2c(C(N)=O)cnc3[nH]ccc23)CC1
COc1cccc(CN2CCC(Nc3c(C(N)=O)cnc4[nH]ccc34)CC2)c1,CNC(=O)c1cnc2[nH]ccc2c1NC1CCN(Cc2cccc(OC)c2)C(C)C1
COc1cccc(CN2CCC(Nc3c(C(N)=O)cnc4[nH]ccc34)CC2)c1,N#Cc1ccc(N2CCC(Nc3cc(Nc4ccccn4)ncc3C(N)=O)CC2)nc1
COc1cccc(CN2CCC(Nc3c(C(N)=O)cnc4[nH]ccc34)CC2)c1,CNC(=O)c1cnc2[nH]ccc2c1NCC1CCN(Cc2ccc(Cl)cc2)CC1
COc1cccc(CN2CCC(Nc3c(C(N)=O)cnc4[nH]ccc34)CC2)c1,CNC(=O)c1cnc2[nH]ccc2c1NCC1CCN(Cc2ccc(OC)cc2)CC1
COc1cccc(CN2CCC(Nc3c(C(N)=O)cnc4[nH]ccc34)CC2)c1,CNC(=O)c1cnc2[nH]ccc2c1NC1CCN(Cc2cccc(Cl)c2)CC1F
COc1cccc(CN2CCC(Nc3c(C(N)=O)cnc4[nH]ccc34)CC2)c1,CNC(=O)c1cnc2[nH]ccc2c1NC1CCN(Cc2cccc(Cl)c2)C(C)C1
COc1cccc(CN2CCC(Nc3c(C(N)=O)cnc4[nH]ccc34)CC2)c1,N#Cc1ccc(N2CCC(Nc3c(C(N)=O)cnc4[nH]ccc34)CC2)nc1
COc1cccc(CN2CCC(Nc3c(C(N)=O)cnc4[nH]ccc34)CC2)c1,Cc1nccc(Nc2cc(NC3CCN(c4ccc(C#N)cn4)CC3)c(C(N)=O)cn2)n1
COc1cccc(CN2CCC(Nc3c(C(N)=O)cnc4[nH]ccc34)CC2)c1,CNC(=O)c1cnc2[nH]ccc2c1NC1CCN(Cc2cccc(Cl)c2)C1
COc1cccc(CN2CCC(Nc3c(C(N)=O)cnc4[nH]ccc34)CC2)c1,N#Cc1ccc(N2CCC(Nc3cc(Nc4ccncn4)ncc3C(N)=O)CC2)nc1
COc1cccc(CN2CCC(Nc3c(C(N)=O)cnc4[nH]ccc34)CC2)c1,Cc1cnc(Nc2cc(NC3CCN(c4ccc(C#N)cn4)CC3)c(C(N)=O)cn2)cn1
COc1cccc(CN2CCC(Nc3c(C(N)=O)cnc4[nH]ccc34)CC2)c1,NC(=O)c1cnc2[nH]ccc2c1NC1C2CC3CC1CC(O)(C3)C2
O=C(Nc1ccccc1)N1CCC(Nc2cc[nH]c(=O)c2-c2nc3ccccc3[nH]2)CC1,CN1CCN(c2ccc3nc(-c4c(N)c5c(F)cccc5[nH]c4=O)[nH]c3c2)CC1
O=C(Nc1ccccc1)N1CCC(Nc2cc[nH]c(=O)c2-c2nc3ccccc3[nH]2)CC1,NC1CCC(Nc2cc[nH]c(=O)c2-c2nc3ccccc3[nH]2)CC1
O=C(Nc1ccccc1)N1CCC(Nc2cc[nH]c(=O)c2-c2nc3ccccc3[nH]2)CC1,O=c1[nH]ccc(NC2CCOCC2)c1-c1nc2ccccc2[nH]1
O=C(Nc1ccccc1)N1CCC(Nc2cc[nH]c(=O)c2-c2nc3ccccc3[nH]2)CC1,COC(=O)C1CCc2[nH]c(-c3c(NC4CCC(N)CC4)cc[nH]c3=O)nc2C1
COCCNC1CCC(Nc2cc[nH]c(=O)c2-c2nc3ccccc3[nH]2)CC1,CN1CCN(c2ccc3nc(-c4c(N)c5c(F)cccc5[nH]c4=O)[nH]c3c2)CC1
COCCNC1CCC(Nc2cc[nH]c(=O)c2-c2nc3ccccc3[nH]2)CC1,NC1CCC(Nc2cc[nH]c(=O)c2-c2nc3ccccc3[nH]2)CC1
COCCNC1CCC(Nc2cc[nH]c(=O)c2-c2nc3ccccc3[nH]2)CC1,O=c1[nH]ccc(NC2CCOCC2)c1-c1nc2ccccc2[nH]1
COCCNC1CCC(Nc2cc[nH]c(=O)c2-c2nc3ccccc3[nH]2)CC1,COC(=O)C1CCc2[nH]c(-c3c(NC4CCC(N)CC4)cc[nH]c3=O)nc2C1
COc1ccc(-c2cccc3nc(NC(=O)C4CC4)nn23)cn1,O=C(Nc1nc2cccc(C3CCC(NC(=O)C4(F)CC4)CC3)n2n1)C1CC1
COc1ccc(-c2cccc3nc(NC(=O)C4CC4)nn23)cn1,O=C(Nc1nc2cccc(-c3ccc(C(=O)N4CCC(F)(F)CC4)cc3)n2n1)C1CC1
COc1ccc(-c2cccc3nc(NC(=O)C4CC4)nn23)cn1,O=C(Nc1nc2cccc(-c3ccc(C(=O)N4CC(F)(F)C4)cc3)n2n1)C1CC1
COc1ccc(-c2cccc3nc(NC(=O)C4CC4)nn23)cn1,N#CCC(=O)N1CC=C(c2cccc3nc(NC(=O)C4CC4)nn23)CC1
COc1ccc(-c2cccc3nc(NC(=O)C4CC4)nn23)cn1,C=CC(=O)N1CC=C(c2cccc3nc(NC(=O)C4CC4)nn23)CC1
COc1ccc(-c2cccc3nc(NC(=O)C4CC4)nn23)cn1,O=C(Nc1nc2cccc(C3CCC4(CCN(C(=O)C5CC5(F)F)CC4)C3)n2n1)C1CC1
COc1ccc(-c2cccc3nc(NC(=O)C4CC4)nn23)cn1,CC(C)(C#N)C(=O)N1CC2(CCC(c3cccc4nc(NC(=O)C5CC5)nn34)CC2)C1
COc1ccc(-c2cccc3nc(NC(=O)C4CC4)nn23)cn1,O=C(Nc1nc2cccc(C3=CCN(C(=O)NCC(F)(F)F)CC3)n2n1)C1CC1
COc1ccc(-c2cccc3nc(NC(=O)C4CC4)nn23)cn1,O=C(Nc1nc2cccc(C3CCC4(CC3)CCN(C(=O)C3CC3(F)F)CC4)n2n1)C1CC1
COc1ccc(-c2cccc3nc(NC(=O)C4CC4)nn23)cn1,O=C(NCC(F)(F)F)c1ccc(-c2cccc3nc(NC(=O)C4CC4)nn23)cc1
COc1ccc(-c2cccc3nc(NC(=O)C4CC4)nn23)cn1,N#CC1CN(C(=O)c2ccc(-c3cccc4nc(NC(=O)C5CC5)nn34)cc2)C1
COc1ccc(-c2cccc3nc(NC(=O)C4CC4)nn23)cn1,O=C(Nc1nc2cccc(C3=CCN(C(=O)C4(C(F)(F)F)CC4)CC3)n2n1)C1CC1
COc1ccc(-c2cccc3nc(NC(=O)C4CC4)nn23)cn1,N#CCC(=O)N1CC2(CCC(c3cccc4nc(NC(=O)C5CC5)nn34)CC2)C1
COc1ccc(-c2cccc3nc(NC(=O)C4CC4)nn23)cn1,O=C(Nc1nc2cccc(C3=CCN(C(=O)C4CC4(F)F)CC3)n2n1)C1CC1
COc1ccc(-c2cccc3nc(NC(=O)C4CC4)nn23)cn1,N#CCC(=O)N1CCC2(CCC(c3cccc4nc(NC(=O)C5CC5)nn34)CC2)CC1
COc1ccc(-c2cccc3nc(NC(=O)C4CC4)nn23)cn1,C=C(C#N)C(O)c1ccc(-c2cccc3nc(NC(=O)C4CC4)nn23)cc1
C=CC(=O)N1CC(Nc2ncnc3[nH]ccc23)CCC1C,CC1CCN(C(=O)N2CCCC2)CC1N(C)c1ncnc2[nH]ccc12
C=CC(=O)N1CC(Nc2ncnc3[nH]ccc23)CCC1C,CN(c1ncnc2[nH]ccc12)C1CN(S(=O)(=O)c2cccc(C#N)c2)CC12CC2
C=CC(=O)N1CC(Nc2ncnc3[nH]ccc23)CCC1C,CN(c1ncnc2[nH]ccc12)N1CCCC(N2CCCC2=O)C1
C=CC(=O)N1CC(Nc2ncnc3[nH]ccc23)CCC1C,CN(c1ncnc2[nH]ccc12)N1CCCN(C(=O)CC(F)(F)F)CC1
C=CC(=O)N1CC(Nc2ncnc3[nH]ccc23)CCC1C,CC1CN(C(=O)CC#N)C12CCN(c1ncnc3[nH]ccc13)C2
C=CC(=O)N1CC(Nc2ncnc3[nH]ccc23)CCC1C,CN(c1ncnc2[nH]ccc12)C1CCN(C(=O)CC#N)C1
CNC(=O)c1cnc2[nH]ccc2c1NCC1CCN(Cc2cccc(Cl)c2)CC1,CNC(=O)c1cnc2[nH]ccc2c1NC1CC2CCC(C1)N2Cc1ccc(Cl)cc1
CNC(=O)c1cnc2[nH]ccc2c1NCC1CCN(Cc2cccc(Cl)c2)CC1,CNC(=O)c1cnc2[nH]ccc2c1NC1CCN(Cc2ccc(OC)cc2)CC1
CNC(=O)c1cnc2[nH]ccc2c1NCC1CCN(Cc2cccc(Cl)c2)CC1,CNC(=O)c1cnc2[nH]ccc2c1NC1CCN(Cc2ccccc2OC)CC1
CNC(=O)c1cnc2[nH]ccc2c1NCC1CCN(Cc2cccc(Cl)c2)CC1,N#Cc1cnc(N2CCC(Nc3c(C(N)=O)cnc4[nH]ccc34)CC2)cn1
CNC(=O)c1cnc2[nH]ccc2c1NCC1CCN(Cc2cccc(Cl)c2)CC1,CNC(=O)c1cnc2[nH]ccc2c1NC1CCN(Cc2ccc(C#N)cc2)C(C)C1
CNC(=O)c1cnc2[nH]ccc2c1NCC1CCN(Cc2cccc(Cl)c2)CC1,N#Cc1ccc(N2CCC(Nc3c(C(N)=O)cnc4[nH]ccc34)CC2)cc1
CNC(=O)c1cnc2[nH]ccc2c1NCC1CCN(Cc2cccc(Cl)c2)CC1,CNC(=O)c1cnc2[nH]ccc2c1NC1CCCN(Cc2ccc(Cl)cc2)CC1
CNC(=O)c1cnc2[nH]ccc2c1NCC1CCN(Cc2cccc(Cl)c2)CC1,CNC(=O)c1cnc2[nH]ccc2c1NC1CCCN(Cc2ccc(C#N)cc2)CC1
CNC(=O)c1cnc2[nH]ccc2c1NCC1CCN(Cc2cccc(Cl)c2)CC1,CNC(=O)c1cnc2[nH]ccc2c1NC1CCCN(Cc2cccc(Cl)c2)CC1
CNC(=O)c1cnc2[nH]ccc2c1NCC1CCN(Cc2cccc(Cl)c2)CC1,NC(=O)c1ccc(N2CCC(Nc3c(C(N)=O)cnc4[nH]ccc34)CC2)nc1
CNC(=O)c1cnc2[nH]ccc2c1NCC1CCN(Cc2cccc(Cl)c2)CC1,CC1CC(Nc2c(C(N)=O)cnc3[nH]ccc23)CCN1Cc1cccc(Cl)c1
CNC(=O)c1cnc2[nH]ccc2c1NCC1CCN(Cc2cccc(Cl)c2)CC1,CNC(=O)c1cnc2[nH]ccc2c1NC1CCN(Cc2cccc(OC)c2)CC1
CNC(=O)c1cnc2[nH]ccc2c1NCC1CCN(Cc2cccc(Cl)c2)CC1,CNC(=O)c1cnc2[nH]ccc2c1NC1CCCN(Cc2ccccc2)CC1
CNC(=O)c1cnc2[nH]ccc2c1NCC1CCN(Cc2cccc(Cl)c2)CC1,CNC(=O)c1cnc2[nH]ccc2c1NC1CCN(Cc2ccccc2)C(C)C1
CNC(=O)c1cnc2[nH]ccc2c1NCC1CCN(Cc2cccc(Cl)c2)CC1,CNC(=O)c1cnc2[nH]ccc2c1NC1CCN(Cc2ccc(Cl)cc2)C1
CNC(=O)c1cnc2[nH]ccc2c1NCC1CCN(Cc2cccc(Cl)c2)CC1,CC1CCCCC1Nc1c(C(N)=O)cnc2[nH]ccc12
CNC(=O)c1cnc2[nH]ccc2c1NCC1CCN(Cc2cccc(Cl)c2)CC1,N#Cc1ccc(N2CCC(Nc3c(C(N)=O)cnc4[nH]ccc34)CC2)nn1
CNC(=O)c1cnc2[nH]ccc2c1NCC1CCN(Cc2cccc(Cl)c2)CC1,O=C(NC1CC1)c1cnc2[nH]ccc2c1NC1CCN(Cc2ccccc2)CC1
CNC(=O)c1cnc2[nH]ccc2c1NCC1CCN(Cc2cccc(Cl)c2)CC1,CNC(=O)c1cnc2[nH]ccc2c1NC1CC2CCC(C1)N2Cc1ccc(OC)cc1
CNC(=O)c1cnc2[nH]ccc2c1NCC1CCN(Cc2cccc(Cl)c2)CC1,CN1CCC(Nc2c(C(N)=O)cnc3[nH]ccc23)CC1
CNC(=O)c1cnc2[nH]ccc2c1NCC1CCN(Cc2cccc(Cl)c2)CC1,CNC(=O)c1cnc2[nH]ccc2c1NC1CCN(Cc2cccc(OC)c2)C(C)C1
CNC(=O)c1cnc2[nH]ccc2c1NCC1CCN(Cc2cccc(Cl)c2)CC1,CNC(=O)c1cnc2[nH]ccc2c1NCC1CCN(Cc2ccc(Cl)cc2)CC1
CNC(=O)c1cnc2[nH]ccc2c1NCC1CCN(Cc2cccc(Cl)c2)CC1,CNC(=O)c1cnc2[nH]ccc2c1NCC1CCN(Cc2ccc(OC)cc2)CC1
CNC(=O)c1cnc2[nH]ccc2c1NCC1CCN(Cc2cccc(Cl)c2)CC1,CNC(=O)c1cnc2[nH]ccc2c1NC1CCN(Cc2cccc(Cl)c2)CC1F
CNC(=O)c1cnc2[nH]ccc2c1NCC1CCN(Cc2cccc(Cl)c2)CC1,CNC(=O)c1cnc2[nH]ccc2c1NC1CCN(Cc2cccc(Cl)c2)C(C)C1
CNC(=O)c1cnc2[nH]ccc2c1NCC1CCN(Cc2cccc(Cl)c2)CC1,N#Cc1ccc(N2CCC(Nc3c(C(N)=O)cnc4[nH]ccc34)CC2)nc1
CNC(=O)c1cnc2[nH]ccc2c1NCC1CCN(Cc2cccc(Cl)c2)CC1,CNC(=O)c1cnc2[nH]ccc2c1NC1CCN(Cc2cccc(Cl)c2)C1
CNC(=O)c1cnc2[nH]ccc2c1NCC1CCN(Cc2cccc(Cl)c2)CC1,NC(=O)c1cnc2[nH]ccc2c1NC1C2CC3CC1CC(O)(C3)C2
O=C(NCCc1ccn(-c2ccccc2)n1)c1ccc(-c2cccc3nc(NC(=O)C4CC4)nn23)cc1,O=C(Nc1nc2cccc(C3CCC(NC(=O)C4(F)CC4)CC3)n2n1)C1CC1
O=C(NCCc1ccn(-c2ccccc2)n1)c1ccc(-c2cccc3nc(NC(=O)C4CC4)nn23)cc1,O=C(Nc1nc2cccc(-c3ccc(C(=O)N4CCC(F)(F)CC4)cc3)n2n1)C1CC1
O=C(NCCc1ccn(-c2ccccc2)n1)c1ccc(-c2cccc3nc(NC(=O)C4CC4)nn23)cc1,CCn1c(C(=O)N(C2CC2)C2CC2)cc2c3c(ncn3C)c(NC(=O)NCCOC)nc21
O=C(NCCc1ccn(-c2ccccc2)n1)c1ccc(-c2cccc3nc(NC(=O)C4CC4)nn23)cc1,O=C(Nc1nc2cccc(-c3ccc(C(=O)N4CC(F)(F)C4)cc3)n2n1)C1CC1
O=C(NCCc1ccn(-c2ccccc2)n1)c1ccc(-c2cccc3nc(NC(=O)C4CC4)nn23)cc1,CCn1c(C(=O)N(C2CC2)C2CC2)cc2c3c(ncn3C)c(Nc3nc(C(=O)NC)c(C)s3)nc21
O=C(NCCc1ccn(-c2ccccc2)n1)c1ccc(-c2cccc3nc(NC(=O)C4CC4)nn23)cc1,CCn1c(C(=O)N(C2CC2)C2CC2)cc2c3c(ncn3C)c(Nc3nc(C)cs3)nc21
O=C(NCCc1ccn(-c2ccccc2)n1)c1ccc(-c2cccc3nc(NC(=O)C4CC4)nn23)cc1,CCn1c(C(=O)N(C2CC2)C2CC2)cc2c3c(ncn3C)c(Nc3ncc(C)s3)nc21
O=C(NCCc1ccn(-c2ccccc2)n1)c1ccc(-c2cccc3nc(NC(=O)C4CC4)nn23)cc1,CC(NC(=O)c1c[nH]c2ncc(-c3nn(C)c4cc(F)ccc34)nc12)C(=O)N1CC(C#N)C1
O=C(NCCc1ccn(-c2ccccc2)n1)c1ccc(-c2cccc3nc(NC(=O)C4CC4)nn23)cc1,CCn1c(C(=O)N(C2CC2)C2CC2)cc2c3c(ncn3C)c(NC)nc21
O=C(NCCc1ccn(-c2ccccc2)n1)c1ccc(-c2cccc3nc(NC(=O)C4CC4)nn23)cc1,N#CCC(=O)N1CC=C(c2cccc3nc(NC(=O)C4CC4)nn23)CC1
O=C(NCCc1ccn(-c2ccccc2)n1)c1ccc(-c2cccc3nc(NC(=O)C4CC4)nn23)cc1,C=CC(=O)N1CC=C(c2cccc3nc(NC(=O)C4CC4)nn23)CC1
O=C(NCCc1ccn(-c2ccccc2)n1)c1ccc(-c2cccc3nc(NC(=O)C4CC4)nn23)cc1,CCn1nc(Nc2nc3c(cc(C(=O)N(C4CC4)C4CC4)n3CC)c3c2ncn3C)cc1C
O=C(NCCc1ccn(-c2ccccc2)n1)c1ccc(-c2cccc3nc(NC(=O)C4CC4)nn23)cc1,CCn1c(C(=O)N(C2CC2)C2CC2)cc2c3c(ncn3C)c(Nc3cc(C)nn3C)nc21
O=C(NCCc1ccn(-c2ccccc2)n1)c1ccc(-c2cccc3nc(NC(=O)C4CC4)nn23)cc1,CCn1c(C(=O)N(C2CC2)C2CC2)cc2c3c(ncn3C)c(Nc3nc(C)c(S(C)(=O)=O)s3)nc21
O=C(NCCc1ccn(-c2ccccc2)n1)c1ccc(-c2cccc3nc(NC(=O)C4CC4)nn23)cc1,O=C(Nc1nc2cccc(C3CCC4(CCN(C(=O)C5CC5(F)F)CC4)C3)n2n1)C1CC1
O=C(NCCc1ccn(-c2ccccc2)n1)c1ccc(-c2cccc3nc(NC(=O)C4CC4)nn23)cc1,CC(NC(=O)c1c[nH]c2ncc(-c3nn(C)c4cc(Cl)cc(F)c34)nc12)C(=O)N1CC(C#N)C1
O=C(NCCc1ccn(-c2ccccc2)n1)c1ccc(-c2cccc3nc(NC(=O)C4CC4)nn23)cc1,CC(C)C(C)n1cc(-c2cc(N3CCOCC3)n(C)n2)c2[nH]nc(N)c2c1=O
O=C(NCCc1ccn(-c2ccccc2)n1)c1ccc(-c2cccc3nc(NC(=O)C4CC4)nn23)cc1,CC(C)(C#N)C(=O)N1CC2(CCC(c3cccc4nc(NC(=O)C5CC5)nn34)CC2)C1
O=C(NCCc1ccn(-c2ccccc2)n1)c1ccc(-c2cccc3nc(NC(=O)C4CC4)nn23)cc1,Cc1ccccc1-n1cc(-c2ccn(C)n2)c2[nH]nc(N)c2c1=O
O=C(NCCc1ccn(-c2ccccc2)n1)c1ccc(-c2cccc3nc(NC(=O)C4CC4)nn23)cc1,O=C(Nc1nc2cccc(C3=CCN(C(=O)NCC(F)(F)F)CC3)n2n1)C1CC1
O=C(NCCc1ccn(-c2ccccc2)n1)c1ccc(-c2cccc3nc(NC(=O)C4CC4)nn23)cc1,O=C(Nc1nc2cccc(C3CCC4(CC3)CCN(C(=O)C3CC3(F)F)CC4)n2n1)C1CC1
O=C(NCCc1ccn(-c2ccccc2)n1)c1ccc(-c2cccc3nc(NC(=O)C4CC4)nn23)cc1,CC1(N)CCC(Nc2c(C(N)=O)cnn3cc(-c4ccccc4C#N)cc23)C1(C)C
O=C(NCCc1ccn(-c2ccccc2)n1)c1ccc(-c2cccc3nc(NC(=O)C4CC4)nn23)cc1,O=C(NCC(F)(F)F)c1ccc(-c2cccc3nc(NC(=O)C4CC4)nn23)cc1
O=C(NCCc1ccn(-c2ccccc2)n1)c1ccc(-c2cccc3nc(NC(=O)C4CC4)nn23)cc1,COc1ccc2c(-c3cnc4[nH]cc(C(=O)NC(C)C(=O)N5CC(C#N)C5)c4n3)nn(C)c2c1
O=C(NCCc1ccn(-c2ccccc2)n1)c1ccc(-c2cccc3nc(NC(=O)C4CC4)nn23)cc1,N#CC1CN(C(=O)c2ccc(-c3cccc4nc(NC(=O)C5CC5)nn34)cc2)C1
O=C(NCCc1ccn(-c2ccccc2)n1)c1ccc(-c2cccc3nc(NC(=O)C4CC4)nn23)cc1,CCn1c(C(=O)N(C2CC2)C2CC2)cc2c3c(ncn3C)c(Nc3cc(C)[nH]n3)nc21
O=C(NCCc1ccn(-c2ccccc2)n1)c1ccc(-c2cccc3nc(NC(=O)C4CC4)nn23)cc1,N#CNC1CC(NS(=O)(=O)c2cccc(C#N)c2)c2ccc(-c3ncnc4[nH]ccc34)cc21
O=C(NCCc1ccn(-c2ccccc2)n1)c1ccc(-c2cccc3nc(NC(=O)C4CC4)nn23)cc1,N#CNC1CC(NS(=O)(=O)c2cccc(F)c2)c2ccc(-c3ncnc4[nH]ccc34)cc21
O=C(NCCc1ccn(-c2ccccc2)n1)c1ccc(-c2cccc3nc(NC(=O)C4CC4)nn23)cc1,O=C(Nc1nc2cccc(C3=CCN(C(=O)C4(C(F)(F)F)CC4)CC3)n2n1)C1CC1
O=C(NCCc1ccn(-c2ccccc2)n1)c1ccc(-c2cccc3nc(NC(=O)C4CC4)nn23)cc1,CC1(N)CCC(Nc2c(C(N)=O)cnn3cc(-c4cc[nH]n4)cc23)C1(C)C
O=C(NCCc1ccn(-c2ccccc2)n1)c1ccc(-c2cccc3nc(NC(=O)C4CC4)nn23)cc1,CC(NC(=O)c1c[nH]c2ncc(-c3nn(C)c4cc(C(C)(C)C)ccc34)nc12)C(=O)N1CC(C#N)C1
O=C(NCCc1ccn(-c2ccccc2)n1)c1ccc(-c2cccc3nc(NC(=O)C4CC4)nn23)cc1,CC(NC(=O)c1c[nH]c2ncc(-c3nn(C)c4ccccc34)nc12)C(=O)N1CC(C#N)C1
O=C(NCCc1ccn(-c2ccccc2)n1)c1ccc(-c2cccc3nc(NC(=O)C4CC4)nn23)cc1,CC(NC(=O)c1c[nH]c2ncc(-c3nn(C)c4cc(C#N)ccc34)nc12)C(=O)N1CC(C#N)C1
O=C(NCCc1ccn(-c2ccccc2)n1)c1ccc(-c2cccc3nc(NC(=O)C4CC4)nn23)cc1,N#CCC(=O)N1CC2(CCC(c3cccc4nc(NC(=O)C5CC5)nn34)CC2)C1
O=C(NCCc1ccn(-c2ccccc2)n1)c1ccc(-c2cccc3nc(NC(=O)C4CC4)nn23)cc1,CCn1c(C(=O)N(C2CC2)C2CC2)cc2c3c(ncn3C)c(Nc3cc(C)n(C)n3)nc21
O=C(NCCc1ccn(-c2ccccc2)n1)c1ccc(-c2cccc3nc(NC(=O)C4CC4)nn23)cc1,O=C(Nc1nc2cccc(C3=CCN(C(=O)C4CC4(F)F)CC3)n2n1)C1CC1
O=C(NCCc1ccn(-c2ccccc2)n1)c1ccc(-c2cccc3nc(NC(=O)C4CC4)nn23)cc1,N#CCC(=O)N1CCC2(CCC(c3cccc4nc(NC(=O)C5CC5)nn34)CC2)CC1
O=C(NCCc1ccn(-c2ccccc2)n1)c1ccc(-c2cccc3nc(NC(=O)C4CC4)nn23)cc1,CC(C)C(C)n1cc(-c2cc(C3CCOCC3)n(C)n2)c2[nH]nc(N)c2c1=O
O=C(NCCc1ccn(-c2ccccc2)n1)c1ccc(-c2cccc3nc(NC(=O)C4CC4)nn23)cc1,CCn1c(C(=O)N(C2CC2)C2CC2)cc2c3c(ncn3C)c(Nc3nc(C)n(C)n3)nc21
O=C(NCCc1ccn(-c2ccccc2)n1)c1ccc(-c2cccc3nc(NC(=O)C4CC4)nn23)cc1,CCn1c(C(=O)N(C2CC2)C2CC2)cc2c3c(ncn3C)c(Nc3nc(C)c(C(=O)NC)s3)nc21
O=C(NCCc1ccn(-c2ccccc2)n1)c1ccc(-c2cccc3nc(NC(=O)C4CC4)nn23)cc1,CCOC(C)n1cc(-c2nc(Nc3ccc4c(c3)CCN4S(=O)(=O)c3ccc(C(F)(F)F)cc3)ncc2C)cn1
O=C(NCCc1ccn(-c2ccccc2)n1)c1ccc(-c2cccc3nc(NC(=O)C4CC4)nn23)cc1,C=C(C#N)C(O)c1ccc(-c2cccc3nc(NC(=O)C4CC4)nn23)cc1
CCOc1ccc(-c2cncc3nc(NC(=O)C4CC4)nn23)cc1,O=C(Nc1nc2cccc(-c3ccc(C(=O)N4CCC(F)(F)CC4)cc3)n2n1)C1CC1
CCOc1ccc(-c2cncc3nc(NC(=O)C4CC4)nn23)cc1,O=C(Nc1nc2cccc(-c3ccc(C(=O)N4CC(F)(F)C4)cc3)n2n1)C1CC1
CCOc1ccc(-c2cncc3nc(NC(=O)C4CC4)nn23)cc1,O=C(NCC(F)(F)F)c1ccc(-c2cccc3nc(NC(=O)C4CC4)nn23)cc1
CCOc1ccc(-c2cncc3nc(NC(=O)C4CC4)nn23)cc1,N#CC1CN(C(=O)c2ccc(-c3cccc4nc(NC(=O)C5CC5)nn34)cc2)C1
CCOc1ccc(-c2cncc3nc(NC(=O)C4CC4)nn23)cc1,C=C(C#N)C(O)c1ccc(-c2cccc3nc(NC(=O)C4CC4)nn23)cc1
Cc1cnc(Nc2ccccc2)nc1N1CCC2(CCNC2=O)CC1,COc1ccc(Nc2ncc(C)c(N3CCC4(CCNC4=O)CC3)n2)cc1N
Cc1cnc(Nc2ccccc2)nc1N1CCC2(CCNC2=O)CC1,COc1cc(Nc2ncc(C)c(N3CCC4(CCNC4=O)CC3)n2)cc(OC)c1OC
Cc1cnc(Nc2ccccc2)nc1N1CCC2(CCNC2=O)CC1,Cc1cnc(Nc2cnn(C(C)C)c2)nc1N1CCC2(CCNC2=O)CC1
Cc1cnc(Nc2ccccc2)nc1N1CCC2(CCNC2=O)CC1,Cc1cnc(Nc2cnn(C)c2)nc1N1CCC2(CCNC2=O)CC1
Cc1cnc(Nc2ccccc2)nc1N1CCC2(CCNC2=O)CC1,Cc1cnc(Nc2cnn(C(F)F)c2)nc1N1CCC2(CCNC2=O)CC1
Cc1cnc(Nc2ccccc2)nc1N1CCC2(CCNC2=O)CC1,Cc1cnc(Nc2ccc(N3C4CCC3COC4)cc2)nc1N1CCC2(CCNC2=O)CC1
Cc1cnc(Nc2ccccc2)nc1N1CCC2(CCNC2=O)CC1,CCNC(=O)c1ccc(Nc2ncc(F)c(N3CC4CCC(C3)N4C(=O)C3CC3)n2)cc1
O=C(Nc1nc2cccc(-c3cccc(OCc4ccccc4)c3)n2n1)C1CC1,O=C(Nc1nc2cccc(C3CCC(NC(=O)C4(F)CC4)CC3)n2n1)C1CC1
O=C(Nc1nc2cccc(-c3cccc(OCc4ccccc4)c3)n2n1)C1CC1,O=C(Nc1nc2cccc(-c3ccc(C(=O)N4CCC(F)(F)CC4)cc3)n2n1)C1CC1
O=C(Nc1nc2cccc(-c3cccc(OCc4ccccc4)c3)n2n1)C1CC1,O=C(Nc1nc2cccc(-c3ccc(C(=O)N4CC(F)(F)C4)cc3)n2n1)C1CC1
O=C(Nc1nc2cccc(-c3cccc(OCc4ccccc4)c3)n2n1)C1CC1,N#CCC(=O)N1CC=C(c2cccc3nc(NC(=O)C4CC4)nn23)CC1
O=C(Nc1nc2cccc(-c3cccc(OCc4ccccc4)c3)n2n1)C1CC1,C=CC(=O)N1CC=C(c2cccc3nc(NC(=O)C4CC4)nn23)CC1
O=C(Nc1nc2cccc(-c3cccc(OCc4ccccc4)c3)n2n1)C1CC1,O=C(Nc1nc2cccc(C3CCC4(CCN(C(=O)C5CC5(F)F)CC4)C3)n2n1)C1CC1
O=C(Nc1nc2cccc(-c3cccc(OCc4ccccc4)c3)n2n1)C1CC1,CC(C)(C#N)C(=O)N1CC2(CCC(c3cccc4nc(NC(=O)C5CC5)nn34)CC2)C1
O=C(Nc1nc2cccc(-c3cccc(OCc4ccccc4)c3)n2n1)C1CC1,O=C(Nc1nc2cccc(C3=CCN(C(=O)NCC(F)(F)F)CC3)n2n1)C1CC1
O=C(Nc1nc2cccc(-c3cccc(OCc4ccccc4)c3)n2n1)C1CC1,O=C(Nc1nc2cccc(C3CCC4(CC3)CCN(C(=O)C3CC3(F)F)CC4)n2n1)C1CC1
O=C(Nc1nc2cccc(-c3cccc(OCc4ccccc4)c3)n2n1)C1CC1,O=C(NCC(F)(F)F)c1ccc(-c2cccc3nc(NC(=O)C4CC4)nn23)cc1
O=C(Nc1nc2cccc(-c3cccc(OCc4ccccc4)c3)n2n1)C1CC1,N#CC1CN(C(=O)c2ccc(-c3cccc4nc(NC(=O)C5CC5)nn34)cc2)C1
O=C(Nc1nc2cccc(-c3cccc(OCc4ccccc4)c3)n2n1)C1CC1,O=C(Nc1nc2cccc(C3=CCN(C(=O)C4(C(F)(F)F)CC4)CC3)n2n1)C1CC1
O=C(Nc1nc2cccc(-c3cccc(OCc4ccccc4)c3)n2n1)C1CC1,N#CCC(=O)N1CC2(CCC(c3cccc4nc(NC(=O)C5CC5)nn34)CC2)C1
O=C(Nc1nc2cccc(-c3cccc(OCc4ccccc4)c3)n2n1)C1CC1,O=C(Nc1nc2cccc(C3=CCN(C(=O)C4CC4(F)F)CC3)n2n1)C1CC1
O=C(Nc1nc2cccc(-c3cccc(OCc4ccccc4)c3)n2n1)C1CC1,N#CCC(=O)N1CCC2(CCC(c3cccc4nc(NC(=O)C5CC5)nn34)CC2)CC1
O=C(Nc1nc2cccc(-c3cccc(OCc4ccccc4)c3)n2n1)C1CC1,C=C(C#N)C(O)c1ccc(-c2cccc3nc(NC(=O)C4CC4)nn23)cc1
CN(c1ncnc2[nH]ccc12)C1CC(NS(=O)(=O)N(C)C2CC2)C1,CC1CCN(C(=O)N2CCCC2)CC1N(C)c1ncnc2[nH]ccc12
CN(c1ncnc2[nH]ccc12)C1CC(NS(=O)(=O)N(C)C2CC2)C1,CN(c1ncnc2[nH]ccc12)C1CN(S(=O)(=O)c2cccc(C#N)c2)CC12CC2
CN(c1ncnc2[nH]ccc12)C1CC(NS(=O)(=O)N(C)C2CC2)C1,CC1CN(C(=O)CC#N)C12CCN(c1ncnc3[nH]ccc13)C2
CN(c1ncnc2[nH]ccc12)C1CC(NS(=O)(=O)N(C)C2CC2)C1,CC1CCCN(c2ncnc3[nH]cc(-c4cccc(C#N)c4)c23)C1
CN(c1ncnc2[nH]ccc12)C1CC(NS(=O)(=O)N(C)C2CC2)C1,CN(c1ncnc2[nH]ccc12)C1CCN(C(=O)CC#N)C1
