Source_Mol,Target_Mol
NC(=O)c1cnc(Nc2ccc3ncsc3c2)cc1NC(CO)Cc1ccccc1,Cc1cncc(Nc2cc(NC3CCN(c4ccc(C#N)cn4)CC3)c(C(N)=O)cn2)n1
NC(=O)c1cnc(Nc2ccc3ncsc3c2)cc1NC(CO)Cc1ccccc1,Cc1nccc(Nc2cc(NC3CCN(c4ccc(C#N)cn4)CC3F)c(C(N)=O)cn2)n1
NC(=O)c1cnc(Nc2ccc3ncsc3c2)cc1NC(CO)Cc1ccccc1,NC(=O)c1cnc(Nc2ccccc2)cc1NCc1ccccc1
NC(=O)c1cnc(Nc2ccc3ncsc3c2)cc1NC(CO)Cc1ccccc1,Cc1nccc(Nc2cc(NC3CCN(c4ccc(C#N)cc4)CC3)c(C(N)=O)cn2)n1
NC(=O)c1cnc(Nc2ccc3ncsc3c2)cc1NC(CO)Cc1ccccc1,Cc1nccc(Nc2cc(NC3CCN(c4ccc(C#N)cn4)CC3)c(C(N)=O)cn2)n1
NC(=O)c1cnc(Nc2ccc3ncsc3c2)cc1NC(CO)Cc1ccccc1,Cc1cnc(Nc2cc(NC3CCN(c4ccc(C#N)cn4)CC3)c(C(N)=O)cn2)cn1
O=C(NCC1CC1)c1cnc(Nc2ccc3ncsc3c2)cc1NC(CO)Cc1ccccc1,CCn1c(C(=O)N(C2CC2)C2CC2)cc2c3c(ncn3C)c(Nc3ncc(C)s3)nc21
O=C(NCC1CC1)c1cnc(Nc2ccc3ncsc3c2)cc1NC(CO)Cc1ccccc1,Cc1cncc(Nc2cc(NC3CCN(c4ccc(C#N)cn4)CC3)c(C(N)=O)cn2)n1
O=C(NCC1CC1)c1cnc(Nc2ccc3ncsc3c2)cc1NC(CO)Cc1ccccc1,Cc1nccc(Nc2cc(NC3CCN(c4ccc(C#N)cn4)CC3F)c(C(N)=O)cn2)n1
O=C(NCC1CC1)c1cnc(Nc2ccc3ncsc3c2)cc1NC(CO)Cc1ccccc1,NC(=O)c1cnc(Nc2ccccc2)cc1NCc1ccccc1
O=C(NCC1CC1)c1cnc(Nc2ccc3ncsc3c2)cc1NC(CO)Cc1ccccc1,CCc1nc(Nc2nc3c(cc(C(=O)N(C4CC4)C4CC4)n3CC)c3c2ncn3C)sc1C
O=C(NCC1CC1)c1cnc(Nc2ccc3ncsc3c2)cc1NC(CO)Cc1ccccc1,Cc1nccc(Nc2cc(NC3CCN(c4ccc(C#N)cc4)CC3)c(C(N)=O)cn2)n1
O=C(NCC1CC1)c1cnc(Nc2ccc3ncsc3c2)cc1NC(CO)Cc1ccccc1,CCn1c(C(=O)N(C2CC2)C2CC2)cc2c3c(ncn3C)c(Nc3nc(C)c(S(C)(=O)=O)s3)nc21
O=C(NCC1CC1)c1cnc(Nc2ccc3ncsc3c2)cc1NC(CO)Cc1ccccc1,O=C(NC1CC1)c1cnc2[nH]ccc2c1NC1CCN(Cc2ccccc2)CC1
O=C(NCC1CC1)c1cnc(Nc2ccc3ncsc3c2)cc1NC(CO)Cc1ccccc1,Cc1nccc(Nc2cc(NC3CCN(c4ccc(C#N)cn4)CC3)c(C(N)=O)cn2)n1
O=C(NCC1CC1)c1cnc(Nc2ccc3ncsc3c2)cc1NC(CO)Cc1ccccc1,CCn1c(C(=O)N(C2CC2)C2CC2)cc2c3c(ncn3C)c(Nc3nc(C)c(C(=O)NC)s3)nc21
O=C(NCC1CC1)c1cnc(Nc2ccc3ncsc3c2)cc1NC(CO)Cc1ccccc1,Cc1cnc(Nc2cc(NC3CCN(c4ccc(C#N)cn4)CC3)c(C(N)=O)cn2)cn1
COCCNC(=O)c1cnc(Nc2ccc3ncsc3c2)cc1NC(CO)Cc1ccccc1,Cc1cncc(Nc2cc(NC3CCN(c4ccc(C#N)cn4)CC3)c(C(N)=O)cn2)n1
COCCNC(=O)c1cnc(Nc2ccc3ncsc3c2)cc1NC(CO)Cc1ccccc1,Cc1nccc(Nc2cc(NC3CCN(c4ccc(C#N)cn4)CC3F)c(C(N)=O)cn2)n1
COCCNC(=O)c1cnc(Nc2ccc3ncsc3c2)cc1NC(CO)Cc1ccccc1,NC(=O)c1cnc(Nc2ccccc2)cc1NCc1ccccc1
COCCNC(=O)c1cnc(Nc2ccc3ncsc3c2)cc1NC(CO)Cc1ccccc1,Cc1nccc(Nc2cc(NC3CCN(c4ccc(C#N)cc4)CC3)c(C(N)=O)cn2)n1
COCCNC(=O)c1cnc(Nc2ccc3ncsc3c2)cc1NC(CO)Cc1ccccc1,Cc1nccc(Nc2cc(NC3CCN(c4ccc(C#N)cn4)CC3)c(C(N)=O)cn2)n1
COCCNC(=O)c1cnc(Nc2ccc3ncsc3c2)cc1NC(CO)Cc1ccccc1,Cc1cnc(Nc2cc(NC3CCN(c4ccc(C#N)cn4)CC3)c(C(N)=O)cn2)cn1
C=CC(=O)N1CCN(CCCn2c(=O)c(-c3c(Cl)c(OC)cc(OC)c3Cl)cc3cnc(NC)nc32)CC1,CN(C)C(=O)C=Cc1ccc(-c2nc3cnc4[nH]ccc4c3n2C2CCCCC2)o1
C=CC(=O)N1CCN(CCCn2c(=O)c(-c3c(Cl)c(OC)cc(OC)c3Cl)cc3cnc(NC)nc32)CC1,COc1cc2c(=O)n(C3CCCN(C(=O)CC#N)C3)c3c4cc[nH]c4ncc3c2cc1OC
C=CC(=O)N1CCN(CCCn2c(=O)c(-c3c(Cl)c(OC)cc(OC)c3Cl)cc3cnc(NC)nc32)CC1,CCn1c(C(=O)N(C2CC2)C2CC2)cc2c3c(ncn3C)c(Nc3ncc(C)s3)nc21
C=CC(=O)N1CCN(CCCn2c(=O)c(-c3c(Cl)c(OC)cc(OC)c3Cl)cc3cnc(NC)nc32)CC1,CCn1c(C(=O)N(C2CC2)C2CC2)cc2c3c(ncn3C)c(NC)nc21
C=CC(=O)N1CCN(CCCn2c(=O)c(-c3c(Cl)c(OC)cc(OC)c3Cl)cc3cnc(NC)nc32)CC1,CC(NC(=O)c1c[nH]c2ncc(-c3nn(C)c4ccc(Cl)cc34)nc12)C(=O)N1CC(C#N)C1
C=CC(=O)N1CCN(CCCn2c(=O)c(-c3c(Cl)c(OC)cc(OC)c3Cl)cc3cnc(NC)nc32)CC1,CC(Nc1nc(Nc2cn(C)cn2)c2ccn(C3CC3)c2n1)c1ncc(F)cn1
C=CC(=O)N1CCN(CCCn2c(=O)c(-c3c(Cl)c(OC)cc(OC)c3Cl)cc3cnc(NC)nc32)CC1,CCC(C(=O)N1CC(C#N)C1)n1c(=O)c2cc(OC)c(OC)cc2c2cnc3[nH]ccc3c21
C=CC(=O)N1CCN(CCCn2c(=O)c(-c3c(Cl)c(OC)cc(OC)c3Cl)cc3cnc(NC)nc32)CC1,CCn1nc(Nc2nc3c(cc(C(=O)N(C4CC4)C4CC4)n3CC)c3c2ncn3C)cc1C
C=CC(=O)N1CCN(CCCn2c(=O)c(-c3c(Cl)c(OC)cc(OC)c3Cl)cc3cnc(NC)nc32)CC1,CCn1c(C(=O)N(C2CC2)C2CC2)cc2c3c(ncn3C)c(Nc3nccs3)nc21
C=CC(=O)N1CCN(CCCn2c(=O)c(-c3c(Cl)c(OC)cc(OC)c3Cl)cc3cnc(NC)nc32)CC1,CCn1c(C(=O)N(C2CC2)C2CC2)cc2c3c(ncn3C)c(Nc3cc(C)nn3C)nc21
C=CC(=O)N1CCN(CCCn2c(=O)c(-c3c(Cl)c(OC)cc(OC)c3Cl)cc3cnc(NC)nc32)CC1,CCc1nc(Nc2nc3c(cc(C(=O)N(C4CC4)C4CC4)n3CC)c3c2ncn3C)sc1C
C=CC(=O)N1CCN(CCCn2c(=O)c(-c3c(Cl)c(OC)cc(OC)c3Cl)cc3cnc(NC)nc32)CC1,CCn1c(C(=O)N(C2CC2)C2CC2)cc2c3c(ncn3C)c(Nc3nc(C)c(S(C)(=O)=O)s3)nc21
C=CC(=O)N1CCN(CCCn2c(=O)c(-c3c(Cl)c(OC)cc(OC)c3Cl)cc3cnc(NC)nc32)CC1,CC(NC(=O)c1c[nH]c2ncc(-c3nn(C)c4cc(Cl)cc(F)c34)nc12)C(=O)N1CC(C#N)C1
C=CC(=O)N1CCN(CCCn2c(=O)c(-c3c(Cl)c(OC)cc(OC)c3Cl)cc3cnc(NC)nc32)CC1,CC(C)C(C)n1cc(-c2cc(N3CCOCC3)n(C)n2)c2[nH]nc(N)c2c1=O
C=CC(=O)N1CCN(CCCn2c(=O)c(-c3c(Cl)c(OC)cc(OC)c3Cl)cc3cnc(NC)nc32)CC1,Cc1ccccc1-n1cc(-c2ccn(C)n2)c2[nH]nc(N)c2c1=O
C=CC(=O)N1CCN(CCCn2c(=O)c(-c3c(Cl)c(OC)cc(OC)c3Cl)cc3cnc(NC)nc32)CC1,Cc1nc2cnc3ccc(-c4cc(F)c(O)c(Cl)c4)cc3c2n1C1CCN(C)CC1
C=CC(=O)N1CCN(CCCn2c(=O)c(-c3c(Cl)c(OC)cc(OC)c3Cl)cc3cnc(NC)nc32)CC1,CCn1c(C(=O)N(C2CC2)C2CC2)cc2c3c(ncn3C)c(NCCCOC)nc21
C=CC(=O)N1CCN(CCCn2c(=O)c(-c3c(Cl)c(OC)cc(OC)c3Cl)cc3cnc(NC)nc32)CC1,CC(NC(=O)c1c[nH]c2ncc(-c3nn(C)c4cc(Cl)ccc34)nc12)C(=O)N1CC(C#N)C1
C=CC(=O)N1CCN(CCCn2c(=O)c(-c3c(Cl)c(OC)cc(OC)c3Cl)cc3cnc(NC)nc32)CC1,CC(C)C(C)n1cc(-c2ccn(C)n2)c2[nH]nc(N)c2c1=O
C=CC(=O)N1CCN(CCCn2c(=O)c(-c3c(Cl)c(OC)cc(OC)c3Cl)cc3cnc(NC)nc32)CC1,COc1ccc2c(-c3cnc4[nH]cc(C(=O)NC(C)C(=O)N5CC(C#N)C5)c4n3)nn(C)c2c1
C=CC(=O)N1CCN(CCCn2c(=O)c(-c3c(Cl)c(OC)cc(OC)c3Cl)cc3cnc(NC)nc32)CC1,Nc1ncnc2c1c(-c1cccc(O)c1)cn2C1CC(CN2CCC2)C1
C=CC(=O)N1CCN(CCCn2c(=O)c(-c3c(Cl)c(OC)cc(OC)c3Cl)cc3cnc(NC)nc32)CC1,CCn1c(C(=O)N(C2CC2)C2CC2)cc2c3c(ncn3C)c(Nc3cc(C)[nH]n3)nc21
C=CC(=O)N1CCN(CCCn2c(=O)c(-c3c(Cl)c(OC)cc(OC)c3Cl)cc3cnc(NC)nc32)CC1,CCC(C)n1cc(-c2ccn(C)n2)c2[nH]nc(N)c2c1=O
C=CC(=O)N1CCN(CCCn2c(=O)c(-c3c(Cl)c(OC)cc(OC)c3Cl)cc3cnc(NC)nc32)CC1,CC(NC(=O)c1c[nH]c2ncc(-c3nn(C)c4cc(C(C)(C)C)ccc34)nc12)C(=O)N1CC(C#N)C1
C=CC(=O)N1CCN(CCCn2c(=O)c(-c3c(Cl)c(OC)cc(OC)c3Cl)cc3cnc(NC)nc32)CC1,CCn1c(C(=O)N(C2CC2)C2CC2)cc2c3c(ncn3C)c(Nc3cc(C)n(C)n3)nc21
C=CC(=O)N1CCN(CCCn2c(=O)c(-c3c(Cl)c(OC)cc(OC)c3Cl)cc3cnc(NC)nc32)CC1,CN1CCN(C(=O)C(C#N)=Cc2ccc(-c3nc4cnc5[nH]ccc5c4n3C3CCCCC3)o2)CC1
C=CC(=O)N1CCN(CCCn2c(=O)c(-c3c(Cl)c(OC)cc(OC)c3Cl)cc3cnc(NC)nc32)CC1,CC1CCN(C(=O)CC#N)CC1n1c(=O)[nH]c2cnc3[nH]ccc3c21
C=CC(=O)N1CCN(CCCn2c(=O)c(-c3c(Cl)c(OC)cc(OC)c3Cl)cc3cnc(NC)nc32)CC1,CC(C)C(C)n1cc(-c2cc(N3CCS(=O)(=O)CC3)n(C)n2)c2[nH]nc(N)c2c1=O
C=CC(=O)N1CCN(CCCn2c(=O)c(-c3c(Cl)c(OC)cc(OC)c3Cl)cc3cnc(NC)nc32)CC1,N#CC=Cc1ccc(-c2nc3cnc4[nH]ccc4c3n2C2CCCCC2)o1
C=CC(=O)N1CCN(CCCn2c(=O)c(-c3c(Cl)c(OC)cc(OC)c3Cl)cc3cnc(NC)nc32)CC1,CC(C)C(C)n1cc(-c2cc(C3CCOCC3)n(C)n2)c2[nH]nc(N)c2c1=O
C=CC(=O)N1CCN(CCCn2c(=O)c(-c3c(Cl)c(OC)cc(OC)c3Cl)cc3cnc(NC)nc32)CC1,CC(=O)NC1CCc2ccc(Oc3cnc4[nH]cc(C(=O)NC(C(=O)N5CC(C#N)C5)C5CC5)c4n3)cc21
C=CC(=O)N1CCN(CCCn2c(=O)c(-c3c(Cl)c(OC)cc(OC)c3Cl)cc3cnc(NC)nc32)CC1,Cn1ccc(-c2cn(-c3ccccc3Cl)c(=O)c3c(N)n[nH]c23)n1
C=CC(=O)N1CCN(CCCn2c(=O)c(-c3c(Cl)c(OC)cc(OC)c3Cl)cc3cnc(NC)nc32)CC1,CC(C)Cn1cc(-c2ccn(C)n2)c2[nH]nc(N)c2c1=O
C=CC(=O)N1CCN(CCCn2c(=O)c(-c3c(Cl)c(OC)cc(OC)c3Cl)cc3cnc(NC)nc32)CC1,CCn1c(C(=O)N(C2CC2)C2CC2)cc2c3c(ncn3C)c(Nc3nc(C)c(C(=O)NC)s3)nc21
C=CC(=O)N1CCN(CCCn2c(=O)c(-c3c(Cl)c(OC)cc(OC)c3Cl)cc3cnc(NC)nc32)CC1,Cn1nc(-c2cnc3[nH]cc(C(=O)NC(C(=O)N4CC(C#N)C4)C(C)(C)C)c3n2)c2ccc(Cl)cc21
C=CC(=O)N1CC2CC1CN2c1nc(NC)nc(Nc2cc[nH]n2)n1,Cn1cc(Nc2ncc(F)c(N3CC4CCC(C3)N4C(=O)C3CC3)n2)cn1
CN(c1ncnc2[nH]ccc12)N1CCC(C(=O)NCC(F)(F)F)C1,COCNC(=O)C1CCCN(N(C)c2ncnc3[nH]ccc23)C1
CN(c1ncnc2[nH]ccc12)N1CCC(C(=O)NCC(F)(F)F)C1,CN(c1ncnc2[nH]ccc12)N1CCCC(C(=O)NCCC#N)C1
CN(c1ncnc2[nH]ccc12)N1CCC(C(=O)NCC(F)(F)F)C1,CC1CCC(C(=O)NCC(F)(F)F)CN1N(C)c1ncnc2[nH]ccc12
CN(c1ncnc2[nH]ccc12)N1CCC(C(=O)NCC(F)(F)F)C1,CN(c1ncnc2[nH]ccc12)N1CCC(C)(C(=O)NCC(F)(F)F)C1
CN(c1ncnc2[nH]ccc12)N1CCC(C(=O)NCC(F)(F)F)C1,CN(c1ncnc2[nH]ccc12)N1CCCC(C(=O)N2CC(O)C2)C1
CN(c1ncnc2[nH]ccc12)N1CCC(C(=O)NCC(F)(F)F)C1,CN(c1ncnc2[nH]ccc12)N1CCCC(C(=O)NCC#N)C1
CN(c1ncnc2[nH]ccc12)N1CCC(C(=O)NCC(F)(F)F)C1,CN(c1ncnc2[nH]ccc12)N1CCC(C(=O)NCC#N)C1
CN(c1ncnc2[nH]ccc12)N1CCC(C(=O)NCC(F)(F)F)C1,CN(c1ncnc2[nH]ccc12)N1CCCN(C(=O)CC(F)(F)F)CC1
CN1CCC(NC(=O)c2cnc(Nc3cc(Cl)cc(Cl)c3)nc2NC2COCC2O)CC1,Cc1cnc(Nc2ccc(N3C4CCC3COC4)cc2)nc1N1CCC2(CCNC2=O)CC1
CN1CCC(NC(=O)c2cnc(Nc3cc(Cl)cc(Cl)c3)nc2NC2COCC2O)CC1,COc1ccc(Nc2ncc(C)c(N3CCC4(CCNC4=O)CC3)n2)cc1F
C=CC(=O)Nc1cccc(CNc2nc(Nc3cc(F)c(N4CCN(C)CC4)cc3OC)ncc2Cl)c1,C=CC(=O)Nc1cccc(CNc2nc(Nc3ccc(N4CCN(C)CC4)cc3OC)ncc2Cl)c1
C=CC(=O)Nc1cccc(CNc2nc(Nc3cc(F)c(N4CCN(C)CC4)cc3OC)ncc2Cl)c1,C=CC(=O)Nc1cccc(CNc2nc(Nc3cnn(C)c3)ncc2Cl)c1
CSc1nccc(-c2[nH]c(-c3ccc(O)cc3)nc2-c2ccc(F)cc2)n1,O=c1cc(-c2[nH]c(-c3ccc(O)cc3)nc2-c2ccc(F)cc2)cc[nH]1
CSc1nccc(-c2[nH]c(-c3ccc(O)cc3)nc2-c2ccc(F)cc2)n1,CCOC(=O)Cn1cc(-c2ccc(-c3nc(-c4ccc(F)cc4)c(-c4cc[nH]c(=O)c4)[nH]3)cc2)nn1
CSc1nccc(-c2[nH]c(-c3ccc(O)cc3)nc2-c2ccc(F)cc2)n1,O=C(O)c1ccc(-c2nc(-c3ccc(F)cc3)c(-c3cc[nH]c(=O)c3)[nH]2)cc1
CSc1nccc(-c2[nH]c(-c3ccc(O)cc3)nc2-c2ccc(F)cc2)n1,CCOP(=O)(CCn1cc(-c2ccc(-c3nc(-c4ccc(F)cc4)c(-c4cc[nH]c(=O)c4)[nH]3)cc2)nn1)OCC
CSc1nccc(-c2[nH]c(-c3ccc(O)cc3)nc2-c2ccc(F)cc2)n1,O=c1cc(-c2[nH]c(-c3ccc(-c4nnn[nH]4)cc3)nc2-c2ccc(F)cc2)cc[nH]1
C=CC(=O)Nc1cccc(CNc2nc(Nc3cc(F)c(OCCN4CCOCC4)c(F)c3)ncc2Cl)c1,C=CC(=O)Nc1cccc(CNc2nc(Nc3ccc(N4CCN(C)CC4)cc3OC)ncc2Cl)c1
C=CC(=O)Nc1cccc(CNc2nc(Nc3cc(F)c(OCCN4CCOCC4)c(F)c3)ncc2Cl)c1,C=CC(=O)Nc1cccc(CNc2nc(Nc3cnn(C)c3)ncc2Cl)c1
C=CC(=O)Nc1cccc(CNc2nc(Nc3cc(F)c(OCCN4CCOCC4)c(F)c3)ncc2Cl)c1,COc1ccc(Nc2ncc(C)c(N3CCC4(CCNC4=O)CC3)n2)cc1F
Cc1nn(-c2ccnc(Nc3ccc4c(c3)c(Cl)c(C)n4C)n2)cc1CN1CCC(O)C1,CCn1c(C(=O)N(C2CC2)C2CC2)cc2c3c(ncn3C)c(Nc3ncc(C)s3)nc21
Cc1nn(-c2ccnc(Nc3ccc4c(c3)c(Cl)c(C)n4C)n2)cc1CN1CCC(O)C1,CCn1c(C(=O)N(C2CC2)C2CC2)cc2c3c(ncn3C)c(NC)nc21
Cc1nn(-c2ccnc(Nc3ccc4c(c3)c(Cl)c(C)n4C)n2)cc1CN1CCC(O)C1,CC(NC(=O)c1c[nH]c2ncc(-c3cn(C)c4cc(Cl)ccc34)nc12)C(=O)N1CC(C#N)C1
Cc1nn(-c2ccnc(Nc3ccc4c(c3)c(Cl)c(C)n4C)n2)cc1CN1CCC(O)C1,CCn1nc(Nc2nc3c(cc(C(=O)N(C4CC4)C4CC4)n3CC)c3c2ncn3C)cc1C
Cc1nn(-c2ccnc(Nc3ccc4c(c3)c(Cl)c(C)n4C)n2)cc1CN1CCC(O)C1,CCn1c(C(=O)N(C2CC2)C2CC2)cc2c3c(ncn3C)c(Nc3nccs3)nc21
Cc1nn(-c2ccnc(Nc3ccc4c(c3)c(Cl)c(C)n4C)n2)cc1CN1CCC(O)C1,CCn1c(C(=O)N(C2CC2)C2CC2)cc2c3c(ncn3C)c(Nc3cc(C)nn3C)nc21
Cc1nn(-c2ccnc(Nc3ccc4c(c3)c(Cl)c(C)n4C)n2)cc1CN1CCC(O)C1,CCc1nc(Nc2nc3c(cc(C(=O)N(C4CC4)C4CC4)n3CC)c3c2ncn3C)sc1C
Cc1nn(-c2ccnc(Nc3ccc4c(c3)c(Cl)c(C)n4C)n2)cc1CN1CCC(O)C1,Cn1cc(C2=C(Nc3cccc(OCCNc4ccnc(F)c4)c3)C(=O)NC2=O)c2ccccc21
Cc1nn(-c2ccnc(Nc3ccc4c(c3)c(Cl)c(C)n4C)n2)cc1CN1CCC(O)C1,CCn1c(C(=O)N(C2CC2)C2CC2)cc2c3c(ncn3C)c(Nc3nc(C)c(S(C)(=O)=O)s3)nc21
Cc1nn(-c2ccnc(Nc3ccc4c(c3)c(Cl)c(C)n4C)n2)cc1CN1CCC(O)C1,CC(NC(=O)c1c[nH]c2ncc(-c3nn(C)c4cc(Cl)cc(F)c34)nc12)C(=O)N1CC(C#N)C1
Cc1nn(-c2ccnc(Nc3ccc4c(c3)c(Cl)c(C)n4C)n2)cc1CN1CCC(O)C1,CCn1c(C(=O)N(C2CC2)C2CC2)cc2c3c(ncn3C)c(NCCCOC)nc21
Cc1nn(-c2ccnc(Nc3ccc4c(c3)c(Cl)c(C)n4C)n2)cc1CN1CCC(O)C1,CCn1c(C(=O)N(C2CC2)C2CC2)cc2c3c(ncn3C)c(Nc3cc(C)[nH]n3)nc21
Cc1nn(-c2ccnc(Nc3ccc4c(c3)c(Cl)c(C)n4C)n2)cc1CN1CCC(O)C1,CCn1c(C(=O)N(C2CC2)C2CC2)cc2c3c(ncn3C)c(Nc3cc(C)n(C)n3)nc21
Cc1nn(-c2ccnc(Nc3ccc4c(c3)c(Cl)c(C)n4C)n2)cc1CN1CCC(O)C1,CC(C)C(C)n1cc(-c2cc(C3CCOCC3)n(C)n2)c2[nH]nc(N)c2c1=O
Cc1nn(-c2ccnc(Nc3ccc4c(c3)c(Cl)c(C)n4C)n2)cc1CN1CCC(O)C1,CC(=O)NC1CCc2ccc(Oc3cnc4[nH]cc(C(=O)NC(C(=O)N5CC(C#N)C5)C5CC5)c4n3)cc21
Cc1nn(-c2ccnc(Nc3ccc4c(c3)c(Cl)c(C)n4C)n2)cc1CN1CCC(O)C1,CCn1c(C(=O)N(C2CC2)C2CC2)cc2c3c(ncn3C)c(Nc3nc(C)c(C(=O)NC)s3)nc21
Cc1nn(-c2ccnc(Nc3ccc4c(c3)c(Cl)c(C)n4C)n2)cc1CN1CCC(O)C1,Cn1nc(-c2cnc3[nH]cc(C(=O)NC(C(=O)N4CC(C#N)C4)C(C)(C)C)c3n2)c2ccc(Cl)cc21
O=C1NC(=O)C(c2c[nH]c3ccccc23)=C1Nc1cccc(OCCNc2ccccn2)c1,CCn1c(C(=O)N(C2CC2)C2CC2)cc2c3c(ncn3C)c(Nc3ncc(C)s3)nc21
O=C1NC(=O)C(c2c[nH]c3ccccc23)=C1Nc1cccc(OCCNc2ccccn2)c1,CCn1c(C(=O)N(C2CC2)C2CC2)cc2c3c(ncn3C)c(NC)nc21
O=C1NC(=O)C(c2c[nH]c3ccccc23)=C1Nc1cccc(OCCNc2ccccn2)c1,CCn1nc(Nc2nc3c(cc(C(=O)N(C4CC4)C4CC4)n3CC)c3c2ncn3C)cc1C
O=C1NC(=O)C(c2c[nH]c3ccccc23)=C1Nc1cccc(OCCNc2ccccn2)c1,CCn1c(C(=O)N(C2CC2)C2CC2)cc2c3c(ncn3C)c(Nc3nccs3)nc21
O=C1NC(=O)C(c2c[nH]c3ccccc23)=C1Nc1cccc(OCCNc2ccccn2)c1,CCn1c(C(=O)N(C2CC2)C2CC2)cc2c3c(ncn3C)c(Nc3cc(C)nn3C)nc21
O=C1NC(=O)C(c2c[nH]c3ccccc23)=C1Nc1cccc(OCCNc2ccccn2)c1,CCc1nc(Nc2nc3c(cc(C(=O)N(C4CC4)C4CC4)n3CC)c3c2ncn3C)sc1C
O=C1NC(=O)C(c2c[nH]c3ccccc23)=C1Nc1cccc(OCCNc2ccccn2)c1,Cn1cc(C2=C(Nc3cccc(OCCNc4ccnc(F)c4)c3)C(=O)NC2=O)c2ccccc21
O=C1NC(=O)C(c2c[nH]c3ccccc23)=C1Nc1cccc(OCCNc2ccccn2)c1,CCn1c(C(=O)N(C2CC2)C2CC2)cc2c3c(ncn3C)c(Nc3nc(C)c(S(C)(=O)=O)s3)nc21
O=C1NC(=O)C(c2c[nH]c3ccccc23)=C1Nc1cccc(OCCNc2ccccn2)c1,CC(NC(=O)c1c[nH]c2ncc(-c3nn(C)c4cc(Cl)cc(F)c34)nc12)C(=O)N1CC(C#N)C1
O=C1NC(=O)C(c2c[nH]c3ccccc23)=C1Nc1cccc(OCCNc2ccccn2)c1,CCn1c(C(=O)N(C2CC2)C2CC2)cc2c3c(ncn3C)c(NCCCOC)nc21
O=C1NC(=O)C(c2c[nH]c3ccccc23)=C1Nc1cccc(OCCNc2ccccn2)c1,COc1ccc2c(-c3cnc4[nH]cc(C(=O)NC(C)C(=O)N5CC(C#N)C5)c4n3)nn(C)c2c1
O=C1NC(=O)C(c2c[nH]c3ccccc23)=C1Nc1cccc(OCCNc2ccccn2)c1,O=C1NC(=O)C(c2c[nH]c3ccccc23)=C1Nc1cccc(OCCNc2ccnc(F)c2)c1
O=C1NC(=O)C(c2c[nH]c3ccccc23)=C1Nc1cccc(OCCNc2ccccn2)c1,CCn1c(C(=O)N(C2CC2)C2CC2)cc2c3c(ncn3C)c(Nc3cc(C)[nH]n3)nc21
O=C1NC(=O)C(c2c[nH]c3ccccc23)=C1Nc1cccc(OCCNc2ccccn2)c1,CC(C)(O)C(=O)N1CCN(c2ccc(C(F)(F)F)c(C3=C(c4c[nH]c5ccccc45)C(=O)NC3=O)c2)CC1
O=C1NC(=O)C(c2c[nH]c3ccccc23)=C1Nc1cccc(OCCNc2ccccn2)c1,O=C1NC(=O)C(c2c[nH]c3ccccc23)=C1Nc1ccc(OCCNc2ccnc(F)c2)cc1
O=C1NC(=O)C(c2c[nH]c3ccccc23)=C1Nc1cccc(OCCNc2ccccn2)c1,CC(NC(=O)c1c[nH]c2ncc(-c3nn(C)c4cc(C(C)(C)C)ccc34)nc12)C(=O)N1CC(C#N)C1
O=C1NC(=O)C(c2c[nH]c3ccccc23)=C1Nc1cccc(OCCNc2ccccn2)c1,CCn1c(C(=O)N(C2CC2)C2CC2)cc2c3c(ncn3C)c(Nc3cc(C)n(C)n3)nc21
O=C1NC(=O)C(c2c[nH]c3ccccc23)=C1Nc1cccc(OCCNc2ccccn2)c1,O=C1NC(=O)C(c2c[nH]c3ccccc23)=C1Nc1cccc(OC2CCN(c3ccnc(F)c3)CC2)c1
O=C1NC(=O)C(c2c[nH]c3ccccc23)=C1Nc1cccc(OCCNc2ccccn2)c1,CCn1c(C(=O)N(C2CC2)C2CC2)cc2c3c(ncn3C)c(Nc3nc(C)c(C(=O)NC)s3)nc21
O=C1NC(=O)C(c2c[nH]c3ccccc23)=C1Nc1cccc(OCCNc2ccccn2)c1,Cn1nc(-c2cnc3[nH]cc(C(=O)NC(C(=O)N4CC(C#N)C4)C(C)(C)C)c3n2)c2ccc(Cl)cc21
O=C1NC(=O)C(c2c[nH]c3ccccc23)=C1Nc1cccc(OCCNc2ccccn2)c1,O=C1NC(=O)C(c2c[nH]c3ccccc23)=C1Nc1ccc(OCCCNc2ccnc(F)c2)cc1
CC1CCCCC1Nc1cc(Nc2ccccc2)ncc1C(N)=O,Cc1cncc(Nc2cc(NC3CCN(c4ccc(C#N)cn4)CC3)c(C(N)=O)cn2)n1
CC1CCCCC1Nc1cc(Nc2ccccc2)ncc1C(N)=O,Cc1nccc(Nc2cc(NC3CCN(c4ccc(C#N)cn4)CC3F)c(C(N)=O)cn2)n1
CC1CCCCC1Nc1cc(Nc2ccccc2)ncc1C(N)=O,NC(=O)c1cnc(Nc2ccccc2)cc1NCc1ccccc1
CC1CCCCC1Nc1cc(Nc2ccccc2)ncc1C(N)=O,Cc1nccc(Nc2cc(NC3CCN(c4ccc(C#N)cc4)CC3)c(C(N)=O)cn2)n1
CC1CCCCC1Nc1cc(Nc2ccccc2)ncc1C(N)=O,CC1CCCCC1Nc1c(C(N)=O)cnc2[nH]ccc12
CC1CCCCC1Nc1cc(Nc2ccccc2)ncc1C(N)=O,Cc1nccc(Nc2cc(NC3CCN(c4ccc(C#N)cn4)CC3)c(C(N)=O)cn2)n1
CC1CCCCC1Nc1cc(Nc2ccccc2)ncc1C(N)=O,Cc1cnc(Nc2cc(NC3CCN(c4ccc(C#N)cn4)CC3)c(C(N)=O)cn2)cn1
NC(=O)c1cnc(Nc2ccccc2)cc1NC(CO)c1ccccc1,Cc1cncc(Nc2cc(NC3CCN(c4ccc(C#N)cn4)CC3)c(C(N)=O)cn2)n1
NC(=O)c1cnc(Nc2ccccc2)cc1NC(CO)c1ccccc1,Cc1nccc(Nc2cc(NC3CCN(c4ccc(C#N)cn4)CC3F)c(C(N)=O)cn2)n1
NC(=O)c1cnc(Nc2ccccc2)cc1NC(CO)c1ccccc1,NC(=O)c1cnc(Nc2ccccc2)cc1NCc1ccccc1
NC(=O)c1cnc(Nc2ccccc2)cc1NC(CO)c1ccccc1,Cc1nccc(Nc2cc(NC3CCN(c4ccc(C#N)cc4)CC3)c(C(N)=O)cn2)n1
NC(=O)c1cnc(Nc2ccccc2)cc1NC(CO)c1ccccc1,Cc1nccc(Nc2cc(NC3CCN(c4ccc(C#N)cn4)CC3)c(C(N)=O)cn2)n1
NC(=O)c1cnc(Nc2ccccc2)cc1NC(CO)c1ccccc1,Cc1cnc(Nc2cc(NC3CCN(c4ccc(C#N)cn4)CC3)c(C(N)=O)cn2)cn1
CCC(=O)Nc1cccc(CNc2nc(Nc3ccc(N4CCN(C)CC4)cc3OC)ncc2Cl)c1,C=CC(=O)Nc1cccc(CNc2nc(Nc3ccc(N4CCN(C)CC4)cc3OC)ncc2Cl)c1
CCC(=O)Nc1cccc(CNc2nc(Nc3ccc(N4CCN(C)CC4)cc3OC)ncc2Cl)c1,C=CC(=O)Nc1cccc(CNc2nc(Nc3cnn(C)c3)ncc2Cl)c1
C=CC(=O)Nc1cccc(CSc2nc(Nc3ccc(N4CCN(C)CC4)cc3OC)ncc2Cl)c1,C=CC(=O)Nc1cccc(CNc2nc(Nc3ccc(N4CCN(C)CC4)cc3OC)ncc2Cl)c1
C=CC(=O)Nc1cccc(CNc2nc(Nc3cnn(CCOC(F)F)c3)ncc2Cl)c1,C=CC(=O)Nc1cccc(CNc2nc(Nc3ccc(N4CCN(C)CC4)cc3OC)ncc2Cl)c1
C=CC(=O)Nc1cccc(CNc2nc(Nc3cnn(CCOC(F)F)c3)ncc2Cl)c1,O=C(CCCCCCn1cc(Nc2ncc(Cl)c(Nc3ccc(Cl)cc3)n2)cn1)NO
C=CC(=O)Nc1cccc(CNc2nc(Nc3cnn(CCOC(F)F)c3)ncc2Cl)c1,O=C(CCCCCCn1cc(Nc2ncc(Cl)c(N3CCCCC3)n2)cn1)NO
C=CC(=O)Nc1cccc(CNc2nc(Nc3cnn(CCOC(F)F)c3)ncc2Cl)c1,O=C(CCCCCCn1cc(Nc2ncc(Cl)c(NC3CC3)n2)cn1)NO
C=CC(=O)Nc1cccc(CNc2nc(Nc3cnn(CCOC(F)F)c3)ncc2Cl)c1,C=CC(=O)Nc1cccc(CNc2nc(Nc3cnn(C)c3)ncc2Cl)c1
C=CC(=O)Nc1cccc(CNc2nc(Nc3cnn(CCOC(F)F)c3)ncc2Cl)c1,O=C(CCCCCCn1cc(Nc2ncc(Cl)c(Nc3cccc(Cl)c3)n2)cn1)NO
C=CC(=O)Nc1cccc(CNc2nc(Nc3cnn(CCOC(F)F)c3)ncc2Cl)c1,O=C(CCCCCn1cc(Nc2ncc(Cl)c(Nc3ccc(Cl)cc3)n2)cn1)NO
C=CC(=O)Nc1cccc(CNc2nc(Nc3cnn(CCOC(F)F)c3)ncc2Cl)c1,C=CC(=O)Nc1ccc(CNc2cc(Nc3cnn(CCO)c3)ncn2)cc1
C=CC(=O)Nc1cccc(CNc2nc(Nc3cnn(CC(C)(C)O)c3)ncc2Cl)c1,C=CC(=O)Nc1cccc(CNc2nc(Nc3ccc(N4CCN(C)CC4)cc3OC)ncc2Cl)c1
C=CC(=O)Nc1cccc(CNc2nc(Nc3cnn(CC(C)(C)O)c3)ncc2Cl)c1,O=C(CCCCCCn1cc(Nc2ncc(Cl)c(Nc3ccc(Cl)cc3)n2)cn1)NO
C=CC(=O)Nc1cccc(CNc2nc(Nc3cnn(CC(C)(C)O)c3)ncc2Cl)c1,O=C(CCCCCCn1cc(Nc2ncc(Cl)c(N3CCCCC3)n2)cn1)NO
C=CC(=O)Nc1cccc(CNc2nc(Nc3cnn(CC(C)(C)O)c3)ncc2Cl)c1,O=C(CCCCCCn1cc(Nc2ncc(Cl)c(NC3CC3)n2)cn1)NO
C=CC(=O)Nc1cccc(CNc2nc(Nc3cnn(CC(C)(C)O)c3)ncc2Cl)c1,C=CC(=O)Nc1cccc(CNc2nc(Nc3cnn(C)c3)ncc2Cl)c1
C=CC(=O)Nc1cccc(CNc2nc(Nc3cnn(CC(C)(C)O)c3)ncc2Cl)c1,O=C(CCCCCCn1cc(Nc2ncc(Cl)c(Nc3cccc(Cl)c3)n2)cn1)NO
C=CC(=O)Nc1cccc(CNc2nc(Nc3cnn(CC(C)(C)O)c3)ncc2Cl)c1,O=C(CCCCCn1cc(Nc2ncc(Cl)c(Nc3ccc(Cl)cc3)n2)cn1)NO
C=CC(=O)Nc1cccc(CNc2nc(Nc3cnn(CC(C)(C)O)c3)ncc2Cl)c1,C=CC(=O)Nc1ccc(CNc2cc(Nc3cnn(CCO)c3)ncn2)cc1
O=C1NC(=O)C(c2c[nH]c3ccccc23)=C1Nc1cccc(OCCn2ccnc2)c1,CCn1c(C(=O)N(C2CC2)C2CC2)cc2c3c(ncn3C)c(Nc3ncc(C)s3)nc21
O=C1NC(=O)C(c2c[nH]c3ccccc23)=C1Nc1cccc(OCCn2ccnc2)c1,CCn1c(C(=O)N(C2CC2)C2CC2)cc2c3c(ncn3C)c(NC)nc21
O=C1NC(=O)C(c2c[nH]c3ccccc23)=C1Nc1cccc(OCCn2ccnc2)c1,CC(NC(=O)c1c[nH]c2ncc(-c3nn(C)c4ccc(Cl)cc34)nc12)C(=O)N1CC(C#N)C1
O=C1NC(=O)C(c2c[nH]c3ccccc23)=C1Nc1cccc(OCCn2ccnc2)c1,CCn1nc(Nc2nc3c(cc(C(=O)N(C4CC4)C4CC4)n3CC)c3c2ncn3C)cc1C
O=C1NC(=O)C(c2c[nH]c3ccccc23)=C1Nc1cccc(OCCn2ccnc2)c1,CCn1c(C(=O)N(C2CC2)C2CC2)cc2c3c(ncn3C)c(Nc3nccs3)nc21
O=C1NC(=O)C(c2c[nH]c3ccccc23)=C1Nc1cccc(OCCn2ccnc2)c1,CCn1c(C(=O)N(C2CC2)C2CC2)cc2c3c(ncn3C)c(Nc3cc(C)nn3C)nc21
O=C1NC(=O)C(c2c[nH]c3ccccc23)=C1Nc1cccc(OCCn2ccnc2)c1,CCc1nc(Nc2nc3c(cc(C(=O)N(C4CC4)C4CC4)n3CC)c3c2ncn3C)sc1C
O=C1NC(=O)C(c2c[nH]c3ccccc23)=C1Nc1cccc(OCCn2ccnc2)c1,Cn1cc(C2=C(Nc3cccc(OCCNc4ccnc(F)c4)c3)C(=O)NC2=O)c2ccccc21
O=C1NC(=O)C(c2c[nH]c3ccccc23)=C1Nc1cccc(OCCn2ccnc2)c1,CCn1c(C(=O)N(C2CC2)C2CC2)cc2c3c(ncn3C)c(Nc3nc(C)c(S(C)(=O)=O)s3)nc21
O=C1NC(=O)C(c2c[nH]c3ccccc23)=C1Nc1cccc(OCCn2ccnc2)c1,CC(NC(=O)c1c[nH]c2ncc(-c3nn(C)c4cc(Cl)cc(F)c34)nc12)C(=O)N1CC(C#N)C1
O=C1NC(=O)C(c2c[nH]c3ccccc23)=C1Nc1cccc(OCCn2ccnc2)c1,CCn1c(C(=O)N(C2CC2)C2CC2)cc2c3c(ncn3C)c(NCCCOC)nc21
O=C1NC(=O)C(c2c[nH]c3ccccc23)=C1Nc1cccc(OCCn2ccnc2)c1,CC(NC(=O)c1c[nH]c2ncc(-c3nn(C)c4cc(Cl)ccc34)nc12)C(=O)N1CC(C#N)C1
O=C1NC(=O)C(c2c[nH]c3ccccc23)=C1Nc1cccc(OCCn2ccnc2)c1,COc1ccc2c(-c3cnc4[nH]cc(C(=O)NC(C)C(=O)N5CC(C#N)C5)c4n3)nn(C)c2c1
O=C1NC(=O)C(c2c[nH]c3ccccc23)=C1Nc1cccc(OCCn2ccnc2)c1,O=C1NC(=O)C(c2c[nH]c3ccccc23)=C1Nc1cccc(OCCNc2ccnc(F)c2)c1
O=C1NC(=O)C(c2c[nH]c3ccccc23)=C1Nc1cccc(OCCn2ccnc2)c1,CCn1c(C(=O)N(C2CC2)C2CC2)cc2c3c(ncn3C)c(Nc3cc(C)[nH]n3)nc21
O=C1NC(=O)C(c2c[nH]c3ccccc23)=C1Nc1cccc(OCCn2ccnc2)c1,CC(C)(O)C(=O)N1CCN(c2ccc(C(F)(F)F)c(C3=C(c4c[nH]c5ccccc45)C(=O)NC3=O)c2)CC1
O=C1NC(=O)C(c2c[nH]c3ccccc23)=C1Nc1cccc(OCCn2ccnc2)c1,O=C1NC(=O)C(c2c[nH]c3ccccc23)=C1Nc1ccc(OCCNc2ccnc(F)c2)cc1
O=C1NC(=O)C(c2c[nH]c3ccccc23)=C1Nc1cccc(OCCn2ccnc2)c1,CC(NC(=O)c1c[nH]c2ncc(-c3nn(C)c4cc(C(C)(C)C)ccc34)nc12)C(=O)N1CC(C#N)C1
O=C1NC(=O)C(c2c[nH]c3ccccc23)=C1Nc1cccc(OCCn2ccnc2)c1,CCn1c(C(=O)N(C2CC2)C2CC2)cc2c3c(ncn3C)c(Nc3cc(C)n(C)n3)nc21
O=C1NC(=O)C(c2c[nH]c3ccccc23)=C1Nc1cccc(OCCn2ccnc2)c1,O=C1NC(=O)C(c2c[nH]c3ccccc23)=C1Nc1cccc(OC2CCN(c3ccnc(F)c3)CC2)c1
O=C1NC(=O)C(c2c[nH]c3ccccc23)=C1Nc1cccc(OCCn2ccnc2)c1,CCn1c(C(=O)N(C2CC2)C2CC2)cc2c3c(ncn3C)c(Nc3nc(C)c(C(=O)NC)s3)nc21
O=C1NC(=O)C(c2c[nH]c3ccccc23)=C1Nc1cccc(OCCn2ccnc2)c1,Cn1nc(-c2cnc3[nH]cc(C(=O)NC(C(=O)N4CC(C#N)C4)C(C)(C)C)c3n2)c2ccc(Cl)cc21
O=C1NC(=O)C(c2c[nH]c3ccccc23)=C1Nc1cccc(OCCn2ccnc2)c1,O=C1NC(=O)C(c2c[nH]c3ccccc23)=C1Nc1ccc(OCCCNc2ccnc(F)c2)cc1
Cn1c(=O)n(-c2ccc(C(C)(C)C#N)cc2)c2c3cc(-c4cnc5ccccc5c4)ccc3ncc21,Nc1n[nH]c2c(-c3ccccn3)cn(-c3ccccc3Cl)c(=O)c12
Cn1c(=O)n(-c2ccc(C(C)(C)C#N)cc2)c2c3cc(-c4cnc5ccccc5c4)ccc3ncc21,CCn1c(C(=O)N(C2CC2)C2CC2)cc2c3c(ncn3C)c(Nc3ncc(C)s3)nc21
Cn1c(=O)n(-c2ccc(C(C)(C)C#N)cc2)c2c3cc(-c4cnc5ccccc5c4)ccc3ncc21,CCn1c(C(=O)N(C2CC2)C2CC2)cc2c3c(ncn3C)c(NC)nc21
Cn1c(=O)n(-c2ccc(C(C)(C)C#N)cc2)c2c3cc(-c4cnc5ccccc5c4)ccc3ncc21,O=c1[nH]c2cnc3[nH]ccc3c2n1C1CCOCC1
Cn1c(=O)n(-c2ccc(C(C)(C)C#N)cc2)c2c3cc(-c4cnc5ccccc5c4)ccc3ncc21,CCn1nc(Nc2nc3c(cc(C(=O)N(C4CC4)C4CC4)n3CC)c3c2ncn3C)cc1C
Cn1c(=O)n(-c2ccc(C(C)(C)C#N)cc2)c2c3cc(-c4cnc5ccccc5c4)ccc3ncc21,CCn1c(C(=O)N(C2CC2)C2CC2)cc2c3c(ncn3C)c(Nc3nccs3)nc21
Cn1c(=O)n(-c2ccc(C(C)(C)C#N)cc2)c2c3cc(-c4cnc5ccccc5c4)ccc3ncc21,CCn1c(C(=O)N(C2CC2)C2CC2)cc2c3c(ncn3C)c(Nc3cc(C)nn3C)nc21
Cn1c(=O)n(-c2ccc(C(C)(C)C#N)cc2)c2c3cc(-c4cnc5ccccc5c4)ccc3ncc21,CCc1nc(Nc2nc3c(cc(C(=O)N(C4CC4)C4CC4)n3CC)c3c2ncn3C)sc1C
Cn1c(=O)n(-c2ccc(C(C)(C)C#N)cc2)c2c3cc(-c4cnc5ccccc5c4)ccc3ncc21,CCn1c(C(=O)N(C2CC2)C2CC2)cc2c3c(ncn3C)c(Nc3nc(C)c(S(C)(=O)=O)s3)nc21
Cn1c(=O)n(-c2ccc(C(C)(C)C#N)cc2)c2c3cc(-c4cnc5ccccc5c4)ccc3ncc21,CC(C)C(C)n1cc(-c2cc(N3CCOCC3)n(C)n2)c2[nH]nc(N)c2c1=O
Cn1c(=O)n(-c2ccc(C(C)(C)C#N)cc2)c2c3cc(-c4cnc5ccccc5c4)ccc3ncc21,Cc1ccccc1-n1cc(-c2ccn(C)n2)c2[nH]nc(N)c2c1=O
Cn1c(=O)n(-c2ccc(C(C)(C)C#N)cc2)c2c3cc(-c4cnc5ccccc5c4)ccc3ncc21,Cc1nc2cnc3ccc(-c4cc(F)c(O)c(Cl)c4)cc3c2n1C1CCN(C)CC1
Cn1c(=O)n(-c2ccc(C(C)(C)C#N)cc2)c2c3cc(-c4cnc5ccccc5c4)ccc3ncc21,CCn1c(C(=O)N(C2CC2)C2CC2)cc2c3c(ncn3C)c(NCCCOC)nc21
Cn1c(=O)n(-c2ccc(C(C)(C)C#N)cc2)c2c3cc(-c4cnc5ccccc5c4)ccc3ncc21,CCn1c(C(=O)N(C2CC2)C2CC2)cc2c3c(ncn3C)c(Nc3cc(C)[nH]n3)nc21
Cn1c(=O)n(-c2ccc(C(C)(C)C#N)cc2)c2c3cc(-c4cnc5ccccc5c4)ccc3ncc21,CCn1c(C(=O)N(C2CC2)C2CC2)cc2c3c(ncn3C)c(Nc3cc(C)n(C)n3)nc21
Cn1c(=O)n(-c2ccc(C(C)(C)C#N)cc2)c2c3cc(-c4cnc5ccccc5c4)ccc3ncc21,CN1CCN(C(=O)C(C#N)=Cc2ccc(-c3nc4cnc5[nH]ccc5c4n3C3CCCCC3)o2)CC1
Cn1c(=O)n(-c2ccc(C(C)(C)C#N)cc2)c2c3cc(-c4cnc5ccccc5c4)ccc3ncc21,CC1CCN(C(=O)CC#N)CC1n1c(=O)[nH]c2cnc3[nH]ccc3c21
Cn1c(=O)n(-c2ccc(C(C)(C)C#N)cc2)c2c3cc(-c4cnc5ccccc5c4)ccc3ncc21,CC(C)C(C)n1cc(-c2cc(N3CCS(=O)(=O)CC3)n(C)n2)c2[nH]nc(N)c2c1=O
Cn1c(=O)n(-c2ccc(C(C)(C)C#N)cc2)c2c3cc(-c4cnc5ccccc5c4)ccc3ncc21,CC(C)C(C)n1cc(-c2cc(C3CCOCC3)n(C)n2)c2[nH]nc(N)c2c1=O
Cn1c(=O)n(-c2ccc(C(C)(C)C#N)cc2)c2c3cc(-c4cnc5ccccc5c4)ccc3ncc21,Cn1ccc(-c2cn(-c3ccccc3Cl)c(=O)c3c(N)n[nH]c23)n1
Cn1c(=O)n(-c2ccc(C(C)(C)C#N)cc2)c2c3cc(-c4cnc5ccccc5c4)ccc3ncc21,CCn1c(C(=O)N(C2CC2)C2CC2)cc2c3c(ncn3C)c(Nc3nc(C)c(C(=O)NC)s3)nc21
C=CC(=O)Nc1cccc(CNc2nc(Nc3cnoc3)ncc2Cl)c1,C=CC(=O)Nc1cccc(CNc2nc(Nc3ccc(N4CCN(C)CC4)cc3OC)ncc2Cl)c1
C=CC(=O)Nc1cccc(CNc2nc(Nc3cnoc3)ncc2Cl)c1,C=CC(=O)Nc1cccc(CNc2nc(Nc3cnn(C)c3)ncc2Cl)c1
O=C(Nc1nc2cccc(C3CCC(NC(=O)C4CC4(F)F)CC3)n2n1)C1CC1,O=C(Nc1nc2cccc(C3CCC(NC(=O)C4(F)CC4)CC3)n2n1)C1CC1
O=C(Nc1nc2cccc(C3CCC(NC(=O)C4CC4(F)F)CC3)n2n1)C1CC1,O=C(Nc1nc2cccc(-c3ccc(C(=O)N4CC(F)(F)C4)cc3)n2n1)C1CC1
O=C(Nc1nc2cccc(C3CCC(NC(=O)C4CC4(F)F)CC3)n2n1)C1CC1,CCn1c(C(=O)N(C2CC2)C2CC2)cc2c3c(ncn3C)c(Nc3cc(C)nn3C)nc21
O=C(Nc1nc2cccc(C3CCC(NC(=O)C4CC4(F)F)CC3)n2n1)C1CC1,O=C(Nc1nc2cccc(C3CCC4(CCN(C(=O)C5CC5(F)F)CC4)C3)n2n1)C1CC1
O=C(Nc1nc2cccc(C3CCC(NC(=O)C4CC4(F)F)CC3)n2n1)C1CC1,N#CCNC(=O)c1ccc(-c2cccc3nc(NC(=O)C4CC4)nn23)cc1
O=C(Nc1nc2cccc(C3CCC(NC(=O)C4CC4(F)F)CC3)n2n1)C1CC1,CC(C)(C#N)C(=O)N1CC2(CCC(c3cccc4nc(NC(=O)C5CC5)nn34)CC2)C1
O=C(Nc1nc2cccc(C3CCC(NC(=O)C4CC4(F)F)CC3)n2n1)C1CC1,O=C(Nc1nc2cccc(C3=CCN(C(=O)NCC(F)(F)F)CC3)n2n1)C1CC1
O=C(Nc1nc2cccc(C3CCC(NC(=O)C4CC4(F)F)CC3)n2n1)C1CC1,O=C(NCC(F)(F)F)c1ccc(-c2cccc3nc(NC(=O)C4CC4)nn23)cc1
O=C(Nc1nc2cccc(C3CCC(NC(=O)C4CC4(F)F)CC3)n2n1)C1CC1,COc1ccc(-c2cccc3nc(NC(=O)C4CC4)nn23)cc1
O=C(Nc1nc2cccc(C3CCC(NC(=O)C4CC4(F)F)CC3)n2n1)C1CC1,O=C(Nc1nc2cccc(-c3ccc(CN4CCS(=O)(=O)CC4)cc3)n2n1)C1CC1
O=C(Nc1nc2cccc(C3CCC(NC(=O)C4CC4(F)F)CC3)n2n1)C1CC1,O=C(Nc1nc2cccc(C3=CCN(C(=O)C4(C(F)(F)F)CC4)CC3)n2n1)C1CC1
O=C(Nc1nc2cccc(C3CCC(NC(=O)C4CC4(F)F)CC3)n2n1)C1CC1,O=C(Nc1nc2cccc(C3CCC4(CC3)CN(C(=O)CC(F)F)C4)n2n1)C1CC1
O=C(Nc1nc2cccc(C3CCC(NC(=O)C4CC4(F)F)CC3)n2n1)C1CC1,N#CCNC(=O)N1CC=C(c2cccc3nc(NC(=O)C4CC4)nn23)CC1
O=C(Nc1nc2cccc(C3CCC(NC(=O)C4CC4(F)F)CC3)n2n1)C1CC1,O=C(Nc1nc2cccc(C3CCC4(CC3)CCN(C(=O)C3CC3(F)F)C4)n2n1)C1CC1
O=C(Nc1nc2cccc(C3CCC(NC(=O)C4CC4(F)F)CC3)n2n1)C1CC1,N#CC1(C(=O)N2CC=C(c3cccc4nc(NC(=O)C5CC5)nn34)CC2)CC1
O=C(Nc1nc2cccc(C3CCC(NC(=O)C4CC4(F)F)CC3)n2n1)C1CC1,O=C(Nc1nc2cccc(C3=CCN(C(=O)C4CC4(F)F)CC3)n2n1)C1CC1
O=C(Nc1nc2cccc(C3CCC(NC(=O)C4CC4(F)F)CC3)n2n1)C1CC1,N#CCC(=O)N1CCC2(CCC(c3cccc4nc(NC(=O)C5CC5)nn34)CC2)CC1
O=C(Nc1nc2cccc(C3CCC(NC(=O)C4CC4(F)F)CC3)n2n1)C1CC1,C=C(C#N)C(O)c1ccc(-c2cccc3nc(NC(=O)C4CC4)nn23)cc1
NC(=O)c1cnn2cccc2c1NCc1cccc(NC(=O)COc2c(F)c(F)c(F)c(F)c2F)c1,C=CS(=O)(=O)Nc1cccc(CNc2c(C(N)=O)cnn3cccc23)c1
NC(=O)c1cnn2cccc2c1NCc1cccc(NC(=O)COc2c(F)c(F)c(F)c(F)c2F)c1,Cc1ccncc1-c1cc2c(NC3CCC(C)(N)C3(C)C)c(C(N)=O)cnn2c1
NC(=O)c1cnn2cccc2c1NCc1cccc(NC(=O)COc2c(F)c(F)c(F)c(F)c2F)c1,CCn1c(C(=O)N(C2CC2)C2CC2)cc2c3c(ncn3C)c(Nc3ncc(C)s3)nc21
NC(=O)c1cnn2cccc2c1NCc1cccc(NC(=O)COc2c(F)c(F)c(F)c(F)c2F)c1,CC1(N)CCC(Nc2c(C(N)=O)cnn3cc(-c4cncnc4)cc23)C1(C)C
NC(=O)c1cnn2cccc2c1NCc1cccc(NC(=O)COc2c(F)c(F)c(F)c(F)c2F)c1,CC1(O)CC(Nc2c(C(N)=O)cnn3cccc23)C(C)(C)C1
NC(=O)c1cnn2cccc2c1NCc1cccc(NC(=O)COc2c(F)c(F)c(F)c(F)c2F)c1,N#CCC(=O)Nc1cccc(CNc2c(C(N)=O)cnn3cccc23)c1
NC(=O)c1cnn2cccc2c1NCc1cccc(NC(=O)COc2c(F)c(F)c(F)c(F)c2F)c1,CC(C)CNc1c(C(N)=O)cnn2cc(-c3ccccc3)cc12
NC(=O)c1cnn2cccc2c1NCc1cccc(NC(=O)COc2c(F)c(F)c(F)c(F)c2F)c1,CC1(N)CCC(Nc2c(C(N)=O)cnn3cc(-c4ccncc4)cc23)C1(C)C
NC(=O)c1cnn2cccc2c1NCc1cccc(NC(=O)COc2c(F)c(F)c(F)c(F)c2F)c1,COc1cccc(-c2cc3c(NC4CCC(C)(N)C4(C)C)c(C(N)=O)cnn3c2)c1
NC(=O)c1cnn2cccc2c1NCc1cccc(NC(=O)COc2c(F)c(F)c(F)c(F)c2F)c1,CC1(N)CCC(Nc2c(C(N)=O)cnn3cc(-c4ccc(Cl)cc4)cc23)C1(C)C
NC(=O)c1cnn2cccc2c1NCc1cccc(NC(=O)COc2c(F)c(F)c(F)c(F)c2F)c1,CC1(N)CCC(Nc2c(C(N)=O)cnn3cc(-c4ccccc4)cc23)C1(C)C
NC(=O)c1cnn2cccc2c1NCc1cccc(NC(=O)COc2c(F)c(F)c(F)c(F)c2F)c1,CC1(N)CCC(Nc2c(C(N)=O)cnn3cc(-c4ccc(F)cc4)cc23)C1(C)C
NC(=O)c1cnn2cccc2c1NCc1cccc(NC(=O)COc2c(F)c(F)c(F)c(F)c2F)c1,CC1(N)CCC(Nc2c(C(N)=O)cnn3cc(-c4cccc(Cl)c4)cc23)C1(C)C
NC(=O)c1cnn2cccc2c1NCc1cccc(NC(=O)COc2c(F)c(F)c(F)c(F)c2F)c1,COc1ccc(-c2cc3c(NC(CO)C(C)O)c(C(N)=O)cnn3c2)cn1
NC(=O)c1cnn2cccc2c1NCc1cccc(NC(=O)COc2c(F)c(F)c(F)c(F)c2F)c1,CCn1c(C(=O)N(C2CC2)C2CC2)cc2c3c(ncn3C)c(Nc3cc(C)nn3C)nc21
NC(=O)c1cnn2cccc2c1NCc1cccc(NC(=O)COc2c(F)c(F)c(F)c(F)c2F)c1,CCc1nc(Nc2nc3c(cc(C(=O)N(C4CC4)C4CC4)n3CC)c3c2ncn3C)sc1C
NC(=O)c1cnn2cccc2c1NCc1cccc(NC(=O)COc2c(F)c(F)c(F)c(F)c2F)c1,CC1(C)C(O)CCC1Nc1c(C(N)=O)cnn2cccc12
NC(=O)c1cnn2cccc2c1NCc1cccc(NC(=O)COc2c(F)c(F)c(F)c(F)c2F)c1,CCn1c(C(=O)N(C2CC2)C2CC2)cc2c3c(ncn3C)c(Nc3nc(C)c(S(C)(=O)=O)s3)nc21
NC(=O)c1cnn2cccc2c1NCc1cccc(NC(=O)COc2c(F)c(F)c(F)c(F)c2F)c1,NC(=O)c1cnn2cc(-c3ccccc3)cc2c1NC1CCCC1
NC(=O)c1cnn2cccc2c1NCc1cccc(NC(=O)COc2c(F)c(F)c(F)c(F)c2F)c1,COc1ccc(-c2cc3c(NC(CO)CO)c(C(N)=O)cnn3c2)cn1
NC(=O)c1cnn2cccc2c1NCc1cccc(NC(=O)COc2c(F)c(F)c(F)c(F)c2F)c1,Cc1cccc(-c2cc3c(NC4CCC(C)(N)C4(C)C)c(C(N)=O)cnn3c2)c1
NC(=O)c1cnn2cccc2c1NCc1cccc(NC(=O)COc2c(F)c(F)c(F)c(F)c2F)c1,CC(C)Oc1ccc(-c2cc3c(NC4CCC(C)(N)C4(C)C)c(C(N)=O)cnn3c2)cn1
NC(=O)c1cnn2cccc2c1NCc1cccc(NC(=O)COc2c(F)c(F)c(F)c(F)c2F)c1,CC1(C)C(N)CCC1Nc1c(C(N)=O)cnn2cccc12
NC(=O)c1cnn2cccc2c1NCc1cccc(NC(=O)COc2c(F)c(F)c(F)c(F)c2F)c1,CC1(N)CCC(Nc2c(C(N)=O)cnn3cc(-c4ccccc4F)cc23)C1(C)C
NC(=O)c1cnn2cccc2c1NCc1cccc(NC(=O)COc2c(F)c(F)c(F)c(F)c2F)c1,CC(C)Nc1c(C(N)=O)cnn2cc(-c3ccccc3)cc12
NC(=O)c1cnn2cccc2c1NCc1cccc(NC(=O)COc2c(F)c(F)c(F)c(F)c2F)c1,CC1(C#N)CCCC1Nc1c(C(N)=O)cnn2cccc12
NC(=O)c1cnn2cccc2c1NCc1cccc(NC(=O)COc2c(F)c(F)c(F)c(F)c2F)c1,CC1(N)CCC(Nc2c(C(N)=O)cnn3cc(-c4ccccc4C#N)cc23)C1(C)C
NC(=O)c1cnn2cccc2c1NCc1cccc(NC(=O)COc2c(F)c(F)c(F)c(F)c2F)c1,NC(=O)c1cnn2cc(-c3ccccc3)cc2c1NCc1ccccc1
NC(=O)c1cnn2cccc2c1NCc1cccc(NC(=O)COc2c(F)c(F)c(F)c(F)c2F)c1,CC1(N)CCC(Nc2c(C(N)=O)cnn3cc(-c4ccccc4Cl)cc23)C1(C)C
NC(=O)c1cnn2cccc2c1NCc1cccc(NC(=O)COc2c(F)c(F)c(F)c(F)c2F)c1,NC(=O)c1cnn2cccc2c1NCc1cccc(NC(=O)Cn2sc3ccccc3c2=O)c1
NC(=O)c1cnn2cccc2c1NCc1cccc(NC(=O)COc2c(F)c(F)c(F)c(F)c2F)c1,CC1(N)CCC(Nc2c(C(N)=O)cnn3cccc23)C1(C)C
NC(=O)c1cnn2cccc2c1NCc1cccc(NC(=O)COc2c(F)c(F)c(F)c(F)c2F)c1,COc1ccc(-c2cc3c(NC(CO)CC(C)C)c(C(N)=O)cnn3c2)cn1
NC(=O)c1cnn2cccc2c1NCc1cccc(NC(=O)COc2c(F)c(F)c(F)c(F)c2F)c1,COc1ccc(-c2cc3c(NC4CCC(C)(N)C4(C)C)c(C(N)=O)cnn3c2)cc1
NC(=O)c1cnn2cccc2c1NCc1cccc(NC(=O)COc2c(F)c(F)c(F)c(F)c2F)c1,CC1(N)CCC(Nc2c(C(N)=O)cnn3cc(-c4cccc(F)c4)cc23)C1(C)C
NC(=O)c1cnn2cccc2c1NCc1cccc(NC(=O)COc2c(F)c(F)c(F)c(F)c2F)c1,Cc1ccc(-c2cc3c(NC4CCC(C)(N)C4(C)C)c(C(N)=O)cnn3c2)cc1
NC(=O)c1cnn2cccc2c1NCc1cccc(NC(=O)COc2c(F)c(F)c(F)c(F)c2F)c1,CC1(N)CCC(Nc2c(C(N)=O)cnn3cc(-c4ccc(F)nc4)cc23)C1(C)C
NC(=O)c1cnn2cccc2c1NCc1cccc(NC(=O)COc2c(F)c(F)c(F)c(F)c2F)c1,CC1(N)CCC(Nc2c(C(N)=O)cnn3cc(-c4cccc(C#N)c4)cc23)C1(C)C
NC(=O)c1cnn2cccc2c1NCc1cccc(NC(=O)COc2c(F)c(F)c(F)c(F)c2F)c1,CC1(N)CCC(Nc2c(C(N)=O)cnn3cc(-c4ccncc4F)cc23)C1(C)C
NC(=O)c1cnn2cccc2c1NCc1cccc(NC(=O)COc2c(F)c(F)c(F)c(F)c2F)c1,COc1ccc(-c2cc3c(NC4CCC(C)(N)C4(C)C)c(C(N)=O)cnn3c2)cn1
NC(=O)c1cnn2cccc2c1NCc1cccc(NC(=O)COc2c(F)c(F)c(F)c(F)c2F)c1,CC1(N)CCC(Nc2c(C(N)=O)cnn3cc(-c4ccc(C#N)cc4)cc23)C1(C)C
NC(=O)c1cnn2cccc2c1NCc1cccc(NC(=O)COc2c(F)c(F)c(F)c(F)c2F)c1,CCn1c(C(=O)N(C2CC2)C2CC2)cc2c3c(ncn3C)c(Nc3nc(C)c(C(=O)NC)s3)nc21
NC(=O)c1cnn2cccc2c1NCc1cccc(NC(=O)COc2c(F)c(F)c(F)c(F)c2F)c1,COc1cc(-c2cc3c(NC4CCC(C)(N)C4(C)C)c(C(N)=O)cnn3c2)ccn1
NC(=O)c1cnn2cccc2c1NCc1cccc(NC(=O)COc2c(F)c(F)c(F)c(F)c2F)c1,CC(C)(C)CNc1c(C(N)=O)cnn2cc(-c3ccccc3)cc12
NC(=O)c1cnn2cccc2c1NCc1cccc(NC(=O)COc2c(F)c(F)c(F)c(F)c2F)c1,Cc1ccc(-c2cc3c(NC4CCC(C)(N)C4(C)C)c(C(N)=O)cnn3c2)cn1
COc1cc(N2CCN(C)CC2)ccc1Nc1ncc(Cl)c(NCc2cccc(NC(=O)C=CCN)c2)n1,C=CC(=O)Nc1cccc(CNc2nc(Nc3ccc(N4CCN(C)CC4)cc3OC)ncc2Cl)c1
COc1cc(N2CCN(C)CC2)ccc1Nc1ncc(Cl)c(NCc2cccc(NC(=O)C=CCN)c2)n1,C=CC(=O)Nc1cccc(CNc2nc(Nc3cnn(C)c3)ncc2Cl)c1
CNc1ncc2cc(-c3cc(C(=O)Nc4cc(C(F)(F)F)ccc4N4CCN(C)C4=O)ccc3C)ccc2n1,CCn1c(C(=O)N(C2CC2)C2CC2)cc2c3c(ncn3C)c(Nc3ncc(C)s3)nc21
CNc1ncc2cc(-c3cc(C(=O)Nc4cc(C(F)(F)F)ccc4N4CCN(C)C4=O)ccc3C)ccc2n1,CN1CCN(c2ccc3c(c2)[nH]c2c(C(N)=O)cc(-c4ccc5c(cnn5C)c4)cc23)CC1
CNc1ncc2cc(-c3cc(C(=O)Nc4cc(C(F)(F)F)ccc4N4CCN(C)C4=O)ccc3C)ccc2n1,CCn1nc(Nc2nc3c(cc(C(=O)N(C4CC4)C4CC4)n3CC)c3c2ncn3C)cc1C
CNc1ncc2cc(-c3cc(C(=O)Nc4cc(C(F)(F)F)ccc4N4CCN(C)C4=O)ccc3C)ccc2n1,CCn1c(C(=O)N(C2CC2)C2CC2)cc2c3c(ncn3C)c(Nc3cc(C)nn3C)nc21
CNc1ncc2cc(-c3cc(C(=O)Nc4cc(C(F)(F)F)ccc4N4CCN(C)C4=O)ccc3C)ccc2n1,CCc1nc(Nc2nc3c(cc(C(=O)N(C4CC4)C4CC4)n3CC)c3c2ncn3C)sc1C
CNc1ncc2cc(-c3cc(C(=O)Nc4cc(C(F)(F)F)ccc4N4CCN(C)C4=O)ccc3C)ccc2n1,CCn1c(C(=O)N(C2CC2)C2CC2)cc2c3c(ncn3C)c(Nc3nc(C)c(S(C)(=O)=O)s3)nc21
CNc1ncc2cc(-c3cc(C(=O)Nc4cc(C(F)(F)F)ccc4N4CCN(C)C4=O)ccc3C)ccc2n1,CCn1c(C(=O)N(C2CC2)C2CC2)cc2c3c(ncn3C)c(NCCCOC)nc21
CNc1ncc2cc(-c3cc(C(=O)Nc4cc(C(F)(F)F)ccc4N4CCN(C)C4=O)ccc3C)ccc2n1,CCn1c(C(=O)N(C2CC2)C2CC2)cc2c3c(ncn3C)c(Nc3cc(C)[nH]n3)nc21
CNc1ncc2cc(-c3cc(C(=O)Nc4cc(C(F)(F)F)ccc4N4CCN(C)C4=O)ccc3C)ccc2n1,CC(C)(O)C(=O)N1CCN(c2ccc(C(F)(F)F)c(C3=C(c4c[nH]c5ccccc45)C(=O)NC3=O)c2)CC1
CNc1ncc2cc(-c3cc(C(=O)Nc4cc(C(F)(F)F)ccc4N4CCN(C)C4=O)ccc3C)ccc2n1,CCn1c(C(=O)N(C2CC2)C2CC2)cc2c3c(ncn3C)c(Nc3cc(C)n(C)n3)nc21
CNc1ncc2cc(-c3cc(C(=O)Nc4cc(C(F)(F)F)ccc4N4CCN(C)C4=O)ccc3C)ccc2n1,CCn1c(C(=O)N(C2CC2)C2CC2)cc2c3c(ncn3C)c(Nc3nc(C)c(C(=O)NC)s3)nc21
C=CC(=O)Nc1cccc(CNc2nc(Nc3cnn(C(F)F)c3)ncc2Cl)c1,C=CC(=O)Nc1cccc(CNc2nc(Nc3ccc(N4CCN(C)CC4)cc3OC)ncc2Cl)c1
C=CC(=O)Nc1cccc(CNc2nc(Nc3cnn(C(F)F)c3)ncc2Cl)c1,O=C(CCCCCCn1cc(Nc2ncc(Cl)c(N3CCCCC3)n2)cn1)NO
C=CC(=O)Nc1cccc(CNc2nc(Nc3cnn(C(F)F)c3)ncc2Cl)c1,Cc1cnc(Nc2cnn(C(F)F)c2)nc1N1CCC2(CCNC2=O)CC1
C=CC(=O)Nc1cccc(CNc2nc(Nc3cnn(C(F)F)c3)ncc2Cl)c1,O=C(CCCCCCn1cc(Nc2ncc(Cl)c(NC3CC3)n2)cn1)NO
C=CC(=O)Nc1cccc(CNc2nc(Nc3cnn(C(F)F)c3)ncc2Cl)c1,C=CC(=O)Nc1cccc(CNc2nc(Nc3cnn(C)c3)ncc2Cl)c1
C=CC(=O)Nc1cccc(CNc2nc(Nc3cnn(C(F)F)c3)ncc2Cl)c1,C=CC(=O)Nc1ccc(CNc2cc(Nc3cnn(CCO)c3)ncn2)cc1
C=CC(=O)Nc1cccc(CNc2nc(Nc3cnn(CC(=O)N4CCOCC4)c3)ncc2Cl)c1,C=CC(=O)Nc1cccc(CNc2nc(Nc3ccc(N4CCN(C)CC4)cc3OC)ncc2Cl)c1
C=CC(=O)Nc1cccc(CNc2nc(Nc3cnn(CC(=O)N4CCOCC4)c3)ncc2Cl)c1,O=C(CCCCCCn1cc(Nc2ncc(Cl)c(N3CCCCC3)n2)cn1)NO
C=CC(=O)Nc1cccc(CNc2nc(Nc3cnn(CC(=O)N4CCOCC4)c3)ncc2Cl)c1,O=C(CCCCCCn1cc(Nc2ncc(Cl)c(NC3CC3)n2)cn1)NO
C=CC(=O)Nc1cccc(CNc2nc(Nc3cnn(CC(=O)N4CCOCC4)c3)ncc2Cl)c1,C=CC(=O)Nc1cccc(CNc2nc(Nc3cnn(C)c3)ncc2Cl)c1
C=CC(=O)Nc1cccc(CNc2nc(Nc3cnn(CC(=O)N4CCOCC4)c3)ncc2Cl)c1,C=CC(=O)Nc1ccc(CNc2cc(Nc3cnn(CCO)c3)ncn2)cc1
C=CC(=O)Nc1cccc(-n2c(=O)cc(C)c3cnc(Nc4ccc(N5CCN(C)CC5)cc4OC)nc32)c1,C=CC(=O)Nc1cccc(CNc2nc(Nc3ccc(N4CCN(C)CC4)cc3OC)ncc2Cl)c1
C=CC(=O)Nc1cccc(-n2c(=O)cc(C)c3cnc(Nc4ccc(N5CCN(C)CC5)cc4OC)nc32)c1,CCn1c(C(=O)N(C2CC2)C2CC2)cc2c3c(ncn3C)c(Nc3ncc(C)s3)nc21
C=CC(=O)Nc1cccc(-n2c(=O)cc(C)c3cnc(Nc4ccc(N5CCN(C)CC5)cc4OC)nc32)c1,CCn1c(C(=O)N(C2CC2)C2CC2)cc2c3c(ncn3C)c(NC)nc21
C=CC(=O)Nc1cccc(-n2c(=O)cc(C)c3cnc(Nc4ccc(N5CCN(C)CC5)cc4OC)nc32)c1,CC(NC(=O)c1c[nH]c2ncc(-c3nn(C)c4ccc(Cl)cc34)nc12)C(=O)N1CC(C#N)C1
C=CC(=O)Nc1cccc(-n2c(=O)cc(C)c3cnc(Nc4ccc(N5CCN(C)CC5)cc4OC)nc32)c1,CCn1nc(Nc2nc3c(cc(C(=O)N(C4CC4)C4CC4)n3CC)c3c2ncn3C)cc1C
C=CC(=O)Nc1cccc(-n2c(=O)cc(C)c3cnc(Nc4ccc(N5CCN(C)CC5)cc4OC)nc32)c1,CCn1c(C(=O)N(C2CC2)C2CC2)cc2c3c(ncn3C)c(Nc3nccs3)nc21
C=CC(=O)Nc1cccc(-n2c(=O)cc(C)c3cnc(Nc4ccc(N5CCN(C)CC5)cc4OC)nc32)c1,CCn1c(C(=O)N(C2CC2)C2CC2)cc2c3c(ncn3C)c(Nc3cc(C)nn3C)nc21
C=CC(=O)Nc1cccc(-n2c(=O)cc(C)c3cnc(Nc4ccc(N5CCN(C)CC5)cc4OC)nc32)c1,CCc1nc(Nc2nc3c(cc(C(=O)N(C4CC4)C4CC4)n3CC)c3c2ncn3C)sc1C
C=CC(=O)Nc1cccc(-n2c(=O)cc(C)c3cnc(Nc4ccc(N5CCN(C)CC5)cc4OC)nc32)c1,Cn1cc(C2=C(Nc3cccc(OCCNc4ccnc(F)c4)c3)C(=O)NC2=O)c2ccccc21
C=CC(=O)Nc1cccc(-n2c(=O)cc(C)c3cnc(Nc4ccc(N5CCN(C)CC5)cc4OC)nc32)c1,CCn1c(C(=O)N(C2CC2)C2CC2)cc2c3c(ncn3C)c(Nc3nc(C)c(S(C)(=O)=O)s3)nc21
C=CC(=O)Nc1cccc(-n2c(=O)cc(C)c3cnc(Nc4ccc(N5CCN(C)CC5)cc4OC)nc32)c1,CC(NC(=O)c1c[nH]c2ncc(-c3nn(C)c4cc(Cl)cc(F)c34)nc12)C(=O)N1CC(C#N)C1
C=CC(=O)Nc1cccc(-n2c(=O)cc(C)c3cnc(Nc4ccc(N5CCN(C)CC5)cc4OC)nc32)c1,CC(C)C(C)n1cc(-c2cc(N3CCOCC3)n(C)n2)c2[nH]nc(N)c2c1=O
C=CC(=O)Nc1cccc(-n2c(=O)cc(C)c3cnc(Nc4ccc(N5CCN(C)CC5)cc4OC)nc32)c1,Cc1ccccc1-n1cc(-c2ccn(C)n2)c2[nH]nc(N)c2c1=O
C=CC(=O)Nc1cccc(-n2c(=O)cc(C)c3cnc(Nc4ccc(N5CCN(C)CC5)cc4OC)nc32)c1,CCn1c(C(=O)N(C2CC2)C2CC2)cc2c3c(ncn3C)c(NCCCOC)nc21
C=CC(=O)Nc1cccc(-n2c(=O)cc(C)c3cnc(Nc4ccc(N5CCN(C)CC5)cc4OC)nc32)c1,CC(NC(=O)c1c[nH]c2ncc(-c3nn(C)c4cc(Cl)ccc34)nc12)C(=O)N1CC(C#N)C1
C=CC(=O)Nc1cccc(-n2c(=O)cc(C)c3cnc(Nc4ccc(N5CCN(C)CC5)cc4OC)nc32)c1,COc1ccc2c(-c3cnc4[nH]cc(C(=O)NC(C)C(=O)N5CC(C#N)C5)c4n3)nn(C)c2c1
C=CC(=O)Nc1cccc(-n2c(=O)cc(C)c3cnc(Nc4ccc(N5CCN(C)CC5)cc4OC)nc32)c1,O=C1NC(=O)C(c2c[nH]c3ccccc23)=C1Nc1cccc(OCCNc2ccnc(F)c2)c1
C=CC(=O)Nc1cccc(-n2c(=O)cc(C)c3cnc(Nc4ccc(N5CCN(C)CC5)cc4OC)nc32)c1,CCn1c(C(=O)N(C2CC2)C2CC2)cc2c3c(ncn3C)c(Nc3cc(C)[nH]n3)nc21
C=CC(=O)Nc1cccc(-n2c(=O)cc(C)c3cnc(Nc4ccc(N5CCN(C)CC5)cc4OC)nc32)c1,CC(C)(O)C(=O)N1CCN(c2ccc(C(F)(F)F)c(C3=C(c4c[nH]c5ccccc45)C(=O)NC3=O)c2)CC1
C=CC(=O)Nc1cccc(-n2c(=O)cc(C)c3cnc(Nc4ccc(N5CCN(C)CC5)cc4OC)nc32)c1,CC(NC(=O)c1c[nH]c2ncc(-c3nn(C)c4cc(C(C)(C)C)ccc34)nc12)C(=O)N1CC(C#N)C1
C=CC(=O)Nc1cccc(-n2c(=O)cc(C)c3cnc(Nc4ccc(N5CCN(C)CC5)cc4OC)nc32)c1,CCn1c(C(=O)N(C2CC2)C2CC2)cc2c3c(ncn3C)c(Nc3cc(C)n(C)n3)nc21
C=CC(=O)Nc1cccc(-n2c(=O)cc(C)c3cnc(Nc4ccc(N5CCN(C)CC5)cc4OC)nc32)c1,CN1CCN(C(=O)C(C#N)=Cc2ccc(-c3nc4cnc5[nH]ccc5c4n3C3CCCCC3)o2)CC1
C=CC(=O)Nc1cccc(-n2c(=O)cc(C)c3cnc(Nc4ccc(N5CCN(C)CC5)cc4OC)nc32)c1,O=C1NC(=O)C(c2c[nH]c3ccccc23)=C1Nc1cccc(OC2CCN(c3ccnc(F)c3)CC2)c1
C=CC(=O)Nc1cccc(-n2c(=O)cc(C)c3cnc(Nc4ccc(N5CCN(C)CC5)cc4OC)nc32)c1,CC(C)C(C)n1cc(-c2cc(N3CCS(=O)(=O)CC3)n(C)n2)c2[nH]nc(N)c2c1=O
C=CC(=O)Nc1cccc(-n2c(=O)cc(C)c3cnc(Nc4ccc(N5CCN(C)CC5)cc4OC)nc32)c1,CC(C)C(C)n1cc(-c2cc(C3CCOCC3)n(C)n2)c2[nH]nc(N)c2c1=O
C=CC(=O)Nc1cccc(-n2c(=O)cc(C)c3cnc(Nc4ccc(N5CCN(C)CC5)cc4OC)nc32)c1,Cn1ccc(-c2cn(-c3ccccc3Cl)c(=O)c3c(N)n[nH]c23)n1
C=CC(=O)Nc1cccc(-n2c(=O)cc(C)c3cnc(Nc4ccc(N5CCN(C)CC5)cc4OC)nc32)c1,CCn1c(C(=O)N(C2CC2)C2CC2)cc2c3c(ncn3C)c(Nc3nc(C)c(C(=O)NC)s3)nc21
C=CC(=O)Nc1cccc(-n2c(=O)cc(C)c3cnc(Nc4ccc(N5CCN(C)CC5)cc4OC)nc32)c1,Cn1nc(-c2cnc3[nH]cc(C(=O)NC(C(=O)N4CC(C#N)C4)C(C)(C)C)c3n2)c2ccc(Cl)cc21
C=CC(=O)Nc1cccc(-n2c(=O)cc(C)c3cnc(Nc4ccc(N5CCN(C)CC5)cc4OC)nc32)c1,CCOC(C)n1cc(-c2nc(Nc3ccc4c(c3)CCN4S(=O)(=O)c3ccc(C(F)(F)F)cc3)ncc2C)cn1
CC(=O)c1c(C)c2cnc(Nc3ccc(N4CCNCC4)cn3)nc2n(C2CCCC2)c1=O,CN(C)C(=O)C=Cc1ccc(-c2nc3cnc4[nH]ccc4c3n2C2CCCCC2)o1
CC(=O)c1c(C)c2cnc(Nc3ccc(N4CCNCC4)cn3)nc2n(C2CCCC2)c1=O,COc1cc2c(=O)n(C3CCCN(C(=O)CC#N)C3)c3c4cc[nH]c4ncc3c2cc1OC
CC(=O)c1c(C)c2cnc(Nc3ccc(N4CCNCC4)cn3)nc2n(C2CCCC2)c1=O,Cc1ccncc1-c1cc2c(NC3CCC(C)(N)C3(C)C)c(C(N)=O)cnn2c1
CC(=O)c1c(C)c2cnc(Nc3ccc(N4CCNCC4)cn3)nc2n(C2CCCC2)c1=O,CCn1c(C(=O)N(C2CC2)C2CC2)cc2c3c(ncn3C)c(Nc3ncc(C)s3)nc21
CC(=O)c1c(C)c2cnc(Nc3ccc(N4CCNCC4)cn3)nc2n(C2CCCC2)c1=O,CCn1c(C(=O)N(C2CC2)C2CC2)cc2c3c(ncn3C)c(NC)nc21
CC(=O)c1c(C)c2cnc(Nc3ccc(N4CCNCC4)cn3)nc2n(C2CCCC2)c1=O,CC(NC(=O)c1c[nH]c2ncc(-c3nn(C)c4ccc(Cl)cc34)nc12)C(=O)N1CC(C#N)C1
CC(=O)c1c(C)c2cnc(Nc3ccc(N4CCNCC4)cn3)nc2n(C2CCCC2)c1=O,Cc1nccc(Nc2cc(NC3CCN(c4ccc(C#N)cn4)CC3F)c(C(N)=O)cn2)n1
CC(=O)c1c(C)c2cnc(Nc3ccc(N4CCNCC4)cn3)nc2n(C2CCCC2)c1=O,CC(Nc1nc(Nc2cn(C)cn2)c2ccn(C3CC3)c2n1)c1ncc(F)cn1
CC(=O)c1c(C)c2cnc(Nc3ccc(N4CCNCC4)cn3)nc2n(C2CCCC2)c1=O,CC(NC(=O)c1c[nH]c2ncc(-c3cn(C)c4cc(Cl)ccc34)nc12)C(=O)N1CC(C#N)C1
CC(=O)c1c(C)c2cnc(Nc3ccc(N4CCNCC4)cn3)nc2n(C2CCCC2)c1=O,COc1cccc(-c2cc3c(NC4CCC(C)(N)C4(C)C)c(C(N)=O)cnn3c2)c1
CC(=O)c1c(C)c2cnc(Nc3ccc(N4CCNCC4)cn3)nc2n(C2CCCC2)c1=O,CCC(C(=O)N1CC(C#N)C1)n1c(=O)c2cc(OC)c(OC)cc2c2cnc3[nH]ccc3c21
CC(=O)c1c(C)c2cnc(Nc3ccc(N4CCNCC4)cn3)nc2n(C2CCCC2)c1=O,CCn1nc(Nc2nc3c(cc(C(=O)N(C4CC4)C4CC4)n3CC)c3c2ncn3C)cc1C
CC(=O)c1c(C)c2cnc(Nc3ccc(N4CCNCC4)cn3)nc2n(C2CCCC2)c1=O,CCn1c(C(=O)N(C2CC2)C2CC2)cc2c3c(ncn3C)c(Nc3nccs3)nc21
CC(=O)c1c(C)c2cnc(Nc3ccc(N4CCNCC4)cn3)nc2n(C2CCCC2)c1=O,CCn1c(C(=O)N(C2CC2)C2CC2)cc2c3c(ncn3C)c(Nc3cc(C)nn3C)nc21
CC(=O)c1c(C)c2cnc(Nc3ccc(N4CCNCC4)cn3)nc2n(C2CCCC2)c1=O,CCc1nc(Nc2nc3c(cc(C(=O)N(C4CC4)C4CC4)n3CC)c3c2ncn3C)sc1C
CC(=O)c1c(C)c2cnc(Nc3ccc(N4CCNCC4)cn3)nc2n(C2CCCC2)c1=O,Cn1cc(C2=C(Nc3cccc(OCCNc4ccnc(F)c4)c3)C(=O)NC2=O)c2ccccc21
CC(=O)c1c(C)c2cnc(Nc3ccc(N4CCNCC4)cn3)nc2n(C2CCCC2)c1=O,CCn1c(C(=O)N(C2CC2)C2CC2)cc2c3c(ncn3C)c(Nc3nc(C)c(S(C)(=O)=O)s3)nc21
CC(=O)c1c(C)c2cnc(Nc3ccc(N4CCNCC4)cn3)nc2n(C2CCCC2)c1=O,CC(C)Oc1ccc(-c2cc3c(NC4CCC(C)(N)C4(C)C)c(C(N)=O)cnn3c2)cn1
CC(=O)c1c(C)c2cnc(Nc3ccc(N4CCNCC4)cn3)nc2n(C2CCCC2)c1=O,CC(NC(=O)c1c[nH]c2ncc(-c3nn(C)c4cc(Cl)cc(F)c34)nc12)C(=O)N1CC(C#N)C1
CC(=O)c1c(C)c2cnc(Nc3ccc(N4CCNCC4)cn3)nc2n(C2CCCC2)c1=O,CC(C)C(C)n1cc(-c2cc(N3CCOCC3)n(C)n2)c2[nH]nc(N)c2c1=O
CC(=O)c1c(C)c2cnc(Nc3ccc(N4CCNCC4)cn3)nc2n(C2CCCC2)c1=O,CC1(N)CCC(Nc2c(C(N)=O)cnn3cc(-c4ccccc4F)cc23)C1(C)C
CC(=O)c1c(C)c2cnc(Nc3ccc(N4CCNCC4)cn3)nc2n(C2CCCC2)c1=O,Cc1ccccc1-n1cc(-c2ccn(C)n2)c2[nH]nc(N)c2c1=O
CC(=O)c1c(C)c2cnc(Nc3ccc(N4CCNCC4)cn3)nc2n(C2CCCC2)c1=O,N#Cc1ccc(N2CCC(Nc3c(C(N)=O)cnc4[nH]ccc34)C(F)C2)nc1
CC(=O)c1c(C)c2cnc(Nc3ccc(N4CCNCC4)cn3)nc2n(C2CCCC2)c1=O,CCn1c(C(=O)N(C2CC2)C2CC2)cc2c3c(ncn3C)c(NCCCOC)nc21
CC(=O)c1c(C)c2cnc(Nc3ccc(N4CCNCC4)cn3)nc2n(C2CCCC2)c1=O,CC(NC(=O)c1c[nH]c2ncc(-c3nn(C)c4cc(Cl)ccc34)nc12)C(=O)N1CC(C#N)C1
CC(=O)c1c(C)c2cnc(Nc3ccc(N4CCNCC4)cn3)nc2n(C2CCCC2)c1=O,CC1(N)CCC(Nc2c(C(N)=O)cnn3cc(-c4ccccc4C#N)cc23)C1(C)C
CC(=O)c1c(C)c2cnc(Nc3ccc(N4CCNCC4)cn3)nc2n(C2CCCC2)c1=O,CC(C)C(C)n1cc(-c2ccn(C)n2)c2[nH]nc(N)c2c1=O
CC(=O)c1c(C)c2cnc(Nc3ccc(N4CCNCC4)cn3)nc2n(C2CCCC2)c1=O,COc1ccc2c(-c3cnc4[nH]cc(C(=O)NC(C)C(=O)N5CC(C#N)C5)c4n3)nn(C)c2c1
CC(=O)c1c(C)c2cnc(Nc3ccc(N4CCNCC4)cn3)nc2n(C2CCCC2)c1=O,Nc1ncnc2c1c(-c1cccc(O)c1)cn2C1CC(CN2CCC2)C1
CC(=O)c1c(C)c2cnc(Nc3ccc(N4CCNCC4)cn3)nc2n(C2CCCC2)c1=O,O=C1NC(=O)C(c2c[nH]c3ccccc23)=C1Nc1cccc(OCCNc2ccnc(F)c2)c1
CC(=O)c1c(C)c2cnc(Nc3ccc(N4CCNCC4)cn3)nc2n(C2CCCC2)c1=O,CCn1c(C(=O)N(C2CC2)C2CC2)cc2c3c(ncn3C)c(Nc3cc(C)[nH]n3)nc21
CC(=O)c1c(C)c2cnc(Nc3ccc(N4CCNCC4)cn3)nc2n(C2CCCC2)c1=O,CC1(N)CCC(Nc2c(C(N)=O)cnn3cc(-c4ccccc4Cl)cc23)C1(C)C
CC(=O)c1c(C)c2cnc(Nc3ccc(N4CCNCC4)cn3)nc2n(C2CCCC2)c1=O,N#CNC1CC(NS(=O)(=O)c2cccc(C#N)c2)c2ccc(-c3ncnc4[nH]ccc34)cc21
CC(=O)c1c(C)c2cnc(Nc3ccc(N4CCNCC4)cn3)nc2n(C2CCCC2)c1=O,NC(=O)c1cnn2cccc2c1NCc1cccc(NC(=O)Cn2sc3ccccc3c2=O)c1
CC(=O)c1c(C)c2cnc(Nc3ccc(N4CCNCC4)cn3)nc2n(C2CCCC2)c1=O,CCC(C)n1cc(-c2ccn(C)n2)c2[nH]nc(N)c2c1=O
CC(=O)c1c(C)c2cnc(Nc3ccc(N4CCNCC4)cn3)nc2n(C2CCCC2)c1=O,O=C(Nc1nc2cccc(C3=CCN(C(=O)C4(C(F)(F)F)CC4)CC3)n2n1)C1CC1
CC(=O)c1c(C)c2cnc(Nc3ccc(N4CCNCC4)cn3)nc2n(C2CCCC2)c1=O,COc1ccc(-c2cc3c(NC4CCC(C)(N)C4(C)C)c(C(N)=O)cnn3c2)cc1
CC(=O)c1c(C)c2cnc(Nc3ccc(N4CCNCC4)cn3)nc2n(C2CCCC2)c1=O,CC(C)(O)C(=O)N1CCN(c2ccc(C(F)(F)F)c(C3=C(c4c[nH]c5ccccc45)C(=O)NC3=O)c2)CC1
CC(=O)c1c(C)c2cnc(Nc3ccc(N4CCNCC4)cn3)nc2n(C2CCCC2)c1=O,O=C1NC(=O)C(c2c[nH]c3ccccc23)=C1Nc1ccc(OCCNc2ccnc(F)c2)cc1
CC(=O)c1c(C)c2cnc(Nc3ccc(N4CCNCC4)cn3)nc2n(C2CCCC2)c1=O,CC(NC(=O)c1c[nH]c2ncc(-c3nn(C)c4cc(C(C)(C)C)ccc34)nc12)C(=O)N1CC(C#N)C1
CC(=O)c1c(C)c2cnc(Nc3ccc(N4CCNCC4)cn3)nc2n(C2CCCC2)c1=O,CC(NC(=O)c1c[nH]c2ncc(-c3nn(C)c4ccccc34)nc12)C(=O)N1CC(C#N)C1
CC(=O)c1c(C)c2cnc(Nc3ccc(N4CCNCC4)cn3)nc2n(C2CCCC2)c1=O,Cc1[nH]nc2[nH]c(=O)c(CCO)c(C3CCCCC3)c12
CC(=O)c1c(C)c2cnc(Nc3ccc(N4CCNCC4)cn3)nc2n(C2CCCC2)c1=O,CCn1c(C(=O)N(C2CC2)C2CC2)cc2c3c(ncn3C)c(Nc3cc(C)n(C)n3)nc21
CC(=O)c1c(C)c2cnc(Nc3ccc(N4CCNCC4)cn3)nc2n(C2CCCC2)c1=O,CN1CCN(C(=O)C(C#N)=Cc2ccc(-c3nc4cnc5[nH]ccc5c4n3C3CCCCC3)o2)CC1
CC(=O)c1c(C)c2cnc(Nc3ccc(N4CCNCC4)cn3)nc2n(C2CCCC2)c1=O,N#CC1(C(=O)N2CC=C(c3cccc4nc(NC(=O)C5CC5)nn34)CC2)CC1
CC(=O)c1c(C)c2cnc(Nc3ccc(N4CCNCC4)cn3)nc2n(C2CCCC2)c1=O,O=C1NC(=O)C(c2c[nH]c3ccccc23)=C1Nc1cccc(OC2CCN(c3ccnc(F)c3)CC2)c1
CC(=O)c1c(C)c2cnc(Nc3ccc(N4CCNCC4)cn3)nc2n(C2CCCC2)c1=O,CC1CCN(C(=O)CC#N)CC1n1c(=O)[nH]c2cnc3[nH]ccc3c21
CC(=O)c1c(C)c2cnc(Nc3ccc(N4CCNCC4)cn3)nc2n(C2CCCC2)c1=O,COc1ccc(S(=O)(=O)NC2CC(NC#N)c3cc(-c4ncnc5[nH]ccc45)ccc32)cc1
CC(=O)c1c(C)c2cnc(Nc3ccc(N4CCNCC4)cn3)nc2n(C2CCCC2)c1=O,CC(C)C(C)n1cc(-c2cc(N3CCS(=O)(=O)CC3)n(C)n2)c2[nH]nc(N)c2c1=O
CC(=O)c1c(C)c2cnc(Nc3ccc(N4CCNCC4)cn3)nc2n(C2CCCC2)c1=O,O=C(Nc1nc2cccc(C3=CCN(C(=O)C4CC4(F)F)CC3)n2n1)C1CC1
CC(=O)c1c(C)c2cnc(Nc3ccc(N4CCNCC4)cn3)nc2n(C2CCCC2)c1=O,N#CC=Cc1ccc(-c2nc3cnc4[nH]ccc4c3n2C2CCCCC2)o1
CC(=O)c1c(C)c2cnc(Nc3ccc(N4CCNCC4)cn3)nc2n(C2CCCC2)c1=O,CC(C)C(C)n1cc(-c2cc(C3CCOCC3)n(C)n2)c2[nH]nc(N)c2c1=O
CC(=O)c1c(C)c2cnc(Nc3ccc(N4CCNCC4)cn3)nc2n(C2CCCC2)c1=O,CC(=O)NC1CCc2ccc(Oc3cnc4[nH]cc(C(=O)NC(C(=O)N5CC(C#N)C5)C5CC5)c4n3)cc21
CC(=O)c1c(C)c2cnc(Nc3ccc(N4CCNCC4)cn3)nc2n(C2CCCC2)c1=O,CC1(N)CCC(Nc2c(C(N)=O)cnn3cc(-c4cccc(C#N)c4)cc23)C1(C)C
CC(=O)c1c(C)c2cnc(Nc3ccc(N4CCNCC4)cn3)nc2n(C2CCCC2)c1=O,CC1(N)CCC(Nc2c(C(N)=O)cnn3cc(-c4ccncc4F)cc23)C1(C)C
CC(=O)c1c(C)c2cnc(Nc3ccc(N4CCNCC4)cn3)nc2n(C2CCCC2)c1=O,CCNC(=O)c1ncc(Nc2ncc(F)c(N3CC4CCC(C3)N4C(=O)C3CC3)n2)cc1C
CC(=O)c1c(C)c2cnc(Nc3ccc(N4CCNCC4)cn3)nc2n(C2CCCC2)c1=O,Cn1ccc(-c2cn(-c3ccccc3Cl)c(=O)c3c(N)n[nH]c23)n1
CC(=O)c1c(C)c2cnc(Nc3ccc(N4CCNCC4)cn3)nc2n(C2CCCC2)c1=O,COc1ccc(-c2cc3c(NC4CCC(C)(N)C4(C)C)c(C(N)=O)cnn3c2)cn1
CC(=O)c1c(C)c2cnc(Nc3ccc(N4CCNCC4)cn3)nc2n(C2CCCC2)c1=O,CCn1c(C(=O)N(C2CC2)C2CC2)cc2c3c(ncn3C)c(Nc3nc(C)c(C(=O)NC)s3)nc21
CC(=O)c1c(C)c2cnc(Nc3ccc(N4CCNCC4)cn3)nc2n(C2CCCC2)c1=O,Cn1nc(-c2cnc3[nH]cc(C(=O)NC(C(=O)N4CC(C#N)C4)C(C)(C)C)c3n2)c2ccc(Cl)cc21
CC(=O)c1c(C)c2cnc(Nc3ccc(N4CCNCC4)cn3)nc2n(C2CCCC2)c1=O,COc1cc(-c2cc3c(NC4CCC(C)(N)C4(C)C)c(C(N)=O)cnn3c2)ccn1
CC(=O)c1c(C)c2cnc(Nc3ccc(N4CCNCC4)cn3)nc2n(C2CCCC2)c1=O,CCOC(C)n1cc(-c2nc(Nc3ccc4c(c3)CCN4S(=O)(=O)c3ccc(C(F)(F)F)cc3)ncc2C)cn1
CC(=O)c1c(C)c2cnc(Nc3ccc(N4CCNCC4)cn3)nc2n(C2CCCC2)c1=O,O=C1NC(=O)C(c2c[nH]c3ccccc23)=C1Nc1ccc(OCCCNc2ccnc(F)c2)cc1
Cn1cc(Nc2nccc(N3CC4CCC(C3)N4C(=O)C3CC3(F)F)n2)cn1,Cc1cnc(Nc2cnn(C(C)C)c2)nc1N1CCC2(CCNC2=O)CC1
Cn1cc(Nc2nccc(N3CC4CCC(C3)N4C(=O)C3CC3(F)F)n2)cn1,O=C(CCCCCCn1cc(Nc2ncc(Cl)c(N3CCCCC3)n2)cn1)NO
Cn1cc(Nc2nccc(N3CC4CCC(C3)N4C(=O)C3CC3(F)F)n2)cn1,Cc1cnc(Nc2cnn(C(F)F)c2)nc1N1CCC2(CCNC2=O)CC1
Cn1cc(Nc2nccc(N3CC4CCC(C3)N4C(=O)C3CC3(F)F)n2)cn1,CC1C2CN(c3nc(Nc4cnn(C)c4)ncc3F)CC12NC(=O)C1CC1(F)F
Cn1cc(Nc2nccc(N3CC4CCC(C3)N4C(=O)C3CC3(F)F)n2)cn1,Cn1cc(Nc2ncc(F)c(N3CC4CCC(C3)N4C(=O)C3CC3)n2)cn1
Cn1cc(Nc2nccc(N3CC4CCC(C3)N4C(=O)C3CC3(F)F)n2)cn1,Cn1cc(Nc2nccc(N3CC4CCC(C3)N4C(=O)NCC(F)(F)F)n2)cn1
Cn1cc(Nc2nccc(N3CC4CCC(C3)N4C(=O)C3CC3(F)F)n2)cn1,CC1CN(C(=O)CC#N)C12CCN(c1ncnc3[nH]ccc13)C2
Cn1cc(Nc2nccc(N3CC4CCC(C3)N4C(=O)C3CC3(F)F)n2)cn1,Cn1cc(Nc2nccc(N3CC4CCC(C3)N4C(=O)NCC#N)n2)cn1
Cn1cc(Nc2nccc(N3CC4CCC(C3)N4C(=O)C3CC3(F)F)n2)cn1,CCNC(=O)c1ccc(Nc2ncc(F)c(N3CC4CCC(C3)N4C(=O)C3CC3)n2)cc1
Cn1cc(Nc2nccc(N3CC4CCC(C3)N4C(=O)C3CC3(F)F)n2)cn1,CCNC(=O)c1ncc(Nc2ncc(F)c(N3CC4CCC(C3)N4C(=O)C3CC3)n2)cc1C
Cn1cc(Nc2nccc(N3CC4CCC(C3)N4C(=O)C3CC3(F)F)n2)cn1,O=C(C1CC1)N1C2CCC1CN(c1nc(Nc3cnn(CCO)c3)ncc1F)C2
Cc1nn(-c2ccnc(Nc3ccc4c(c3)c(Cl)c(C)n4C)n2)cc1CN1CC(O)C1,CCn1c(C(=O)N(C2CC2)C2CC2)cc2c3c(ncn3C)c(Nc3ncc(C)s3)nc21
Cc1nn(-c2ccnc(Nc3ccc4c(c3)c(Cl)c(C)n4C)n2)cc1CN1CC(O)C1,CCn1c(C(=O)N(C2CC2)C2CC2)cc2c3c(ncn3C)c(NC)nc21
Cc1nn(-c2ccnc(Nc3ccc4c(c3)c(Cl)c(C)n4C)n2)cc1CN1CC(O)C1,CC(NC(=O)c1c[nH]c2ncc(-c3cn(C)c4cc(Cl)ccc34)nc12)C(=O)N1CC(C#N)C1
Cc1nn(-c2ccnc(Nc3ccc4c(c3)c(Cl)c(C)n4C)n2)cc1CN1CC(O)C1,CCn1nc(Nc2nc3c(cc(C(=O)N(C4CC4)C4CC4)n3CC)c3c2ncn3C)cc1C
Cc1nn(-c2ccnc(Nc3ccc4c(c3)c(Cl)c(C)n4C)n2)cc1CN1CC(O)C1,CCn1c(C(=O)N(C2CC2)C2CC2)cc2c3c(ncn3C)c(Nc3nccs3)nc21
Cc1nn(-c2ccnc(Nc3ccc4c(c3)c(Cl)c(C)n4C)n2)cc1CN1CC(O)C1,CCn1c(C(=O)N(C2CC2)C2CC2)cc2c3c(ncn3C)c(Nc3cc(C)nn3C)nc21
Cc1nn(-c2ccnc(Nc3ccc4c(c3)c(Cl)c(C)n4C)n2)cc1CN1CC(O)C1,CCc1nc(Nc2nc3c(cc(C(=O)N(C4CC4)C4CC4)n3CC)c3c2ncn3C)sc1C
Cc1nn(-c2ccnc(Nc3ccc4c(c3)c(Cl)c(C)n4C)n2)cc1CN1CC(O)C1,Cn1cc(C2=C(Nc3cccc(OCCNc4ccnc(F)c4)c3)C(=O)NC2=O)c2ccccc21
Cc1nn(-c2ccnc(Nc3ccc4c(c3)c(Cl)c(C)n4C)n2)cc1CN1CC(O)C1,CCn1c(C(=O)N(C2CC2)C2CC2)cc2c3c(ncn3C)c(Nc3nc(C)c(S(C)(=O)=O)s3)nc21
Cc1nn(-c2ccnc(Nc3ccc4c(c3)c(Cl)c(C)n4C)n2)cc1CN1CC(O)C1,CC(NC(=O)c1c[nH]c2ncc(-c3nn(C)c4cc(Cl)cc(F)c34)nc12)C(=O)N1CC(C#N)C1
Cc1nn(-c2ccnc(Nc3ccc4c(c3)c(Cl)c(C)n4C)n2)cc1CN1CC(O)C1,CCn1c(C(=O)N(C2CC2)C2CC2)cc2c3c(ncn3C)c(NCCCOC)nc21
Cc1nn(-c2ccnc(Nc3ccc4c(c3)c(Cl)c(C)n4C)n2)cc1CN1CC(O)C1,CCn1c(C(=O)N(C2CC2)C2CC2)cc2c3c(ncn3C)c(Nc3cc(C)[nH]n3)nc21
Cc1nn(-c2ccnc(Nc3ccc4c(c3)c(Cl)c(C)n4C)n2)cc1CN1CC(O)C1,CCn1c(C(=O)N(C2CC2)C2CC2)cc2c3c(ncn3C)c(Nc3cc(C)n(C)n3)nc21
Cc1nn(-c2ccnc(Nc3ccc4c(c3)c(Cl)c(C)n4C)n2)cc1CN1CC(O)C1,CCn1c(C(=O)N(C2CC2)C2CC2)cc2c3c(ncn3C)c(Nc3nc(C)c(C(=O)NC)s3)nc21
Cc1nn(-c2ccnc(Nc3ccc4c(c3)c(Cl)c(C)n4C)n2)cc1CN1CC(O)C1,Cn1nc(-c2cnc3[nH]cc(C(=O)NC(C(=O)N4CC(C#N)C4)C(C)(C)C)c3n2)c2ccc(Cl)cc21
C=CC(=O)N(C)CCOc1c(N)ncnc1-c1cc(F)cc(NC(=O)c2ccc(C3CC3)cc2F)c1C,CCn1c(C(=O)N(C2CC2)C2CC2)cc2c3c(ncn3C)c(Nc3ncc(C)s3)nc21
C=CC(=O)N(C)CCOc1c(N)ncnc1-c1cc(F)cc(NC(=O)c2ccc(C3CC3)cc2F)c1C,CCn1c(C(=O)N(C2CC2)C2CC2)cc2c3c(ncn3C)c(NC)nc21
C=CC(=O)N(C)CCOc1c(N)ncnc1-c1cc(F)cc(NC(=O)c2ccc(C3CC3)cc2F)c1C,CC(NC(=O)c1c[nH]c2ncc(-c3nn(C)c4ccc(Cl)cc34)nc12)C(=O)N1CC(C#N)C1
C=CC(=O)N(C)CCOc1c(N)ncnc1-c1cc(F)cc(NC(=O)c2ccc(C3CC3)cc2F)c1C,CCn1nc(Nc2nc3c(cc(C(=O)N(C4CC4)C4CC4)n3CC)c3c2ncn3C)cc1C
C=CC(=O)N(C)CCOc1c(N)ncnc1-c1cc(F)cc(NC(=O)c2ccc(C3CC3)cc2F)c1C,CCn1c(C(=O)N(C2CC2)C2CC2)cc2c3c(ncn3C)c(Nc3nccs3)nc21
C=CC(=O)N(C)CCOc1c(N)ncnc1-c1cc(F)cc(NC(=O)c2ccc(C3CC3)cc2F)c1C,CCn1c(C(=O)N(C2CC2)C2CC2)cc2c3c(ncn3C)c(Nc3cc(C)nn3C)nc21
C=CC(=O)N(C)CCOc1c(N)ncnc1-c1cc(F)cc(NC(=O)c2ccc(C3CC3)cc2F)c1C,CCc1nc(Nc2nc3c(cc(C(=O)N(C4CC4)C4CC4)n3CC)c3c2ncn3C)sc1C
C=CC(=O)N(C)CCOc1c(N)ncnc1-c1cc(F)cc(NC(=O)c2ccc(C3CC3)cc2F)c1C,CCn1c(C(=O)N(C2CC2)C2CC2)cc2c3c(ncn3C)c(Nc3nc(C)c(S(C)(=O)=O)s3)nc21
C=CC(=O)N(C)CCOc1c(N)ncnc1-c1cc(F)cc(NC(=O)c2ccc(C3CC3)cc2F)c1C,CC(NC(=O)c1c[nH]c2ncc(-c3nn(C)c4cc(Cl)cc(F)c34)nc12)C(=O)N1CC(C#N)C1
C=CC(=O)N(C)CCOc1c(N)ncnc1-c1cc(F)cc(NC(=O)c2ccc(C3CC3)cc2F)c1C,CC(C)C(C)n1cc(-c2cc(N3CCOCC3)n(C)n2)c2[nH]nc(N)c2c1=O
C=CC(=O)N(C)CCOc1c(N)ncnc1-c1cc(F)cc(NC(=O)c2ccc(C3CC3)cc2F)c1C,CCn1c(C(=O)N(C2CC2)C2CC2)cc2c3c(ncn3C)c(NCCCOC)nc21
C=CC(=O)N(C)CCOc1c(N)ncnc1-c1cc(F)cc(NC(=O)c2ccc(C3CC3)cc2F)c1C,CC(NC(=O)c1c[nH]c2ncc(-c3nn(C)c4cc(Cl)ccc34)nc12)C(=O)N1CC(C#N)C1
C=CC(=O)N(C)CCOc1c(N)ncnc1-c1cc(F)cc(NC(=O)c2ccc(C3CC3)cc2F)c1C,CC1(N)CCC(Nc2c(C(N)=O)cnn3cc(-c4ccccc4C#N)cc23)C1(C)C
C=CC(=O)N(C)CCOc1c(N)ncnc1-c1cc(F)cc(NC(=O)c2ccc(C3CC3)cc2F)c1C,COc1ccc2c(-c3cnc4[nH]cc(C(=O)NC(C)C(=O)N5CC(C#N)C5)c4n3)nn(C)c2c1
C=CC(=O)N(C)CCOc1c(N)ncnc1-c1cc(F)cc(NC(=O)c2ccc(C3CC3)cc2F)c1C,CCn1c(C(=O)N(C2CC2)C2CC2)cc2c3c(ncn3C)c(Nc3cc(C)[nH]n3)nc21
C=CC(=O)N(C)CCOc1c(N)ncnc1-c1cc(F)cc(NC(=O)c2ccc(C3CC3)cc2F)c1C,CC(NC(=O)c1c[nH]c2ncc(-c3nn(C)c4cc(C(C)(C)C)ccc34)nc12)C(=O)N1CC(C#N)C1
C=CC(=O)N(C)CCOc1c(N)ncnc1-c1cc(F)cc(NC(=O)c2ccc(C3CC3)cc2F)c1C,CCn1c(C(=O)N(C2CC2)C2CC2)cc2c3c(ncn3C)c(Nc3cc(C)n(C)n3)nc21
C=CC(=O)N(C)CCOc1c(N)ncnc1-c1cc(F)cc(NC(=O)c2ccc(C3CC3)cc2F)c1C,CN1CCN(C(=O)C(C#N)=Cc2ccc(-c3nc4cnc5[nH]ccc5c4n3C3CCCCC3)o2)CC1
C=CC(=O)N(C)CCOc1c(N)ncnc1-c1cc(F)cc(NC(=O)c2ccc(C3CC3)cc2F)c1C,CC(C)C(C)n1cc(-c2cc(N3CCS(=O)(=O)CC3)n(C)n2)c2[nH]nc(N)c2c1=O
C=CC(=O)N(C)CCOc1c(N)ncnc1-c1cc(F)cc(NC(=O)c2ccc(C3CC3)cc2F)c1C,CC(C)C(C)n1cc(-c2cc(C3CCOCC3)n(C)n2)c2[nH]nc(N)c2c1=O
C=CC(=O)N(C)CCOc1c(N)ncnc1-c1cc(F)cc(NC(=O)c2ccc(C3CC3)cc2F)c1C,CC(=O)NC1CCc2ccc(Oc3cnc4[nH]cc(C(=O)NC(C(=O)N5CC(C#N)C5)C5CC5)c4n3)cc21
C=CC(=O)N(C)CCOc1c(N)ncnc1-c1cc(F)cc(NC(=O)c2ccc(C3CC3)cc2F)c1C,CCn1c(C(=O)N(C2CC2)C2CC2)cc2c3c(ncn3C)c(Nc3nc(C)c(C(=O)NC)s3)nc21
C=CC(=O)N(C)CCOc1c(N)ncnc1-c1cc(F)cc(NC(=O)c2ccc(C3CC3)cc2F)c1C,Cn1nc(-c2cnc3[nH]cc(C(=O)NC(C(=O)N4CC(C#N)C4)C(C)(C)C)c3n2)c2ccc(Cl)cc21
C=CC(=O)N(C)CCOc1c(N)ncnc1-c1cc(F)cc(NC(=O)c2ccc(C3CC3)cc2F)c1C,CCOC(C)n1cc(-c2nc(Nc3ccc4c(c3)CCN4S(=O)(=O)c3ccc(C(F)(F)F)cc3)ncc2C)cn1
C=CC(=O)Nc1cccc(CNc2nc(Nc3ccc(N4CCN(C)CC4)cc3OC)ncc2C#N)c1,COc1ccc(Nc2ncc(C)c(N3CCC4(CCNC4=O)CC3)n2)cc1N
C=CC(=O)Nc1cccc(CNc2nc(Nc3ccc(N4CCN(C)CC4)cc3OC)ncc2C#N)c1,COc1cc(Nc2ncc(C)c(N3CCC4(CCNC4=O)CC3)n2)cc(OC)c1OC
C=CC(=O)Nc1cccc(CNc2nc(Nc3ccc(N4CCN(C)CC4)cc3OC)ncc2C#N)c1,C=CC(=O)Nc1cccc(CNc2nc(Nc3ccc(N4CCN(C)CC4)cc3OC)ncc2Cl)c1
C=CC(=O)Nc1cccc(CNc2nc(Nc3ccc(N4CCN(C)CC4)cc3OC)ncc2C#N)c1,Cc1cnc(Nc2ccc(N3C4CCC3COC4)cc2)nc1N1CCC2(CCNC2=O)CC1
C=CC(=O)Nc1cccc(CNc2nc(Nc3ccc(N4CCN(C)CC4)cc3OC)ncc2C#N)c1,C=CC(=O)Nc1cccc(CNc2nc(Nc3cnn(C)c3)ncc2Cl)c1
C=CC(=O)Nc1cccc(CNc2nc(Nc3ccc(N4CCN(C)CC4)cc3OC)ncc2C#N)c1,COc1ccc(Nc2ncc(C)c(N3CCC4(CCNC4=O)CC3)n2)cc1F
C=CC(=O)Nc1cc(CNc2nc(Nc3cnn(C)c3)ncc2Cl)ccc1F,C=CC(=O)Nc1cccc(CNc2nc(Nc3ccc(N4CCN(C)CC4)cc3OC)ncc2Cl)c1
C=CC(=O)Nc1cc(CNc2nc(Nc3cnn(C)c3)ncc2Cl)ccc1F,O=C(CCCCCCn1cc(Nc2ncc(Cl)c(N3CCCCC3)n2)cn1)NO
C=CC(=O)Nc1cc(CNc2nc(Nc3cnn(C)c3)ncc2Cl)ccc1F,O=C(CCCCCCn1cc(Nc2ncc(Cl)c(NC3CC3)n2)cn1)NO
C=CC(=O)Nc1cc(CNc2nc(Nc3cnn(C)c3)ncc2Cl)ccc1F,C=CC(=O)Nc1cccc(CNc2nc(Nc3cnn(C)c3)ncc2Cl)c1
C=CC(=O)Nc1cc(CNc2nc(Nc3cnn(C)c3)ncc2Cl)ccc1F,C=CC(=O)Nc1ccc(CNc2cc(Nc3cnn(CCO)c3)ncn2)cc1
CNc1ncc2cc(-c3cc(C(=O)Nc4cc(C(F)(F)F)ccc4N4CCCCC4)ccc3C)ccc2n1,CN1CCN(c2ccc3c(c2)[nH]c2c(C(N)=O)cc(-c4ccc5c(cnn5C)c4)cc23)CC1
C=CC(=O)Nc1cccc(CNc2nc(Nc3ccc(N4CCN(C)CC4)cc3OC)ncc2F)c1,C=CC(=O)Nc1cccc(CNc2nc(Nc3ccc(N4CCN(C)CC4)cc3OC)ncc2Cl)c1
C=CC(=O)Nc1cccc(CNc2nc(Nc3ccc(N4CCN(C)CC4)cc3OC)ncc2F)c1,C=CC(=O)Nc1cccc(CNc2nc(Nc3cnn(C)c3)ncc2Cl)c1
CN(C)C(=O)c1cnc(Nc2ccc3ncsc3c2)cc1NC(CO)Cc1ccccc1,Cc1cncc(Nc2cc(NC3CCN(c4ccc(C#N)cn4)CC3)c(C(N)=O)cn2)n1
CN(C)C(=O)c1cnc(Nc2ccc3ncsc3c2)cc1NC(CO)Cc1ccccc1,Cc1nccc(Nc2cc(NC3CCN(c4ccc(C#N)cn4)CC3F)c(C(N)=O)cn2)n1
CN(C)C(=O)c1cnc(Nc2ccc3ncsc3c2)cc1NC(CO)Cc1ccccc1,NC(=O)c1cnc(Nc2ccccc2)cc1NCc1ccccc1
CN(C)C(=O)c1cnc(Nc2ccc3ncsc3c2)cc1NC(CO)Cc1ccccc1,Cc1nccc(Nc2cc(NC3CCN(c4ccc(C#N)cc4)CC3)c(C(N)=O)cn2)n1
CN(C)C(=O)c1cnc(Nc2ccc3ncsc3c2)cc1NC(CO)Cc1ccccc1,Cc1nccc(Nc2cc(NC3CCN(c4ccc(C#N)cn4)CC3)c(C(N)=O)cn2)n1
CN(C)C(=O)c1cnc(Nc2ccc3ncsc3c2)cc1NC(CO)Cc1ccccc1,Cc1cnc(Nc2cc(NC3CCN(c4ccc(C#N)cn4)CC3)c(C(N)=O)cn2)cn1
C=CC(=O)Nc1cccc(CNc2cc(Nc3ccccc3)ncn2)c1,C=CC(=O)Nc1cccc(CNc2nc(Nc3ccc(N4CCN(C)CC4)cc3OC)ncc2Cl)c1
C=CC(=O)Nc1cccc(CNc2cc(Nc3ccccc3)ncn2)c1,C=CC(=O)Nc1cccc(CNc2nc(Nc3cnn(C)c3)ncc2Cl)c1
C=CC(=O)Nc1cccc(CNc2cc(Nc3ccccc3)ncn2)c1,C=CC(=O)Nc1ccc(CNc2cc(Nc3cnn(CCO)c3)ncn2)cc1
CC1CCN(C(=O)CC#N)CC1N(C)c1ncnc2[nH]ncc12,CC1CCN(C(=O)N2CCCC2)CC1N(C)c1ncnc2[nH]ccc12
CC1CCN(C(=O)CC#N)CC1N(C)c1ncnc2[nH]ncc12,CN(c1ncnc2[nH]ccc12)C1CN(S(=O)(=O)c2cccc(C#N)c2)CC12CC2
CC1CCN(C(=O)CC#N)CC1N(C)c1ncnc2[nH]ncc12,CC1CN(C(=O)CC#N)C12CCN(c1ncnc3[nH]ccc13)C2
CC1CCN(C(=O)CC#N)CC1N(C)c1ncnc2[nH]ncc12,CN(c1ncnc2[nH]ccc12)C1CCN(C(=O)CC#N)C1
C=CC(=O)Nc1ccc(CNc2nc(Nc3cnn(CC(=O)NC)c3)ncc2Cl)cc1,C=CC(=O)Nc1cccc(CNc2nc(Nc3ccc(N4CCN(C)CC4)cc3OC)ncc2Cl)c1
C=CC(=O)Nc1ccc(CNc2nc(Nc3cnn(CC(=O)NC)c3)ncc2Cl)cc1,O=C(CCCCCCn1cc(Nc2ncc(Cl)c(Nc3ccc(Cl)cc3)n2)cn1)NO
C=CC(=O)Nc1ccc(CNc2nc(Nc3cnn(CC(=O)NC)c3)ncc2Cl)cc1,O=C(CCCCCCn1cc(Nc2ncc(Cl)c(N3CCCCC3)n2)cn1)NO
C=CC(=O)Nc1ccc(CNc2nc(Nc3cnn(CC(=O)NC)c3)ncc2Cl)cc1,O=C(CCCCCCn1cc(Nc2ncc(Cl)c(NC3CC3)n2)cn1)NO
C=CC(=O)Nc1ccc(CNc2nc(Nc3cnn(CC(=O)NC)c3)ncc2Cl)cc1,C=CC(=O)Nc1cccc(CNc2nc(Nc3cnn(C)c3)ncc2Cl)c1
C=CC(=O)Nc1ccc(CNc2nc(Nc3cnn(CC(=O)NC)c3)ncc2Cl)cc1,O=C(CCCCCCn1cc(Nc2ncc(Cl)c(Nc3cccc(Cl)c3)n2)cn1)NO
C=CC(=O)Nc1ccc(CNc2nc(Nc3cnn(CC(=O)NC)c3)ncc2Cl)cc1,O=C(CCCCCn1cc(Nc2ncc(Cl)c(Nc3ccc(Cl)cc3)n2)cn1)NO
C=CC(=O)Nc1ccc(CNc2nc(Nc3cnn(CC(=O)NC)c3)ncc2Cl)cc1,C=CC(=O)Nc1ccc(CNc2cc(Nc3cnn(CCO)c3)ncn2)cc1
NC(=O)c1cnc(Nc2ccc3[nH]ncc3c2)cc1NCc1ccccc1,Cc1cncc(Nc2cc(NC3CCN(c4ccc(C#N)cn4)CC3)c(C(N)=O)cn2)n1
NC(=O)c1cnc(Nc2ccc3[nH]ncc3c2)cc1NCc1ccccc1,Cc1nccc(Nc2cc(NC3CCN(c4ccc(C#N)cn4)CC3F)c(C(N)=O)cn2)n1
NC(=O)c1cnc(Nc2ccc3[nH]ncc3c2)cc1NCc1ccccc1,NC(=O)c1cnc(Nc2ccccc2)cc1NCc1ccccc1
NC(=O)c1cnc(Nc2ccc3[nH]ncc3c2)cc1NCc1ccccc1,Cc1nccc(Nc2cc(NC3CCN(c4ccc(C#N)cc4)CC3)c(C(N)=O)cn2)n1
NC(=O)c1cnc(Nc2ccc3[nH]ncc3c2)cc1NCc1ccccc1,Cc1nccc(Nc2cc(NC3CCN(c4ccc(C#N)cn4)CC3)c(C(N)=O)cn2)n1
NC(=O)c1cnc(Nc2ccc3[nH]ncc3c2)cc1NCc1ccccc1,Cc1cnc(Nc2cc(NC3CCN(c4ccc(C#N)cn4)CC3)c(C(N)=O)cn2)cn1
C=CC(=O)Nc1cccc(CN(C)c2nc(Nc3cnn(C)c3)ncc2Cl)c1,C=CC(=O)Nc1cccc(CNc2nc(Nc3ccc(N4CCN(C)CC4)cc3OC)ncc2Cl)c1
C=CC(=O)Nc1cccc(CN(C)c2nc(Nc3cnn(C)c3)ncc2Cl)c1,O=C(CCCCCCn1cc(Nc2ncc(Cl)c(N3CCCCC3)n2)cn1)NO
C=CC(=O)Nc1cccc(CN(C)c2nc(Nc3cnn(C)c3)ncc2Cl)c1,O=C(CCCCCCn1cc(Nc2ncc(Cl)c(NC3CC3)n2)cn1)NO
C=CC(=O)Nc1cccc(CN(C)c2nc(Nc3cnn(C)c3)ncc2Cl)c1,C=CC(=O)Nc1cccc(CNc2nc(Nc3cnn(C)c3)ncc2Cl)c1
C=CC(=O)Nc1cccc(CN(C)c2nc(Nc3cnn(C)c3)ncc2Cl)c1,C=CC(=O)Nc1ccc(CNc2cc(Nc3cnn(CCO)c3)ncn2)cc1
CN(C)CC1CCn2cc(c3ccccc32)C2=C(C(=O)NC2=O)c2cn(c3ccccc23)CCO1,CCn1c(C(=O)N(C2CC2)C2CC2)cc2c3c(ncn3C)c(Nc3ncc(C)s3)nc21
CN(C)CC1CCn2cc(c3ccccc32)C2=C(C(=O)NC2=O)c2cn(c3ccccc23)CCO1,CCn1nc(Nc2nc3c(cc(C(=O)N(C4CC4)C4CC4)n3CC)c3c2ncn3C)cc1C
CN(C)CC1CCn2cc(c3ccccc32)C2=C(C(=O)NC2=O)c2cn(c3ccccc23)CCO1,CCn1c(C(=O)N(C2CC2)C2CC2)cc2c3c(ncn3C)c(Nc3nccs3)nc21
CN(C)CC1CCn2cc(c3ccccc32)C2=C(C(=O)NC2=O)c2cn(c3ccccc23)CCO1,CCn1c(C(=O)N(C2CC2)C2CC2)cc2c3c(ncn3C)c(Nc3cc(C)nn3C)nc21
CN(C)CC1CCn2cc(c3ccccc32)C2=C(C(=O)NC2=O)c2cn(c3ccccc23)CCO1,CCc1nc(Nc2nc3c(cc(C(=O)N(C4CC4)C4CC4)n3CC)c3c2ncn3C)sc1C
CN(C)CC1CCn2cc(c3ccccc32)C2=C(C(=O)NC2=O)c2cn(c3ccccc23)CCO1,Cn1cc(C2=C(Nc3cccc(OCCNc4ccnc(F)c4)c3)C(=O)NC2=O)c2ccccc21
CN(C)CC1CCn2cc(c3ccccc32)C2=C(C(=O)NC2=O)c2cn(c3ccccc23)CCO1,CCn1c(C(=O)N(C2CC2)C2CC2)cc2c3c(ncn3C)c(Nc3nc(C)c(S(C)(=O)=O)s3)nc21
CN(C)CC1CCn2cc(c3ccccc32)C2=C(C(=O)NC2=O)c2cn(c3ccccc23)CCO1,CCn1c(C(=O)N(C2CC2)C2CC2)cc2c3c(ncn3C)c(NCCCOC)nc21
CN(C)CC1CCn2cc(c3ccccc32)C2=C(C(=O)NC2=O)c2cn(c3ccccc23)CCO1,O=C1NC(=O)C(c2c[nH]c3ccccc23)=C1Nc1cccc(OCCNc2ccnc(F)c2)c1
CN(C)CC1CCn2cc(c3ccccc32)C2=C(C(=O)NC2=O)c2cn(c3ccccc23)CCO1,CCn1c(C(=O)N(C2CC2)C2CC2)cc2c3c(ncn3C)c(Nc3cc(C)[nH]n3)nc21
CN(C)CC1CCn2cc(c3ccccc32)C2=C(C(=O)NC2=O)c2cn(c3ccccc23)CCO1,CC(C)(O)C(=O)N1CCN(c2ccc(C(F)(F)F)c(C3=C(c4c[nH]c5ccccc45)C(=O)NC3=O)c2)CC1
CN(C)CC1CCn2cc(c3ccccc32)C2=C(C(=O)NC2=O)c2cn(c3ccccc23)CCO1,O=C1NC(=O)C(c2c[nH]c3ccccc23)=C1Nc1ccc(OCCNc2ccnc(F)c2)cc1
CN(C)CC1CCn2cc(c3ccccc32)C2=C(C(=O)NC2=O)c2cn(c3ccccc23)CCO1,CCn1c(C(=O)N(C2CC2)C2CC2)cc2c3c(ncn3C)c(Nc3cc(C)n(C)n3)nc21
CN(C)CC1CCn2cc(c3ccccc32)C2=C(C(=O)NC2=O)c2cn(c3ccccc23)CCO1,CN1CCN(C(=O)C(C#N)=Cc2ccc(-c3nc4cnc5[nH]ccc5c4n3C3CCCCC3)o2)CC1
CN(C)CC1CCn2cc(c3ccccc32)C2=C(C(=O)NC2=O)c2cn(c3ccccc23)CCO1,O=C1NC(=O)C(c2c[nH]c3ccccc23)=C1Nc1cccc(OC2CCN(c3ccnc(F)c3)CC2)c1
CN(C)CC1CCn2cc(c3ccccc32)C2=C(C(=O)NC2=O)c2cn(c3ccccc23)CCO1,CCn1c(C(=O)N(C2CC2)C2CC2)cc2c3c(ncn3C)c(Nc3nc(C)c(C(=O)NC)s3)nc21
CN(C)CC1CCn2cc(c3ccccc32)C2=C(C(=O)NC2=O)c2cn(c3ccccc23)CCO1,O=C1NC(=O)C(c2c[nH]c3ccccc23)=C1Nc1ccc(OCCCNc2ccnc(F)c2)cc1
CN(C)C=C(C#N)C(=O)Nc1cccc(CNc2c(C(N)=O)cnn3cccc23)c1,C=CS(=O)(=O)Nc1cccc(CNc2c(C(N)=O)cnn3cccc23)c1
CN(C)C=C(C#N)C(=O)Nc1cccc(CNc2c(C(N)=O)cnn3cccc23)c1,Cc1ccncc1-c1cc2c(NC3CCC(C)(N)C3(C)C)c(C(N)=O)cnn2c1
CN(C)C=C(C#N)C(=O)Nc1cccc(CNc2c(C(N)=O)cnn3cccc23)c1,CC1(N)CCC(Nc2c(C(N)=O)cnn3cc(-c4cncnc4)cc23)C1(C)C
CN(C)C=C(C#N)C(=O)Nc1cccc(CNc2c(C(N)=O)cnn3cccc23)c1,CC1(O)CC(Nc2c(C(N)=O)cnn3cccc23)C(C)(C)C1
CN(C)C=C(C#N)C(=O)Nc1cccc(CNc2c(C(N)=O)cnn3cccc23)c1,N#CCC(=O)Nc1cccc(CNc2c(C(N)=O)cnn3cccc23)c1
CN(C)C=C(C#N)C(=O)Nc1cccc(CNc2c(C(N)=O)cnn3cccc23)c1,CC(C)CNc1c(C(N)=O)cnn2cc(-c3ccccc3)cc12
CN(C)C=C(C#N)C(=O)Nc1cccc(CNc2c(C(N)=O)cnn3cccc23)c1,CC1(N)CCC(Nc2c(C(N)=O)cnn3cc(-c4ccncc4)cc23)C1(C)C
CN(C)C=C(C#N)C(=O)Nc1cccc(CNc2c(C(N)=O)cnn3cccc23)c1,COc1cccc(-c2cc3c(NC4CCC(C)(N)C4(C)C)c(C(N)=O)cnn3c2)c1
CN(C)C=C(C#N)C(=O)Nc1cccc(CNc2c(C(N)=O)cnn3cccc23)c1,CC1(N)CCC(Nc2c(C(N)=O)cnn3cc(-c4ccc(Cl)cc4)cc23)C1(C)C
CN(C)C=C(C#N)C(=O)Nc1cccc(CNc2c(C(N)=O)cnn3cccc23)c1,CC1(N)CCC(Nc2c(C(N)=O)cnn3cc(-c4ccccc4)cc23)C1(C)C
CN(C)C=C(C#N)C(=O)Nc1cccc(CNc2c(C(N)=O)cnn3cccc23)c1,CC1(N)CCC(Nc2c(C(N)=O)cnn3cc(-c4ccc(F)cc4)cc23)C1(C)C
CN(C)C=C(C#N)C(=O)Nc1cccc(CNc2c(C(N)=O)cnn3cccc23)c1,CC1(N)CCC(Nc2c(C(N)=O)cnn3cc(-c4cccc(Cl)c4)cc23)C1(C)C
CN(C)C=C(C#N)C(=O)Nc1cccc(CNc2c(C(N)=O)cnn3cccc23)c1,COc1ccc(-c2cc3c(NC(CO)C(C)O)c(C(N)=O)cnn3c2)cn1
CN(C)C=C(C#N)C(=O)Nc1cccc(CNc2c(C(N)=O)cnn3cccc23)c1,CC1(C)C(O)CCC1Nc1c(C(N)=O)cnn2cccc12
CN(C)C=C(C#N)C(=O)Nc1cccc(CNc2c(C(N)=O)cnn3cccc23)c1,NC(=O)c1cnn2cc(-c3ccccc3)cc2c1NC1CCCC1
CN(C)C=C(C#N)C(=O)Nc1cccc(CNc2c(C(N)=O)cnn3cccc23)c1,COc1ccc(-c2cc3c(NC(CO)CO)c(C(N)=O)cnn3c2)cn1
CN(C)C=C(C#N)C(=O)Nc1cccc(CNc2c(C(N)=O)cnn3cccc23)c1,Cc1cccc(-c2cc3c(NC4CCC(C)(N)C4(C)C)c(C(N)=O)cnn3c2)c1
CN(C)C=C(C#N)C(=O)Nc1cccc(CNc2c(C(N)=O)cnn3cccc23)c1,CC(C)Oc1ccc(-c2cc3c(NC4CCC(C)(N)C4(C)C)c(C(N)=O)cnn3c2)cn1
CN(C)C=C(C#N)C(=O)Nc1cccc(CNc2c(C(N)=O)cnn3cccc23)c1,CC1(C)C(N)CCC1Nc1c(C(N)=O)cnn2cccc12
CN(C)C=C(C#N)C(=O)Nc1cccc(CNc2c(C(N)=O)cnn3cccc23)c1,CC1(N)CCC(Nc2c(C(N)=O)cnn3cc(-c4ccccc4F)cc23)C1(C)C
CN(C)C=C(C#N)C(=O)Nc1cccc(CNc2c(C(N)=O)cnn3cccc23)c1,CC(C)Nc1c(C(N)=O)cnn2cc(-c3ccccc3)cc12
CN(C)C=C(C#N)C(=O)Nc1cccc(CNc2c(C(N)=O)cnn3cccc23)c1,CC1(C#N)CCCC1Nc1c(C(N)=O)cnn2cccc12
CN(C)C=C(C#N)C(=O)Nc1cccc(CNc2c(C(N)=O)cnn3cccc23)c1,CC1(N)CCC(Nc2c(C(N)=O)cnn3cc(-c4ccccc4C#N)cc23)C1(C)C
CN(C)C=C(C#N)C(=O)Nc1cccc(CNc2c(C(N)=O)cnn3cccc23)c1,NC(=O)c1cnn2cc(-c3ccccc3)cc2c1NCc1ccccc1
CN(C)C=C(C#N)C(=O)Nc1cccc(CNc2c(C(N)=O)cnn3cccc23)c1,CC1(N)CCC(Nc2c(C(N)=O)cnn3cc(-c4ccccc4Cl)cc23)C1(C)C
CN(C)C=C(C#N)C(=O)Nc1cccc(CNc2c(C(N)=O)cnn3cccc23)c1,NC(=O)c1cnn2cccc2c1NCc1cccc(NC(=O)Cn2sc3ccccc3c2=O)c1
CN(C)C=C(C#N)C(=O)Nc1cccc(CNc2c(C(N)=O)cnn3cccc23)c1,CC1(N)CCC(Nc2c(C(N)=O)cnn3cccc23)C1(C)C
CN(C)C=C(C#N)C(=O)Nc1cccc(CNc2c(C(N)=O)cnn3cccc23)c1,COc1ccc(-c2cc3c(NC(CO)CC(C)C)c(C(N)=O)cnn3c2)cn1
CN(C)C=C(C#N)C(=O)Nc1cccc(CNc2c(C(N)=O)cnn3cccc23)c1,COc1ccc(-c2cc3c(NC4CCC(C)(N)C4(C)C)c(C(N)=O)cnn3c2)cc1
CN(C)C=C(C#N)C(=O)Nc1cccc(CNc2c(C(N)=O)cnn3cccc23)c1,CC1(N)CCC(Nc2c(C(N)=O)cnn3cc(-c4cccc(F)c4)cc23)C1(C)C
CN(C)C=C(C#N)C(=O)Nc1cccc(CNc2c(C(N)=O)cnn3cccc23)c1,Cc1ccc(-c2cc3c(NC4CCC(C)(N)C4(C)C)c(C(N)=O)cnn3c2)cc1
CN(C)C=C(C#N)C(=O)Nc1cccc(CNc2c(C(N)=O)cnn3cccc23)c1,CC1(N)CCC(Nc2c(C(N)=O)cnn3cc(-c4ccc(F)nc4)cc23)C1(C)C
CN(C)C=C(C#N)C(=O)Nc1cccc(CNc2c(C(N)=O)cnn3cccc23)c1,CC1(N)CCC(Nc2c(C(N)=O)cnn3cc(-c4cccc(C#N)c4)cc23)C1(C)C
CN(C)C=C(C#N)C(=O)Nc1cccc(CNc2c(C(N)=O)cnn3cccc23)c1,CC1(N)CCC(Nc2c(C(N)=O)cnn3cc(-c4ccncc4F)cc23)C1(C)C
CN(C)C=C(C#N)C(=O)Nc1cccc(CNc2c(C(N)=O)cnn3cccc23)c1,COc1ccc(-c2cc3c(NC4CCC(C)(N)C4(C)C)c(C(N)=O)cnn3c2)cn1
CN(C)C=C(C#N)C(=O)Nc1cccc(CNc2c(C(N)=O)cnn3cccc23)c1,CC1(N)CCC(Nc2c(C(N)=O)cnn3cc(-c4ccc(C#N)cc4)cc23)C1(C)C
CN(C)C=C(C#N)C(=O)Nc1cccc(CNc2c(C(N)=O)cnn3cccc23)c1,COc1cc(-c2cc3c(NC4CCC(C)(N)C4(C)C)c(C(N)=O)cnn3c2)ccn1
CN(C)C=C(C#N)C(=O)Nc1cccc(CNc2c(C(N)=O)cnn3cccc23)c1,CC(C)(C)CNc1c(C(N)=O)cnn2cc(-c3ccccc3)cc12
CN(C)C=C(C#N)C(=O)Nc1cccc(CNc2c(C(N)=O)cnn3cccc23)c1,Cc1ccc(-c2cc3c(NC4CCC(C)(N)C4(C)C)c(C(N)=O)cnn3c2)cn1
C=CC(=O)NCCOc1cc(Cc2ccccc2)cc2[nH]c(-c3n[nH]c4cc(C(F)F)ccc34)cc12,CC(NC(=O)c1c[nH]c2ncc(-c3nn(C)c4ccc(Cl)cc34)nc12)C(=O)N1CC(C#N)C1
C=CC(=O)NCCOc1cc(Cc2ccccc2)cc2[nH]c(-c3n[nH]c4cc(C(F)F)ccc34)cc12,CCn1c(C(=O)N(C2CC2)C2CC2)cc2c3c(ncn3C)c(Nc3cc(C)nn3C)nc21
C=CC(=O)NCCOc1cc(Cc2ccccc2)cc2[nH]c(-c3n[nH]c4cc(C(F)F)ccc34)cc12,CCn1c(C(=O)N(C2CC2)C2CC2)cc2c3c(ncn3C)c(Nc3nc(C)c(S(C)(=O)=O)s3)nc21
C=CC(=O)NCCOc1cc(Cc2ccccc2)cc2[nH]c(-c3n[nH]c4cc(C(F)F)ccc34)cc12,CC(NC(=O)c1c[nH]c2ncc(-c3nn(C)c4cc(Cl)cc(F)c34)nc12)C(=O)N1CC(C#N)C1
C=CC(=O)NCCOc1cc(Cc2ccccc2)cc2[nH]c(-c3n[nH]c4cc(C(F)F)ccc34)cc12,CC(NC(=O)c1c[nH]c2ncc(-c3nn(C)c4cc(Cl)ccc34)nc12)C(=O)N1CC(C#N)C1
C=CC(=O)NCCOc1cc(Cc2ccccc2)cc2[nH]c(-c3n[nH]c4cc(C(F)F)ccc34)cc12,COc1ccc2c(-c3cnc4[nH]cc(C(=O)NC(C)C(=O)N5CC(C#N)C5)c4n3)nn(C)c2c1
C=CC(=O)NCCOc1cc(Cc2ccccc2)cc2[nH]c(-c3n[nH]c4cc(C(F)F)ccc34)cc12,CC(NC(=O)c1c[nH]c2ncc(-c3nn(C)c4cc(C(C)(C)C)ccc34)nc12)C(=O)N1CC(C#N)C1
C=CC(=O)NCCOc1cc(Cc2ccccc2)cc2[nH]c(-c3n[nH]c4cc(C(F)F)ccc34)cc12,CC(NC(=O)c1c[nH]c2ncc(-c3nn(C)c4ccccc34)nc12)C(=O)N1CC(C#N)C1
C=CC(=O)NCCOc1cc(Cc2ccccc2)cc2[nH]c(-c3n[nH]c4cc(C(F)F)ccc34)cc12,Cn1nc(-c2cnc3[nH]cc(C(=O)NC(C(=O)N4CC(C#N)C4)C(C)(C)C)c3n2)c2ccc(Cl)cc21
C=CC(=O)Nc1cccc(CNc2nc(Nc3cnn(CC(=O)NCC(F)(F)F)c3)ncc2Cl)c1,C=CC(=O)Nc1cccc(CNc2nc(Nc3ccc(N4CCN(C)CC4)cc3OC)ncc2Cl)c1
C=CC(=O)Nc1cccc(CNc2nc(Nc3cnn(CC(=O)NCC(F)(F)F)c3)ncc2Cl)c1,O=C(CCCCCCn1cc(Nc2ncc(Cl)c(N3CCCCC3)n2)cn1)NO
C=CC(=O)Nc1cccc(CNc2nc(Nc3cnn(CC(=O)NCC(F)(F)F)c3)ncc2Cl)c1,O=C(CCCCCCn1cc(Nc2ncc(Cl)c(NC3CC3)n2)cn1)NO
C=CC(=O)Nc1cccc(CNc2nc(Nc3cnn(CC(=O)NCC(F)(F)F)c3)ncc2Cl)c1,C=CC(=O)Nc1cccc(CNc2nc(Nc3cnn(C)c3)ncc2Cl)c1
C=CC(=O)Nc1cccc(CNc2nc(Nc3cnn(CC(=O)NCC(F)(F)F)c3)ncc2Cl)c1,C=CC(=O)Nc1ccc(CNc2cc(Nc3cnn(CCO)c3)ncn2)cc1
CC(Nc1nc(Nc2cn(C)cn2)c2[nH]ccc2n1)c1ncc(F)cn1,CC(Nc1nc(Nc2cn(C)cn2)c2ccn(C3CC3)c2n1)c1ncc(F)cn1
CC(Nc1nc(Nc2cn(C)cn2)c2[nH]ccc2n1)c1ncc(F)cn1,CC(Nc1nc(Nc2cn(C)cn2)c2ccncc2n1)c1ncc(F)cn1
CC(Nc1nc(Nc2cn(C)cn2)c2[nH]ccc2n1)c1ncc(F)cn1,CC(Nc1nc(Nc2cn(C)cn2)c2cnn(C)c2n1)c1ncc(F)cn1
CC(Nc1nc(Nc2cn(C)cn2)c2[nH]ccc2n1)c1ncc(F)cn1,CC(Nc1nc(Nc2cn(C)cn2)c2cn[nH]c2n1)c1ncc(F)cn1
C=C(C)C(=O)Nc1cccc(CNc2nc(Nc3cnn(CCOC)c3)ncc2Cl)c1,C=CC(=O)Nc1cccc(CNc2nc(Nc3ccc(N4CCN(C)CC4)cc3OC)ncc2Cl)c1
C=C(C)C(=O)Nc1cccc(CNc2nc(Nc3cnn(CCOC)c3)ncc2Cl)c1,O=C(CCCCCCn1cc(Nc2ncc(Cl)c(Nc3ccc(Cl)cc3)n2)cn1)NO
C=C(C)C(=O)Nc1cccc(CNc2nc(Nc3cnn(CCOC)c3)ncc2Cl)c1,O=C(CCCCCCn1cc(Nc2ncc(Cl)c(N3CCCCC3)n2)cn1)NO
C=C(C)C(=O)Nc1cccc(CNc2nc(Nc3cnn(CCOC)c3)ncc2Cl)c1,O=C(CCCCCCn1cc(Nc2ncc(Cl)c(NC3CC3)n2)cn1)NO
C=C(C)C(=O)Nc1cccc(CNc2nc(Nc3cnn(CCOC)c3)ncc2Cl)c1,C=CC(=O)Nc1cccc(CNc2nc(Nc3cnn(C)c3)ncc2Cl)c1
C=C(C)C(=O)Nc1cccc(CNc2nc(Nc3cnn(CCOC)c3)ncc2Cl)c1,O=C(CCCCCCn1cc(Nc2ncc(Cl)c(Nc3cccc(Cl)c3)n2)cn1)NO
C=C(C)C(=O)Nc1cccc(CNc2nc(Nc3cnn(CCOC)c3)ncc2Cl)c1,O=C(CCCCCn1cc(Nc2ncc(Cl)c(Nc3ccc(Cl)cc3)n2)cn1)NO
C=C(C)C(=O)Nc1cccc(CNc2nc(Nc3cnn(CCOC)c3)ncc2Cl)c1,C=CC(=O)Nc1ccc(CNc2cc(Nc3cnn(CCO)c3)ncn2)cc1
O=C(Nc1nc2cccc(C3CCC4(CC3)CN(C(=O)C3CC3(F)F)C4)n2n1)C1CC1,O=C(Nc1nc2cccc(C3CCC(NC(=O)C4(F)CC4)CC3)n2n1)C1CC1
O=C(Nc1nc2cccc(C3CCC4(CC3)CN(C(=O)C3CC3(F)F)C4)n2n1)C1CC1,O=C(Nc1nc2cccc(-c3ccc(C(=O)N4CC(F)(F)C4)cc3)n2n1)C1CC1
O=C(Nc1nc2cccc(C3CCC4(CC3)CN(C(=O)C3CC3(F)F)C4)n2n1)C1CC1,CCn1c(C(=O)N(C2CC2)C2CC2)cc2c3c(ncn3C)c(Nc3ncc(C)s3)nc21
O=C(Nc1nc2cccc(C3CCC4(CC3)CN(C(=O)C3CC3(F)F)C4)n2n1)C1CC1,CCn1nc(Nc2nc3c(cc(C(=O)N(C4CC4)C4CC4)n3CC)c3c2ncn3C)cc1C
O=C(Nc1nc2cccc(C3CCC4(CC3)CN(C(=O)C3CC3(F)F)C4)n2n1)C1CC1,CCn1c(C(=O)N(C2CC2)C2CC2)cc2c3c(ncn3C)c(Nc3nccs3)nc21
O=C(Nc1nc2cccc(C3CCC4(CC3)CN(C(=O)C3CC3(F)F)C4)n2n1)C1CC1,CCn1c(C(=O)N(C2CC2)C2CC2)cc2c3c(ncn3C)c(Nc3cc(C)nn3C)nc21
O=C(Nc1nc2cccc(C3CCC4(CC3)CN(C(=O)C3CC3(F)F)C4)n2n1)C1CC1,CCc1nc(Nc2nc3c(cc(C(=O)N(C4CC4)C4CC4)n3CC)c3c2ncn3C)sc1C
O=C(Nc1nc2cccc(C3CCC4(CC3)CN(C(=O)C3CC3(F)F)C4)n2n1)C1CC1,CCn1c(C(=O)N(C2CC2)C2CC2)cc2c3c(ncn3C)c(Nc3nc(C)c(S(C)(=O)=O)s3)nc21
O=C(Nc1nc2cccc(C3CCC4(CC3)CN(C(=O)C3CC3(F)F)C4)n2n1)C1CC1,O=C(Nc1nc2cccc(C3CCC4(CCN(C(=O)C5CC5(F)F)CC4)C3)n2n1)C1CC1
O=C(Nc1nc2cccc(C3CCC4(CC3)CN(C(=O)C3CC3(F)F)C4)n2n1)C1CC1,N#CCNC(=O)c1ccc(-c2cccc3nc(NC(=O)C4CC4)nn23)cc1
O=C(Nc1nc2cccc(C3CCC4(CC3)CN(C(=O)C3CC3(F)F)C4)n2n1)C1CC1,CC(C)(C#N)C(=O)N1CC2(CCC(c3cccc4nc(NC(=O)C5CC5)nn34)CC2)C1
O=C(Nc1nc2cccc(C3CCC4(CC3)CN(C(=O)C3CC3(F)F)C4)n2n1)C1CC1,O=C(Nc1nc2cccc(C3=CCN(C(=O)NCC(F)(F)F)CC3)n2n1)C1CC1
O=C(Nc1nc2cccc(C3CCC4(CC3)CN(C(=O)C3CC3(F)F)C4)n2n1)C1CC1,O=C(NCC(F)(F)F)c1ccc(-c2cccc3nc(NC(=O)C4CC4)nn23)cc1
O=C(Nc1nc2cccc(C3CCC4(CC3)CN(C(=O)C3CC3(F)F)C4)n2n1)C1CC1,COc1ccc(-c2cccc3nc(NC(=O)C4CC4)nn23)cc1
O=C(Nc1nc2cccc(C3CCC4(CC3)CN(C(=O)C3CC3(F)F)C4)n2n1)C1CC1,CCn1c(C(=O)N(C2CC2)C2CC2)cc2c3c(ncn3C)c(Nc3cc(C)[nH]n3)nc21
O=C(Nc1nc2cccc(C3CCC4(CC3)CN(C(=O)C3CC3(F)F)C4)n2n1)C1CC1,O=C(Nc1nc2cccc(-c3ccc(CN4CCS(=O)(=O)CC4)cc3)n2n1)C1CC1
O=C(Nc1nc2cccc(C3CCC4(CC3)CN(C(=O)C3CC3(F)F)C4)n2n1)C1CC1,O=C(Nc1nc2cccc(C3=CCN(C(=O)C4(C(F)(F)F)CC4)CC3)n2n1)C1CC1
O=C(Nc1nc2cccc(C3CCC4(CC3)CN(C(=O)C3CC3(F)F)C4)n2n1)C1CC1,O=C(Nc1nc2cccc(C3CCC4(CC3)CN(C(=O)CC(F)F)C4)n2n1)C1CC1
O=C(Nc1nc2cccc(C3CCC4(CC3)CN(C(=O)C3CC3(F)F)C4)n2n1)C1CC1,N#CCNC(=O)N1CC=C(c2cccc3nc(NC(=O)C4CC4)nn23)CC1
O=C(Nc1nc2cccc(C3CCC4(CC3)CN(C(=O)C3CC3(F)F)C4)n2n1)C1CC1,CCn1c(C(=O)N(C2CC2)C2CC2)cc2c3c(ncn3C)c(Nc3cc(C)n(C)n3)nc21
O=C(Nc1nc2cccc(C3CCC4(CC3)CN(C(=O)C3CC3(F)F)C4)n2n1)C1CC1,O=C(Nc1nc2cccc(C3CCC4(CC3)CCN(C(=O)C3CC3(F)F)C4)n2n1)C1CC1
O=C(Nc1nc2cccc(C3CCC4(CC3)CN(C(=O)C3CC3(F)F)C4)n2n1)C1CC1,N#CC1(C(=O)N2CC=C(c3cccc4nc(NC(=O)C5CC5)nn34)CC2)CC1
O=C(Nc1nc2cccc(C3CCC4(CC3)CN(C(=O)C3CC3(F)F)C4)n2n1)C1CC1,O=C(Nc1nc2cccc(C3=CCN(C(=O)C4CC4(F)F)CC3)n2n1)C1CC1
O=C(Nc1nc2cccc(C3CCC4(CC3)CN(C(=O)C3CC3(F)F)C4)n2n1)C1CC1,N#CCC(=O)N1CCC2(CCC(c3cccc4nc(NC(=O)C5CC5)nn34)CC2)CC1
O=C(Nc1nc2cccc(C3CCC4(CC3)CN(C(=O)C3CC3(F)F)C4)n2n1)C1CC1,CCn1c(C(=O)N(C2CC2)C2CC2)cc2c3c(ncn3C)c(Nc3nc(C)c(C(=O)NC)s3)nc21
O=C(Nc1nc2cccc(C3CCC4(CC3)CN(C(=O)C3CC3(F)F)C4)n2n1)C1CC1,C=C(C#N)C(O)c1ccc(-c2cccc3nc(NC(=O)C4CC4)nn23)cc1
NC(=O)c1cnc(Nc2ccc3c(c2)CC(=O)N3)cc1NCc1ccccc1,Cc1cncc(Nc2cc(NC3CCN(c4ccc(C#N)cn4)CC3)c(C(N)=O)cn2)n1
NC(=O)c1cnc(Nc2ccc3c(c2)CC(=O)N3)cc1NCc1ccccc1,Cc1nccc(Nc2cc(NC3CCN(c4ccc(C#N)cn4)CC3F)c(C(N)=O)cn2)n1
NC(=O)c1cnc(Nc2ccc3c(c2)CC(=O)N3)cc1NCc1ccccc1,NC(=O)c1cnc(Nc2ccccc2)cc1NCc1ccccc1
NC(=O)c1cnc(Nc2ccc3c(c2)CC(=O)N3)cc1NCc1ccccc1,Cc1nccc(Nc2cc(NC3CCN(c4ccc(C#N)cc4)CC3)c(C(N)=O)cn2)n1
NC(=O)c1cnc(Nc2ccc3c(c2)CC(=O)N3)cc1NCc1ccccc1,Cc1nccc(Nc2cc(NC3CCN(c4ccc(C#N)cn4)CC3)c(C(N)=O)cn2)n1
NC(=O)c1cnc(Nc2ccc3c(c2)CC(=O)N3)cc1NCc1ccccc1,Cc1cnc(Nc2cc(NC3CCN(c4ccc(C#N)cn4)CC3)c(C(N)=O)cn2)cn1
NC(=O)c1ccc(Nc2cc(NCc3ccccc3)c(C(N)=O)cn2)cc1,Cc1cncc(Nc2cc(NC3CCN(c4ccc(C#N)cn4)CC3)c(C(N)=O)cn2)n1
NC(=O)c1ccc(Nc2cc(NCc3ccccc3)c(C(N)=O)cn2)cc1,Cc1nccc(Nc2cc(NC3CCN(c4ccc(C#N)cn4)CC3F)c(C(N)=O)cn2)n1
NC(=O)c1ccc(Nc2cc(NCc3ccccc3)c(C(N)=O)cn2)cc1,NC(=O)c1cnc(Nc2ccccc2)cc1NCc1ccccc1
NC(=O)c1ccc(Nc2cc(NCc3ccccc3)c(C(N)=O)cn2)cc1,Cc1nccc(Nc2cc(NC3CCN(c4ccc(C#N)cc4)CC3)c(C(N)=O)cn2)n1
NC(=O)c1ccc(Nc2cc(NCc3ccccc3)c(C(N)=O)cn2)cc1,Cc1nccc(Nc2cc(NC3CCN(c4ccc(C#N)cn4)CC3)c(C(N)=O)cn2)n1
NC(=O)c1ccc(Nc2cc(NCc3ccccc3)c(C(N)=O)cn2)cc1,Cc1cnc(Nc2cc(NC3CCN(c4ccc(C#N)cn4)CC3)c(C(N)=O)cn2)cn1
C=CC(=O)Nc1ccc(CNc2nc(Nc3ccc(N4CCN(C)CC4)cc3OC)ncc2Cl)cc1,C=CC(=O)Nc1cccc(CNc2nc(Nc3ccc(N4CCN(C)CC4)cc3OC)ncc2Cl)c1
C=CC(=O)Nc1ccc(CNc2nc(Nc3ccc(N4CCN(C)CC4)cc3OC)ncc2Cl)cc1,C=CC(=O)Nc1cccc(CNc2nc(Nc3cnn(C)c3)ncc2Cl)c1
C=CC(=O)N1CCC(C2CCNc3c(C(N)=O)c(-c4ccc(Oc5ccccc5)cc4)nn32)CC1,Cc1ccncc1-c1cc2c(NC3CCC(C)(N)C3(C)C)c(C(N)=O)cnn2c1
C=CC(=O)N1CCC(C2CCNc3c(C(N)=O)c(-c4ccc(Oc5ccccc5)cc4)nn32)CC1,CCn1c(C(=O)N(C2CC2)C2CC2)cc2c3c(ncn3C)c(Nc3ncc(C)s3)nc21
C=CC(=O)N1CCC(C2CCNc3c(C(N)=O)c(-c4ccc(Oc5ccccc5)cc4)nn32)CC1,CC1(N)CCC(Nc2c(C(N)=O)cnn3cc(-c4cncnc4)cc23)C1(C)C
C=CC(=O)N1CCC(C2CCNc3c(C(N)=O)c(-c4ccc(Oc5ccccc5)cc4)nn32)CC1,CCn1c(C(=O)N(C2CC2)C2CC2)cc2c3c(ncn3C)c(NC)nc21
C=CC(=O)N1CCC(C2CCNc3c(C(N)=O)c(-c4ccc(Oc5ccccc5)cc4)nn32)CC1,CC(NC(=O)c1c[nH]c2ncc(-c3nn(C)c4ccc(Cl)cc34)nc12)C(=O)N1CC(C#N)C1
C=CC(=O)N1CCC(C2CCNc3c(C(N)=O)c(-c4ccc(Oc5ccccc5)cc4)nn32)CC1,CC1(N)CCC(Nc2c(C(N)=O)cnn3cc(-c4ccncc4)cc23)C1(C)C
C=CC(=O)N1CCC(C2CCNc3c(C(N)=O)c(-c4ccc(Oc5ccccc5)cc4)nn32)CC1,COc1cccc(-c2cc3c(NC4CCC(C)(N)C4(C)C)c(C(N)=O)cnn3c2)c1
C=CC(=O)N1CCC(C2CCNc3c(C(N)=O)c(-c4ccc(Oc5ccccc5)cc4)nn32)CC1,CC1(N)CCC(Nc2c(C(N)=O)cnn3cc(-c4ccc(Cl)cc4)cc23)C1(C)C
C=CC(=O)N1CCC(C2CCNc3c(C(N)=O)c(-c4ccc(Oc5ccccc5)cc4)nn32)CC1,CCn1nc(Nc2nc3c(cc(C(=O)N(C4CC4)C4CC4)n3CC)c3c2ncn3C)cc1C
C=CC(=O)N1CCC(C2CCNc3c(C(N)=O)c(-c4ccc(Oc5ccccc5)cc4)nn32)CC1,CC1(N)CCC(Nc2c(C(N)=O)cnn3cc(-c4ccc(F)cc4)cc23)C1(C)C
C=CC(=O)N1CCC(C2CCNc3c(C(N)=O)c(-c4ccc(Oc5ccccc5)cc4)nn32)CC1,CCn1c(C(=O)N(C2CC2)C2CC2)cc2c3c(ncn3C)c(Nc3nccs3)nc21
C=CC(=O)N1CCC(C2CCNc3c(C(N)=O)c(-c4ccc(Oc5ccccc5)cc4)nn32)CC1,CC1(N)CCC(Nc2c(C(N)=O)cnn3cc(-c4cccc(Cl)c4)cc23)C1(C)C
C=CC(=O)N1CCC(C2CCNc3c(C(N)=O)c(-c4ccc(Oc5ccccc5)cc4)nn32)CC1,CCn1c(C(=O)N(C2CC2)C2CC2)cc2c3c(ncn3C)c(Nc3cc(C)nn3C)nc21
C=CC(=O)N1CCC(C2CCNc3c(C(N)=O)c(-c4ccc(Oc5ccccc5)cc4)nn32)CC1,CCc1nc(Nc2nc3c(cc(C(=O)N(C4CC4)C4CC4)n3CC)c3c2ncn3C)sc1C
C=CC(=O)N1CCC(C2CCNc3c(C(N)=O)c(-c4ccc(Oc5ccccc5)cc4)nn32)CC1,Cn1cc(C2=C(Nc3cccc(OCCNc4ccnc(F)c4)c3)C(=O)NC2=O)c2ccccc21
C=CC(=O)N1CCC(C2CCNc3c(C(N)=O)c(-c4ccc(Oc5ccccc5)cc4)nn32)CC1,CCn1c(C(=O)N(C2CC2)C2CC2)cc2c3c(ncn3C)c(Nc3nc(C)c(S(C)(=O)=O)s3)nc21
C=CC(=O)N1CCC(C2CCNc3c(C(N)=O)c(-c4ccc(Oc5ccccc5)cc4)nn32)CC1,Cc1cccc(-c2cc3c(NC4CCC(C)(N)C4(C)C)c(C(N)=O)cnn3c2)c1
C=CC(=O)N1CCC(C2CCNc3c(C(N)=O)c(-c4ccc(Oc5ccccc5)cc4)nn32)CC1,CC(C)Oc1ccc(-c2cc3c(NC4CCC(C)(N)C4(C)C)c(C(N)=O)cnn3c2)cn1
C=CC(=O)N1CCC(C2CCNc3c(C(N)=O)c(-c4ccc(Oc5ccccc5)cc4)nn32)CC1,CC(NC(=O)c1c[nH]c2ncc(-c3nn(C)c4cc(Cl)cc(F)c34)nc12)C(=O)N1CC(C#N)C1
C=CC(=O)N1CCC(C2CCNc3c(C(N)=O)c(-c4ccc(Oc5ccccc5)cc4)nn32)CC1,CC(C)C(C)n1cc(-c2cc(N3CCOCC3)n(C)n2)c2[nH]nc(N)c2c1=O
C=CC(=O)N1CCC(C2CCNc3c(C(N)=O)c(-c4ccc(Oc5ccccc5)cc4)nn32)CC1,CC1(N)CCC(Nc2c(C(N)=O)cnn3cc(-c4ccccc4F)cc23)C1(C)C
C=CC(=O)N1CCC(C2CCNc3c(C(N)=O)c(-c4ccc(Oc5ccccc5)cc4)nn32)CC1,Cc1ccccc1-n1cc(-c2ccn(C)n2)c2[nH]nc(N)c2c1=O
C=CC(=O)N1CCC(C2CCNc3c(C(N)=O)c(-c4ccc(Oc5ccccc5)cc4)nn32)CC1,CCn1c(C(=O)N(C2CC2)C2CC2)cc2c3c(ncn3C)c(NCCCOC)nc21
C=CC(=O)N1CCC(C2CCNc3c(C(N)=O)c(-c4ccc(Oc5ccccc5)cc4)nn32)CC1,CC(NC(=O)c1c[nH]c2ncc(-c3nn(C)c4cc(Cl)ccc34)nc12)C(=O)N1CC(C#N)C1
C=CC(=O)N1CCC(C2CCNc3c(C(N)=O)c(-c4ccc(Oc5ccccc5)cc4)nn32)CC1,CC1(N)CCC(Nc2c(C(N)=O)cnn3cc(-c4ccccc4C#N)cc23)C1(C)C
C=CC(=O)N1CCC(C2CCNc3c(C(N)=O)c(-c4ccc(Oc5ccccc5)cc4)nn32)CC1,COc1ccc2c(-c3cnc4[nH]cc(C(=O)NC(C)C(=O)N5CC(C#N)C5)c4n3)nn(C)c2c1
C=CC(=O)N1CCC(C2CCNc3c(C(N)=O)c(-c4ccc(Oc5ccccc5)cc4)nn32)CC1,CCn1c(C(=O)N(C2CC2)C2CC2)cc2c3c(ncn3C)c(Nc3cc(C)[nH]n3)nc21
C=CC(=O)N1CCC(C2CCNc3c(C(N)=O)c(-c4ccc(Oc5ccccc5)cc4)nn32)CC1,CC1(N)CCC(Nc2c(C(N)=O)cnn3cc(-c4ccccc4Cl)cc23)C1(C)C
C=CC(=O)N1CCC(C2CCNc3c(C(N)=O)c(-c4ccc(Oc5ccccc5)cc4)nn32)CC1,COc1ccc(-c2cc3c(NC4CCC(C)(N)C4(C)C)c(C(N)=O)cnn3c2)cc1
C=CC(=O)N1CCC(C2CCNc3c(C(N)=O)c(-c4ccc(Oc5ccccc5)cc4)nn32)CC1,CC(C)(O)C(=O)N1CCN(c2ccc(C(F)(F)F)c(C3=C(c4c[nH]c5ccccc45)C(=O)NC3=O)c2)CC1
C=CC(=O)N1CCC(C2CCNc3c(C(N)=O)c(-c4ccc(Oc5ccccc5)cc4)nn32)CC1,CC(NC(=O)c1c[nH]c2ncc(-c3nn(C)c4cc(C(C)(C)C)ccc34)nc12)C(=O)N1CC(C#N)C1
C=CC(=O)N1CCC(C2CCNc3c(C(N)=O)c(-c4ccc(Oc5ccccc5)cc4)nn32)CC1,CC(NC(=O)c1c[nH]c2ncc(-c3nn(C)c4ccccc34)nc12)C(=O)N1CC(C#N)C1
C=CC(=O)N1CCC(C2CCNc3c(C(N)=O)c(-c4ccc(Oc5ccccc5)cc4)nn32)CC1,CC1(N)CCC(Nc2c(C(N)=O)cnn3cc(-c4cccc(F)c4)cc23)C1(C)C
C=CC(=O)N1CCC(C2CCNc3c(C(N)=O)c(-c4ccc(Oc5ccccc5)cc4)nn32)CC1,CCn1c(C(=O)N(C2CC2)C2CC2)cc2c3c(ncn3C)c(Nc3cc(C)n(C)n3)nc21
C=CC(=O)N1CCC(C2CCNc3c(C(N)=O)c(-c4ccc(Oc5ccccc5)cc4)nn32)CC1,CN1CCN(C(=O)C(C#N)=Cc2ccc(-c3nc4cnc5[nH]ccc5c4n3C3CCCCC3)o2)CC1
C=CC(=O)N1CCC(C2CCNc3c(C(N)=O)c(-c4ccc(Oc5ccccc5)cc4)nn32)CC1,CC(C)C(C)n1cc(-c2cc(N3CCS(=O)(=O)CC3)n(C)n2)c2[nH]nc(N)c2c1=O
C=CC(=O)N1CCC(C2CCNc3c(C(N)=O)c(-c4ccc(Oc5ccccc5)cc4)nn32)CC1,Cc1ccc(-c2cc3c(NC4CCC(C)(N)C4(C)C)c(C(N)=O)cnn3c2)cc1
C=CC(=O)N1CCC(C2CCNc3c(C(N)=O)c(-c4ccc(Oc5ccccc5)cc4)nn32)CC1,CC(C)C(C)n1cc(-c2cc(C3CCOCC3)n(C)n2)c2[nH]nc(N)c2c1=O
C=CC(=O)N1CCC(C2CCNc3c(C(N)=O)c(-c4ccc(Oc5ccccc5)cc4)nn32)CC1,CC1(N)CCC(Nc2c(C(N)=O)cnn3cc(-c4ccc(F)nc4)cc23)C1(C)C
C=CC(=O)N1CCC(C2CCNc3c(C(N)=O)c(-c4ccc(Oc5ccccc5)cc4)nn32)CC1,CC1(N)CCC(Nc2c(C(N)=O)cnn3cc(-c4cccc(C#N)c4)cc23)C1(C)C
C=CC(=O)N1CCC(C2CCNc3c(C(N)=O)c(-c4ccc(Oc5ccccc5)cc4)nn32)CC1,CC1(N)CCC(Nc2c(C(N)=O)cnn3cc(-c4ccncc4F)cc23)C1(C)C
C=CC(=O)N1CCC(C2CCNc3c(C(N)=O)c(-c4ccc(Oc5ccccc5)cc4)nn32)CC1,Cn1ccc(-c2cn(-c3ccccc3Cl)c(=O)c3c(N)n[nH]c23)n1
C=CC(=O)N1CCC(C2CCNc3c(C(N)=O)c(-c4ccc(Oc5ccccc5)cc4)nn32)CC1,COc1ccc(-c2cc3c(NC4CCC(C)(N)C4(C)C)c(C(N)=O)cnn3c2)cn1
C=CC(=O)N1CCC(C2CCNc3c(C(N)=O)c(-c4ccc(Oc5ccccc5)cc4)nn32)CC1,CC1(N)CCC(Nc2c(C(N)=O)cnn3cc(-c4ccc(C#N)cc4)cc23)C1(C)C
C=CC(=O)N1CCC(C2CCNc3c(C(N)=O)c(-c4ccc(Oc5ccccc5)cc4)nn32)CC1,CCn1c(C(=O)N(C2CC2)C2CC2)cc2c3c(ncn3C)c(Nc3nc(C)c(C(=O)NC)s3)nc21
C=CC(=O)N1CCC(C2CCNc3c(C(N)=O)c(-c4ccc(Oc5ccccc5)cc4)nn32)CC1,Cn1nc(-c2cnc3[nH]cc(C(=O)NC(C(=O)N4CC(C#N)C4)C(C)(C)C)c3n2)c2ccc(Cl)cc21
C=CC(=O)N1CCC(C2CCNc3c(C(N)=O)c(-c4ccc(Oc5ccccc5)cc4)nn32)CC1,COc1cc(-c2cc3c(NC4CCC(C)(N)C4(C)C)c(C(N)=O)cnn3c2)ccn1
C=CC(=O)N1CCC(C2CCNc3c(C(N)=O)c(-c4ccc(Oc5ccccc5)cc4)nn32)CC1,CCOC(C)n1cc(-c2nc(Nc3ccc4c(c3)CCN4S(=O)(=O)c3ccc(C(F)(F)F)cc3)ncc2C)cn1
C=CC(=O)N1CCC(C2CCNc3c(C(N)=O)c(-c4ccc(Oc5ccccc5)cc4)nn32)CC1,Cc1ccc(-c2cc3c(NC4CCC(C)(N)C4(C)C)c(C(N)=O)cnn3c2)cn1
C=CC(=O)Nc1cc(-n2c(=O)ccc3cnc4ccc(-c5cn[nH]c5)cc4c32)ccc1C,Cc1ccccc1-n1cc(-c2ccn(C)n2)c2[nH]nc(N)c2c1=O
Cc1ccc(Nc2nccc(N(C)c3ccc4c(C)n(C)nc4c3)n2)cc1S(N)(=O)=O,Cc1cnc(Nc2ccc(OCCN3CCCC3)cc2)nc1Nc1cccc(S(=O)(=O)NC(C)(C)C)c1
Cc1ccc(Nc2nccc(N(C)c3ccc4c(C)n(C)nc4c3)n2)cc1S(N)(=O)=O,CCn1nc(Nc2nc3c(cc(C(=O)N(C4CC4)C4CC4)n3CC)c3c2ncn3C)cc1C
Cc1ccc(Nc2nccc(N(C)c3ccc4c(C)n(C)nc4c3)n2)cc1S(N)(=O)=O,CCn1c(C(=O)N(C2CC2)C2CC2)cc2c3c(ncn3C)c(Nc3cc(C)nn3C)nc21
Cc1ccc(Nc2nccc(N(C)c3ccc4c(C)n(C)nc4c3)n2)cc1S(N)(=O)=O,CCn1c(C(=O)N(C2CC2)C2CC2)cc2c3c(ncn3C)c(Nc3cc(C)[nH]n3)nc21
Cc1ccc(Nc2nccc(N(C)c3ccc4c(C)n(C)nc4c3)n2)cc1S(N)(=O)=O,CCn1c(C(=O)N(C2CC2)C2CC2)cc2c3c(ncn3C)c(Nc3cc(C)n(C)n3)nc21
C=CC(=O)Nc1cccc(CNc2nc(Nc3ccc(N4CCN(C)CC4)cc3OC)ncc2Br)c1,C=CC(=O)Nc1cccc(CNc2nc(Nc3ccc(N4CCN(C)CC4)cc3OC)ncc2Cl)c1
C=CC(=O)Nc1cccc(CNc2nc(Nc3ccc(N4CCN(C)CC4)cc3OC)ncc2Br)c1,C=CC(=O)Nc1cccc(CNc2nc(Nc3cnn(C)c3)ncc2Cl)c1
C=CC(=O)Nc1cccc(CNc2nc(Nc3ccc(N4CCN(C)CC4)cc3OC)nc(N)c2Cl)c1,C=CC(=O)Nc1cccc(CNc2nc(Nc3ccc(N4CCN(C)CC4)cc3OC)ncc2Cl)c1
C=CC(=O)Nc1cccc(CNc2nc(Nc3ccc(N4CCN(C)CC4)cc3OC)nc(N)c2Cl)c1,C=CC(=O)Nc1cccc(CNc2nc(Nc3cnn(C)c3)ncc2Cl)c1
CCC(=O)N1CCC(c2ccc(Nc3cc(NCc4cccc(-c5ccncc5)c4)c(C(N)=O)cn3)cc2)CC1,Cc1cncc(Nc2cc(NC3CCN(c4ccc(C#N)cn4)CC3)c(C(N)=O)cn2)n1
CCC(=O)N1CCC(c2ccc(Nc3cc(NCc4cccc(-c5ccncc5)c4)c(C(N)=O)cn3)cc2)CC1,Cc1nccc(Nc2cc(NC3CCN(c4ccc(C#N)cn4)CC3F)c(C(N)=O)cn2)n1
CCC(=O)N1CCC(c2ccc(Nc3cc(NCc4cccc(-c5ccncc5)c4)c(C(N)=O)cn3)cc2)CC1,NC(=O)c1cnc(Nc2ccccc2)cc1NCc1ccccc1
CCC(=O)N1CCC(c2ccc(Nc3cc(NCc4cccc(-c5ccncc5)c4)c(C(N)=O)cn3)cc2)CC1,Cc1nccc(Nc2cc(NC3CCN(c4ccc(C#N)cc4)CC3)c(C(N)=O)cn2)n1
CCC(=O)N1CCC(c2ccc(Nc3cc(NCc4cccc(-c5ccncc5)c4)c(C(N)=O)cn3)cc2)CC1,Cc1nccc(Nc2cc(NC3CCN(c4ccc(C#N)cn4)CC3)c(C(N)=O)cn2)n1
CCC(=O)N1CCC(c2ccc(Nc3cc(NCc4cccc(-c5ccncc5)c4)c(C(N)=O)cn3)cc2)CC1,Cc1cnc(Nc2cc(NC3CCN(c4ccc(C#N)cn4)CC3)c(C(N)=O)cn2)cn1
C=CC(=O)Nc1cccc(CNc2nc(NCCCCN(CC)CC)ncc2Cl)c1,C=CC(=O)Nc1cccc(CNc2nc(Nc3ccc(N4CCN(C)CC4)cc3OC)ncc2Cl)c1
C=CC(=O)Nc1cccc(CNc2nc(NCCCCN(CC)CC)ncc2Cl)c1,C=CC(=O)Nc1cccc(CNc2nc(Nc3cnn(C)c3)ncc2Cl)c1
O=C1NC(=O)C(c2c[nH]c3ccccc23)=C1Nc1cccc(OCCNc2ccccc2)c1,CCn1c(C(=O)N(C2CC2)C2CC2)cc2c3c(ncn3C)c(Nc3ncc(C)s3)nc21
O=C1NC(=O)C(c2c[nH]c3ccccc23)=C1Nc1cccc(OCCNc2ccccc2)c1,CCn1nc(Nc2nc3c(cc(C(=O)N(C4CC4)C4CC4)n3CC)c3c2ncn3C)cc1C
O=C1NC(=O)C(c2c[nH]c3ccccc23)=C1Nc1cccc(OCCNc2ccccc2)c1,CCn1c(C(=O)N(C2CC2)C2CC2)cc2c3c(ncn3C)c(Nc3nccs3)nc21
O=C1NC(=O)C(c2c[nH]c3ccccc23)=C1Nc1cccc(OCCNc2ccccc2)c1,CCn1c(C(=O)N(C2CC2)C2CC2)cc2c3c(ncn3C)c(Nc3cc(C)nn3C)nc21
O=C1NC(=O)C(c2c[nH]c3ccccc23)=C1Nc1cccc(OCCNc2ccccc2)c1,CCc1nc(Nc2nc3c(cc(C(=O)N(C4CC4)C4CC4)n3CC)c3c2ncn3C)sc1C
O=C1NC(=O)C(c2c[nH]c3ccccc23)=C1Nc1cccc(OCCNc2ccccc2)c1,Cn1cc(C2=C(Nc3cccc(OCCNc4ccnc(F)c4)c3)C(=O)NC2=O)c2ccccc21
O=C1NC(=O)C(c2c[nH]c3ccccc23)=C1Nc1cccc(OCCNc2ccccc2)c1,CCn1c(C(=O)N(C2CC2)C2CC2)cc2c3c(ncn3C)c(Nc3nc(C)c(S(C)(=O)=O)s3)nc21
O=C1NC(=O)C(c2c[nH]c3ccccc23)=C1Nc1cccc(OCCNc2ccccc2)c1,CC(NC(=O)c1c[nH]c2ncc(-c3nn(C)c4cc(Cl)cc(F)c34)nc12)C(=O)N1CC(C#N)C1
O=C1NC(=O)C(c2c[nH]c3ccccc23)=C1Nc1cccc(OCCNc2ccccc2)c1,CCn1c(C(=O)N(C2CC2)C2CC2)cc2c3c(ncn3C)c(NCCCOC)nc21
O=C1NC(=O)C(c2c[nH]c3ccccc23)=C1Nc1cccc(OCCNc2ccccc2)c1,O=C1NC(=O)C(c2c[nH]c3ccccc23)=C1Nc1cccc(OCCNc2ccnc(F)c2)c1
O=C1NC(=O)C(c2c[nH]c3ccccc23)=C1Nc1cccc(OCCNc2ccccc2)c1,CCn1c(C(=O)N(C2CC2)C2CC2)cc2c3c(ncn3C)c(Nc3cc(C)[nH]n3)nc21
O=C1NC(=O)C(c2c[nH]c3ccccc23)=C1Nc1cccc(OCCNc2ccccc2)c1,CC(C)(O)C(=O)N1CCN(c2ccc(C(F)(F)F)c(C3=C(c4c[nH]c5ccccc45)C(=O)NC3=O)c2)CC1
O=C1NC(=O)C(c2c[nH]c3ccccc23)=C1Nc1cccc(OCCNc2ccccc2)c1,O=C1NC(=O)C(c2c[nH]c3ccccc23)=C1Nc1ccc(OCCNc2ccnc(F)c2)cc1
O=C1NC(=O)C(c2c[nH]c3ccccc23)=C1Nc1cccc(OCCNc2ccccc2)c1,CCn1c(C(=O)N(C2CC2)C2CC2)cc2c3c(ncn3C)c(Nc3cc(C)n(C)n3)nc21
O=C1NC(=O)C(c2c[nH]c3ccccc23)=C1Nc1cccc(OCCNc2ccccc2)c1,O=C1NC(=O)C(c2c[nH]c3ccccc23)=C1Nc1cccc(OC2CCN(c3ccnc(F)c3)CC2)c1
O=C1NC(=O)C(c2c[nH]c3ccccc23)=C1Nc1cccc(OCCNc2ccccc2)c1,CCn1c(C(=O)N(C2CC2)C2CC2)cc2c3c(ncn3C)c(Nc3nc(C)c(C(=O)NC)s3)nc21
O=C1NC(=O)C(c2c[nH]c3ccccc23)=C1Nc1cccc(OCCNc2ccccc2)c1,O=C1NC(=O)C(c2c[nH]c3ccccc23)=C1Nc1ccc(OCCCNc2ccnc(F)c2)cc1
C=CC(=O)Nc1cccc(CNc2cc(Nc3ccc(F)cc3)ncn2)c1,C=CC(=O)Nc1cccc(CNc2nc(Nc3ccc(N4CCN(C)CC4)cc3OC)ncc2Cl)c1
C=CC(=O)Nc1cccc(CNc2cc(Nc3ccc(F)cc3)ncn2)c1,C=CC(=O)Nc1cccc(CNc2nc(Nc3cnn(C)c3)ncc2Cl)c1
C=CC(=O)Nc1cccc(CNc2cc(Nc3ccc(F)cc3)ncn2)c1,C=CC(=O)Nc1ccc(CNc2cc(Nc3cnn(CCO)c3)ncn2)cc1
C=CC(=O)Nc1cccc(CNc2nc(Nc3cnn(CC(=O)N(C)C)c3)ncc2Cl)c1,C=CC(=O)Nc1cccc(CNc2nc(Nc3ccc(N4CCN(C)CC4)cc3OC)ncc2Cl)c1
C=CC(=O)Nc1cccc(CNc2nc(Nc3cnn(CC(=O)N(C)C)c3)ncc2Cl)c1,O=C(CCCCCCn1cc(Nc2ncc(Cl)c(Nc3ccc(Cl)cc3)n2)cn1)NO
C=CC(=O)Nc1cccc(CNc2nc(Nc3cnn(CC(=O)N(C)C)c3)ncc2Cl)c1,O=C(CCCCCCn1cc(Nc2ncc(Cl)c(N3CCCCC3)n2)cn1)NO
C=CC(=O)Nc1cccc(CNc2nc(Nc3cnn(CC(=O)N(C)C)c3)ncc2Cl)c1,O=C(CCCCCCn1cc(Nc2ncc(Cl)c(NC3CC3)n2)cn1)NO
C=CC(=O)Nc1cccc(CNc2nc(Nc3cnn(CC(=O)N(C)C)c3)ncc2Cl)c1,C=CC(=O)Nc1cccc(CNc2nc(Nc3cnn(C)c3)ncc2Cl)c1
C=CC(=O)Nc1cccc(CNc2nc(Nc3cnn(CC(=O)N(C)C)c3)ncc2Cl)c1,O=C(CCCCCCn1cc(Nc2ncc(Cl)c(Nc3cccc(Cl)c3)n2)cn1)NO
C=CC(=O)Nc1cccc(CNc2nc(Nc3cnn(CC(=O)N(C)C)c3)ncc2Cl)c1,O=C(CCCCCn1cc(Nc2ncc(Cl)c(Nc3ccc(Cl)cc3)n2)cn1)NO
C=CC(=O)Nc1cccc(CNc2nc(Nc3cnn(CC(=O)N(C)C)c3)ncc2Cl)c1,C=CC(=O)Nc1ccc(CNc2cc(Nc3cnn(CCO)c3)ncn2)cc1
C=CC(=O)Nc1ccc(F)c(-c2ncnc3[nH]cc(C(=O)OCC)c23)c1,CC(NC(=O)c1c[nH]c2ncc(-c3nn(C)c4ccc(Cl)cc34)nc12)C(=O)N1CC(C#N)C1
C=CC(=O)Nc1ccc(F)c(-c2ncnc3[nH]cc(C(=O)OCC)c23)c1,CC(NC(=O)c1c[nH]c2ncc(-c3cn(C)c4cc(Cl)ccc34)nc12)C(=O)N1CC(C#N)C1
C=CC(=O)Nc1ccc(F)c(-c2ncnc3[nH]cc(C(=O)OCC)c23)c1,CC(NC(=O)c1c[nH]c2ncc(-c3nn(C)c4cc(Cl)cc(F)c34)nc12)C(=O)N1CC(C#N)C1
C=CC(=O)Nc1ccc(F)c(-c2ncnc3[nH]cc(C(=O)OCC)c23)c1,CC(NC(=O)c1c[nH]c2ncc(-c3nn(C)c4cc(Cl)ccc34)nc12)C(=O)N1CC(C#N)C1
C=CC(=O)Nc1ccc(F)c(-c2ncnc3[nH]cc(C(=O)OCC)c23)c1,N#CNC1CC(NS(=O)(=O)c2cccc(C#N)c2)c2ccc(-c3ncnc4[nH]ccc34)cc21
C=CC(=O)Nc1ccc(F)c(-c2ncnc3[nH]cc(C(=O)OCC)c23)c1,CC(NC(=O)c1c[nH]c2ncc(-c3nn(C)c4cc(C(C)(C)C)ccc34)nc12)C(=O)N1CC(C#N)C1
C=CC(=O)Nc1ccc(F)c(-c2ncnc3[nH]cc(C(=O)OCC)c23)c1,COc1ccc(S(=O)(=O)NC2CC(NC#N)c3cc(-c4ncnc5[nH]ccc45)ccc32)cc1
C=CC(=O)Nc1ccc(F)c(-c2ncnc3[nH]cc(C(=O)OCC)c23)c1,Cn1nc(-c2cnc3[nH]cc(C(=O)NC(C(=O)N4CC(C#N)C4)C(C)(C)C)c3n2)c2ccc(Cl)cc21
CC1CCCCC1n1c(-c2ccc(C=C(C#N)C(=O)N(C)C)o2)nc2cnc3[nH]ccc3c21,CN(C)C(=O)C=Cc1ccc(-c2nc3cnc4[nH]ccc4c3n2C2CCCCC2)o1
CC1CCCCC1n1c(-c2ccc(C=C(C#N)C(=O)N(C)C)o2)nc2cnc3[nH]ccc3c21,N#CCC(=O)N1CCCC(n2c(=O)[nH]c3cnc4[nH]ccc4c32)C1
CC1CCCCC1n1c(-c2ccc(C=C(C#N)C(=O)N(C)C)o2)nc2cnc3[nH]ccc3c21,COc1cc2c(=O)n(C3CCCN(C(=O)CC#N)C3)c3c4cc[nH]c4ncc3c2cc1OC
CC1CCCCC1n1c(-c2ccc(C=C(C#N)C(=O)N(C)C)o2)nc2cnc3[nH]ccc3c21,CCn1c(C(=O)N(C2CC2)C2CC2)cc2c3c(ncn3C)c(Nc3ncc(C)s3)nc21
CC1CCCCC1n1c(-c2ccc(C=C(C#N)C(=O)N(C)C)o2)nc2cnc3[nH]ccc3c21,CC1CCC(n2c(=O)[nH]c3cnc4[nH]ccc4c32)CC1
CC1CCCCC1n1c(-c2ccc(C=C(C#N)C(=O)N(C)C)o2)nc2cnc3[nH]ccc3c21,CCn1c(C(=O)N(C2CC2)C2CC2)cc2c3c(ncn3C)c(NC)nc21
CC1CCCCC1n1c(-c2ccc(C=C(C#N)C(=O)N(C)C)o2)nc2cnc3[nH]ccc3c21,CC(NC(=O)c1c[nH]c2ncc(-c3nn(C)c4ccc(Cl)cc34)nc12)C(=O)N1CC(C#N)C1
CC1CCCCC1n1c(-c2ccc(C=C(C#N)C(=O)N(C)C)o2)nc2cnc3[nH]ccc3c21,O=c1[nH]c2cnc3[nH]ccc3c2n1C1CCOCC1
CC1CCCCC1n1c(-c2ccc(C=C(C#N)C(=O)N(C)C)o2)nc2cnc3[nH]ccc3c21,CC(NC(=O)c1c[nH]c2ncc(-c3cn(C)c4cc(Cl)ccc34)nc12)C(=O)N1CC(C#N)C1
CC1CCCCC1n1c(-c2ccc(C=C(C#N)C(=O)N(C)C)o2)nc2cnc3[nH]ccc3c21,N#CCC1CCC(n2c(CNC(=O)CC3CC3)nc3cnc4[nH]ccc4c32)CC1
CC1CCCCC1n1c(-c2ccc(C=C(C#N)C(=O)N(C)C)o2)nc2cnc3[nH]ccc3c21,CS(=O)(=O)N1CCC(n2c(=O)[nH]c3cnc4[nH]ccc4c32)CC1
CC1CCCCC1n1c(-c2ccc(C=C(C#N)C(=O)N(C)C)o2)nc2cnc3[nH]ccc3c21,CCC(C(=O)N1CC(C#N)C1)n1c(=O)c2cc(OC)c(OC)cc2c2cnc3[nH]ccc3c21
CC1CCCCC1n1c(-c2ccc(C=C(C#N)C(=O)N(C)C)o2)nc2cnc3[nH]ccc3c21,CCn1nc(Nc2nc3c(cc(C(=O)N(C4CC4)C4CC4)n3CC)c3c2ncn3C)cc1C
CC1CCCCC1n1c(-c2ccc(C=C(C#N)C(=O)N(C)C)o2)nc2cnc3[nH]ccc3c21,CCn1c(C(=O)N(C2CC2)C2CC2)cc2c3c(ncn3C)c(Nc3nccs3)nc21
CC1CCCCC1n1c(-c2ccc(C=C(C#N)C(=O)N(C)C)o2)nc2cnc3[nH]ccc3c21,CCn1c(C(=O)N(C2CC2)C2CC2)cc2c3c(ncn3C)c(Nc3cc(C)nn3C)nc21
CC1CCCCC1n1c(-c2ccc(C=C(C#N)C(=O)N(C)C)o2)nc2cnc3[nH]ccc3c21,CCOC(=O)C(CC)n1c(=O)c2cc(OC)c(OC)cc2c2cnc3[nH]ccc3c21
CC1CCCCC1n1c(-c2ccc(C=C(C#N)C(=O)N(C)C)o2)nc2cnc3[nH]ccc3c21,CCc1nc(Nc2nc3c(cc(C(=O)N(C4CC4)C4CC4)n3CC)c3c2ncn3C)sc1C
CC1CCCCC1n1c(-c2ccc(C=C(C#N)C(=O)N(C)C)o2)nc2cnc3[nH]ccc3c21,Cn1cc(C2=C(Nc3cccc(OCCNc4ccnc(F)c4)c3)C(=O)NC2=O)c2ccccc21
CC1CCCCC1n1c(-c2ccc(C=C(C#N)C(=O)N(C)C)o2)nc2cnc3[nH]ccc3c21,CCn1c(C(=O)N(C2CC2)C2CC2)cc2c3c(ncn3C)c(Nc3nc(C)c(S(C)(=O)=O)s3)nc21
CC1CCCCC1n1c(-c2ccc(C=C(C#N)C(=O)N(C)C)o2)nc2cnc3[nH]ccc3c21,CC(NC(=O)c1c[nH]c2ncc(-c3nn(C)c4cc(Cl)cc(F)c34)nc12)C(=O)N1CC(C#N)C1
CC1CCCCC1n1c(-c2ccc(C=C(C#N)C(=O)N(C)C)o2)nc2cnc3[nH]ccc3c21,CC(C)C(C)n1cc(-c2cc(N3CCOCC3)n(C)n2)c2[nH]nc(N)c2c1=O
CC1CCCCC1n1c(-c2ccc(C=C(C#N)C(=O)N(C)C)o2)nc2cnc3[nH]ccc3c21,O=c1[nH]c2cnc3[nH]ccc3c2n1C1CCCCCC1
CC1CCCCC1n1c(-c2ccc(C=C(C#N)C(=O)N(C)C)o2)nc2cnc3[nH]ccc3c21,CC1(C)CCCCC1n1c(=O)[nH]c2cnc3[nH]ccc3c21
CC1CCCCC1n1c(-c2ccc(C=C(C#N)C(=O)N(C)C)o2)nc2cnc3[nH]ccc3c21,Cc1ccccc1-n1cc(-c2ccn(C)n2)c2[nH]nc(N)c2c1=O
CC1CCCCC1n1c(-c2ccc(C=C(C#N)C(=O)N(C)C)o2)nc2cnc3[nH]ccc3c21,Cc1nc2cnc3ccc(-c4cc(F)c(O)c(Cl)c4)cc3c2n1C1CCN(C)CC1
CC1CCCCC1n1c(-c2ccc(C=C(C#N)C(=O)N(C)C)o2)nc2cnc3[nH]ccc3c21,CCn1c(C(=O)N(C2CC2)C2CC2)cc2c3c(ncn3C)c(NCCCOC)nc21
CC1CCCCC1n1c(-c2ccc(C=C(C#N)C(=O)N(C)C)o2)nc2cnc3[nH]ccc3c21,CC(NC(=O)c1c[nH]c2ncc(-c3nn(C)c4cc(Cl)ccc34)nc12)C(=O)N1CC(C#N)C1
CC1CCCCC1n1c(-c2ccc(C=C(C#N)C(=O)N(C)C)o2)nc2cnc3[nH]ccc3c21,CC(C)C(C)n1cc(-c2ccn(C)n2)c2[nH]nc(N)c2c1=O
CC1CCCCC1n1c(-c2ccc(C=C(C#N)C(=O)N(C)C)o2)nc2cnc3[nH]ccc3c21,COc1ccc2c(-c3cnc4[nH]cc(C(=O)NC(C)C(=O)N5CC(C#N)C5)c4n3)nn(C)c2c1
CC1CCCCC1n1c(-c2ccc(C=C(C#N)C(=O)N(C)C)o2)nc2cnc3[nH]ccc3c21,Nc1ncnc2c1c(-c1cccc(O)c1)cn2C1CC(CN2CCC2)C1
CC1CCCCC1n1c(-c2ccc(C=C(C#N)C(=O)N(C)C)o2)nc2cnc3[nH]ccc3c21,CCn1c(C(=O)N(C2CC2)C2CC2)cc2c3c(ncn3C)c(Nc3cc(C)[nH]n3)nc21
CC1CCCCC1n1c(-c2ccc(C=C(C#N)C(=O)N(C)C)o2)nc2cnc3[nH]ccc3c21,CCC1CCCCC1n1c(=O)[nH]c2cnc3[nH]ccc3c21
CC1CCCCC1n1c(-c2ccc(C=C(C#N)C(=O)N(C)C)o2)nc2cnc3[nH]ccc3c21,COc1cc2c(=O)n(C3CCCNC3)c3c4cc[nH]c4ncc3c2cc1OC
CC1CCCCC1n1c(-c2ccc(C=C(C#N)C(=O)N(C)C)o2)nc2cnc3[nH]ccc3c21,CCC(C)n1cc(-c2ccn(C)n2)c2[nH]nc(N)c2c1=O
CC1CCCCC1n1c(-c2ccc(C=C(C#N)C(=O)N(C)C)o2)nc2cnc3[nH]ccc3c21,CC(C)(O)C(=O)N1CCN(c2ccc(C(F)(F)F)c(C3=C(c4c[nH]c5ccccc45)C(=O)NC3=O)c2)CC1
CC1CCCCC1n1c(-c2ccc(C=C(C#N)C(=O)N(C)C)o2)nc2cnc3[nH]ccc3c21,CC(NC(=O)c1c[nH]c2ncc(-c3nn(C)c4cc(C(C)(C)C)ccc34)nc12)C(=O)N1CC(C#N)C1
CC1CCCCC1n1c(-c2ccc(C=C(C#N)C(=O)N(C)C)o2)nc2cnc3[nH]ccc3c21,N#CCC(=O)N1CCCC(n2nnc3cnc4[nH]ccc4c32)C1
CC1CCCCC1n1c(-c2ccc(C=C(C#N)C(=O)N(C)C)o2)nc2cnc3[nH]ccc3c21,O=c1[nH]c2cnc3[nH]ccc3c2n1C1CCCCC1
CC1CCCCC1n1c(-c2ccc(C=C(C#N)C(=O)N(C)C)o2)nc2cnc3[nH]ccc3c21,CC(NC(=O)c1c[nH]c2ncc(-c3nn(C)c4ccccc34)nc12)C(=O)N1CC(C#N)C1
CC1CCCCC1n1c(-c2ccc(C=C(C#N)C(=O)N(C)C)o2)nc2cnc3[nH]ccc3c21,CCn1c(C(=O)N(C2CC2)C2CC2)cc2c3c(ncn3C)c(Nc3cc(C)n(C)n3)nc21
CC1CCCCC1n1c(-c2ccc(C=C(C#N)C(=O)N(C)C)o2)nc2cnc3[nH]ccc3c21,CN1CCN(C(=O)C(C#N)=Cc2ccc(-c3nc4cnc5[nH]ccc5c4n3C3CCCCC3)o2)CC1
CC1CCCCC1n1c(-c2ccc(C=C(C#N)C(=O)N(C)C)o2)nc2cnc3[nH]ccc3c21,O=C1NC(=O)C(c2c[nH]c3ccccc23)=C1Nc1cccc(OC2CCN(c3ccnc(F)c3)CC2)c1
CC1CCCCC1n1c(-c2ccc(C=C(C#N)C(=O)N(C)C)o2)nc2cnc3[nH]ccc3c21,CC1CCN(C(=O)CC#N)CC1n1c(=O)[nH]c2cnc3[nH]ccc3c21
CC1CCCCC1n1c(-c2ccc(C=C(C#N)C(=O)N(C)C)o2)nc2cnc3[nH]ccc3c21,CC(C)C(C)n1cc(-c2cc(N3CCS(=O)(=O)CC3)n(C)n2)c2[nH]nc(N)c2c1=O
CC1CCCCC1n1c(-c2ccc(C=C(C#N)C(=O)N(C)C)o2)nc2cnc3[nH]ccc3c21,CC1CCCCC1n1c(=O)[nH]c2cnc3[nH]ccc3c21
CC1CCCCC1n1c(-c2ccc(C=C(C#N)C(=O)N(C)C)o2)nc2cnc3[nH]ccc3c21,N#CC=Cc1ccc(-c2nc3cnc4[nH]ccc4c3n2C2CCCCC2)o1
CC1CCCCC1n1c(-c2ccc(C=C(C#N)C(=O)N(C)C)o2)nc2cnc3[nH]ccc3c21,O=c1[nH]c2cnc3[nH]ccc3c2n1CC1CCCCC1
CC1CCCCC1n1c(-c2ccc(C=C(C#N)C(=O)N(C)C)o2)nc2cnc3[nH]ccc3c21,CC(NC(=O)c1c[nH]c2ncc(-c3ncn4cc(F)ccc34)nc12)C(=O)N1CC(C#N)C1
CC1CCCCC1n1c(-c2ccc(C=C(C#N)C(=O)N(C)C)o2)nc2cnc3[nH]ccc3c21,CC(C)C(C)n1cc(-c2cc(C3CCOCC3)n(C)n2)c2[nH]nc(N)c2c1=O
CC1CCCCC1n1c(-c2ccc(C=C(C#N)C(=O)N(C)C)o2)nc2cnc3[nH]ccc3c21,CC1CCCC(n2c(=O)[nH]c3cnc4[nH]ccc4c32)C1
CC1CCCCC1n1c(-c2ccc(C=C(C#N)C(=O)N(C)C)o2)nc2cnc3[nH]ccc3c21,CC(=O)NC1CCc2ccc(Oc3cnc4[nH]cc(C(=O)NC(C(=O)N5CC(C#N)C5)C5CC5)c4n3)cc21
CC1CCCCC1n1c(-c2ccc(C=C(C#N)C(=O)N(C)C)o2)nc2cnc3[nH]ccc3c21,Cn1ccc(-c2cn(-c3ccccc3Cl)c(=O)c3c(N)n[nH]c23)n1
CC1CCCCC1n1c(-c2ccc(C=C(C#N)C(=O)N(C)C)o2)nc2cnc3[nH]ccc3c21,CCn1c(C(=O)N(C2CC2)C2CC2)cc2c3c(ncn3C)c(Nc3nc(C)c(C(=O)NC)s3)nc21
CC1CCCCC1n1c(-c2ccc(C=C(C#N)C(=O)N(C)C)o2)nc2cnc3[nH]ccc3c21,N#CCC1CCC(n2c(CC(=O)NCC(F)(F)F)nc3cnc4[nH]ccc4c32)CC1
CC1CCCCC1n1c(-c2ccc(C=C(C#N)C(=O)N(C)C)o2)nc2cnc3[nH]ccc3c21,Cn1nc(-c2cnc3[nH]cc(C(=O)NC(C(=O)N4CC(C#N)C4)C(C)(C)C)c3n2)c2ccc(Cl)cc21
CC1CCCCC1n1c(-c2ccc(C=C(C#N)C(=O)N(C)C)o2)nc2cnc3[nH]ccc3c21,CCOC(C)n1cc(-c2nc(Nc3ccc4c(c3)CCN4S(=O)(=O)c3ccc(C(F)(F)F)cc3)ncc2C)cn1
C=CC(=O)Nc1cccc(CNc2nc(Nc3ccc(N4CCN(C)CC4)cc3OC)ncc2C)c1,COc1ccc(Nc2ncc(C)c(N3CCC4(CCNC4=O)CC3)n2)cc1N
C=CC(=O)Nc1cccc(CNc2nc(Nc3ccc(N4CCN(C)CC4)cc3OC)ncc2C)c1,COc1cc(Nc2ncc(C)c(N3CCC4(CCNC4=O)CC3)n2)cc(OC)c1OC
C=CC(=O)Nc1cccc(CNc2nc(Nc3ccc(N4CCN(C)CC4)cc3OC)ncc2C)c1,C=CC(=O)Nc1cccc(CNc2nc(Nc3ccc(N4CCN(C)CC4)cc3OC)ncc2Cl)c1
C=CC(=O)Nc1cccc(CNc2nc(Nc3ccc(N4CCN(C)CC4)cc3OC)ncc2C)c1,Cc1cnc(Nc2ccc(N3C4CCC3COC4)cc2)nc1N1CCC2(CCNC2=O)CC1
C=CC(=O)Nc1cccc(CNc2nc(Nc3ccc(N4CCN(C)CC4)cc3OC)ncc2C)c1,C=CC(=O)Nc1cccc(CNc2nc(Nc3cnn(C)c3)ncc2Cl)c1
C=CC(=O)Nc1cccc(CNc2nc(Nc3ccc(N4CCN(C)CC4)cc3OC)ncc2C)c1,COc1ccc(Nc2ncc(C)c(N3CCC4(CCNC4=O)CC3)n2)cc1F
C=CC(=O)Nc1cccc(CSc2nc(Nc3cnn(C)c3)ncc2Cl)c1,C=CC(=O)Nc1cccc(CNc2nc(Nc3cnn(C)c3)ncc2Cl)c1
CC(C)(O)c1ccc(-c2cc(C(N)=O)c(Nc3cccc(CN4CCOCC4)n3)s2)cc1,CCn1c(C(=O)N(C2CC2)C2CC2)cc2c3c(ncn3C)c(Nc3ncc(C)s3)nc21
CC(C)(O)c1ccc(-c2cc(C(N)=O)c(Nc3cccc(CN4CCOCC4)n3)s2)cc1,CCn1nc(Nc2nc3c(cc(C(=O)N(C4CC4)C4CC4)n3CC)c3c2ncn3C)cc1C
CC(C)(O)c1ccc(-c2cc(C(N)=O)c(Nc3cccc(CN4CCOCC4)n3)s2)cc1,CCn1c(C(=O)N(C2CC2)C2CC2)cc2c3c(ncn3C)c(Nc3nccs3)nc21
CC(C)(O)c1ccc(-c2cc(C(N)=O)c(Nc3cccc(CN4CCOCC4)n3)s2)cc1,CCn1c(C(=O)N(C2CC2)C2CC2)cc2c3c(ncn3C)c(Nc3cc(C)nn3C)nc21
CC(C)(O)c1ccc(-c2cc(C(N)=O)c(Nc3cccc(CN4CCOCC4)n3)s2)cc1,CCc1nc(Nc2nc3c(cc(C(=O)N(C4CC4)C4CC4)n3CC)c3c2ncn3C)sc1C
CC(C)(O)c1ccc(-c2cc(C(N)=O)c(Nc3cccc(CN4CCOCC4)n3)s2)cc1,CCn1c(C(=O)N(C2CC2)C2CC2)cc2c3c(ncn3C)c(Nc3nc(C)c(S(C)(=O)=O)s3)nc21
CC(C)(O)c1ccc(-c2cc(C(N)=O)c(Nc3cccc(CN4CCOCC4)n3)s2)cc1,CCn1c(C(=O)N(C2CC2)C2CC2)cc2c3c(ncn3C)c(Nc3cc(C)[nH]n3)nc21
CC(C)(O)c1ccc(-c2cc(C(N)=O)c(Nc3cccc(CN4CCOCC4)n3)s2)cc1,CCn1c(C(=O)N(C2CC2)C2CC2)cc2c3c(ncn3C)c(Nc3cc(C)n(C)n3)nc21
CC(C)(O)c1ccc(-c2cc(C(N)=O)c(Nc3cccc(CN4CCOCC4)n3)s2)cc1,CCn1c(C(=O)N(C2CC2)C2CC2)cc2c3c(ncn3C)c(Nc3nc(C)c(C(=O)NC)s3)nc21
Cc1nc2cnc3[nH]ccc3c2n1C1CCC(CC#N)CC1,CN(C)C(=O)C=Cc1ccc(-c2nc3cnc4[nH]ccc4c3n2C2CCCCC2)o1
Cc1nc2cnc3[nH]ccc3c2n1C1CCC(CC#N)CC1,N#CCC(=O)N1CCCC(n2c(=O)[nH]c3cnc4[nH]ccc4c32)C1
Cc1nc2cnc3[nH]ccc3c2n1C1CCC(CC#N)CC1,COc1cc2c(=O)n(C3CCCN(C(=O)CC#N)C3)c3c4cc[nH]c4ncc3c2cc1OC
Cc1nc2cnc3[nH]ccc3c2n1C1CCC(CC#N)CC1,N#CCCNC1CCC(n2nnc3cnc4[nH]ccc4c32)CC1
Cc1nc2cnc3[nH]ccc3c2n1C1CCC(CC#N)CC1,CC1CCC(n2c(=O)[nH]c3cnc4[nH]ccc4c32)CC1
Cc1nc2cnc3[nH]ccc3c2n1C1CCC(CC#N)CC1,CCn1c(C(=O)N(C2CC2)C2CC2)cc2c3c(ncn3C)c(NC)nc21
Cc1nc2cnc3[nH]ccc3c2n1C1CCC(CC#N)CC1,O=c1[nH]c2cnc3[nH]ccc3c2n1C1CCOCC1
Cc1nc2cnc3[nH]ccc3c2n1C1CCC(CC#N)CC1,COc1cc2c(=O)n(C3CCCCCC3)c3c4cc[nH]c4ncc3c2cc1OC
Cc1nc2cnc3[nH]ccc3c2n1C1CCC(CC#N)CC1,N#CCC1CCC(n2c(CNC(=O)CC3CC3)nc3cnc4[nH]ccc4c32)CC1
Cc1nc2cnc3[nH]ccc3c2n1C1CCC(CC#N)CC1,CS(=O)(=O)N1CCC(n2c(=O)[nH]c3cnc4[nH]ccc4c32)CC1
Cc1nc2cnc3[nH]ccc3c2n1C1CCC(CC#N)CC1,CCOC(=O)C(CC)n1c(=O)c2cc(OC)c(OC)cc2c2cnc3[nH]ccc3c21
Cc1nc2cnc3[nH]ccc3c2n1C1CCC(CC#N)CC1,O=c1[nH]c2cnc3[nH]ccc3c2n1C1CCCCCC1
Cc1nc2cnc3[nH]ccc3c2n1C1CCC(CC#N)CC1,CC1(C)CCCCC1n1c(=O)[nH]c2cnc3[nH]ccc3c21
Cc1nc2cnc3[nH]ccc3c2n1C1CCC(CC#N)CC1,COc1cc2c(=O)n(C3CCCCC3)c3c4cc[nH]c4ncc3c2cc1OC
Cc1nc2cnc3[nH]ccc3c2n1C1CCC(CC#N)CC1,Cc1nc2cnc3ccc(-c4cc(F)c(O)c(Cl)c4)cc3c2n1C1CCN(C)CC1
Cc1nc2cnc3[nH]ccc3c2n1C1CCC(CC#N)CC1,CCn1c(C(=O)N(C2CC2)C2CC2)cc2c3c(ncn3C)c(NCCCOC)nc21
Cc1nc2cnc3[nH]ccc3c2n1C1CCC(CC#N)CC1,COc1cc2c(=O)n(C3CCCCCCC3)c3c4cc[nH]c4ncc3c2cc1OC
Cc1nc2cnc3[nH]ccc3c2n1C1CCC(CC#N)CC1,CCC1CCCCC1n1c(=O)[nH]c2cnc3[nH]ccc3c21
Cc1nc2cnc3[nH]ccc3c2n1C1CCC(CC#N)CC1,COc1cc2c(=O)n(C3CCCNC3)c3c4cc[nH]c4ncc3c2cc1OC
Cc1nc2cnc3[nH]ccc3c2n1C1CCC(CC#N)CC1,O=c1[nH]c2cnc3[nH]ccc3c2n1C1CCCCC1
Cc1nc2cnc3[nH]ccc3c2n1C1CCC(CC#N)CC1,CN1CCN(C(=O)C(C#N)=Cc2ccc(-c3nc4cnc5[nH]ccc5c4n3C3CCCCC3)o2)CC1
Cc1nc2cnc3[nH]ccc3c2n1C1CCC(CC#N)CC1,CC1CCN(C(=O)CC#N)CC1n1c(=O)[nH]c2cnc3[nH]ccc3c21
Cc1nc2cnc3[nH]ccc3c2n1C1CCC(CC#N)CC1,CC1CCCCC1n1c(=O)[nH]c2cnc3[nH]ccc3c21
Cc1nc2cnc3[nH]ccc3c2n1C1CCC(CC#N)CC1,N#CC=Cc1ccc(-c2nc3cnc4[nH]ccc4c3n2C2CCCCC2)o1
Cc1nc2cnc3[nH]ccc3c2n1C1CCC(CC#N)CC1,O=c1[nH]c2cnc3[nH]ccc3c2n1CC1CCCCC1
Cc1nc2cnc3[nH]ccc3c2n1C1CCC(CC#N)CC1,COc1cc2c(=O)n(C3CCN(C)CC3)c3c4cc[nH]c4ncc3c2cc1OC
Cc1nc2cnc3[nH]ccc3c2n1C1CCC(CC#N)CC1,CC1CCCC(n2c(=O)[nH]c3cnc4[nH]ccc4c32)C1
Cc1nc2cnc3[nH]ccc3c2n1C1CCC(CC#N)CC1,COc1cc2c(=O)n(CC3CCCCC3)c3c4cc[nH]c4ncc3c2cc1OC
Cc1nc2cnc3[nH]ccc3c2n1C1CCC(CC#N)CC1,N#CCC1CCC(n2c(CC(=O)NCC(F)(F)F)nc3cnc4[nH]ccc4c32)CC1
O=C(NC1CC1)c1cnc(Nc2ccc3ncsc3c2)cc1NC(CO)Cc1ccccc1,Cc1cncc(Nc2cc(NC3CCN(c4ccc(C#N)cn4)CC3)c(C(N)=O)cn2)n1
O=C(NC1CC1)c1cnc(Nc2ccc3ncsc3c2)cc1NC(CO)Cc1ccccc1,Cc1nccc(Nc2cc(NC3CCN(c4ccc(C#N)cn4)CC3F)c(C(N)=O)cn2)n1
O=C(NC1CC1)c1cnc(Nc2ccc3ncsc3c2)cc1NC(CO)Cc1ccccc1,NC(=O)c1cnc(Nc2ccccc2)cc1NCc1ccccc1
O=C(NC1CC1)c1cnc(Nc2ccc3ncsc3c2)cc1NC(CO)Cc1ccccc1,CCc1nc(Nc2nc3c(cc(C(=O)N(C4CC4)C4CC4)n3CC)c3c2ncn3C)sc1C
O=C(NC1CC1)c1cnc(Nc2ccc3ncsc3c2)cc1NC(CO)Cc1ccccc1,Cc1nccc(Nc2cc(NC3CCN(c4ccc(C#N)cc4)CC3)c(C(N)=O)cn2)n1
O=C(NC1CC1)c1cnc(Nc2ccc3ncsc3c2)cc1NC(CO)Cc1ccccc1,CCn1c(C(=O)N(C2CC2)C2CC2)cc2c3c(ncn3C)c(Nc3nc(C)c(S(C)(=O)=O)s3)nc21
O=C(NC1CC1)c1cnc(Nc2ccc3ncsc3c2)cc1NC(CO)Cc1ccccc1,O=C(NC1CC1)c1cnc2[nH]ccc2c1NC1CCN(Cc2ccccc2)CC1
O=C(NC1CC1)c1cnc(Nc2ccc3ncsc3c2)cc1NC(CO)Cc1ccccc1,Cc1nccc(Nc2cc(NC3CCN(c4ccc(C#N)cn4)CC3)c(C(N)=O)cn2)n1
O=C(NC1CC1)c1cnc(Nc2ccc3ncsc3c2)cc1NC(CO)Cc1ccccc1,CCn1c(C(=O)N(C2CC2)C2CC2)cc2c3c(ncn3C)c(Nc3nc(C)c(C(=O)NC)s3)nc21
O=C(NC1CC1)c1cnc(Nc2ccc3ncsc3c2)cc1NC(CO)Cc1ccccc1,Cc1cnc(Nc2cc(NC3CCN(c4ccc(C#N)cn4)CC3)c(C(N)=O)cn2)cn1
C=CC(=O)Nc1cccc(CNc2ccnc(Nc3ccc(N4CCN(C)CC4)cc3OC)n2)c1,C=CC(=O)Nc1cccc(CNc2nc(Nc3ccc(N4CCN(C)CC4)cc3OC)ncc2Cl)c1
C=CC(=O)Nc1cccc(CNc2ccnc(Nc3ccc(N4CCN(C)CC4)cc3OC)n2)c1,C=CC(=O)Nc1cccc(CNc2nc(Nc3cnn(C)c3)ncc2Cl)c1
C=CC(=O)Nc1cccc(CNc2nc(Nc3cnn(C4CCOCC4)c3)ncc2Cl)c1,C=CC(=O)Nc1cccc(CNc2nc(Nc3ccc(N4CCN(C)CC4)cc3OC)ncc2Cl)c1
C=CC(=O)Nc1cccc(CNc2nc(Nc3cnn(C4CCOCC4)c3)ncc2Cl)c1,O=C(CCCCCCn1cc(Nc2ncc(Cl)c(Nc3ccc(Cl)cc3)n2)cn1)NO
C=CC(=O)Nc1cccc(CNc2nc(Nc3cnn(C4CCOCC4)c3)ncc2Cl)c1,Cc1cnc(Nc2cnn(C(C)C)c2)nc1N1CCC2(CCNC2=O)CC1
C=CC(=O)Nc1cccc(CNc2nc(Nc3cnn(C4CCOCC4)c3)ncc2Cl)c1,O=C(CCCCCCn1cc(Nc2ncc(Cl)c(N3CCCCC3)n2)cn1)NO
C=CC(=O)Nc1cccc(CNc2nc(Nc3cnn(C4CCOCC4)c3)ncc2Cl)c1,O=C(CCCCCCn1cc(Nc2ncc(Cl)c(NC3CC3)n2)cn1)NO
C=CC(=O)Nc1cccc(CNc2nc(Nc3cnn(C4CCOCC4)c3)ncc2Cl)c1,C=CC(=O)Nc1cccc(CNc2nc(Nc3cnn(C)c3)ncc2Cl)c1
C=CC(=O)Nc1cccc(CNc2nc(Nc3cnn(C4CCOCC4)c3)ncc2Cl)c1,O=C(CCCCCCn1cc(Nc2ncc(Cl)c(Nc3cccc(Cl)c3)n2)cn1)NO
C=CC(=O)Nc1cccc(CNc2nc(Nc3cnn(C4CCOCC4)c3)ncc2Cl)c1,O=C(CCCCCn1cc(Nc2ncc(Cl)c(Nc3ccc(Cl)cc3)n2)cn1)NO
C=CC(=O)Nc1cccc(CNc2nc(Nc3cnn(C4CCOCC4)c3)ncc2Cl)c1,C=CC(=O)Nc1ccc(CNc2cc(Nc3cnn(CCO)c3)ncn2)cc1
C=CC(=O)N1CCCC(Nc2ncnc3[nH]ccc23)C1,CC1CCN(C(=O)N2CCCC2)CC1N(C)c1ncnc2[nH]ccc12
C=CC(=O)N1CCCC(Nc2ncnc3[nH]ccc23)C1,CN(c1ncnc2[nH]ccc12)C1CN(S(=O)(=O)c2cccc(C#N)c2)CC12CC2
C=CC(=O)N1CCCC(Nc2ncnc3[nH]ccc23)C1,CN(c1ncnc2[nH]ccc12)N1CCCN(C(=O)CC(F)(F)F)CC1
C=CC(=O)N1CCCC(Nc2ncnc3[nH]ccc23)C1,CC1CN(C(=O)CC#N)C12CCN(c1ncnc3[nH]ccc13)C2
C=CC(=O)N1CCCC(Nc2ncnc3[nH]ccc23)C1,CN(c1ncnc2[nH]ccc12)C1CCN(C(=O)CC#N)C1
CN1CCC(NC(=O)c2cnc(Nc3cc(Cl)cc(Cl)c3)nc2NC2CCC(N(C)C)CC2)CC1,COc1ccc(Nc2ncc(C)c(N3CCC4(CCNC4=O)CC3)n2)cc1N
CN1CCC(NC(=O)c2cnc(Nc3cc(Cl)cc(Cl)c3)nc2NC2CCC(N(C)C)CC2)CC1,COc1cc(Nc2ncc(C)c(N3CCC4(CCNC4=O)CC3)n2)cc(OC)c1OC
CN1CCC(NC(=O)c2cnc(Nc3cc(Cl)cc(Cl)c3)nc2NC2CCC(N(C)C)CC2)CC1,Cc1cnc(Nc2ccc(N3C4CCC3COC4)cc2)nc1N1CCC2(CCNC2=O)CC1
CN1CCC(NC(=O)c2cnc(Nc3cc(Cl)cc(Cl)c3)nc2NC2CCC(N(C)C)CC2)CC1,COc1ccc(Nc2ncc(C)c(N3CCC4(CCNC4=O)CC3)n2)cc1F
CN1CCC(NC(=O)c2cnc(Nc3cc(Cl)cc(Cl)c3)nc2NC2CCC(N(C)C)CC2)CC1,Cc1cnc(Nc2ccc(F)c(N)c2)nc1N1CCC2(CCNC2=O)CC1
CN1CCC(NC(=O)c2cnc(Nc3cc(Cl)cc(Cl)c3)nc2NC2CCC(N(C)C)CC2)CC1,Cc1cnc(Nc2ccc(F)cc2)nc1N1CCC2(CCNC2=O)CC1
O=C1NC(=O)C(c2c[nH]c3ccccc23)=C1Nc1ccccc1OCCn1ccnc1,CCn1c(C(=O)N(C2CC2)C2CC2)cc2c3c(ncn3C)c(Nc3ncc(C)s3)nc21
O=C1NC(=O)C(c2c[nH]c3ccccc23)=C1Nc1ccccc1OCCn1ccnc1,CCn1c(C(=O)N(C2CC2)C2CC2)cc2c3c(ncn3C)c(NC)nc21
O=C1NC(=O)C(c2c[nH]c3ccccc23)=C1Nc1ccccc1OCCn1ccnc1,CC(NC(=O)c1c[nH]c2ncc(-c3nn(C)c4ccc(Cl)cc34)nc12)C(=O)N1CC(C#N)C1
O=C1NC(=O)C(c2c[nH]c3ccccc23)=C1Nc1ccccc1OCCn1ccnc1,CC(NC(=O)c1c[nH]c2ncc(-c3cn(C)c4cc(Cl)ccc34)nc12)C(=O)N1CC(C#N)C1
O=C1NC(=O)C(c2c[nH]c3ccccc23)=C1Nc1ccccc1OCCn1ccnc1,CCn1nc(Nc2nc3c(cc(C(=O)N(C4CC4)C4CC4)n3CC)c3c2ncn3C)cc1C
O=C1NC(=O)C(c2c[nH]c3ccccc23)=C1Nc1ccccc1OCCn1ccnc1,CCn1c(C(=O)N(C2CC2)C2CC2)cc2c3c(ncn3C)c(Nc3nccs3)nc21
O=C1NC(=O)C(c2c[nH]c3ccccc23)=C1Nc1ccccc1OCCn1ccnc1,CCn1c(C(=O)N(C2CC2)C2CC2)cc2c3c(ncn3C)c(Nc3cc(C)nn3C)nc21
O=C1NC(=O)C(c2c[nH]c3ccccc23)=C1Nc1ccccc1OCCn1ccnc1,CCc1nc(Nc2nc3c(cc(C(=O)N(C4CC4)C4CC4)n3CC)c3c2ncn3C)sc1C
O=C1NC(=O)C(c2c[nH]c3ccccc23)=C1Nc1ccccc1OCCn1ccnc1,Cn1cc(C2=C(Nc3cccc(OCCNc4ccnc(F)c4)c3)C(=O)NC2=O)c2ccccc21
O=C1NC(=O)C(c2c[nH]c3ccccc23)=C1Nc1ccccc1OCCn1ccnc1,CCn1c(C(=O)N(C2CC2)C2CC2)cc2c3c(ncn3C)c(Nc3nc(C)c(S(C)(=O)=O)s3)nc21
O=C1NC(=O)C(c2c[nH]c3ccccc23)=C1Nc1ccccc1OCCn1ccnc1,CC(C)Oc1ccc(-c2cc3c(NC4CCC(C)(N)C4(C)C)c(C(N)=O)cnn3c2)cn1
O=C1NC(=O)C(c2c[nH]c3ccccc23)=C1Nc1ccccc1OCCn1ccnc1,CC(NC(=O)c1c[nH]c2ncc(-c3nn(C)c4cc(Cl)cc(F)c34)nc12)C(=O)N1CC(C#N)C1
O=C1NC(=O)C(c2c[nH]c3ccccc23)=C1Nc1ccccc1OCCn1ccnc1,CC(C)C(C)n1cc(-c2cc(N3CCOCC3)n(C)n2)c2[nH]nc(N)c2c1=O
O=C1NC(=O)C(c2c[nH]c3ccccc23)=C1Nc1ccccc1OCCn1ccnc1,CCn1c(C(=O)N(C2CC2)C2CC2)cc2c3c(ncn3C)c(NCCCOC)nc21
O=C1NC(=O)C(c2c[nH]c3ccccc23)=C1Nc1ccccc1OCCn1ccnc1,CC(NC(=O)c1c[nH]c2ncc(-c3nn(C)c4cc(Cl)ccc34)nc12)C(=O)N1CC(C#N)C1
O=C1NC(=O)C(c2c[nH]c3ccccc23)=C1Nc1ccccc1OCCn1ccnc1,COc1ccc2c(-c3cnc4[nH]cc(C(=O)NC(C)C(=O)N5CC(C#N)C5)c4n3)nn(C)c2c1
O=C1NC(=O)C(c2c[nH]c3ccccc23)=C1Nc1ccccc1OCCn1ccnc1,O=C1NC(=O)C(c2c[nH]c3ccccc23)=C1Nc1cccc(OCCNc2ccnc(F)c2)c1
O=C1NC(=O)C(c2c[nH]c3ccccc23)=C1Nc1ccccc1OCCn1ccnc1,CCn1c(C(=O)N(C2CC2)C2CC2)cc2c3c(ncn3C)c(Nc3cc(C)[nH]n3)nc21
O=C1NC(=O)C(c2c[nH]c3ccccc23)=C1Nc1ccccc1OCCn1ccnc1,CC(C)(O)C(=O)N1CCN(c2ccc(C(F)(F)F)c(C3=C(c4c[nH]c5ccccc45)C(=O)NC3=O)c2)CC1
O=C1NC(=O)C(c2c[nH]c3ccccc23)=C1Nc1ccccc1OCCn1ccnc1,O=C1NC(=O)C(c2c[nH]c3ccccc23)=C1Nc1ccc(OCCNc2ccnc(F)c2)cc1
O=C1NC(=O)C(c2c[nH]c3ccccc23)=C1Nc1ccccc1OCCn1ccnc1,CC(NC(=O)c1c[nH]c2ncc(-c3nn(C)c4cc(C(C)(C)C)ccc34)nc12)C(=O)N1CC(C#N)C1
O=C1NC(=O)C(c2c[nH]c3ccccc23)=C1Nc1ccccc1OCCn1ccnc1,CC(NC(=O)c1c[nH]c2ncc(-c3nn(C)c4ccccc34)nc12)C(=O)N1CC(C#N)C1
O=C1NC(=O)C(c2c[nH]c3ccccc23)=C1Nc1ccccc1OCCn1ccnc1,CCn1c(C(=O)N(C2CC2)C2CC2)cc2c3c(ncn3C)c(Nc3cc(C)n(C)n3)nc21
O=C1NC(=O)C(c2c[nH]c3ccccc23)=C1Nc1ccccc1OCCn1ccnc1,CN1CCN(C(=O)C(C#N)=Cc2ccc(-c3nc4cnc5[nH]ccc5c4n3C3CCCCC3)o2)CC1
O=C1NC(=O)C(c2c[nH]c3ccccc23)=C1Nc1ccccc1OCCn1ccnc1,O=C1NC(=O)C(c2c[nH]c3ccccc23)=C1Nc1cccc(OC2CCN(c3ccnc(F)c3)CC2)c1
O=C1NC(=O)C(c2c[nH]c3ccccc23)=C1Nc1ccccc1OCCn1ccnc1,CC(C)C(C)n1cc(-c2cc(N3CCS(=O)(=O)CC3)n(C)n2)c2[nH]nc(N)c2c1=O
O=C1NC(=O)C(c2c[nH]c3ccccc23)=C1Nc1ccccc1OCCn1ccnc1,CC(C)C(C)n1cc(-c2cc(C3CCOCC3)n(C)n2)c2[nH]nc(N)c2c1=O
O=C1NC(=O)C(c2c[nH]c3ccccc23)=C1Nc1ccccc1OCCn1ccnc1,CC(=O)NC1CCc2ccc(Oc3cnc4[nH]cc(C(=O)NC(C(=O)N5CC(C#N)C5)C5CC5)c4n3)cc21
O=C1NC(=O)C(c2c[nH]c3ccccc23)=C1Nc1ccccc1OCCn1ccnc1,CCn1c(C(=O)N(C2CC2)C2CC2)cc2c3c(ncn3C)c(Nc3nc(C)c(C(=O)NC)s3)nc21
O=C1NC(=O)C(c2c[nH]c3ccccc23)=C1Nc1ccccc1OCCn1ccnc1,Cc1[nH]c(C=C2C(=O)Nc3ccc(F)cc32)c(C)c1C(=O)NCC(O)CN1CCOCC1
O=C1NC(=O)C(c2c[nH]c3ccccc23)=C1Nc1ccccc1OCCn1ccnc1,Cn1nc(-c2cnc3[nH]cc(C(=O)NC(C(=O)N4CC(C#N)C4)C(C)(C)C)c3n2)c2ccc(Cl)cc21
O=C1NC(=O)C(c2c[nH]c3ccccc23)=C1Nc1ccccc1OCCn1ccnc1,O=C1NC(=O)C(c2c[nH]c3ccccc23)=C1Nc1ccc(OCCCNc2ccnc(F)c2)cc1
O=C(c1ccc(-c2nc3cnc4[nH]ccc4c3n2C2CCCCC2)o1)C(F)(F)F,CN(C)C(=O)C=Cc1ccc(-c2nc3cnc4[nH]ccc4c3n2C2CCCCC2)o1
O=C(c1ccc(-c2nc3cnc4[nH]ccc4c3n2C2CCCCC2)o1)C(F)(F)F,N#CCC(=O)N1CCCC(n2c(=O)[nH]c3cnc4[nH]ccc4c32)C1
O=C(c1ccc(-c2nc3cnc4[nH]ccc4c3n2C2CCCCC2)o1)C(F)(F)F,COc1cc2c(=O)n(C3CCCN(C(=O)CC#N)C3)c3c4cc[nH]c4ncc3c2cc1OC
O=C(c1ccc(-c2nc3cnc4[nH]ccc4c3n2C2CCCCC2)o1)C(F)(F)F,CCn1c(C(=O)N(C2CC2)C2CC2)cc2c3c(ncn3C)c(Nc3ncc(C)s3)nc21
O=C(c1ccc(-c2nc3cnc4[nH]ccc4c3n2C2CCCCC2)o1)C(F)(F)F,CC1CCC(n2c(=O)[nH]c3cnc4[nH]ccc4c32)CC1
O=C(c1ccc(-c2nc3cnc4[nH]ccc4c3n2C2CCCCC2)o1)C(F)(F)F,CCn1c(C(=O)N(C2CC2)C2CC2)cc2c3c(ncn3C)c(NC)nc21
O=C(c1ccc(-c2nc3cnc4[nH]ccc4c3n2C2CCCCC2)o1)C(F)(F)F,CC(NC(=O)c1c[nH]c2ncc(-c3nn(C)c4ccc(Cl)cc34)nc12)C(=O)N1CC(C#N)C1
O=C(c1ccc(-c2nc3cnc4[nH]ccc4c3n2C2CCCCC2)o1)C(F)(F)F,O=c1[nH]c2cnc3[nH]ccc3c2n1C1CCOCC1
O=C(c1ccc(-c2nc3cnc4[nH]ccc4c3n2C2CCCCC2)o1)C(F)(F)F,CC(NC(=O)c1c[nH]c2ncc(-c3cn(C)c4cc(Cl)ccc34)nc12)C(=O)N1CC(C#N)C1
O=C(c1ccc(-c2nc3cnc4[nH]ccc4c3n2C2CCCCC2)o1)C(F)(F)F,N#CCC1CCC(n2c(CNC(=O)CC3CC3)nc3cnc4[nH]ccc4c32)CC1
O=C(c1ccc(-c2nc3cnc4[nH]ccc4c3n2C2CCCCC2)o1)C(F)(F)F,CS(=O)(=O)N1CCC(n2c(=O)[nH]c3cnc4[nH]ccc4c32)CC1
O=C(c1ccc(-c2nc3cnc4[nH]ccc4c3n2C2CCCCC2)o1)C(F)(F)F,CCC(C(=O)N1CC(C#N)C1)n1c(=O)c2cc(OC)c(OC)cc2c2cnc3[nH]ccc3c21
O=C(c1ccc(-c2nc3cnc4[nH]ccc4c3n2C2CCCCC2)o1)C(F)(F)F,CCn1nc(Nc2nc3c(cc(C(=O)N(C4CC4)C4CC4)n3CC)c3c2ncn3C)cc1C
O=C(c1ccc(-c2nc3cnc4[nH]ccc4c3n2C2CCCCC2)o1)C(F)(F)F,CCn1c(C(=O)N(C2CC2)C2CC2)cc2c3c(ncn3C)c(Nc3nccs3)nc21
O=C(c1ccc(-c2nc3cnc4[nH]ccc4c3n2C2CCCCC2)o1)C(F)(F)F,CCn1c(C(=O)N(C2CC2)C2CC2)cc2c3c(ncn3C)c(Nc3cc(C)nn3C)nc21
O=C(c1ccc(-c2nc3cnc4[nH]ccc4c3n2C2CCCCC2)o1)C(F)(F)F,CCOC(=O)C(CC)n1c(=O)c2cc(OC)c(OC)cc2c2cnc3[nH]ccc3c21
O=C(c1ccc(-c2nc3cnc4[nH]ccc4c3n2C2CCCCC2)o1)C(F)(F)F,CCc1nc(Nc2nc3c(cc(C(=O)N(C4CC4)C4CC4)n3CC)c3c2ncn3C)sc1C
O=C(c1ccc(-c2nc3cnc4[nH]ccc4c3n2C2CCCCC2)o1)C(F)(F)F,CCn1c(C(=O)N(C2CC2)C2CC2)cc2c3c(ncn3C)c(Nc3nc(C)c(S(C)(=O)=O)s3)nc21
O=C(c1ccc(-c2nc3cnc4[nH]ccc4c3n2C2CCCCC2)o1)C(F)(F)F,CC(NC(=O)c1c[nH]c2ncc(-c3nn(C)c4cc(Cl)cc(F)c34)nc12)C(=O)N1CC(C#N)C1
O=C(c1ccc(-c2nc3cnc4[nH]ccc4c3n2C2CCCCC2)o1)C(F)(F)F,CC(C)C(C)n1cc(-c2cc(N3CCOCC3)n(C)n2)c2[nH]nc(N)c2c1=O
O=C(c1ccc(-c2nc3cnc4[nH]ccc4c3n2C2CCCCC2)o1)C(F)(F)F,O=c1[nH]c2cnc3[nH]ccc3c2n1C1CCCCCC1
O=C(c1ccc(-c2nc3cnc4[nH]ccc4c3n2C2CCCCC2)o1)C(F)(F)F,CC1(C)CCCCC1n1c(=O)[nH]c2cnc3[nH]ccc3c21
O=C(c1ccc(-c2nc3cnc4[nH]ccc4c3n2C2CCCCC2)o1)C(F)(F)F,Cc1nc2cnc3ccc(-c4cc(F)c(O)c(Cl)c4)cc3c2n1C1CCN(C)CC1
O=C(c1ccc(-c2nc3cnc4[nH]ccc4c3n2C2CCCCC2)o1)C(F)(F)F,CCn1c(C(=O)N(C2CC2)C2CC2)cc2c3c(ncn3C)c(NCCCOC)nc21
O=C(c1ccc(-c2nc3cnc4[nH]ccc4c3n2C2CCCCC2)o1)C(F)(F)F,CC(NC(=O)c1c[nH]c2ncc(-c3nn(C)c4cc(Cl)ccc34)nc12)C(=O)N1CC(C#N)C1
O=C(c1ccc(-c2nc3cnc4[nH]ccc4c3n2C2CCCCC2)o1)C(F)(F)F,COc1ccc2c(-c3cnc4[nH]cc(C(=O)NC(C)C(=O)N5CC(C#N)C5)c4n3)nn(C)c2c1
O=C(c1ccc(-c2nc3cnc4[nH]ccc4c3n2C2CCCCC2)o1)C(F)(F)F,CCn1c(C(=O)N(C2CC2)C2CC2)cc2c3c(ncn3C)c(Nc3cc(C)[nH]n3)nc21
O=C(c1ccc(-c2nc3cnc4[nH]ccc4c3n2C2CCCCC2)o1)C(F)(F)F,CCC1CCCCC1n1c(=O)[nH]c2cnc3[nH]ccc3c21
O=C(c1ccc(-c2nc3cnc4[nH]ccc4c3n2C2CCCCC2)o1)C(F)(F)F,CC(NC(=O)c1c[nH]c2ncc(-c3nn(C)c4cc(C(C)(C)C)ccc34)nc12)C(=O)N1CC(C#N)C1
O=C(c1ccc(-c2nc3cnc4[nH]ccc4c3n2C2CCCCC2)o1)C(F)(F)F,N#CCC(=O)N1CCCC(n2nnc3cnc4[nH]ccc4c32)C1
O=C(c1ccc(-c2nc3cnc4[nH]ccc4c3n2C2CCCCC2)o1)C(F)(F)F,O=c1[nH]c2cnc3[nH]ccc3c2n1C1CCCCC1
O=C(c1ccc(-c2nc3cnc4[nH]ccc4c3n2C2CCCCC2)o1)C(F)(F)F,CC(NC(=O)c1c[nH]c2ncc(-c3nn(C)c4ccccc34)nc12)C(=O)N1CC(C#N)C1
O=C(c1ccc(-c2nc3cnc4[nH]ccc4c3n2C2CCCCC2)o1)C(F)(F)F,CCn1c(C(=O)N(C2CC2)C2CC2)cc2c3c(ncn3C)c(Nc3cc(C)n(C)n3)nc21
O=C(c1ccc(-c2nc3cnc4[nH]ccc4c3n2C2CCCCC2)o1)C(F)(F)F,CN1CCN(C(=O)C(C#N)=Cc2ccc(-c3nc4cnc5[nH]ccc5c4n3C3CCCCC3)o2)CC1
O=C(c1ccc(-c2nc3cnc4[nH]ccc4c3n2C2CCCCC2)o1)C(F)(F)F,CC1CCN(C(=O)CC#N)CC1n1c(=O)[nH]c2cnc3[nH]ccc3c21
O=C(c1ccc(-c2nc3cnc4[nH]ccc4c3n2C2CCCCC2)o1)C(F)(F)F,CC(C)C(C)n1cc(-c2cc(N3CCS(=O)(=O)CC3)n(C)n2)c2[nH]nc(N)c2c1=O
O=C(c1ccc(-c2nc3cnc4[nH]ccc4c3n2C2CCCCC2)o1)C(F)(F)F,CC1CCCCC1n1c(=O)[nH]c2cnc3[nH]ccc3c21
O=C(c1ccc(-c2nc3cnc4[nH]ccc4c3n2C2CCCCC2)o1)C(F)(F)F,N#CC=Cc1ccc(-c2nc3cnc4[nH]ccc4c3n2C2CCCCC2)o1
O=C(c1ccc(-c2nc3cnc4[nH]ccc4c3n2C2CCCCC2)o1)C(F)(F)F,O=c1[nH]c2cnc3[nH]ccc3c2n1CC1CCCCC1
O=C(c1ccc(-c2nc3cnc4[nH]ccc4c3n2C2CCCCC2)o1)C(F)(F)F,CC(C)C(C)n1cc(-c2cc(C3CCOCC3)n(C)n2)c2[nH]nc(N)c2c1=O
O=C(c1ccc(-c2nc3cnc4[nH]ccc4c3n2C2CCCCC2)o1)C(F)(F)F,CC1CCCC(n2c(=O)[nH]c3cnc4[nH]ccc4c32)C1
O=C(c1ccc(-c2nc3cnc4[nH]ccc4c3n2C2CCCCC2)o1)C(F)(F)F,CC(=O)NC1CCc2ccc(Oc3cnc4[nH]cc(C(=O)NC(C(=O)N5CC(C#N)C5)C5CC5)c4n3)cc21
O=C(c1ccc(-c2nc3cnc4[nH]ccc4c3n2C2CCCCC2)o1)C(F)(F)F,CCn1c(C(=O)N(C2CC2)C2CC2)cc2c3c(ncn3C)c(Nc3nc(C)c(C(=O)NC)s3)nc21
O=C(c1ccc(-c2nc3cnc4[nH]ccc4c3n2C2CCCCC2)o1)C(F)(F)F,N#CCC1CCC(n2c(CC(=O)NCC(F)(F)F)nc3cnc4[nH]ccc4c32)CC1
O=C(c1ccc(-c2nc3cnc4[nH]ccc4c3n2C2CCCCC2)o1)C(F)(F)F,Cn1nc(-c2cnc3[nH]cc(C(=O)NC(C(=O)N4CC(C#N)C4)C(C)(C)C)c3n2)c2ccc(Cl)cc21
Cn1ccc2cc(Nc3ncc(C(F)(F)F)c(NC4CCC(N)CC4)n3)ccc2c1=O,COc1ccc(Nc2ncc(C)c(N3CCC4(CCNC4=O)CC3)n2)cc1N
Cn1ccc2cc(Nc3ncc(C(F)(F)F)c(NC4CCC(N)CC4)n3)ccc2c1=O,Cc1cnc(Nc2ccc(N3C4CCC3COC4)cc2)nc1N1CCC2(CCNC2=O)CC1
Cn1ccc2cc(Nc3ncc(C(F)(F)F)c(NC4CCC(N)CC4)n3)ccc2c1=O,COc1ccc(Nc2ncc(C)c(N3CCC4(CCNC4=O)CC3)n2)cc1F
Cn1ccc2cc(Nc3ncc(C(F)(F)F)c(NC4CCC(N)CC4)n3)ccc2c1=O,Cc1cnc(Nc2ccc(F)c(N)c2)nc1N1CCC2(CCNC2=O)CC1
Cn1ccc2cc(Nc3ncc(C(F)(F)F)c(NC4CCC(N)CC4)n3)ccc2c1=O,Cc1cnc(Nc2ccc(F)cc2)nc1N1CCC2(CCNC2=O)CC1
Cc1cc(Nc2nc(NC(C)c3ccc(F)cn3)c(C#N)cc2F)n[nH]1,CCn1nc(Nc2nc3c(cc(C(=O)N(C4CC4)C4CC4)n3CC)c3c2ncn3C)cc1C
Cc1cc(Nc2nc(NC(C)c3ccc(F)cn3)c(C#N)cc2F)n[nH]1,CCn1c(C(=O)N(C2CC2)C2CC2)cc2c3c(ncn3C)c(Nc3cc(C)nn3C)nc21
Cc1cc(Nc2nc(NC(C)c3ccc(F)cn3)c(C#N)cc2F)n[nH]1,CCn1c(C(=O)N(C2CC2)C2CC2)cc2c3c(ncn3C)c(Nc3cc(C)[nH]n3)nc21
Cc1cc(Nc2nc(NC(C)c3ccc(F)cn3)c(C#N)cc2F)n[nH]1,CCn1c(C(=O)N(C2CC2)C2CC2)cc2c3c(ncn3C)c(Nc3cc(C)n(C)n3)nc21
CNC(=O)c1cnc(Nc2ccc3ncsc3c2)cc1NC(CO)Cc1ccccc1,Cc1cncc(Nc2cc(NC3CCN(c4ccc(C#N)cn4)CC3)c(C(N)=O)cn2)n1
CNC(=O)c1cnc(Nc2ccc3ncsc3c2)cc1NC(CO)Cc1ccccc1,Cc1nccc(Nc2cc(NC3CCN(c4ccc(C#N)cn4)CC3F)c(C(N)=O)cn2)n1
CNC(=O)c1cnc(Nc2ccc3ncsc3c2)cc1NC(CO)Cc1ccccc1,NC(=O)c1cnc(Nc2ccccc2)cc1NCc1ccccc1
CNC(=O)c1cnc(Nc2ccc3ncsc3c2)cc1NC(CO)Cc1ccccc1,Cc1nccc(Nc2cc(NC3CCN(c4ccc(C#N)cc4)CC3)c(C(N)=O)cn2)n1
CNC(=O)c1cnc(Nc2ccc3ncsc3c2)cc1NC(CO)Cc1ccccc1,Cc1nccc(Nc2cc(NC3CCN(c4ccc(C#N)cn4)CC3)c(C(N)=O)cn2)n1
CNC(=O)c1cnc(Nc2ccc3ncsc3c2)cc1NC(CO)Cc1ccccc1,Cc1cnc(Nc2cc(NC3CCN(c4ccc(C#N)cn4)CC3)c(C(N)=O)cn2)cn1
C=CC(=O)N1CCC(C)C(N(C)c2ncnc3[nH]ccc23)C1,CC1CCN(C(=O)N2CCCC2)CC1N(C)c1ncnc2[nH]ccc12
C=CC(=O)N1CCC(C)C(N(C)c2ncnc3[nH]ccc23)C1,CN(c1ncnc2[nH]ccc12)C1CN(S(=O)(=O)c2cccc(C#N)c2)CC12CC2
C=CC(=O)N1CCC(C)C(N(C)c2ncnc3[nH]ccc23)C1,CN(c1ncnc2[nH]ccc12)N1CCCN(C(=O)CC(F)(F)F)CC1
C=CC(=O)N1CCC(C)C(N(C)c2ncnc3[nH]ccc23)C1,CC1CN(C(=O)CC#N)C12CCN(c1ncnc3[nH]ccc13)C2
C=CC(=O)N1CCC(C)C(N(C)c2ncnc3[nH]ccc23)C1,CC1CCCN(c2ncnc3[nH]cc(-c4cccc(C#N)c4)c23)C1
C=CC(=O)N1CCC(C)C(N(C)c2ncnc3[nH]ccc23)C1,CN(c1ncnc2[nH]ccc12)C1CCN(C(=O)CC#N)C1
C=CC(=O)Nc1ccc(CNc2nc(Nc3cnn(CCOC)c3)ncc2Cl)cc1,C=CC(=O)Nc1cccc(CNc2nc(Nc3ccc(N4CCN(C)CC4)cc3OC)ncc2Cl)c1
C=CC(=O)Nc1ccc(CNc2nc(Nc3cnn(CCOC)c3)ncc2Cl)cc1,O=C(CCCCCCn1cc(Nc2ncc(Cl)c(Nc3ccc(Cl)cc3)n2)cn1)NO
C=CC(=O)Nc1ccc(CNc2nc(Nc3cnn(CCOC)c3)ncc2Cl)cc1,O=C(CCCCCCn1cc(Nc2ncc(Cl)c(N3CCCCC3)n2)cn1)NO
C=CC(=O)Nc1ccc(CNc2nc(Nc3cnn(CCOC)c3)ncc2Cl)cc1,O=C(CCCCCCn1cc(Nc2ncc(Cl)c(NC3CC3)n2)cn1)NO
C=CC(=O)Nc1ccc(CNc2nc(Nc3cnn(CCOC)c3)ncc2Cl)cc1,C=CC(=O)Nc1cccc(CNc2nc(Nc3cnn(C)c3)ncc2Cl)c1
C=CC(=O)Nc1ccc(CNc2nc(Nc3cnn(CCOC)c3)ncc2Cl)cc1,O=C(CCCCCCn1cc(Nc2ncc(Cl)c(Nc3cccc(Cl)c3)n2)cn1)NO
C=CC(=O)Nc1ccc(CNc2nc(Nc3cnn(CCOC)c3)ncc2Cl)cc1,O=C(CCCCCn1cc(Nc2ncc(Cl)c(Nc3ccc(Cl)cc3)n2)cn1)NO
C=CC(=O)Nc1ccc(CNc2nc(Nc3cnn(CCOC)c3)ncc2Cl)cc1,C=CC(=O)Nc1ccc(CNc2cc(Nc3cnn(CCO)c3)ncn2)cc1
CCCS(=O)(=O)NC1CC(N(C)c2ncnc3[nH]ccc23)C1,CC1CCN(C(=O)N2CCCC2)CC1N(C)c1ncnc2[nH]ccc12
CCCS(=O)(=O)NC1CC(N(C)c2ncnc3[nH]ccc23)C1,CN(c1ncnc2[nH]ccc12)C1CN(S(=O)(=O)c2cccc(C#N)c2)CC12CC2
CCCS(=O)(=O)NC1CC(N(C)c2ncnc3[nH]ccc23)C1,CC1CN(C(=O)CC#N)C12CCN(c1ncnc3[nH]ccc13)C2
CCCS(=O)(=O)NC1CC(N(C)c2ncnc3[nH]ccc23)C1,CC1CCCN(c2ncnc3[nH]cc(-c4cccc(C#N)c4)c23)C1
CCCS(=O)(=O)NC1CC(N(C)c2ncnc3[nH]ccc23)C1,CN(c1ncnc2[nH]ccc12)C1CCN(C(=O)CC#N)C1
COc1cc(N2CCN(C)CC2)ccc1Nc1ncc(Cl)c(NCc2cccc(NC(=O)C=CCN(C)C)c2)n1,C=CC(=O)Nc1cccc(CNc2nc(Nc3ccc(N4CCN(C)CC4)cc3OC)ncc2Cl)c1
COc1cc(N2CCN(C)CC2)ccc1Nc1ncc(Cl)c(NCc2cccc(NC(=O)C=CCN(C)C)c2)n1,C=CC(=O)Nc1cccc(CNc2nc(Nc3cnn(C)c3)ncc2Cl)c1
CC(Nc1nc(Nc2cn(C)cn2)c2cc[nH]c2n1)c1ncc(F)cn1,CC(Nc1nc(Nc2cn(C)cn2)c2ccn(C3CC3)c2n1)c1ncc(F)cn1
CC(Nc1nc(Nc2cn(C)cn2)c2cc[nH]c2n1)c1ncc(F)cn1,CC(Nc1nc(Nc2cn(C)cn2)c2ccncc2n1)c1ncc(F)cn1
CC(Nc1nc(Nc2cn(C)cn2)c2cc[nH]c2n1)c1ncc(F)cn1,CC(Nc1nc(Nc2cn(C)cn2)c2cnn(C)c2n1)c1ncc(F)cn1
CC(Nc1nc(Nc2cn(C)cn2)c2cc[nH]c2n1)c1ncc(F)cn1,CC(Nc1nc(Nc2cn(C)cn2)c2cn[nH]c2n1)c1ncc(F)cn1
C=CC(=O)Nc1cccc(CNc2nc(Nc3cnn(C(C)(C)COC)c3)ncc2Cl)c1,C=CC(=O)Nc1cccc(CNc2nc(Nc3ccc(N4CCN(C)CC4)cc3OC)ncc2Cl)c1
C=CC(=O)Nc1cccc(CNc2nc(Nc3cnn(C(C)(C)COC)c3)ncc2Cl)c1,O=C(CCCCCCn1cc(Nc2ncc(Cl)c(Nc3ccc(Cl)cc3)n2)cn1)NO
C=CC(=O)Nc1cccc(CNc2nc(Nc3cnn(C(C)(C)COC)c3)ncc2Cl)c1,Cc1cnc(Nc2cnn(C(C)C)c2)nc1N1CCC2(CCNC2=O)CC1
C=CC(=O)Nc1cccc(CNc2nc(Nc3cnn(C(C)(C)COC)c3)ncc2Cl)c1,O=C(CCCCCCn1cc(Nc2ncc(Cl)c(N3CCCCC3)n2)cn1)NO
C=CC(=O)Nc1cccc(CNc2nc(Nc3cnn(C(C)(C)COC)c3)ncc2Cl)c1,O=C(CCCCCCn1cc(Nc2ncc(Cl)c(NC3CC3)n2)cn1)NO
C=CC(=O)Nc1cccc(CNc2nc(Nc3cnn(C(C)(C)COC)c3)ncc2Cl)c1,C=CC(=O)Nc1cccc(CNc2nc(Nc3cnn(C)c3)ncc2Cl)c1
C=CC(=O)Nc1cccc(CNc2nc(Nc3cnn(C(C)(C)COC)c3)ncc2Cl)c1,O=C(CCCCCCn1cc(Nc2ncc(Cl)c(Nc3cccc(Cl)c3)n2)cn1)NO
C=CC(=O)Nc1cccc(CNc2nc(Nc3cnn(C(C)(C)COC)c3)ncc2Cl)c1,O=C(CCCCCn1cc(Nc2ncc(Cl)c(Nc3ccc(Cl)cc3)n2)cn1)NO
C=CC(=O)Nc1cccc(CNc2nc(Nc3cnn(C(C)(C)COC)c3)ncc2Cl)c1,C=CC(=O)Nc1ccc(CNc2cc(Nc3cnn(CCO)c3)ncn2)cc1
C=CC(=O)Nc1ccc(CNc2nc(Nc3cnn(C)c3)ncc2Cl)cc1,C=CC(=O)Nc1cccc(CNc2nc(Nc3ccc(N4CCN(C)CC4)cc3OC)ncc2Cl)c1
C=CC(=O)Nc1ccc(CNc2nc(Nc3cnn(C)c3)ncc2Cl)cc1,O=C(CCCCCCn1cc(Nc2ncc(Cl)c(Nc3ccc(Cl)cc3)n2)cn1)NO
C=CC(=O)Nc1ccc(CNc2nc(Nc3cnn(C)c3)ncc2Cl)cc1,O=C(CCCCCCn1cc(Nc2ncc(Cl)c(N3CCCCC3)n2)cn1)NO
C=CC(=O)Nc1ccc(CNc2nc(Nc3cnn(C)c3)ncc2Cl)cc1,O=C(CCCCCCn1cc(Nc2ncc(Cl)c(NC3CC3)n2)cn1)NO
C=CC(=O)Nc1ccc(CNc2nc(Nc3cnn(C)c3)ncc2Cl)cc1,C=CC(=O)Nc1cccc(CNc2nc(Nc3cnn(C)c3)ncc2Cl)c1
C=CC(=O)Nc1ccc(CNc2nc(Nc3cnn(C)c3)ncc2Cl)cc1,O=C(CCCCCCn1cc(Nc2ncc(Cl)c(Nc3cccc(Cl)c3)n2)cn1)NO
C=CC(=O)Nc1ccc(CNc2nc(Nc3cnn(C)c3)ncc2Cl)cc1,O=C(CCCCCn1cc(Nc2ncc(Cl)c(Nc3ccc(Cl)cc3)n2)cn1)NO
C=CC(=O)Nc1ccc(CNc2nc(Nc3cnn(C)c3)ncc2Cl)cc1,C=CC(=O)Nc1ccc(CNc2cc(Nc3cnn(CCO)c3)ncn2)cc1
NC(=O)c1cnc(Nc2ccccc2)cc1NC(CO)Cc1ccccc1,Cc1cncc(Nc2cc(NC3CCN(c4ccc(C#N)cn4)CC3)c(C(N)=O)cn2)n1
NC(=O)c1cnc(Nc2ccccc2)cc1NC(CO)Cc1ccccc1,Cc1nccc(Nc2cc(NC3CCN(c4ccc(C#N)cn4)CC3F)c(C(N)=O)cn2)n1
NC(=O)c1cnc(Nc2ccccc2)cc1NC(CO)Cc1ccccc1,NC(=O)c1cnc(Nc2ccccc2)cc1NCc1ccccc1
NC(=O)c1cnc(Nc2ccccc2)cc1NC(CO)Cc1ccccc1,Cc1nccc(Nc2cc(NC3CCN(c4ccc(C#N)cc4)CC3)c(C(N)=O)cn2)n1
NC(=O)c1cnc(Nc2ccccc2)cc1NC(CO)Cc1ccccc1,Cc1nccc(Nc2cc(NC3CCN(c4ccc(C#N)cn4)CC3)c(C(N)=O)cn2)n1
NC(=O)c1cnc(Nc2ccccc2)cc1NC(CO)Cc1ccccc1,Cc1cnc(Nc2cc(NC3CCN(c4ccc(C#N)cn4)CC3)c(C(N)=O)cn2)cn1
O=C1NC(=O)C(c2c[nH]c3ccccc23)=C1Nc1cccc(OCCNc2cnccn2)c1,CCn1c(C(=O)N(C2CC2)C2CC2)cc2c3c(ncn3C)c(Nc3ncc(C)s3)nc21
O=C1NC(=O)C(c2c[nH]c3ccccc23)=C1Nc1cccc(OCCNc2cnccn2)c1,CCn1c(C(=O)N(C2CC2)C2CC2)cc2c3c(ncn3C)c(NC)nc21
O=C1NC(=O)C(c2c[nH]c3ccccc23)=C1Nc1cccc(OCCNc2cnccn2)c1,CC(NC(=O)c1c[nH]c2ncc(-c3nn(C)c4ccc(Cl)cc34)nc12)C(=O)N1CC(C#N)C1
O=C1NC(=O)C(c2c[nH]c3ccccc23)=C1Nc1cccc(OCCNc2cnccn2)c1,CCn1nc(Nc2nc3c(cc(C(=O)N(C4CC4)C4CC4)n3CC)c3c2ncn3C)cc1C
O=C1NC(=O)C(c2c[nH]c3ccccc23)=C1Nc1cccc(OCCNc2cnccn2)c1,CCn1c(C(=O)N(C2CC2)C2CC2)cc2c3c(ncn3C)c(Nc3nccs3)nc21
O=C1NC(=O)C(c2c[nH]c3ccccc23)=C1Nc1cccc(OCCNc2cnccn2)c1,CCn1c(C(=O)N(C2CC2)C2CC2)cc2c3c(ncn3C)c(Nc3cc(C)nn3C)nc21
O=C1NC(=O)C(c2c[nH]c3ccccc23)=C1Nc1cccc(OCCNc2cnccn2)c1,CCc1nc(Nc2nc3c(cc(C(=O)N(C4CC4)C4CC4)n3CC)c3c2ncn3C)sc1C
O=C1NC(=O)C(c2c[nH]c3ccccc23)=C1Nc1cccc(OCCNc2cnccn2)c1,Cn1cc(C2=C(Nc3cccc(OCCNc4ccnc(F)c4)c3)C(=O)NC2=O)c2ccccc21
O=C1NC(=O)C(c2c[nH]c3ccccc23)=C1Nc1cccc(OCCNc2cnccn2)c1,CCn1c(C(=O)N(C2CC2)C2CC2)cc2c3c(ncn3C)c(Nc3nc(C)c(S(C)(=O)=O)s3)nc21
O=C1NC(=O)C(c2c[nH]c3ccccc23)=C1Nc1cccc(OCCNc2cnccn2)c1,CC(NC(=O)c1c[nH]c2ncc(-c3nn(C)c4cc(Cl)cc(F)c34)nc12)C(=O)N1CC(C#N)C1
O=C1NC(=O)C(c2c[nH]c3ccccc23)=C1Nc1cccc(OCCNc2cnccn2)c1,CC(C)C(C)n1cc(-c2cc(N3CCOCC3)n(C)n2)c2[nH]nc(N)c2c1=O
O=C1NC(=O)C(c2c[nH]c3ccccc23)=C1Nc1cccc(OCCNc2cnccn2)c1,CCn1c(C(=O)N(C2CC2)C2CC2)cc2c3c(ncn3C)c(NCCCOC)nc21
O=C1NC(=O)C(c2c[nH]c3ccccc23)=C1Nc1cccc(OCCNc2cnccn2)c1,CC(NC(=O)c1c[nH]c2ncc(-c3nn(C)c4cc(Cl)ccc34)nc12)C(=O)N1CC(C#N)C1
O=C1NC(=O)C(c2c[nH]c3ccccc23)=C1Nc1cccc(OCCNc2cnccn2)c1,COc1ccc2c(-c3cnc4[nH]cc(C(=O)NC(C)C(=O)N5CC(C#N)C5)c4n3)nn(C)c2c1
O=C1NC(=O)C(c2c[nH]c3ccccc23)=C1Nc1cccc(OCCNc2cnccn2)c1,O=C1NC(=O)C(c2c[nH]c3ccccc23)=C1Nc1cccc(OCCNc2ccnc(F)c2)c1
O=C1NC(=O)C(c2c[nH]c3ccccc23)=C1Nc1cccc(OCCNc2cnccn2)c1,CCn1c(C(=O)N(C2CC2)C2CC2)cc2c3c(ncn3C)c(Nc3cc(C)[nH]n3)nc21
O=C1NC(=O)C(c2c[nH]c3ccccc23)=C1Nc1cccc(OCCNc2cnccn2)c1,CC(C)(O)C(=O)N1CCN(c2ccc(C(F)(F)F)c(C3=C(c4c[nH]c5ccccc45)C(=O)NC3=O)c2)CC1
O=C1NC(=O)C(c2c[nH]c3ccccc23)=C1Nc1cccc(OCCNc2cnccn2)c1,O=C1NC(=O)C(c2c[nH]c3ccccc23)=C1Nc1ccc(OCCNc2ccnc(F)c2)cc1
O=C1NC(=O)C(c2c[nH]c3ccccc23)=C1Nc1cccc(OCCNc2cnccn2)c1,CC(NC(=O)c1c[nH]c2ncc(-c3nn(C)c4cc(C(C)(C)C)ccc34)nc12)C(=O)N1CC(C#N)C1
O=C1NC(=O)C(c2c[nH]c3ccccc23)=C1Nc1cccc(OCCNc2cnccn2)c1,CCn1c(C(=O)N(C2CC2)C2CC2)cc2c3c(ncn3C)c(Nc3cc(C)n(C)n3)nc21
O=C1NC(=O)C(c2c[nH]c3ccccc23)=C1Nc1cccc(OCCNc2cnccn2)c1,O=C1NC(=O)C(c2c[nH]c3ccccc23)=C1Nc1cccc(OC2CCN(c3ccnc(F)c3)CC2)c1
O=C1NC(=O)C(c2c[nH]c3ccccc23)=C1Nc1cccc(OCCNc2cnccn2)c1,CCn1c(C(=O)N(C2CC2)C2CC2)cc2c3c(ncn3C)c(Nc3nc(C)c(C(=O)NC)s3)nc21
O=C1NC(=O)C(c2c[nH]c3ccccc23)=C1Nc1cccc(OCCNc2cnccn2)c1,Cn1nc(-c2cnc3[nH]cc(C(=O)NC(C(=O)N4CC(C#N)C4)C(C)(C)C)c3n2)c2ccc(Cl)cc21
O=C1NC(=O)C(c2c[nH]c3ccccc23)=C1Nc1cccc(OCCNc2cnccn2)c1,O=C1NC(=O)C(c2c[nH]c3ccccc23)=C1Nc1ccc(OCCCNc2ccnc(F)c2)cc1
CCC(=O)Nc1cccc(CNc2cc(Nc3ccccc3)ncc2C(N)=O)c1,N#CCC(=O)Nc1cccc(CNc2c(C(N)=O)cnn3cccc23)c1
CCC(=O)Nc1cccc(CNc2cc(Nc3ccccc3)ncc2C(N)=O)c1,Cc1cncc(Nc2cc(NC3CCN(c4ccc(C#N)cn4)CC3)c(C(N)=O)cn2)n1
CCC(=O)Nc1cccc(CNc2cc(Nc3ccccc3)ncc2C(N)=O)c1,Cc1nccc(Nc2cc(NC3CCN(c4ccc(C#N)cn4)CC3F)c(C(N)=O)cn2)n1
CCC(=O)Nc1cccc(CNc2cc(Nc3ccccc3)ncc2C(N)=O)c1,NC(=O)c1cnc(Nc2ccccc2)cc1NCc1ccccc1
CCC(=O)Nc1cccc(CNc2cc(Nc3ccccc3)ncc2C(N)=O)c1,Cc1nccc(Nc2cc(NC3CCN(c4ccc(C#N)cc4)CC3)c(C(N)=O)cn2)n1
CCC(=O)Nc1cccc(CNc2cc(Nc3ccccc3)ncc2C(N)=O)c1,Cc1nccc(Nc2cc(NC3CCN(c4ccc(C#N)cn4)CC3)c(C(N)=O)cn2)n1
CCC(=O)Nc1cccc(CNc2cc(Nc3ccccc3)ncc2C(N)=O)c1,Cc1cnc(Nc2cc(NC3CCN(c4ccc(C#N)cn4)CC3)c(C(N)=O)cn2)cn1
C=CC(=O)Nc1cccc(-c2ccc(C(N)=O)c3[nH]c(C)c(C)c23)c1C,CN(C)C1CCN(C(=O)c2ccc3[nH]c4c(C(N)=O)cc(-c5ccc(Cl)c(Cl)c5)cc4c3c2)C1
C=CC(=O)Nc1cccc(-c2ccc(C(N)=O)c3[nH]c(C)c(C)c23)c1C,Cc1ccncc1-c1cc2c(NC3CCC(C)(N)C3(C)C)c(C(N)=O)cnn2c1
C=CC(=O)Nc1cccc(-c2ccc(C(N)=O)c3[nH]c(C)c(C)c23)c1C,CN1CCN(c2ccc3c(c2)[nH]c2c(C(N)=O)cc(-c4ccc5c(cnn5C)c4)cc23)CC1
C=CC(=O)Nc1cccc(-c2ccc(C(N)=O)c3[nH]c(C)c(C)c23)c1C,COc1ccc(-c2cc(C(N)=O)c3[nH]c4cc(C(=O)N5CCOCC5)ccc4c3c2)cc1F
C=CC(=O)Nc1cccc(-c2ccc(C(N)=O)c3[nH]c(C)c(C)c23)c1C,Cc1cccc(-c2cc3c(NC4CCC(C)(N)C4(C)C)c(C(N)=O)cnn3c2)c1
C=CC(=O)Nc1cccc(-c2ccc(C(N)=O)c3[nH]c(C)c(C)c23)c1C,CN1CCN(c2ccc3c(c2)[nH]c2c(C(N)=O)cc(-c4cccc(Cl)c4)cc23)CC1
C=CC(=O)Nc1cccc(-c2ccc(C(N)=O)c3[nH]c(C)c(C)c23)c1C,NC(=O)c1cc(-c2ccc(Cl)c(Cl)c2)cc2c1[nH]c1ccc(C(=O)N3CCOCC3)cc12
C=CC(=O)Nc1cccc(-c2ccc(C(N)=O)c3[nH]c(C)c(C)c23)c1C,CC1(N)CCC(Nc2c(C(N)=O)cnn3cc(-c4ccccc4C#N)cc23)C1(C)C
C=CC(=O)Nc1cccc(-c2ccc(C(N)=O)c3[nH]c(C)c(C)c23)c1C,COc1cccc(-c2cc(C(N)=O)c3[nH]c4cc(NC(=O)C5CCOCC5)ccc4c3c2)c1
C=CC(=O)Nc1cccc(-c2ccc(C(N)=O)c3[nH]c(C)c(C)c23)c1C,Cc1ccc(-c2cc(C(N)=O)c3[nH]c4cc(N5CCOCC5)ccc4c3c2)cn1
C=CC(=O)Nc1cccc(-c2ccc(C(N)=O)c3[nH]c(C)c(C)c23)c1C,CCCOc1cccc(-c2cc(C(N)=O)c3[nH]c4ccc(C(=O)N5CCOCC5)cc4c3c2)c1
C=CC(=O)Nc1cccc(-c2ccc(C(N)=O)c3[nH]c(C)c(C)c23)c1C,COc1cccc(-c2cc(C(N)=O)c3[nH]c4ccc(C(=O)N5CCOCC5)cc4c3c2)c1
C=CC(=O)Nc1cccc(-c2ccc(C(N)=O)c3[nH]c(C)c(C)c23)c1C,COc1cccc(-c2cc(C(N)=O)c3[nH]c4cc(C(=O)N5CCC(N(C)C)C5)ccc4c3c2)c1
C=CC(=O)Nc1cccc(-c2ccc(C(N)=O)c3[nH]c(C)c(C)c23)c1C,CN1CCN(C(=O)c2ccc3[nH]c4c(C(N)=O)cc(-c5ccc(Cl)cc5)cc4c3c2)CC1
C=CC(=O)Nc1cccc(-c2ccc(C(N)=O)c3[nH]c(C)c(C)c23)c1C,COc1cccc(-c2cc(C(N)=O)c3[nH]c4ccc(C(=O)N5CCN(C)CC5)cc4c3c2)c1
C=CC(=O)Nc1cccc(-c2ccc(C(N)=O)c3[nH]c(C)c(C)c23)c1C,CN1CCN(c2ccc3c(c2)[nH]c2c(C(N)=O)cc(-c4ccc(CN5CCOCC5)c(Cl)c4)cc23)CC1
C=CC(=O)Nc1cccc(-c2ccc(C(N)=O)c3[nH]c(C)c(C)c23)c1C,COc1cccc(-c2cc(C(N)=O)c3[nH]c4cc(C(=O)N5CCOCC5)ccc4c3c2)c1
C=CC(=O)Nc1cccc(-c2ccc(C(N)=O)c3[nH]c(C)c(C)c23)c1C,CC1(N)CCC(Nc2c(C(N)=O)cnn3cc(-c4cccc(C#N)c4)cc23)C1(C)C
C=CC(=O)Nc1cccc(-c2ccc(C(N)=O)c3[nH]c(C)c(C)c23)c1C,CN1CCN(c2ccc3c(c2)[nH]c2c(C(N)=O)cc(-c4ccccc4)cc23)CC1
C=CC(=O)Nc1cccc(CNc2nc(Nc3ccc(N4CCOCC4)cc3F)ncc2Cl)c1,C=CC(=O)Nc1cccc(CNc2nc(Nc3ccc(N4CCN(C)CC4)cc3OC)ncc2Cl)c1
C=CC(=O)Nc1cccc(CNc2nc(Nc3ccc(N4CCOCC4)cc3F)ncc2Cl)c1,C=CC(=O)Nc1cccc(CNc2nc(Nc3cnn(C)c3)ncc2Cl)c1
C=CC(=O)N(C)c1cc(Nc2ncc(Cl)c(NCCCNC(=O)c3ccc(C#N)cc3)n2)ccc1F,C=CC(=O)Nc1cccc(CNc2nc(Nc3ccc(N4CCN(C)CC4)cc3OC)ncc2Cl)c1
C=CC(=O)N(C)c1cc(Nc2ncc(Cl)c(NCCCNC(=O)c3ccc(C#N)cc3)n2)ccc1F,C=CC(=O)Nc1cccc(CNc2nc(Nc3cnn(C)c3)ncc2Cl)c1
C=CC(=O)N(C)c1cc(Nc2ncc(Cl)c(NCCCNC(=O)c3ccc(C#N)cc3)n2)ccc1F,Cc1cnc(Nc2ccc(F)c(N)c2)nc1N1CCC2(CCNC2=O)CC1
C=CC(=O)N(C)c1cc(Nc2ncc(Cl)c(NCCCNC(=O)c3ccc(C#N)cc3)n2)ccc1F,CCNC(=O)c1ccc(Nc2ncc(F)c(N3CC4CCC(C3)N4C(=O)C3CC3)n2)cc1
C=CC(=O)Nc1cccc(CNc2nc(Nc3ccc(N4CCN(C)CC4)cc3OC)ncc2C(F)(F)F)c1,COc1ccc(Nc2ncc(C)c(N3CCC4(CCNC4=O)CC3)n2)cc1N
C=CC(=O)Nc1cccc(CNc2nc(Nc3ccc(N4CCN(C)CC4)cc3OC)ncc2C(F)(F)F)c1,COc1cc(Nc2ncc(C)c(N3CCC4(CCNC4=O)CC3)n2)cc(OC)c1OC
C=CC(=O)Nc1cccc(CNc2nc(Nc3ccc(N4CCN(C)CC4)cc3OC)ncc2C(F)(F)F)c1,C=CC(=O)Nc1cccc(CNc2nc(Nc3ccc(N4CCN(C)CC4)cc3OC)ncc2Cl)c1
C=CC(=O)Nc1cccc(CNc2nc(Nc3ccc(N4CCN(C)CC4)cc3OC)ncc2C(F)(F)F)c1,C=CC(=O)Nc1cccc(CNc2nc(Nc3cnn(C)c3)ncc2Cl)c1
C=CC(=O)Nc1cccc(CNc2nc(Nc3ccc(N4CCN(C)CC4)cc3OC)ncc2C(F)(F)F)c1,COc1ccc(Nc2ncc(C)c(N3CCC4(CCNC4=O)CC3)n2)cc1F
O=C1NC(=O)C(c2c[nH]c3ccccc23)=C1Nc1cccc(OC2CCCN(c3ccnc(F)c3)C2)c1,Cc1ccncc1-c1cc2c(NC3CCC(C)(N)C3(C)C)c(C(N)=O)cnn2c1
O=C1NC(=O)C(c2c[nH]c3ccccc23)=C1Nc1cccc(OC2CCCN(c3ccnc(F)c3)C2)c1,CCn1c(C(=O)N(C2CC2)C2CC2)cc2c3c(ncn3C)c(Nc3ncc(C)s3)nc21
O=C1NC(=O)C(c2c[nH]c3ccccc23)=C1Nc1cccc(OC2CCCN(c3ccnc(F)c3)C2)c1,CC1(N)CCC(Nc2c(C(N)=O)cnn3cc(-c4cncnc4)cc23)C1(C)C
O=C1NC(=O)C(c2c[nH]c3ccccc23)=C1Nc1cccc(OC2CCCN(c3ccnc(F)c3)C2)c1,CCn1c(C(=O)N(C2CC2)C2CC2)cc2c3c(ncn3C)c(NC)nc21
O=C1NC(=O)C(c2c[nH]c3ccccc23)=C1Nc1cccc(OC2CCCN(c3ccnc(F)c3)C2)c1,CC(NC(=O)c1c[nH]c2ncc(-c3nn(C)c4ccc(Cl)cc34)nc12)C(=O)N1CC(C#N)C1
O=C1NC(=O)C(c2c[nH]c3ccccc23)=C1Nc1cccc(OC2CCCN(c3ccnc(F)c3)C2)c1,CC1(N)CCC(Nc2c(C(N)=O)cnn3cc(-c4ccncc4)cc23)C1(C)C
O=C1NC(=O)C(c2c[nH]c3ccccc23)=C1Nc1cccc(OC2CCCN(c3ccnc(F)c3)C2)c1,CC(NC(=O)c1c[nH]c2ncc(-c3cn(C)c4cc(Cl)ccc34)nc12)C(=O)N1CC(C#N)C1
O=C1NC(=O)C(c2c[nH]c3ccccc23)=C1Nc1cccc(OC2CCCN(c3ccnc(F)c3)C2)c1,COc1cccc(-c2cc3c(NC4CCC(C)(N)C4(C)C)c(C(N)=O)cnn3c2)c1
O=C1NC(=O)C(c2c[nH]c3ccccc23)=C1Nc1cccc(OC2CCCN(c3ccnc(F)c3)C2)c1,CC1(N)CCC(Nc2c(C(N)=O)cnn3cc(-c4ccc(Cl)cc4)cc23)C1(C)C
O=C1NC(=O)C(c2c[nH]c3ccccc23)=C1Nc1cccc(OC2CCCN(c3ccnc(F)c3)C2)c1,CCn1nc(Nc2nc3c(cc(C(=O)N(C4CC4)C4CC4)n3CC)c3c2ncn3C)cc1C
O=C1NC(=O)C(c2c[nH]c3ccccc23)=C1Nc1cccc(OC2CCCN(c3ccnc(F)c3)C2)c1,CC1(N)CCC(Nc2c(C(N)=O)cnn3cc(-c4ccccc4)cc23)C1(C)C
O=C1NC(=O)C(c2c[nH]c3ccccc23)=C1Nc1cccc(OC2CCCN(c3ccnc(F)c3)C2)c1,CC1(N)CCC(Nc2c(C(N)=O)cnn3cc(-c4ccc(F)cc4)cc23)C1(C)C
O=C1NC(=O)C(c2c[nH]c3ccccc23)=C1Nc1cccc(OC2CCCN(c3ccnc(F)c3)C2)c1,CCn1c(C(=O)N(C2CC2)C2CC2)cc2c3c(ncn3C)c(Nc3nccs3)nc21
O=C1NC(=O)C(c2c[nH]c3ccccc23)=C1Nc1cccc(OC2CCCN(c3ccnc(F)c3)C2)c1,CC1(N)CCC(Nc2c(C(N)=O)cnn3cc(-c4cccc(Cl)c4)cc23)C1(C)C
O=C1NC(=O)C(c2c[nH]c3ccccc23)=C1Nc1cccc(OC2CCCN(c3ccnc(F)c3)C2)c1,COc1ccc(-c2cc3c(NC(CO)C(C)O)c(C(N)=O)cnn3c2)cn1
O=C1NC(=O)C(c2c[nH]c3ccccc23)=C1Nc1cccc(OC2CCCN(c3ccnc(F)c3)C2)c1,CCn1c(C(=O)N(C2CC2)C2CC2)cc2c3c(ncn3C)c(Nc3cc(C)nn3C)nc21
O=C1NC(=O)C(c2c[nH]c3ccccc23)=C1Nc1cccc(OC2CCCN(c3ccnc(F)c3)C2)c1,CCc1nc(Nc2nc3c(cc(C(=O)N(C4CC4)C4CC4)n3CC)c3c2ncn3C)sc1C
O=C1NC(=O)C(c2c[nH]c3ccccc23)=C1Nc1cccc(OC2CCCN(c3ccnc(F)c3)C2)c1,Cn1cc(C2=C(Nc3cccc(OCCNc4ccnc(F)c4)c3)C(=O)NC2=O)c2ccccc21
O=C1NC(=O)C(c2c[nH]c3ccccc23)=C1Nc1cccc(OC2CCCN(c3ccnc(F)c3)C2)c1,CCn1c(C(=O)N(C2CC2)C2CC2)cc2c3c(ncn3C)c(Nc3nc(C)c(S(C)(=O)=O)s3)nc21
O=C1NC(=O)C(c2c[nH]c3ccccc23)=C1Nc1cccc(OC2CCCN(c3ccnc(F)c3)C2)c1,Cc1cccc(-c2cc3c(NC4CCC(C)(N)C4(C)C)c(C(N)=O)cnn3c2)c1
O=C1NC(=O)C(c2c[nH]c3ccccc23)=C1Nc1cccc(OC2CCCN(c3ccnc(F)c3)C2)c1,CC(C)Oc1ccc(-c2cc3c(NC4CCC(C)(N)C4(C)C)c(C(N)=O)cnn3c2)cn1
O=C1NC(=O)C(c2c[nH]c3ccccc23)=C1Nc1cccc(OC2CCCN(c3ccnc(F)c3)C2)c1,CC(NC(=O)c1c[nH]c2ncc(-c3nn(C)c4cc(Cl)cc(F)c34)nc12)C(=O)N1CC(C#N)C1
O=C1NC(=O)C(c2c[nH]c3ccccc23)=C1Nc1cccc(OC2CCCN(c3ccnc(F)c3)C2)c1,CC(C)C(C)n1cc(-c2cc(N3CCOCC3)n(C)n2)c2[nH]nc(N)c2c1=O
O=C1NC(=O)C(c2c[nH]c3ccccc23)=C1Nc1cccc(OC2CCCN(c3ccnc(F)c3)C2)c1,CC1(N)CCC(Nc2c(C(N)=O)cnn3cc(-c4ccccc4F)cc23)C1(C)C
O=C1NC(=O)C(c2c[nH]c3ccccc23)=C1Nc1cccc(OC2CCCN(c3ccnc(F)c3)C2)c1,Cc1ccccc1-n1cc(-c2ccn(C)n2)c2[nH]nc(N)c2c1=O
O=C1NC(=O)C(c2c[nH]c3ccccc23)=C1Nc1cccc(OC2CCCN(c3ccnc(F)c3)C2)c1,CCn1c(C(=O)N(C2CC2)C2CC2)cc2c3c(ncn3C)c(NCCCOC)nc21
O=C1NC(=O)C(c2c[nH]c3ccccc23)=C1Nc1cccc(OC2CCCN(c3ccnc(F)c3)C2)c1,CC(NC(=O)c1c[nH]c2ncc(-c3nn(C)c4cc(Cl)ccc34)nc12)C(=O)N1CC(C#N)C1
O=C1NC(=O)C(c2c[nH]c3ccccc23)=C1Nc1cccc(OC2CCCN(c3ccnc(F)c3)C2)c1,CC1(N)CCC(Nc2c(C(N)=O)cnn3cc(-c4ccccc4C#N)cc23)C1(C)C
O=C1NC(=O)C(c2c[nH]c3ccccc23)=C1Nc1cccc(OC2CCCN(c3ccnc(F)c3)C2)c1,COc1ccc2c(-c3cnc4[nH]cc(C(=O)NC(C)C(=O)N5CC(C#N)C5)c4n3)nn(C)c2c1
O=C1NC(=O)C(c2c[nH]c3ccccc23)=C1Nc1cccc(OC2CCCN(c3ccnc(F)c3)C2)c1,O=C1NC(=O)C(c2c[nH]c3ccccc23)=C1Nc1cccc(OCCNc2ccnc(F)c2)c1
O=C1NC(=O)C(c2c[nH]c3ccccc23)=C1Nc1cccc(OC2CCCN(c3ccnc(F)c3)C2)c1,CCn1c(C(=O)N(C2CC2)C2CC2)cc2c3c(ncn3C)c(Nc3cc(C)[nH]n3)nc21
O=C1NC(=O)C(c2c[nH]c3ccccc23)=C1Nc1cccc(OC2CCCN(c3ccnc(F)c3)C2)c1,CC1(N)CCC(Nc2c(C(N)=O)cnn3cc(-c4ccccc4Cl)cc23)C1(C)C
O=C1NC(=O)C(c2c[nH]c3ccccc23)=C1Nc1cccc(OC2CCCN(c3ccnc(F)c3)C2)c1,NC(=O)c1cnn2cccc2c1NCc1cccc(NC(=O)Cn2sc3ccccc3c2=O)c1
O=C1NC(=O)C(c2c[nH]c3ccccc23)=C1Nc1cccc(OC2CCCN(c3ccnc(F)c3)C2)c1,O=C(Nc1nc2cccc(C3=CCN(C(=O)C4(C(F)(F)F)CC4)CC3)n2n1)C1CC1
O=C1NC(=O)C(c2c[nH]c3ccccc23)=C1Nc1cccc(OC2CCCN(c3ccnc(F)c3)C2)c1,COc1ccc(-c2cc3c(NC(CO)CC(C)C)c(C(N)=O)cnn3c2)cn1
O=C1NC(=O)C(c2c[nH]c3ccccc23)=C1Nc1cccc(OC2CCCN(c3ccnc(F)c3)C2)c1,COc1ccc(-c2cc3c(NC4CCC(C)(N)C4(C)C)c(C(N)=O)cnn3c2)cc1
O=C1NC(=O)C(c2c[nH]c3ccccc23)=C1Nc1cccc(OC2CCCN(c3ccnc(F)c3)C2)c1,CC(C)(O)C(=O)N1CCN(c2ccc(C(F)(F)F)c(C3=C(c4c[nH]c5ccccc45)C(=O)NC3=O)c2)CC1
O=C1NC(=O)C(c2c[nH]c3ccccc23)=C1Nc1cccc(OC2CCCN(c3ccnc(F)c3)C2)c1,O=C1NC(=O)C(c2c[nH]c3ccccc23)=C1Nc1ccc(OCCNc2ccnc(F)c2)cc1
O=C1NC(=O)C(c2c[nH]c3ccccc23)=C1Nc1cccc(OC2CCCN(c3ccnc(F)c3)C2)c1,CC(NC(=O)c1c[nH]c2ncc(-c3nn(C)c4cc(C(C)(C)C)ccc34)nc12)C(=O)N1CC(C#N)C1
O=C1NC(=O)C(c2c[nH]c3ccccc23)=C1Nc1cccc(OC2CCCN(c3ccnc(F)c3)C2)c1,CC(NC(=O)c1c[nH]c2ncc(-c3nn(C)c4ccccc34)nc12)C(=O)N1CC(C#N)C1
O=C1NC(=O)C(c2c[nH]c3ccccc23)=C1Nc1cccc(OC2CCCN(c3ccnc(F)c3)C2)c1,CC1(N)CCC(Nc2c(C(N)=O)cnn3cc(-c4cccc(F)c4)cc23)C1(C)C
O=C1NC(=O)C(c2c[nH]c3ccccc23)=C1Nc1cccc(OC2CCCN(c3ccnc(F)c3)C2)c1,CCn1c(C(=O)N(C2CC2)C2CC2)cc2c3c(ncn3C)c(Nc3cc(C)n(C)n3)nc21
O=C1NC(=O)C(c2c[nH]c3ccccc23)=C1Nc1cccc(OC2CCCN(c3ccnc(F)c3)C2)c1,CN1CCN(C(=O)C(C#N)=Cc2ccc(-c3nc4cnc5[nH]ccc5c4n3C3CCCCC3)o2)CC1
O=C1NC(=O)C(c2c[nH]c3ccccc23)=C1Nc1cccc(OC2CCCN(c3ccnc(F)c3)C2)c1,O=C1NC(=O)C(c2c[nH]c3ccccc23)=C1Nc1cccc(OC2CCN(c3ccnc(F)c3)CC2)c1
O=C1NC(=O)C(c2c[nH]c3ccccc23)=C1Nc1cccc(OC2CCCN(c3ccnc(F)c3)C2)c1,CC(C)C(C)n1cc(-c2cc(N3CCS(=O)(=O)CC3)n(C)n2)c2[nH]nc(N)c2c1=O
O=C1NC(=O)C(c2c[nH]c3ccccc23)=C1Nc1cccc(OC2CCCN(c3ccnc(F)c3)C2)c1,Cc1ccc(-c2cc3c(NC4CCC(C)(N)C4(C)C)c(C(N)=O)cnn3c2)cc1
O=C1NC(=O)C(c2c[nH]c3ccccc23)=C1Nc1cccc(OC2CCCN(c3ccnc(F)c3)C2)c1,O=C(Nc1nc2cccc(C3=CCN(C(=O)C4CC4(F)F)CC3)n2n1)C1CC1
O=C1NC(=O)C(c2c[nH]c3ccccc23)=C1Nc1cccc(OC2CCCN(c3ccnc(F)c3)C2)c1,CC(C)C(C)n1cc(-c2cc(C3CCOCC3)n(C)n2)c2[nH]nc(N)c2c1=O
O=C1NC(=O)C(c2c[nH]c3ccccc23)=C1Nc1cccc(OC2CCCN(c3ccnc(F)c3)C2)c1,CC1(N)CCC(Nc2c(C(N)=O)cnn3cc(-c4ccc(F)nc4)cc23)C1(C)C
O=C1NC(=O)C(c2c[nH]c3ccccc23)=C1Nc1cccc(OC2CCCN(c3ccnc(F)c3)C2)c1,CC(=O)NC1CCc2ccc(Oc3cnc4[nH]cc(C(=O)NC(C(=O)N5CC(C#N)C5)C5CC5)c4n3)cc21
O=C1NC(=O)C(c2c[nH]c3ccccc23)=C1Nc1cccc(OC2CCCN(c3ccnc(F)c3)C2)c1,CC1(N)CCC(Nc2c(C(N)=O)cnn3cc(-c4cccc(C#N)c4)cc23)C1(C)C
O=C1NC(=O)C(c2c[nH]c3ccccc23)=C1Nc1cccc(OC2CCCN(c3ccnc(F)c3)C2)c1,CC1(N)CCC(Nc2c(C(N)=O)cnn3cc(-c4ccncc4F)cc23)C1(C)C
O=C1NC(=O)C(c2c[nH]c3ccccc23)=C1Nc1cccc(OC2CCCN(c3ccnc(F)c3)C2)c1,Cn1ccc(-c2cn(-c3ccccc3Cl)c(=O)c3c(N)n[nH]c23)n1
O=C1NC(=O)C(c2c[nH]c3ccccc23)=C1Nc1cccc(OC2CCCN(c3ccnc(F)c3)C2)c1,COc1ccc(-c2cc3c(NC4CCC(C)(N)C4(C)C)c(C(N)=O)cnn3c2)cn1
O=C1NC(=O)C(c2c[nH]c3ccccc23)=C1Nc1cccc(OC2CCCN(c3ccnc(F)c3)C2)c1,CC1(N)CCC(Nc2c(C(N)=O)cnn3cc(-c4ccc(C#N)cc4)cc23)C1(C)C
O=C1NC(=O)C(c2c[nH]c3ccccc23)=C1Nc1cccc(OC2CCCN(c3ccnc(F)c3)C2)c1,CCn1c(C(=O)N(C2CC2)C2CC2)cc2c3c(ncn3C)c(Nc3nc(C)c(C(=O)NC)s3)nc21
O=C1NC(=O)C(c2c[nH]c3ccccc23)=C1Nc1cccc(OC2CCCN(c3ccnc(F)c3)C2)c1,Cc1[nH]c(C=C2C(=O)Nc3ccc(F)cc32)c(C)c1C(=O)NCC(O)CN1CCOCC1
O=C1NC(=O)C(c2c[nH]c3ccccc23)=C1Nc1cccc(OC2CCCN(c3ccnc(F)c3)C2)c1,Cn1nc(-c2cnc3[nH]cc(C(=O)NC(C(=O)N4CC(C#N)C4)C(C)(C)C)c3n2)c2ccc(Cl)cc21
O=C1NC(=O)C(c2c[nH]c3ccccc23)=C1Nc1cccc(OC2CCCN(c3ccnc(F)c3)C2)c1,COc1cc(-c2cc3c(NC4CCC(C)(N)C4(C)C)c(C(N)=O)cnn3c2)ccn1
O=C1NC(=O)C(c2c[nH]c3ccccc23)=C1Nc1cccc(OC2CCCN(c3ccnc(F)c3)C2)c1,CCOC(C)n1cc(-c2nc(Nc3ccc4c(c3)CCN4S(=O)(=O)c3ccc(C(F)(F)F)cc3)ncc2C)cn1
O=C1NC(=O)C(c2c[nH]c3ccccc23)=C1Nc1cccc(OC2CCCN(c3ccnc(F)c3)C2)c1,O=C1NC(=O)C(c2c[nH]c3ccccc23)=C1Nc1ccc(OCCCNc2ccnc(F)c2)cc1
O=C1NC(=O)C(c2c[nH]c3ccccc23)=C1Nc1cccc(OC2CCCN(c3ccnc(F)c3)C2)c1,Cc1ccc(-c2cc3c(NC4CCC(C)(N)C4(C)C)c(C(N)=O)cnn3c2)cn1
C=CC(=O)Nc1cccc(CNc2nc(Nc3ccc(N4CCN(C)CC4)cc3OC)ncc2OC)c1,C=CC(=O)Nc1cccc(CNc2nc(Nc3ccc(N4CCN(C)CC4)cc3OC)ncc2Cl)c1
C=CC(=O)Nc1cccc(CNc2nc(Nc3ccc(N4CCN(C)CC4)cc3OC)ncc2OC)c1,C=CC(=O)Nc1cccc(CNc2nc(Nc3cnn(C)c3)ncc2Cl)c1
C=CC(=O)Nc1cccc(CNc2nc(Nc3cc(F)c(N4CCN(C)CC4)cc3F)ncc2Cl)c1,C=CC(=O)Nc1cccc(CNc2nc(Nc3ccc(N4CCN(C)CC4)cc3OC)ncc2Cl)c1
C=CC(=O)Nc1cccc(CNc2nc(Nc3cc(F)c(N4CCN(C)CC4)cc3F)ncc2Cl)c1,C=CC(=O)Nc1cccc(CNc2nc(Nc3cnn(C)c3)ncc2Cl)c1
O=C1NC(=O)C(c2c[nH]c3ccccc23)=C1Nc1ccc(OCCn2ccnc2)cc1,CCn1c(C(=O)N(C2CC2)C2CC2)cc2c3c(ncn3C)c(Nc3ncc(C)s3)nc21
O=C1NC(=O)C(c2c[nH]c3ccccc23)=C1Nc1ccc(OCCn2ccnc2)cc1,CCn1c(C(=O)N(C2CC2)C2CC2)cc2c3c(ncn3C)c(NC)nc21
O=C1NC(=O)C(c2c[nH]c3ccccc23)=C1Nc1ccc(OCCn2ccnc2)cc1,CCn1nc(Nc2nc3c(cc(C(=O)N(C4CC4)C4CC4)n3CC)c3c2ncn3C)cc1C
O=C1NC(=O)C(c2c[nH]c3ccccc23)=C1Nc1ccc(OCCn2ccnc2)cc1,CCn1c(C(=O)N(C2CC2)C2CC2)cc2c3c(ncn3C)c(Nc3nccs3)nc21
O=C1NC(=O)C(c2c[nH]c3ccccc23)=C1Nc1ccc(OCCn2ccnc2)cc1,CCn1c(C(=O)N(C2CC2)C2CC2)cc2c3c(ncn3C)c(Nc3cc(C)nn3C)nc21
O=C1NC(=O)C(c2c[nH]c3ccccc23)=C1Nc1ccc(OCCn2ccnc2)cc1,CCc1nc(Nc2nc3c(cc(C(=O)N(C4CC4)C4CC4)n3CC)c3c2ncn3C)sc1C
O=C1NC(=O)C(c2c[nH]c3ccccc23)=C1Nc1ccc(OCCn2ccnc2)cc1,Cn1cc(C2=C(Nc3cccc(OCCNc4ccnc(F)c4)c3)C(=O)NC2=O)c2ccccc21
O=C1NC(=O)C(c2c[nH]c3ccccc23)=C1Nc1ccc(OCCn2ccnc2)cc1,CCn1c(C(=O)N(C2CC2)C2CC2)cc2c3c(ncn3C)c(Nc3nc(C)c(S(C)(=O)=O)s3)nc21
O=C1NC(=O)C(c2c[nH]c3ccccc23)=C1Nc1ccc(OCCn2ccnc2)cc1,CC(NC(=O)c1c[nH]c2ncc(-c3nn(C)c4cc(Cl)cc(F)c34)nc12)C(=O)N1CC(C#N)C1
O=C1NC(=O)C(c2c[nH]c3ccccc23)=C1Nc1ccc(OCCn2ccnc2)cc1,CCn1c(C(=O)N(C2CC2)C2CC2)cc2c3c(ncn3C)c(NCCCOC)nc21
O=C1NC(=O)C(c2c[nH]c3ccccc23)=C1Nc1ccc(OCCn2ccnc2)cc1,COc1ccc2c(-c3cnc4[nH]cc(C(=O)NC(C)C(=O)N5CC(C#N)C5)c4n3)nn(C)c2c1
O=C1NC(=O)C(c2c[nH]c3ccccc23)=C1Nc1ccc(OCCn2ccnc2)cc1,O=C1NC(=O)C(c2c[nH]c3ccccc23)=C1Nc1cccc(OCCNc2ccnc(F)c2)c1
O=C1NC(=O)C(c2c[nH]c3ccccc23)=C1Nc1ccc(OCCn2ccnc2)cc1,CCn1c(C(=O)N(C2CC2)C2CC2)cc2c3c(ncn3C)c(Nc3cc(C)[nH]n3)nc21
O=C1NC(=O)C(c2c[nH]c3ccccc23)=C1Nc1ccc(OCCn2ccnc2)cc1,CC(C)(O)C(=O)N1CCN(c2ccc(C(F)(F)F)c(C3=C(c4c[nH]c5ccccc45)C(=O)NC3=O)c2)CC1
O=C1NC(=O)C(c2c[nH]c3ccccc23)=C1Nc1ccc(OCCn2ccnc2)cc1,O=C1NC(=O)C(c2c[nH]c3ccccc23)=C1Nc1ccc(OCCNc2ccnc(F)c2)cc1
O=C1NC(=O)C(c2c[nH]c3ccccc23)=C1Nc1ccc(OCCn2ccnc2)cc1,CC(NC(=O)c1c[nH]c2ncc(-c3nn(C)c4cc(C(C)(C)C)ccc34)nc12)C(=O)N1CC(C#N)C1
O=C1NC(=O)C(c2c[nH]c3ccccc23)=C1Nc1ccc(OCCn2ccnc2)cc1,CCn1c(C(=O)N(C2CC2)C2CC2)cc2c3c(ncn3C)c(Nc3cc(C)n(C)n3)nc21
O=C1NC(=O)C(c2c[nH]c3ccccc23)=C1Nc1ccc(OCCn2ccnc2)cc1,O=C1NC(=O)C(c2c[nH]c3ccccc23)=C1Nc1cccc(OC2CCN(c3ccnc(F)c3)CC2)c1
O=C1NC(=O)C(c2c[nH]c3ccccc23)=C1Nc1ccc(OCCn2ccnc2)cc1,CCn1c(C(=O)N(C2CC2)C2CC2)cc2c3c(ncn3C)c(Nc3nc(C)c(C(=O)NC)s3)nc21
O=C1NC(=O)C(c2c[nH]c3ccccc23)=C1Nc1ccc(OCCn2ccnc2)cc1,Cn1nc(-c2cnc3[nH]cc(C(=O)NC(C(=O)N4CC(C#N)C4)C(C)(C)C)c3n2)c2ccc(Cl)cc21
O=C1NC(=O)C(c2c[nH]c3ccccc23)=C1Nc1ccc(OCCn2ccnc2)cc1,O=C1NC(=O)C(c2c[nH]c3ccccc23)=C1Nc1ccc(OCCCNc2ccnc(F)c2)cc1
O=C1NC(=O)C(c2c[nH]c3ccccc23)=C1Nc1cccc(OCCNc2cc(F)cc(F)c2)c1,CCn1c(C(=O)N(C2CC2)C2CC2)cc2c3c(ncn3C)c(Nc3ncc(C)s3)nc21
O=C1NC(=O)C(c2c[nH]c3ccccc23)=C1Nc1cccc(OCCNc2cc(F)cc(F)c2)c1,CCn1c(C(=O)N(C2CC2)C2CC2)cc2c3c(ncn3C)c(NC)nc21
O=C1NC(=O)C(c2c[nH]c3ccccc23)=C1Nc1cccc(OCCNc2cc(F)cc(F)c2)c1,CCn1nc(Nc2nc3c(cc(C(=O)N(C4CC4)C4CC4)n3CC)c3c2ncn3C)cc1C
O=C1NC(=O)C(c2c[nH]c3ccccc23)=C1Nc1cccc(OCCNc2cc(F)cc(F)c2)c1,CCn1c(C(=O)N(C2CC2)C2CC2)cc2c3c(ncn3C)c(Nc3nccs3)nc21
O=C1NC(=O)C(c2c[nH]c3ccccc23)=C1Nc1cccc(OCCNc2cc(F)cc(F)c2)c1,CCn1c(C(=O)N(C2CC2)C2CC2)cc2c3c(ncn3C)c(Nc3cc(C)nn3C)nc21
O=C1NC(=O)C(c2c[nH]c3ccccc23)=C1Nc1cccc(OCCNc2cc(F)cc(F)c2)c1,CCc1nc(Nc2nc3c(cc(C(=O)N(C4CC4)C4CC4)n3CC)c3c2ncn3C)sc1C
O=C1NC(=O)C(c2c[nH]c3ccccc23)=C1Nc1cccc(OCCNc2cc(F)cc(F)c2)c1,Cn1cc(C2=C(Nc3cccc(OCCNc4ccnc(F)c4)c3)C(=O)NC2=O)c2ccccc21
O=C1NC(=O)C(c2c[nH]c3ccccc23)=C1Nc1cccc(OCCNc2cc(F)cc(F)c2)c1,CCn1c(C(=O)N(C2CC2)C2CC2)cc2c3c(ncn3C)c(Nc3nc(C)c(S(C)(=O)=O)s3)nc21
O=C1NC(=O)C(c2c[nH]c3ccccc23)=C1Nc1cccc(OCCNc2cc(F)cc(F)c2)c1,CC(NC(=O)c1c[nH]c2ncc(-c3nn(C)c4cc(Cl)cc(F)c34)nc12)C(=O)N1CC(C#N)C1
O=C1NC(=O)C(c2c[nH]c3ccccc23)=C1Nc1cccc(OCCNc2cc(F)cc(F)c2)c1,CCn1c(C(=O)N(C2CC2)C2CC2)cc2c3c(ncn3C)c(NCCCOC)nc21
O=C1NC(=O)C(c2c[nH]c3ccccc23)=C1Nc1cccc(OCCNc2cc(F)cc(F)c2)c1,O=C1NC(=O)C(c2c[nH]c3ccccc23)=C1Nc1cccc(OCCNc2ccnc(F)c2)c1
O=C1NC(=O)C(c2c[nH]c3ccccc23)=C1Nc1cccc(OCCNc2cc(F)cc(F)c2)c1,CCn1c(C(=O)N(C2CC2)C2CC2)cc2c3c(ncn3C)c(Nc3cc(C)[nH]n3)nc21
O=C1NC(=O)C(c2c[nH]c3ccccc23)=C1Nc1cccc(OCCNc2cc(F)cc(F)c2)c1,CC(C)(O)C(=O)N1CCN(c2ccc(C(F)(F)F)c(C3=C(c4c[nH]c5ccccc45)C(=O)NC3=O)c2)CC1
O=C1NC(=O)C(c2c[nH]c3ccccc23)=C1Nc1cccc(OCCNc2cc(F)cc(F)c2)c1,O=C1NC(=O)C(c2c[nH]c3ccccc23)=C1Nc1ccc(OCCNc2ccnc(F)c2)cc1
O=C1NC(=O)C(c2c[nH]c3ccccc23)=C1Nc1cccc(OCCNc2cc(F)cc(F)c2)c1,CCn1c(C(=O)N(C2CC2)C2CC2)cc2c3c(ncn3C)c(Nc3cc(C)n(C)n3)nc21
O=C1NC(=O)C(c2c[nH]c3ccccc23)=C1Nc1cccc(OCCNc2cc(F)cc(F)c2)c1,O=C1NC(=O)C(c2c[nH]c3ccccc23)=C1Nc1cccc(OC2CCN(c3ccnc(F)c3)CC2)c1
O=C1NC(=O)C(c2c[nH]c3ccccc23)=C1Nc1cccc(OCCNc2cc(F)cc(F)c2)c1,CCn1c(C(=O)N(C2CC2)C2CC2)cc2c3c(ncn3C)c(Nc3nc(C)c(C(=O)NC)s3)nc21
O=C1NC(=O)C(c2c[nH]c3ccccc23)=C1Nc1cccc(OCCNc2cc(F)cc(F)c2)c1,Cn1nc(-c2cnc3[nH]cc(C(=O)NC(C(=O)N4CC(C#N)C4)C(C)(C)C)c3n2)c2ccc(Cl)cc21
O=C1NC(=O)C(c2c[nH]c3ccccc23)=C1Nc1cccc(OCCNc2cc(F)cc(F)c2)c1,O=C1NC(=O)C(c2c[nH]c3ccccc23)=C1Nc1ccc(OCCCNc2ccnc(F)c2)cc1
C=CC(=O)Nc1cccc(CNc2nc(Nc3cn(C)nc3C)ncc2Cl)c1,C=CC(=O)Nc1cccc(CNc2nc(Nc3ccc(N4CCN(C)CC4)cc3OC)ncc2Cl)c1
C=CC(=O)Nc1cccc(CNc2nc(Nc3cn(C)nc3C)ncc2Cl)c1,O=C(CCCCCCn1cc(Nc2ncc(Cl)c(N3CCCCC3)n2)cn1)NO
C=CC(=O)Nc1cccc(CNc2nc(Nc3cn(C)nc3C)ncc2Cl)c1,O=C(CCCCCCn1cc(Nc2ncc(Cl)c(NC3CC3)n2)cn1)NO
C=CC(=O)Nc1cccc(CNc2nc(Nc3cn(C)nc3C)ncc2Cl)c1,C=CC(=O)Nc1cccc(CNc2nc(Nc3cnn(C)c3)ncc2Cl)c1
C=CC(=O)Nc1cccc(CNc2nc(Nc3cn(C)nc3C)ncc2Cl)c1,C=CC(=O)Nc1ccc(CNc2cc(Nc3cnn(CCO)c3)ncn2)cc1
CC(O)c1nc2cnc3[nH]ccc3c2n1C1CCC(NCC(F)(F)F)CC1,CN(C)C(=O)C=Cc1ccc(-c2nc3cnc4[nH]ccc4c3n2C2CCCCC2)o1
CC(O)c1nc2cnc3[nH]ccc3c2n1C1CCC(NCC(F)(F)F)CC1,N#CCC(=O)N1CCCC(n2c(=O)[nH]c3cnc4[nH]ccc4c32)C1
CC(O)c1nc2cnc3[nH]ccc3c2n1C1CCC(NCC(F)(F)F)CC1,COc1cc2c(=O)n(C3CCCN(C(=O)CC#N)C3)c3c4cc[nH]c4ncc3c2cc1OC
CC(O)c1nc2cnc3[nH]ccc3c2n1C1CCC(NCC(F)(F)F)CC1,CCn1c(C(=O)N(C2CC2)C2CC2)cc2c3c(ncn3C)c(Nc3ncc(C)s3)nc21
CC(O)c1nc2cnc3[nH]ccc3c2n1C1CCC(NCC(F)(F)F)CC1,N#CCCNC1CCC(n2nnc3cnc4[nH]ccc4c32)CC1
CC(O)c1nc2cnc3[nH]ccc3c2n1C1CCC(NCC(F)(F)F)CC1,CC1CCC(n2c(=O)[nH]c3cnc4[nH]ccc4c32)CC1
CC(O)c1nc2cnc3[nH]ccc3c2n1C1CCC(NCC(F)(F)F)CC1,CCn1c(C(=O)N(C2CC2)C2CC2)cc2c3c(ncn3C)c(NC)nc21
CC(O)c1nc2cnc3[nH]ccc3c2n1C1CCC(NCC(F)(F)F)CC1,O=c1[nH]c2cnc3[nH]ccc3c2n1C1CCOCC1
CC(O)c1nc2cnc3[nH]ccc3c2n1C1CCC(NCC(F)(F)F)CC1,NC(=O)c1ccc2c(c1)nc(C1CCC(O)CC1)n2CCCO
CC(O)c1nc2cnc3[nH]ccc3c2n1C1CCC(NCC(F)(F)F)CC1,COc1cc2c(=O)n(C3CCCCCC3)c3c4cc[nH]c4ncc3c2cc1OC
CC(O)c1nc2cnc3[nH]ccc3c2n1C1CCC(NCC(F)(F)F)CC1,N#CCC1CCC(n2c(CNC(=O)CC3CC3)nc3cnc4[nH]ccc4c32)CC1
CC(O)c1nc2cnc3[nH]ccc3c2n1C1CCC(NCC(F)(F)F)CC1,CS(=O)(=O)N1CCC(n2c(=O)[nH]c3cnc4[nH]ccc4c32)CC1
CC(O)c1nc2cnc3[nH]ccc3c2n1C1CCC(NCC(F)(F)F)CC1,CCC(C(=O)N1CC(C#N)C1)n1c(=O)c2cc(OC)c(OC)cc2c2cnc3[nH]ccc3c21
CC(O)c1nc2cnc3[nH]ccc3c2n1C1CCC(NCC(F)(F)F)CC1,CCn1nc(Nc2nc3c(cc(C(=O)N(C4CC4)C4CC4)n3CC)c3c2ncn3C)cc1C
CC(O)c1nc2cnc3[nH]ccc3c2n1C1CCC(NCC(F)(F)F)CC1,CCn1c(C(=O)N(C2CC2)C2CC2)cc2c3c(ncn3C)c(Nc3nccs3)nc21
CC(O)c1nc2cnc3[nH]ccc3c2n1C1CCC(NCC(F)(F)F)CC1,NCCCn1c(C2CCC(O)CC2)nc2cc(C(N)=O)ccc21
CC(O)c1nc2cnc3[nH]ccc3c2n1C1CCC(NCC(F)(F)F)CC1,CCn1c(C(=O)N(C2CC2)C2CC2)cc2c3c(ncn3C)c(Nc3cc(C)nn3C)nc21
CC(O)c1nc2cnc3[nH]ccc3c2n1C1CCC(NCC(F)(F)F)CC1,CCc1nc(Nc2nc3c(cc(C(=O)N(C4CC4)C4CC4)n3CC)c3c2ncn3C)sc1C
CC(O)c1nc2cnc3[nH]ccc3c2n1C1CCC(NCC(F)(F)F)CC1,CCn1c(C(=O)N(C2CC2)C2CC2)cc2c3c(ncn3C)c(Nc3nc(C)c(S(C)(=O)=O)s3)nc21
CC(O)c1nc2cnc3[nH]ccc3c2n1C1CCC(NCC(F)(F)F)CC1,O=c1[nH]c2cnc3[nH]ccc3c2n1C1CCCCCC1
CC(O)c1nc2cnc3[nH]ccc3c2n1C1CCC(NCC(F)(F)F)CC1,CC1(C)CCCCC1n1c(=O)[nH]c2cnc3[nH]ccc3c21
CC(O)c1nc2cnc3[nH]ccc3c2n1C1CCC(NCC(F)(F)F)CC1,COc1cc2c(=O)n(C3CCCCC3)c3c4cc[nH]c4ncc3c2cc1OC
CC(O)c1nc2cnc3[nH]ccc3c2n1C1CCC(NCC(F)(F)F)CC1,Cc1nc2cnc3ccc(-c4cc(F)c(O)c(Cl)c4)cc3c2n1C1CCN(C)CC1
CC(O)c1nc2cnc3[nH]ccc3c2n1C1CCC(NCC(F)(F)F)CC1,CCn1c(C(=O)N(C2CC2)C2CC2)cc2c3c(ncn3C)c(NCCCOC)nc21
CC(O)c1nc2cnc3[nH]ccc3c2n1C1CCC(NCC(F)(F)F)CC1,CCn1c(C(=O)N(C2CC2)C2CC2)cc2c3c(ncn3C)c(Nc3cc(C)[nH]n3)nc21
CC(O)c1nc2cnc3[nH]ccc3c2n1C1CCC(NCC(F)(F)F)CC1,COc1cc2c(=O)n(C3CCCCCCC3)c3c4cc[nH]c4ncc3c2cc1OC
CC(O)c1nc2cnc3[nH]ccc3c2n1C1CCC(NCC(F)(F)F)CC1,CCC1CCCCC1n1c(=O)[nH]c2cnc3[nH]ccc3c21
CC(O)c1nc2cnc3[nH]ccc3c2n1C1CCC(NCC(F)(F)F)CC1,COc1cc2c(=O)n(C3CCCNC3)c3c4cc[nH]c4ncc3c2cc1OC
CC(O)c1nc2cnc3[nH]ccc3c2n1C1CCC(NCC(F)(F)F)CC1,N#CCC(=O)N1CCCC(n2nnc3cnc4[nH]ccc4c32)C1
CC(O)c1nc2cnc3[nH]ccc3c2n1C1CCC(NCC(F)(F)F)CC1,O=c1[nH]c2cnc3[nH]ccc3c2n1C1CCCCC1
CC(O)c1nc2cnc3[nH]ccc3c2n1C1CCC(NCC(F)(F)F)CC1,CCn1c(C(=O)N(C2CC2)C2CC2)cc2c3c(ncn3C)c(Nc3cc(C)n(C)n3)nc21
CC(O)c1nc2cnc3[nH]ccc3c2n1C1CCC(NCC(F)(F)F)CC1,CN1CCN(C(=O)C(C#N)=Cc2ccc(-c3nc4cnc5[nH]ccc5c4n3C3CCCCC3)o2)CC1
CC(O)c1nc2cnc3[nH]ccc3c2n1C1CCC(NCC(F)(F)F)CC1,CC1CCN(C(=O)CC#N)CC1n1c(=O)[nH]c2cnc3[nH]ccc3c21
CC(O)c1nc2cnc3[nH]ccc3c2n1C1CCC(NCC(F)(F)F)CC1,CC1CCCCC1n1c(=O)[nH]c2cnc3[nH]ccc3c21
CC(O)c1nc2cnc3[nH]ccc3c2n1C1CCC(NCC(F)(F)F)CC1,N#CC=Cc1ccc(-c2nc3cnc4[nH]ccc4c3n2C2CCCCC2)o1
CC(O)c1nc2cnc3[nH]ccc3c2n1C1CCC(NCC(F)(F)F)CC1,O=c1[nH]c2cnc3[nH]ccc3c2n1CC1CCCCC1
CC(O)c1nc2cnc3[nH]ccc3c2n1C1CCC(NCC(F)(F)F)CC1,COc1cc2c(=O)n(C3CCN(C)CC3)c3c4cc[nH]c4ncc3c2cc1OC
CC(O)c1nc2cnc3[nH]ccc3c2n1C1CCC(NCC(F)(F)F)CC1,CC1CCCC(n2c(=O)[nH]c3cnc4[nH]ccc4c32)C1
CC(O)c1nc2cnc3[nH]ccc3c2n1C1CCC(NCC(F)(F)F)CC1,CCn1c(C(=O)N(C2CC2)C2CC2)cc2c3c(ncn3C)c(Nc3nc(C)c(C(=O)NC)s3)nc21
CC(O)c1nc2cnc3[nH]ccc3c2n1C1CCC(NCC(F)(F)F)CC1,N#CCC1CCC(n2c(CC(=O)NCC(F)(F)F)nc3cnc4[nH]ccc4c32)CC1
CC(O)c1nc2cnc3[nH]ccc3c2n1C1CCC(NCC(F)(F)F)CC1,CC(O)Cn1c(C2CCC(O)CC2)nc2cc(C(N)=O)ccc21
COc1cc(N2CCN(C)CC2)ccc1Nc1ncc(Cl)c(NCc2cccc(NC(=O)C=CCO)c2)n1,C=CC(=O)Nc1cccc(CNc2nc(Nc3ccc(N4CCN(C)CC4)cc3OC)ncc2Cl)c1
COc1cc(N2CCN(C)CC2)ccc1Nc1ncc(Cl)c(NCc2cccc(NC(=O)C=CCO)c2)n1,C=CC(=O)Nc1cccc(CNc2nc(Nc3cnn(C)c3)ncc2Cl)c1
COc1cc(Nc2nc(NCc3cccc(NC(=O)CCl)c3)n3ccnc3c2C(N)=O)cc(OC)c1,CCn1c(C(=O)N(C2CC2)C2CC2)cc2c3c(ncn3C)c(Nc3ncc(C)s3)nc21
COc1cc(Nc2nc(NCc3cccc(NC(=O)CCl)c3)n3ccnc3c2C(N)=O)cc(OC)c1,CC(Nc1nc(Nc2cn(C)cn2)c2ccn(C3CC3)c2n1)c1ncc(F)cn1
COc1cc(Nc2nc(NCc3cccc(NC(=O)CCl)c3)n3ccnc3c2C(N)=O)cc(OC)c1,CCn1nc(Nc2nc3c(cc(C(=O)N(C4CC4)C4CC4)n3CC)c3c2ncn3C)cc1C
COc1cc(Nc2nc(NCc3cccc(NC(=O)CCl)c3)n3ccnc3c2C(N)=O)cc(OC)c1,CCn1c(C(=O)N(C2CC2)C2CC2)cc2c3c(ncn3C)c(Nc3nccs3)nc21
COc1cc(Nc2nc(NCc3cccc(NC(=O)CCl)c3)n3ccnc3c2C(N)=O)cc(OC)c1,CCn1c(C(=O)N(C2CC2)C2CC2)cc2c3c(ncn3C)c(Nc3cc(C)nn3C)nc21
COc1cc(Nc2nc(NCc3cccc(NC(=O)CCl)c3)n3ccnc3c2C(N)=O)cc(OC)c1,CCc1nc(Nc2nc3c(cc(C(=O)N(C4CC4)C4CC4)n3CC)c3c2ncn3C)sc1C
COc1cc(Nc2nc(NCc3cccc(NC(=O)CCl)c3)n3ccnc3c2C(N)=O)cc(OC)c1,CCn1c(C(=O)N(C2CC2)C2CC2)cc2c3c(ncn3C)c(Nc3nc(C)c(S(C)(=O)=O)s3)nc21
COc1cc(Nc2nc(NCc3cccc(NC(=O)CCl)c3)n3ccnc3c2C(N)=O)cc(OC)c1,CCn1c(C(=O)N(C2CC2)C2CC2)cc2c3c(ncn3C)c(Nc3cc(C)[nH]n3)nc21
COc1cc(Nc2nc(NCc3cccc(NC(=O)CCl)c3)n3ccnc3c2C(N)=O)cc(OC)c1,CCn1c(C(=O)N(C2CC2)C2CC2)cc2c3c(ncn3C)c(Nc3cc(C)n(C)n3)nc21
COc1cc(Nc2nc(NCc3cccc(NC(=O)CCl)c3)n3ccnc3c2C(N)=O)cc(OC)c1,CCn1c(C(=O)N(C2CC2)C2CC2)cc2c3c(ncn3C)c(Nc3nc(C)c(C(=O)NC)s3)nc21
C=CC(=O)Nc1cccc(CNc2nc(Nc3ccc(N4CCNCC4)cc3OC)ncc2C2CC2)c1,COc1ccc(Nc2ncc(C)c(N3CCC4(CCNC4=O)CC3)n2)cc1N
C=CC(=O)Nc1cccc(CNc2nc(Nc3ccc(N4CCNCC4)cc3OC)ncc2C2CC2)c1,COc1cc(Nc2ncc(C)c(N3CCC4(CCNC4=O)CC3)n2)cc(OC)c1OC
C=CC(=O)Nc1cccc(CNc2nc(Nc3ccc(N4CCNCC4)cc3OC)ncc2C2CC2)c1,C=CC(=O)Nc1cccc(CNc2nc(Nc3ccc(N4CCN(C)CC4)cc3OC)ncc2Cl)c1
C=CC(=O)Nc1cccc(CNc2nc(Nc3ccc(N4CCNCC4)cc3OC)ncc2C2CC2)c1,C=CC(=O)Nc1cccc(CNc2nc(Nc3cnn(C)c3)ncc2Cl)c1
C=CC(=O)Nc1cccc(CNc2nc(Nc3ccc(N4CCNCC4)cc3OC)ncc2C2CC2)c1,COc1ccc(Nc2ncc(C)c(N3CCC4(CCNC4=O)CC3)n2)cc1F
CNC(=O)c1cnc2[nH]ccc2c1NC1CCN(Cc2cccc(OC)c2)CC1F,CNC(=O)c1cnc2[nH]ccc2c1NC1CCN(Cc2ccccc2OC)CC1
CNC(=O)c1cnc2[nH]ccc2c1NC1CCN(Cc2cccc(OC)c2)CC1F,CNC(=O)c1cnc2[nH]ccc2c1NC1CCN(Cc2cccc(C#N)c2)CC1
CNC(=O)c1cnc2[nH]ccc2c1NC1CCN(Cc2cccc(OC)c2)CC1F,N#Cc1cnc(N2CCC(Nc3c(C(N)=O)cnc4[nH]ccc34)CC2)cn1
CNC(=O)c1cnc2[nH]ccc2c1NC1CCN(Cc2cccc(OC)c2)CC1F,COc1cccc(CN2CCC(Nc3c(C(N)=O)cnc4[nH]ccc34)CC2C)c1
CNC(=O)c1cnc2[nH]ccc2c1NC1CCN(Cc2cccc(OC)c2)CC1F,NC(=O)c1cnc2[nH]ccc2c1NC1CCN(Cc2ccccc2)CC1
CNC(=O)c1cnc2[nH]ccc2c1NC1CCN(Cc2cccc(OC)c2)CC1F,Cc1nccc(Nc2cc(NC3CCN(c4ccc(C#N)cn4)CC3F)c(C(N)=O)cn2)n1
CNC(=O)c1cnc2[nH]ccc2c1NC1CCN(Cc2cccc(OC)c2)CC1F,CNC(=O)c1cnc2[nH]ccc2c1NC1CCN(Cc2ccccc2)CC1
CNC(=O)c1cnc2[nH]ccc2c1NC1CCN(Cc2cccc(OC)c2)CC1F,CNC(=O)c1cnc2[nH]ccc2c1NC1CCN(Cc2ccc(C#N)cc2)C(C)C1
CNC(=O)c1cnc2[nH]ccc2c1NC1CCN(Cc2cccc(OC)c2)CC1F,N#Cc1ccc(N2CCC(Nc3c(C(N)=O)cnc4[nH]ccc34)CC2)cc1
CNC(=O)c1cnc2[nH]ccc2c1NC1CCN(Cc2cccc(OC)c2)CC1F,CNC(=O)c1cnc2[nH]ccc2c1NC1CCCN(Cc2ccc(Cl)cc2)CC1
CNC(=O)c1cnc2[nH]ccc2c1NC1CCN(Cc2cccc(OC)c2)CC1F,CNC(=O)c1cnc2[nH]ccc2c1NC1CCCN(Cc2cccc(Cl)c2)CC1
CNC(=O)c1cnc2[nH]ccc2c1NC1CCN(Cc2cccc(OC)c2)CC1F,Cc1nccc(Nc2cc(NC3CCN(c4ccc(C#N)cc4)CC3)c(C(N)=O)cn2)n1
CNC(=O)c1cnc2[nH]ccc2c1NC1CCN(Cc2cccc(OC)c2)CC1F,NC(=O)c1ccc(N2CCC(Nc3c(C(N)=O)cnc4[nH]ccc34)CC2)nc1
CNC(=O)c1cnc2[nH]ccc2c1NC1CCN(Cc2cccc(OC)c2)CC1F,CC1CC(Nc2c(C(N)=O)cnc3[nH]ccc23)CCN1Cc1cccc(Cl)c1
CNC(=O)c1cnc2[nH]ccc2c1NC1CCN(Cc2cccc(OC)c2)CC1F,CCn1c(C(=O)N(C2CC2)C2CC2)cc2c3c(ncn3C)c(Nc3nc(C)c(S(C)(=O)=O)s3)nc21
CNC(=O)c1cnc2[nH]ccc2c1NC1CCN(Cc2cccc(OC)c2)CC1F,NC(=O)c1cnc2[nH]ccc2c1NC1CCN(c2ccc(CO)cn2)CC1
CNC(=O)c1cnc2[nH]ccc2c1NC1CCN(Cc2cccc(OC)c2)CC1F,CNC(=O)c1cnc2[nH]ccc2c1NC1CCCN(Cc2ccccc2)CC1
CNC(=O)c1cnc2[nH]ccc2c1NC1CCN(Cc2cccc(OC)c2)CC1F,N#Cc1ccc(N2CCC(Nc3c(C(N)=O)cnc4[nH]ccc34)C(F)C2)nc1
CNC(=O)c1cnc2[nH]ccc2c1NC1CCN(Cc2cccc(OC)c2)CC1F,CNC(=O)c1cnc2[nH]ccc2c1NC1CCN(Cc2ccccc2)C(C)C1
CNC(=O)c1cnc2[nH]ccc2c1NC1CCN(Cc2cccc(OC)c2)CC1F,CNC(=O)c1cnc2[nH]ccc2c1NC1CCN(Cc2ccc(Cl)cc2)C1
CNC(=O)c1cnc2[nH]ccc2c1NC1CCN(Cc2cccc(OC)c2)CC1F,CC1CCCCC1Nc1c(C(N)=O)cnc2[nH]ccc12
CNC(=O)c1cnc2[nH]ccc2c1NC1CCN(Cc2cccc(OC)c2)CC1F,CNC(=O)c1cnc2[nH]ccc2c1NC1CCCN(Cc2ccc(OC)cc2)CC1
CNC(=O)c1cnc2[nH]ccc2c1NC1CCN(Cc2cccc(OC)c2)CC1F,O=C(NC1CC1)c1cnc2[nH]ccc2c1NC1CCN(Cc2ccccc2)CC1
CNC(=O)c1cnc2[nH]ccc2c1NC1CCN(Cc2cccc(OC)c2)CC1F,CNC(=O)c1cnc2[nH]ccc2c1NC1CC2CCC(C1)N2Cc1ccc(OC)cc1
CNC(=O)c1cnc2[nH]ccc2c1NC1CCN(Cc2cccc(OC)c2)CC1F,CN1CCC(Nc2c(C(N)=O)cnc3[nH]ccc23)CC1
CNC(=O)c1cnc2[nH]ccc2c1NC1CCN(Cc2cccc(OC)c2)CC1F,CC1CN(c2ccc(C#N)cn2)CCC1Nc1c(C(N)=O)cnc2[nH]ccc12
CNC(=O)c1cnc2[nH]ccc2c1NC1CCN(Cc2cccc(OC)c2)CC1F,CNC(=O)c1cnc2[nH]ccc2c1NC1CCN(Cc2cccc(OC)c2)C(C)C1
CNC(=O)c1cnc2[nH]ccc2c1NC1CCN(Cc2cccc(OC)c2)CC1F,CNC(=O)c1cnc2[nH]ccc2c1NC1CC2CCC(C1)N2Cc1cccc(OC)c1
CNC(=O)c1cnc2[nH]ccc2c1NC1CCN(Cc2cccc(OC)c2)CC1F,CNC(=O)c1cnc2[nH]ccc2c1NCC1CCN(Cc2ccc(OC)cc2)CC1
CNC(=O)c1cnc2[nH]ccc2c1NC1CCN(Cc2cccc(OC)c2)CC1F,CNC(=O)c1cnc2[nH]ccc2c1NC1CCN(Cc2cccc(Cl)c2)CC1F
CNC(=O)c1cnc2[nH]ccc2c1NC1CCN(Cc2cccc(OC)c2)CC1F,CNC(=O)c1cnc2[nH]ccc2c1NC1CCN(Cc2cccc(Cl)c2)C(C)C1
CNC(=O)c1cnc2[nH]ccc2c1NC1CCN(Cc2cccc(OC)c2)CC1F,N#Cc1ccc(N2CCC(Nc3c(C(N)=O)cnc4[nH]ccc34)CC2)nc1
CNC(=O)c1cnc2[nH]ccc2c1NC1CCN(Cc2cccc(OC)c2)CC1F,Cc1nccc(Nc2cc(NC3CCN(c4ccc(C#N)cn4)CC3)c(C(N)=O)cn2)n1
CNC(=O)c1cnc2[nH]ccc2c1NC1CCN(Cc2cccc(OC)c2)CC1F,CNC(=O)c1cnc2[nH]ccc2c1NC1CCN(Cc2cccc(Cl)c2)C1
CN(C)CCNC(=O)c1cnc(Nc2ccc3ncsc3c2)cc1NC(CO)Cc1ccccc1,Cc1cncc(Nc2cc(NC3CCN(c4ccc(C#N)cn4)CC3)c(C(N)=O)cn2)n1
CN(C)CCNC(=O)c1cnc(Nc2ccc3ncsc3c2)cc1NC(CO)Cc1ccccc1,Cc1nccc(Nc2cc(NC3CCN(c4ccc(C#N)cn4)CC3F)c(C(N)=O)cn2)n1
CN(C)CCNC(=O)c1cnc(Nc2ccc3ncsc3c2)cc1NC(CO)Cc1ccccc1,NC(=O)c1cnc(Nc2ccccc2)cc1NCc1ccccc1
CN(C)CCNC(=O)c1cnc(Nc2ccc3ncsc3c2)cc1NC(CO)Cc1ccccc1,Cc1nccc(Nc2cc(NC3CCN(c4ccc(C#N)cc4)CC3)c(C(N)=O)cn2)n1
CN(C)CCNC(=O)c1cnc(Nc2ccc3ncsc3c2)cc1NC(CO)Cc1ccccc1,CCn1c(C(=O)N(C2CC2)C2CC2)cc2c3c(ncn3C)c(Nc3nc(C)c(S(C)(=O)=O)s3)nc21
CN(C)CCNC(=O)c1cnc(Nc2ccc3ncsc3c2)cc1NC(CO)Cc1ccccc1,O=C(NC1CC1)c1cnc2[nH]ccc2c1NC1CCN(Cc2ccccc2)CC1
CN(C)CCNC(=O)c1cnc(Nc2ccc3ncsc3c2)cc1NC(CO)Cc1ccccc1,Cc1nccc(Nc2cc(NC3CCN(c4ccc(C#N)cn4)CC3)c(C(N)=O)cn2)n1
CN(C)CCNC(=O)c1cnc(Nc2ccc3ncsc3c2)cc1NC(CO)Cc1ccccc1,Cc1cnc(Nc2cc(NC3CCN(c4ccc(C#N)cn4)CC3)c(C(N)=O)cn2)cn1
CC(O)c1nc2cnc3[nH]ccc3c2n1C1CCCOC1,CN(C)C(=O)C=Cc1ccc(-c2nc3cnc4[nH]ccc4c3n2C2CCCCC2)o1
CC(O)c1nc2cnc3[nH]ccc3c2n1C1CCCOC1,N#CCC(=O)N1CCCC(n2c(=O)[nH]c3cnc4[nH]ccc4c32)C1
CC(O)c1nc2cnc3[nH]ccc3c2n1C1CCCOC1,CCn1c(C(=O)N(C2CC2)C2CC2)cc2c3c(ncn3C)c(Nc3ncc(C)s3)nc21
CC(O)c1nc2cnc3[nH]ccc3c2n1C1CCCOC1,CC1CCC(n2c(=O)[nH]c3cnc4[nH]ccc4c32)CC1
CC(O)c1nc2cnc3[nH]ccc3c2n1C1CCCOC1,CCn1c(C(=O)N(C2CC2)C2CC2)cc2c3c(ncn3C)c(NC)nc21
CC(O)c1nc2cnc3[nH]ccc3c2n1C1CCCOC1,O=c1[nH]c2cnc3[nH]ccc3c2n1C1CCOCC1
CC(O)c1nc2cnc3[nH]ccc3c2n1C1CCCOC1,NC(=O)c1ccc2c(c1)nc(C1CCC(O)CC1)n2CCCO
CC(O)c1nc2cnc3[nH]ccc3c2n1C1CCCOC1,N#CCC1CCC(n2c(CNC(=O)CC3CC3)nc3cnc4[nH]ccc4c32)CC1
CC(O)c1nc2cnc3[nH]ccc3c2n1C1CCCOC1,CS(=O)(=O)N1CCC(n2c(=O)[nH]c3cnc4[nH]ccc4c32)CC1
CC(O)c1nc2cnc3[nH]ccc3c2n1C1CCCOC1,CCn1nc(Nc2nc3c(cc(C(=O)N(C4CC4)C4CC4)n3CC)c3c2ncn3C)cc1C
CC(O)c1nc2cnc3[nH]ccc3c2n1C1CCCOC1,CCn1c(C(=O)N(C2CC2)C2CC2)cc2c3c(ncn3C)c(Nc3nccs3)nc21
CC(O)c1nc2cnc3[nH]ccc3c2n1C1CCCOC1,NCCCn1c(C2CCC(O)CC2)nc2cc(C(N)=O)ccc21
CC(O)c1nc2cnc3[nH]ccc3c2n1C1CCCOC1,CCn1c(C(=O)N(C2CC2)C2CC2)cc2c3c(ncn3C)c(Nc3cc(C)nn3C)nc21
CC(O)c1nc2cnc3[nH]ccc3c2n1C1CCCOC1,CCOC(=O)C(CC)n1c(=O)c2cc(OC)c(OC)cc2c2cnc3[nH]ccc3c21
CC(O)c1nc2cnc3[nH]ccc3c2n1C1CCCOC1,CCc1nc(Nc2nc3c(cc(C(=O)N(C4CC4)C4CC4)n3CC)c3c2ncn3C)sc1C
CC(O)c1nc2cnc3[nH]ccc3c2n1C1CCCOC1,CCn1c(C(=O)N(C2CC2)C2CC2)cc2c3c(ncn3C)c(Nc3nc(C)c(S(C)(=O)=O)s3)nc21
CC(O)c1nc2cnc3[nH]ccc3c2n1C1CCCOC1,O=c1[nH]c2cnc3[nH]ccc3c2n1C1CCCCCC1
CC(O)c1nc2cnc3[nH]ccc3c2n1C1CCCOC1,CC1(C)CCCCC1n1c(=O)[nH]c2cnc3[nH]ccc3c21
CC(O)c1nc2cnc3[nH]ccc3c2n1C1CCCOC1,Cc1nc2cnc3ccc(-c4cc(F)c(O)c(Cl)c4)cc3c2n1C1CCN(C)CC1
CC(O)c1nc2cnc3[nH]ccc3c2n1C1CCCOC1,CCn1c(C(=O)N(C2CC2)C2CC2)cc2c3c(ncn3C)c(NCCCOC)nc21
CC(O)c1nc2cnc3[nH]ccc3c2n1C1CCCOC1,CCn1c(C(=O)N(C2CC2)C2CC2)cc2c3c(ncn3C)c(Nc3cc(C)[nH]n3)nc21
CC(O)c1nc2cnc3[nH]ccc3c2n1C1CCCOC1,CCC1CCCCC1n1c(=O)[nH]c2cnc3[nH]ccc3c21
CC(O)c1nc2cnc3[nH]ccc3c2n1C1CCCOC1,NC(=O)c1ccc2c(c1)nc(C1CCC(O)CC1)n2CCO
CC(O)c1nc2cnc3[nH]ccc3c2n1C1CCCOC1,O=c1[nH]c2cnc3[nH]ccc3c2n1C1CCCCC1
CC(O)c1nc2cnc3[nH]ccc3c2n1C1CCCOC1,CCn1c(C(=O)N(C2CC2)C2CC2)cc2c3c(ncn3C)c(Nc3cc(C)n(C)n3)nc21
CC(O)c1nc2cnc3[nH]ccc3c2n1C1CCCOC1,CN1CCN(C(=O)C(C#N)=Cc2ccc(-c3nc4cnc5[nH]ccc5c4n3C3CCCCC3)o2)CC1
CC(O)c1nc2cnc3[nH]ccc3c2n1C1CCCOC1,CC1CCN(C(=O)CC#N)CC1n1c(=O)[nH]c2cnc3[nH]ccc3c21
CC(O)c1nc2cnc3[nH]ccc3c2n1C1CCCOC1,CC1CCCCC1n1c(=O)[nH]c2cnc3[nH]ccc3c21
CC(O)c1nc2cnc3[nH]ccc3c2n1C1CCCOC1,N#CC=Cc1ccc(-c2nc3cnc4[nH]ccc4c3n2C2CCCCC2)o1
CC(O)c1nc2cnc3[nH]ccc3c2n1C1CCCOC1,O=c1[nH]c2cnc3[nH]ccc3c2n1CC1CCCCC1
CC(O)c1nc2cnc3[nH]ccc3c2n1C1CCCOC1,CC1CCCC(n2c(=O)[nH]c3cnc4[nH]ccc4c32)C1
CC(O)c1nc2cnc3[nH]ccc3c2n1C1CCCOC1,CCn1c(C(=O)N(C2CC2)C2CC2)cc2c3c(ncn3C)c(Nc3nc(C)c(C(=O)NC)s3)nc21
CC(O)c1nc2cnc3[nH]ccc3c2n1C1CCCOC1,N#CCC1CCC(n2c(CC(=O)NCC(F)(F)F)nc3cnc4[nH]ccc4c32)CC1
CC(O)c1nc2cnc3[nH]ccc3c2n1C1CCCOC1,CC(O)Cn1c(C2CCC(O)CC2)nc2cc(C(N)=O)ccc21
NC(=O)c1cnc(Nc2ccc3ncsc3c2)cc1NCc1cc(F)ccc1F,Cc1cncc(Nc2cc(NC3CCN(c4ccc(C#N)cn4)CC3)c(C(N)=O)cn2)n1
NC(=O)c1cnc(Nc2ccc3ncsc3c2)cc1NCc1cc(F)ccc1F,Cc1nccc(Nc2cc(NC3CCN(c4ccc(C#N)cn4)CC3F)c(C(N)=O)cn2)n1
NC(=O)c1cnc(Nc2ccc3ncsc3c2)cc1NCc1cc(F)ccc1F,NC(=O)c1cnc(Nc2ccccc2)cc1NCc1ccccc1
NC(=O)c1cnc(Nc2ccc3ncsc3c2)cc1NCc1cc(F)ccc1F,Cc1nccc(Nc2cc(NC3CCN(c4ccc(C#N)cc4)CC3)c(C(N)=O)cn2)n1
NC(=O)c1cnc(Nc2ccc3ncsc3c2)cc1NCc1cc(F)ccc1F,Cc1nccc(Nc2cc(NC3CCN(c4ccc(C#N)cn4)CC3)c(C(N)=O)cn2)n1
NC(=O)c1cnc(Nc2ccc3ncsc3c2)cc1NCc1cc(F)ccc1F,Cc1cnc(Nc2cc(NC3CCN(c4ccc(C#N)cn4)CC3)c(C(N)=O)cn2)cn1
CC#CC(=O)NC1CCCN(c2c(F)cc(C(N)=O)c3[nH]c(C)c(C)c23)C1,Cc1ccncc1-c1cc2c(NC3CCC(C)(N)C3(C)C)c(C(N)=O)cnn2c1
CC#CC(=O)NC1CCCN(c2c(F)cc(C(N)=O)c3[nH]c(C)c(C)c23)C1,CCn1c(C(=O)N(C2CC2)C2CC2)cc2c3c(ncn3C)c(Nc3ncc(C)s3)nc21
CC#CC(=O)NC1CCCN(c2c(F)cc(C(N)=O)c3[nH]c(C)c(C)c23)C1,CN1CCN(c2ccc3c(c2)[nH]c2c(C(N)=O)cc(-c4ccc5c(cnn5C)c4)cc23)CC1
CC#CC(=O)NC1CCCN(c2c(F)cc(C(N)=O)c3[nH]c(C)c(C)c23)C1,CCn1c(C(=O)N(C2CC2)C2CC2)cc2c3c(ncn3C)c(NC)nc21
CC#CC(=O)NC1CCCN(c2c(F)cc(C(N)=O)c3[nH]c(C)c(C)c23)C1,CC(NC(=O)c1c[nH]c2ncc(-c3nn(C)c4ccc(Cl)cc34)nc12)C(=O)N1CC(C#N)C1
CC#CC(=O)NC1CCCN(c2c(F)cc(C(N)=O)c3[nH]c(C)c(C)c23)C1,COc1cccc(-c2cc3c(NC4CCC(C)(N)C4(C)C)c(C(N)=O)cnn3c2)c1
CC#CC(=O)NC1CCCN(c2c(F)cc(C(N)=O)c3[nH]c(C)c(C)c23)C1,CCn1nc(Nc2nc3c(cc(C(=O)N(C4CC4)C4CC4)n3CC)c3c2ncn3C)cc1C
CC#CC(=O)NC1CCCN(c2c(F)cc(C(N)=O)c3[nH]c(C)c(C)c23)C1,CC1(N)CCC(Nc2c(C(N)=O)cnn3cc(-c4ccc(F)cc4)cc23)C1(C)C
CC#CC(=O)NC1CCCN(c2c(F)cc(C(N)=O)c3[nH]c(C)c(C)c23)C1,CCn1c(C(=O)N(C2CC2)C2CC2)cc2c3c(ncn3C)c(Nc3nccs3)nc21
CC#CC(=O)NC1CCCN(c2c(F)cc(C(N)=O)c3[nH]c(C)c(C)c23)C1,CCn1c(C(=O)N(C2CC2)C2CC2)cc2c3c(ncn3C)c(Nc3cc(C)nn3C)nc21
CC#CC(=O)NC1CCCN(c2c(F)cc(C(N)=O)c3[nH]c(C)c(C)c23)C1,CCc1nc(Nc2nc3c(cc(C(=O)N(C4CC4)C4CC4)n3CC)c3c2ncn3C)sc1C
CC#CC(=O)NC1CCCN(c2c(F)cc(C(N)=O)c3[nH]c(C)c(C)c23)C1,Cn1cc(C2=C(Nc3cccc(OCCNc4ccnc(F)c4)c3)C(=O)NC2=O)c2ccccc21
CC#CC(=O)NC1CCCN(c2c(F)cc(C(N)=O)c3[nH]c(C)c(C)c23)C1,CCn1c(C(=O)N(C2CC2)C2CC2)cc2c3c(ncn3C)c(Nc3nc(C)c(S(C)(=O)=O)s3)nc21
CC#CC(=O)NC1CCCN(c2c(F)cc(C(N)=O)c3[nH]c(C)c(C)c23)C1,CC(C)Oc1ccc(-c2cc3c(NC4CCC(C)(N)C4(C)C)c(C(N)=O)cnn3c2)cn1
CC#CC(=O)NC1CCCN(c2c(F)cc(C(N)=O)c3[nH]c(C)c(C)c23)C1,CC(NC(=O)c1c[nH]c2ncc(-c3nn(C)c4cc(Cl)cc(F)c34)nc12)C(=O)N1CC(C#N)C1
CC#CC(=O)NC1CCCN(c2c(F)cc(C(N)=O)c3[nH]c(C)c(C)c23)C1,CN1CCN(c2ccc3c(c2)[nH]c2c(C(N)=O)cc(-c4cccc(Cl)c4)cc23)CC1
CC#CC(=O)NC1CCCN(c2c(F)cc(C(N)=O)c3[nH]c(C)c(C)c23)C1,CC1(N)CCC(Nc2c(C(N)=O)cnn3cc(-c4ccccc4F)cc23)C1(C)C
CC#CC(=O)NC1CCCN(c2c(F)cc(C(N)=O)c3[nH]c(C)c(C)c23)C1,CCn1c(C(=O)N(C2CC2)C2CC2)cc2c3c(ncn3C)c(NCCCOC)nc21
CC#CC(=O)NC1CCCN(c2c(F)cc(C(N)=O)c3[nH]c(C)c(C)c23)C1,CC(NC(=O)c1c[nH]c2ncc(-c3nn(C)c4cc(Cl)ccc34)nc12)C(=O)N1CC(C#N)C1
CC#CC(=O)NC1CCCN(c2c(F)cc(C(N)=O)c3[nH]c(C)c(C)c23)C1,CC1(N)CCC(Nc2c(C(N)=O)cnn3cc(-c4ccccc4C#N)cc23)C1(C)C
CC#CC(=O)NC1CCCN(c2c(F)cc(C(N)=O)c3[nH]c(C)c(C)c23)C1,COc1cccc(-c2cc(C(N)=O)c3[nH]c4cc(NC(=O)C5CCOCC5)ccc4c3c2)c1
CC#CC(=O)NC1CCCN(c2c(F)cc(C(N)=O)c3[nH]c(C)c(C)c23)C1,COc1ccc2c(-c3cnc4[nH]cc(C(=O)NC(C)C(=O)N5CC(C#N)C5)c4n3)nn(C)c2c1
CC#CC(=O)NC1CCCN(c2c(F)cc(C(N)=O)c3[nH]c(C)c(C)c23)C1,O=C1NC(=O)C(c2c[nH]c3ccccc23)=C1Nc1cccc(OCCNc2ccnc(F)c2)c1
CC#CC(=O)NC1CCCN(c2c(F)cc(C(N)=O)c3[nH]c(C)c(C)c23)C1,CCn1c(C(=O)N(C2CC2)C2CC2)cc2c3c(ncn3C)c(Nc3cc(C)[nH]n3)nc21
CC#CC(=O)NC1CCCN(c2c(F)cc(C(N)=O)c3[nH]c(C)c(C)c23)C1,CC1(N)CCC(Nc2c(C(N)=O)cnn3cc(-c4ccccc4Cl)cc23)C1(C)C
CC#CC(=O)NC1CCCN(c2c(F)cc(C(N)=O)c3[nH]c(C)c(C)c23)C1,NC(=O)c1cnn2cccc2c1NCc1cccc(NC(=O)Cn2sc3ccccc3c2=O)c1
CC#CC(=O)NC1CCCN(c2c(F)cc(C(N)=O)c3[nH]c(C)c(C)c23)C1,Cc1ccc(-c2cc(C(N)=O)c3[nH]c4cc(N5CCOCC5)ccc4c3c2)cn1
CC#CC(=O)NC1CCCN(c2c(F)cc(C(N)=O)c3[nH]c(C)c(C)c23)C1,CC(C)(O)C(=O)N1CCN(c2ccc(C(F)(F)F)c(C3=C(c4c[nH]c5ccccc45)C(=O)NC3=O)c2)CC1
CC#CC(=O)NC1CCCN(c2c(F)cc(C(N)=O)c3[nH]c(C)c(C)c23)C1,O=C1NC(=O)C(c2c[nH]c3ccccc23)=C1Nc1ccc(OCCNc2ccnc(F)c2)cc1
CC#CC(=O)NC1CCCN(c2c(F)cc(C(N)=O)c3[nH]c(C)c(C)c23)C1,CC(NC(=O)c1c[nH]c2ncc(-c3nn(C)c4cc(C(C)(C)C)ccc34)nc12)C(=O)N1CC(C#N)C1
CC#CC(=O)NC1CCCN(c2c(F)cc(C(N)=O)c3[nH]c(C)c(C)c23)C1,CC1(N)CCC(Nc2c(C(N)=O)cnn3cc(-c4cccc(F)c4)cc23)C1(C)C
CC#CC(=O)NC1CCCN(c2c(F)cc(C(N)=O)c3[nH]c(C)c(C)c23)C1,CCn1c(C(=O)N(C2CC2)C2CC2)cc2c3c(ncn3C)c(Nc3cc(C)n(C)n3)nc21
CC#CC(=O)NC1CCCN(c2c(F)cc(C(N)=O)c3[nH]c(C)c(C)c23)C1,O=C1NC(=O)C(c2c[nH]c3ccccc23)=C1Nc1cccc(OC2CCN(c3ccnc(F)c3)CC2)c1
CC#CC(=O)NC1CCCN(c2c(F)cc(C(N)=O)c3[nH]c(C)c(C)c23)C1,CN1CCN(c2ccc3c(c2)[nH]c2c(C(N)=O)cc(-c4ccc(CN5CCOCC5)c(Cl)c4)cc23)CC1
CC#CC(=O)NC1CCCN(c2c(F)cc(C(N)=O)c3[nH]c(C)c(C)c23)C1,CC(C)C(C)n1cc(-c2cc(C3CCOCC3)n(C)n2)c2[nH]nc(N)c2c1=O
CC#CC(=O)NC1CCCN(c2c(F)cc(C(N)=O)c3[nH]c(C)c(C)c23)C1,CC1(N)CCC(Nc2c(C(N)=O)cnn3cc(-c4ccc(F)nc4)cc23)C1(C)C
CC#CC(=O)NC1CCCN(c2c(F)cc(C(N)=O)c3[nH]c(C)c(C)c23)C1,CC1(N)CCC(Nc2c(C(N)=O)cnn3cc(-c4ccncc4F)cc23)C1(C)C
CC#CC(=O)NC1CCCN(c2c(F)cc(C(N)=O)c3[nH]c(C)c(C)c23)C1,CN1CCN(c2ccc3c(c2)[nH]c2c(C(N)=O)cc(-c4ccccc4)cc23)CC1
CC#CC(=O)NC1CCCN(c2c(F)cc(C(N)=O)c3[nH]c(C)c(C)c23)C1,CCNC(=O)c1ncc(Nc2ncc(F)c(N3CC4CCC(C3)N4C(=O)C3CC3)n2)cc1C
CC#CC(=O)NC1CCCN(c2c(F)cc(C(N)=O)c3[nH]c(C)c(C)c23)C1,COc1ccc(-c2cc3c(NC4CCC(C)(N)C4(C)C)c(C(N)=O)cnn3c2)cn1
CC#CC(=O)NC1CCCN(c2c(F)cc(C(N)=O)c3[nH]c(C)c(C)c23)C1,CCn1c(C(=O)N(C2CC2)C2CC2)cc2c3c(ncn3C)c(Nc3nc(C)c(C(=O)NC)s3)nc21
CC#CC(=O)NC1CCCN(c2c(F)cc(C(N)=O)c3[nH]c(C)c(C)c23)C1,Cn1nc(-c2cnc3[nH]cc(C(=O)NC(C(=O)N4CC(C#N)C4)C(C)(C)C)c3n2)c2ccc(Cl)cc21
CC#CC(=O)NC1CCCN(c2c(F)cc(C(N)=O)c3[nH]c(C)c(C)c23)C1,O=C1NC(=O)C(c2c[nH]c3ccccc23)=C1Nc1ccc(OCCCNc2ccnc(F)c2)cc1
CC#CC(=O)NC1CCCN(c2c(F)cc(C(N)=O)c3[nH]c(C)c(C)c23)C1,Cc1ccc(-c2cc3c(NC4CCC(C)(N)C4(C)C)c(C(N)=O)cnn3c2)cn1
C=CC(=O)Nc1cccc(CNc2nc(Nc3cc(F)c(N4CCOCC4)cc3F)ncc2Cl)c1,C=CC(=O)Nc1cccc(CNc2nc(Nc3ccc(N4CCN(C)CC4)cc3OC)ncc2Cl)c1
C=CC(=O)Nc1cccc(CNc2nc(Nc3cc(F)c(N4CCOCC4)cc3F)ncc2Cl)c1,C=CC(=O)Nc1cccc(CNc2nc(Nc3cnn(C)c3)ncc2Cl)c1
Cc1[nH]nc2[nH]c(=O)cc(C3CCC(NC(=O)C4CC4(F)F)CC3)c12,Cc1[nH]nc2[nH]c(=O)cc(C3CCC(NC(=O)C4CCCC4)CC3)c12
Cc1[nH]nc2[nH]c(=O)cc(C3CCC(NC(=O)C4CC4(F)F)CC3)c12,O=c1cc(C2CCCCC2)c2c[nH]nc2[nH]1
Cc1[nH]nc2[nH]c(=O)cc(C3CCC(NC(=O)C4CC4(F)F)CC3)c12,Cc1[nH]nc2[nH]c(=O)cc(CC3CCC3)c12
Cc1[nH]nc2[nH]c(=O)cc(C3CCC(NC(=O)C4CC4(F)F)CC3)c12,Cc1[nH]nc2[nH]c(=O)c(CO)c(C3CCCCC3)c12
Cc1[nH]nc2[nH]c(=O)cc(C3CCC(NC(=O)C4CC4(F)F)CC3)c12,CCc1[nH]nc2[nH]c(=O)cc(C3CCCCC3)c12
Cc1[nH]nc2[nH]c(=O)cc(C3CCC(NC(=O)C4CC4(F)F)CC3)c12,O=c1cc(C2CCCCC2)c2c(C3CC3)[nH]nc2[nH]1
Cc1[nH]nc2[nH]c(=O)cc(C3CCC(NC(=O)C4CC4(F)F)CC3)c12,Cc1[nH]nc2[nH]c(=O)cc(C3CCC(CC(=O)N4CCC(c5ccccc5)C4)CC3)c12
Cc1[nH]nc2[nH]c(=O)cc(C3CCC(NC(=O)C4CC4(F)F)CC3)c12,Cc1[nH]nc2[nH]c(=O)cc(C3CCC(NS(=O)(=O)C4CC4)CC3)c12
Cc1[nH]nc2[nH]c(=O)cc(C3CCC(NC(=O)C4CC4(F)F)CC3)c12,Cc1[nH]nc2[nH]c(=O)cc(C3CC4CCC3C4)c12
Cc1[nH]nc2[nH]c(=O)cc(C3CCC(NC(=O)C4CC4(F)F)CC3)c12,Cc1[nH]nc2[nH]c(=O)c(C#N)c(C3CCCCC3)c12
Cc1[nH]nc2[nH]c(=O)cc(C3CCC(NC(=O)C4CC4(F)F)CC3)c12,Cc1[nH]nc2[nH]c(=O)c(CCO)c(C3CCCCC3)c12
Cc1[nH]nc2[nH]c(=O)cc(C3CCC(NC(=O)C4CC4(F)F)CC3)c12,Cc1[nH]nc2[nH]c(=O)cc(C3CCC(NC(=O)C4CC4)CC3)c12
Cc1[nH]nc2[nH]c(=O)cc(C3CCC(NC(=O)C4CC4(F)F)CC3)c12,Cc1[nH]nc2[nH]c(=O)cc(C3CCC(CC(=O)N4CC(C#N)C4)CC3)c12
Cc1[nH]nc2[nH]c(=O)cc(C3CCC(NC(=O)C4CC4(F)F)CC3)c12,Cc1[nH]nc2[nH]c(=O)cc(C3CCC(N)CC3)c12
Cc1[nH]nc2[nH]c(=O)cc(C3CCC(NC(=O)C4CC4(F)F)CC3)c12,Cc1[nH]nc2[nH]c(=O)cc(C3CCC(CC#N)CC3)c12
Cc1[nH]nc2[nH]c(=O)cc(C3CCC(NC(=O)C4CC4(F)F)CC3)c12,Cc1[nH]nc2[nH]c(=O)cc(C3CCC(C(=O)NC4CC4)CC3)c12
C=CC(=O)Nc1cccc(C(C)Nc2nc(Nc3cnn(CCOC)c3)ncc2Cl)c1,C=CC(=O)Nc1cccc(CNc2nc(Nc3ccc(N4CCN(C)CC4)cc3OC)ncc2Cl)c1
C=CC(=O)Nc1cccc(C(C)Nc2nc(Nc3cnn(CCOC)c3)ncc2Cl)c1,O=C(CCCCCCn1cc(Nc2ncc(Cl)c(Nc3ccc(Cl)cc3)n2)cn1)NO
C=CC(=O)Nc1cccc(C(C)Nc2nc(Nc3cnn(CCOC)c3)ncc2Cl)c1,Cc1cnc(Nc2cnn(C(C)C)c2)nc1N1CCC2(CCNC2=O)CC1
C=CC(=O)Nc1cccc(C(C)Nc2nc(Nc3cnn(CCOC)c3)ncc2Cl)c1,O=C(CCCCCCn1cc(Nc2ncc(Cl)c(N3CCCCC3)n2)cn1)NO
C=CC(=O)Nc1cccc(C(C)Nc2nc(Nc3cnn(CCOC)c3)ncc2Cl)c1,O=C(CCCCCCn1cc(Nc2ncc(Cl)c(NC3CC3)n2)cn1)NO
C=CC(=O)Nc1cccc(C(C)Nc2nc(Nc3cnn(CCOC)c3)ncc2Cl)c1,C=CC(=O)Nc1cccc(CNc2nc(Nc3cnn(C)c3)ncc2Cl)c1
C=CC(=O)Nc1cccc(C(C)Nc2nc(Nc3cnn(CCOC)c3)ncc2Cl)c1,O=C(CCCCCCn1cc(Nc2ncc(Cl)c(Nc3cccc(Cl)c3)n2)cn1)NO
C=CC(=O)Nc1cccc(C(C)Nc2nc(Nc3cnn(CCOC)c3)ncc2Cl)c1,O=C(CCCCCn1cc(Nc2ncc(Cl)c(Nc3ccc(Cl)cc3)n2)cn1)NO
C=CC(=O)Nc1cccc(C(C)Nc2nc(Nc3cnn(CCOC)c3)ncc2Cl)c1,C=CC(=O)Nc1ccc(CNc2cc(Nc3cnn(CCO)c3)ncn2)cc1
C=CC(=O)Nc1cccc(C(C)Nc2nc(Nc3cnn(CCOC)c3)ncc2Cl)c1,O=C(C1CC1)N1C2CCC1CN(c1nc(Nc3cnn(CCO)c3)ncc1F)C2
CS(=O)(=O)c1nccc(-c2c(-c3cccc(OCc4ccccc4)c3)nc3sccn23)n1,CCn1c(C(=O)N(C2CC2)C2CC2)cc2c3c(ncn3C)c(Nc3ncc(C)s3)nc21
CS(=O)(=O)c1nccc(-c2c(-c3cccc(OCc4ccccc4)c3)nc3sccn23)n1,CCn1nc(Nc2nc3c(cc(C(=O)N(C4CC4)C4CC4)n3CC)c3c2ncn3C)cc1C
CS(=O)(=O)c1nccc(-c2c(-c3cccc(OCc4ccccc4)c3)nc3sccn23)n1,CCn1c(C(=O)N(C2CC2)C2CC2)cc2c3c(ncn3C)c(Nc3nccs3)nc21
CS(=O)(=O)c1nccc(-c2c(-c3cccc(OCc4ccccc4)c3)nc3sccn23)n1,CCn1c(C(=O)N(C2CC2)C2CC2)cc2c3c(ncn3C)c(Nc3cc(C)nn3C)nc21
CS(=O)(=O)c1nccc(-c2c(-c3cccc(OCc4ccccc4)c3)nc3sccn23)n1,CCc1nc(Nc2nc3c(cc(C(=O)N(C4CC4)C4CC4)n3CC)c3c2ncn3C)sc1C
CS(=O)(=O)c1nccc(-c2c(-c3cccc(OCc4ccccc4)c3)nc3sccn23)n1,CCn1c(C(=O)N(C2CC2)C2CC2)cc2c3c(ncn3C)c(Nc3nc(C)c(S(C)(=O)=O)s3)nc21
CS(=O)(=O)c1nccc(-c2c(-c3cccc(OCc4ccccc4)c3)nc3sccn23)n1,CC(NC(=O)c1c[nH]c2ncc(-c3nn(C)c4cc(Cl)cc(F)c34)nc12)C(=O)N1CC(C#N)C1
CS(=O)(=O)c1nccc(-c2c(-c3cccc(OCc4ccccc4)c3)nc3sccn23)n1,COc1ccc2c(-c3cnc4[nH]cc(C(=O)NC(C)C(=O)N5CC(C#N)C5)c4n3)nn(C)c2c1
CS(=O)(=O)c1nccc(-c2c(-c3cccc(OCc4ccccc4)c3)nc3sccn23)n1,CC(NC(=O)c1c[nH]c2ncc(-c3nn(C)c4cc(C(C)(C)C)ccc34)nc12)C(=O)N1CC(C#N)C1
CS(=O)(=O)c1nccc(-c2c(-c3cccc(OCc4ccccc4)c3)nc3sccn23)n1,CC(NC(=O)c1c[nH]c2ncc(-c3ncn4cc(F)ccc34)nc12)C(=O)N1CC(C#N)C1
CS(=O)(=O)c1nccc(-c2c(-c3cccc(OCc4ccccc4)c3)nc3sccn23)n1,CCn1c(C(=O)N(C2CC2)C2CC2)cc2c3c(ncn3C)c(Nc3nc(C)c(C(=O)NC)s3)nc21
CS(=O)(=O)c1nccc(-c2c(-c3cccc(OCc4ccccc4)c3)nc3sccn23)n1,Cn1nc(-c2cnc3[nH]cc(C(=O)NC(C(=O)N4CC(C#N)C4)C(C)(C)C)c3n2)c2ccc(Cl)cc21
C=CC(=O)Nc1cccc(CNc2nc(Nc3ccc(N4CCN(C)CC4)cc3OC)nc3[nH]ccc23)c1,C=CC(=O)Nc1cccc(CNc2nc(Nc3ccc(N4CCN(C)CC4)cc3OC)ncc2Cl)c1
C=CC(=O)Nc1cccc(CNc2nc(Nc3ccc(N4CCN(C)CC4)cc3OC)nc3[nH]ccc23)c1,C=CC(=O)Nc1cccc(CNc2nc(Nc3cnn(C)c3)ncc2Cl)c1
C=CC(=O)Nc1cccc(C(C)Nc2nc(Nc3ccc(N4CCN(C)CC4)cc3OC)ncc2Cl)c1,C=CC(=O)Nc1cccc(CNc2nc(Nc3ccc(N4CCN(C)CC4)cc3OC)ncc2Cl)c1
C=CC(=O)Nc1cccc(C(C)Nc2nc(Nc3ccc(N4CCN(C)CC4)cc3OC)ncc2Cl)c1,C=CC(=O)Nc1cccc(CNc2nc(Nc3cnn(C)c3)ncc2Cl)c1
C=CC(=O)Nc1cccc(CNc2nc(Nc3cc(C)c(N4CCN(C)CC4)cc3OC)ncc2Cl)c1,C=CC(=O)Nc1cccc(CNc2nc(Nc3ccc(N4CCN(C)CC4)cc3OC)ncc2Cl)c1
C=CC(=O)Nc1cccc(CNc2nc(Nc3cc(C)c(N4CCN(C)CC4)cc3OC)ncc2Cl)c1,C=CC(=O)Nc1cccc(CNc2nc(Nc3cnn(C)c3)ncc2Cl)c1
CN1CCC(NC(=O)c2ccc(Nc3cc(NCc4ccccc4)c(C(N)=O)cn3)cc2)CC1,Cc1cncc(Nc2cc(NC3CCN(c4ccc(C#N)cn4)CC3)c(C(N)=O)cn2)n1
CN1CCC(NC(=O)c2ccc(Nc3cc(NCc4ccccc4)c(C(N)=O)cn3)cc2)CC1,Cc1nccc(Nc2cc(NC3CCN(c4ccc(C#N)cn4)CC3F)c(C(N)=O)cn2)n1
CN1CCC(NC(=O)c2ccc(Nc3cc(NCc4ccccc4)c(C(N)=O)cn3)cc2)CC1,NC(=O)c1cnc(Nc2ccccc2)cc1NCc1ccccc1
CN1CCC(NC(=O)c2ccc(Nc3cc(NCc4ccccc4)c(C(N)=O)cn3)cc2)CC1,Cc1nccc(Nc2cc(NC3CCN(c4ccc(C#N)cc4)CC3)c(C(N)=O)cn2)n1
CN1CCC(NC(=O)c2ccc(Nc3cc(NCc4ccccc4)c(C(N)=O)cn3)cc2)CC1,Cc1nccc(Nc2cc(NC3CCN(c4ccc(C#N)cn4)CC3)c(C(N)=O)cn2)n1
CN1CCC(NC(=O)c2ccc(Nc3cc(NCc4ccccc4)c(C(N)=O)cn3)cc2)CC1,Cc1cnc(Nc2cc(NC3CCN(c4ccc(C#N)cn4)CC3)c(C(N)=O)cn2)cn1
C=CC(=O)NCCOc1cc(Cc2ccccc2)cc2[nH]c(-c3n[nH]c4cc(-c5cn[nH]c5)ccc34)cc12,CC(NC(=O)c1c[nH]c2ncc(-c3nn(C)c4ccc(Cl)cc34)nc12)C(=O)N1CC(C#N)C1
C=CC(=O)NCCOc1cc(Cc2ccccc2)cc2[nH]c(-c3n[nH]c4cc(-c5cn[nH]c5)ccc34)cc12,COc1cccc(-c2cc3c(NC4CCC(C)(N)C4(C)C)c(C(N)=O)cnn3c2)c1
C=CC(=O)NCCOc1cc(Cc2ccccc2)cc2[nH]c(-c3n[nH]c4cc(-c5cn[nH]c5)ccc34)cc12,CCn1nc(Nc2nc3c(cc(C(=O)N(C4CC4)C4CC4)n3CC)c3c2ncn3C)cc1C
C=CC(=O)NCCOc1cc(Cc2ccccc2)cc2[nH]c(-c3n[nH]c4cc(-c5cn[nH]c5)ccc34)cc12,CCn1c(C(=O)N(C2CC2)C2CC2)cc2c3c(ncn3C)c(Nc3cc(C)nn3C)nc21
C=CC(=O)NCCOc1cc(Cc2ccccc2)cc2[nH]c(-c3n[nH]c4cc(-c5cn[nH]c5)ccc34)cc12,CCn1c(C(=O)N(C2CC2)C2CC2)cc2c3c(ncn3C)c(Nc3nc(C)c(S(C)(=O)=O)s3)nc21
C=CC(=O)NCCOc1cc(Cc2ccccc2)cc2[nH]c(-c3n[nH]c4cc(-c5cn[nH]c5)ccc34)cc12,CC(C)Oc1ccc(-c2cc3c(NC4CCC(C)(N)C4(C)C)c(C(N)=O)cnn3c2)cn1
C=CC(=O)NCCOc1cc(Cc2ccccc2)cc2[nH]c(-c3n[nH]c4cc(-c5cn[nH]c5)ccc34)cc12,CC(NC(=O)c1c[nH]c2ncc(-c3nn(C)c4cc(Cl)cc(F)c34)nc12)C(=O)N1CC(C#N)C1
C=CC(=O)NCCOc1cc(Cc2ccccc2)cc2[nH]c(-c3n[nH]c4cc(-c5cn[nH]c5)ccc34)cc12,CC(NC(=O)c1c[nH]c2ncc(-c3nn(C)c4cc(Cl)ccc34)nc12)C(=O)N1CC(C#N)C1
C=CC(=O)NCCOc1cc(Cc2ccccc2)cc2[nH]c(-c3n[nH]c4cc(-c5cn[nH]c5)ccc34)cc12,COc1ccc2c(-c3cnc4[nH]cc(C(=O)NC(C)C(=O)N5CC(C#N)C5)c4n3)nn(C)c2c1
C=CC(=O)NCCOc1cc(Cc2ccccc2)cc2[nH]c(-c3n[nH]c4cc(-c5cn[nH]c5)ccc34)cc12,COc1ccc(-c2cc3c(NC(CO)CC(C)C)c(C(N)=O)cnn3c2)cn1
C=CC(=O)NCCOc1cc(Cc2ccccc2)cc2[nH]c(-c3n[nH]c4cc(-c5cn[nH]c5)ccc34)cc12,COc1ccc(-c2cc3c(NC4CCC(C)(N)C4(C)C)c(C(N)=O)cnn3c2)cc1
C=CC(=O)NCCOc1cc(Cc2ccccc2)cc2[nH]c(-c3n[nH]c4cc(-c5cn[nH]c5)ccc34)cc12,CC(NC(=O)c1c[nH]c2ncc(-c3nn(C)c4cc(C(C)(C)C)ccc34)nc12)C(=O)N1CC(C#N)C1
C=CC(=O)NCCOc1cc(Cc2ccccc2)cc2[nH]c(-c3n[nH]c4cc(-c5cn[nH]c5)ccc34)cc12,CC(NC(=O)c1c[nH]c2ncc(-c3nn(C)c4ccccc34)nc12)C(=O)N1CC(C#N)C1
C=CC(=O)NCCOc1cc(Cc2ccccc2)cc2[nH]c(-c3n[nH]c4cc(-c5cn[nH]c5)ccc34)cc12,COc1ccc(-c2cc3c(NC4CCC(C)(N)C4(C)C)c(C(N)=O)cnn3c2)cn1
C=CC(=O)NCCOc1cc(Cc2ccccc2)cc2[nH]c(-c3n[nH]c4cc(-c5cn[nH]c5)ccc34)cc12,CCn1c(C(=O)N(C2CC2)C2CC2)cc2c3c(ncn3C)c(Nc3nc(C)c(C(=O)NC)s3)nc21
C=CC(=O)NCCOc1cc(Cc2ccccc2)cc2[nH]c(-c3n[nH]c4cc(-c5cn[nH]c5)ccc34)cc12,Cn1nc(-c2cnc3[nH]cc(C(=O)NC(C(=O)N4CC(C#N)C4)C(C)(C)C)c3n2)c2ccc(Cl)cc21
C=CC(=O)NCCOc1cc(Cc2ccccc2)cc2[nH]c(-c3n[nH]c4cc(-c5cn[nH]c5)ccc34)cc12,COc1cc(-c2cc3c(NC4CCC(C)(N)C4(C)C)c(C(N)=O)cnn3c2)ccn1
C=CC(=O)Nc1cccc(Oc2nc(Nc3ccc(N4CCN(C)CC4)cc3OC)ncc2Cl)c1,C=CC(=O)Nc1cccc(CNc2nc(Nc3ccc(N4CCN(C)CC4)cc3OC)ncc2Cl)c1
C=CC(=O)N1CCC2CCN(c3ncnc4[nH]ccc34)C2C1,CC1CCN(C(=O)N2CCCC2)CC1N(C)c1ncnc2[nH]ccc12
C=CC(=O)N1CCC2CCN(c3ncnc4[nH]ccc34)C2C1,CN(c1ncnc2[nH]ccc12)C1CN(S(=O)(=O)c2cccc(C#N)c2)CC12CC2
C=CC(=O)N1CCC2CCN(c3ncnc4[nH]ccc34)C2C1,CC1C2CN(c3nc(Nc4cnn(C)c4)ncc3F)CC12NC(=O)C1CC1(F)F
C=CC(=O)N1CCC2CCN(c3ncnc4[nH]ccc34)C2C1,Cn1cc(Nc2ncc(F)c(N3CC4CCC(C3)N4C(=O)C3CC3)n2)cn1
C=CC(=O)N1CCC2CCN(c3ncnc4[nH]ccc34)C2C1,CN(c1ncnc2[nH]ccc12)N1CCCN(C(=O)CC(F)(F)F)CC1
C=CC(=O)N1CCC2CCN(c3ncnc4[nH]ccc34)C2C1,CC1CN(C(=O)CC#N)C12CCN(c1ncnc3[nH]ccc13)C2
C=CC(=O)N1CCC2CCN(c3ncnc4[nH]ccc34)C2C1,CC1CCCN(c2ncnc3[nH]cc(-c4cccc(C#N)c4)c23)C1
C=CC(=O)N1CCC2CCN(c3ncnc4[nH]ccc34)C2C1,CCNC(=O)c1ccc(Nc2ncc(F)c(N3CC4CCC(C3)N4C(=O)C3CC3)n2)cc1
C=CC(=O)N1CCC2CCN(c3ncnc4[nH]ccc34)C2C1,CCNC(=O)c1ncc(Nc2ncc(F)c(N3CC4CCC(C3)N4C(=O)C3CC3)n2)cc1C
C=CC(=O)N1CCC2CCN(c3ncnc4[nH]ccc34)C2C1,CN(c1ncnc2[nH]ccc12)C1CCN(C(=O)CC#N)C1
CC#CC(=O)N1CCCC1c1nc(-c2ccc(C(=O)Nc3ccccn3)cc2)c2c(N)nccn12,O=C(Nc1nc2cccc(-c3ccc(C(=O)N4CC(F)(F)C4)cc3)n2n1)C1CC1
CC#CC(=O)N1CCCC1c1nc(-c2ccc(C(=O)Nc3ccccn3)cc2)c2c(N)nccn12,CCn1c(C(=O)N(C2CC2)C2CC2)cc2c3c(ncn3C)c(Nc3ncc(C)s3)nc21
CC#CC(=O)N1CCCC1c1nc(-c2ccc(C(=O)Nc3ccccn3)cc2)c2c(N)nccn12,CCn1c(C(=O)N(C2CC2)C2CC2)cc2c3c(ncn3C)c(NC)nc21
CC#CC(=O)N1CCCC1c1nc(-c2ccc(C(=O)Nc3ccccn3)cc2)c2c(N)nccn12,CC(NC(=O)c1c[nH]c2ncc(-c3nn(C)c4ccc(Cl)cc34)nc12)C(=O)N1CC(C#N)C1
CC#CC(=O)N1CCCC1c1nc(-c2ccc(C(=O)Nc3ccccn3)cc2)c2c(N)nccn12,CC(NC(=O)c1c[nH]c2ncc(-c3cn(C)c4cc(Cl)ccc34)nc12)C(=O)N1CC(C#N)C1
CC#CC(=O)N1CCCC1c1nc(-c2ccc(C(=O)Nc3ccccn3)cc2)c2c(N)nccn12,CCn1nc(Nc2nc3c(cc(C(=O)N(C4CC4)C4CC4)n3CC)c3c2ncn3C)cc1C
CC#CC(=O)N1CCCC1c1nc(-c2ccc(C(=O)Nc3ccccn3)cc2)c2c(N)nccn12,CCn1c(C(=O)N(C2CC2)C2CC2)cc2c3c(ncn3C)c(Nc3nccs3)nc21
CC#CC(=O)N1CCCC1c1nc(-c2ccc(C(=O)Nc3ccccn3)cc2)c2c(N)nccn12,CCn1c(C(=O)N(C2CC2)C2CC2)cc2c3c(ncn3C)c(Nc3cc(C)nn3C)nc21
CC#CC(=O)N1CCCC1c1nc(-c2ccc(C(=O)Nc3ccccn3)cc2)c2c(N)nccn12,CCc1nc(Nc2nc3c(cc(C(=O)N(C4CC4)C4CC4)n3CC)c3c2ncn3C)sc1C
CC#CC(=O)N1CCCC1c1nc(-c2ccc(C(=O)Nc3ccccn3)cc2)c2c(N)nccn12,Cn1cc(C2=C(Nc3cccc(OCCNc4ccnc(F)c4)c3)C(=O)NC2=O)c2ccccc21
CC#CC(=O)N1CCCC1c1nc(-c2ccc(C(=O)Nc3ccccn3)cc2)c2c(N)nccn12,CCn1c(C(=O)N(C2CC2)C2CC2)cc2c3c(ncn3C)c(Nc3nc(C)c(S(C)(=O)=O)s3)nc21
CC#CC(=O)N1CCCC1c1nc(-c2ccc(C(=O)Nc3ccccn3)cc2)c2c(N)nccn12,CC(NC(=O)c1c[nH]c2ncc(-c3nn(C)c4cc(Cl)cc(F)c34)nc12)C(=O)N1CC(C#N)C1
CC#CC(=O)N1CCCC1c1nc(-c2ccc(C(=O)Nc3ccccn3)cc2)c2c(N)nccn12,CC(C)C(C)n1cc(-c2cc(N3CCOCC3)n(C)n2)c2[nH]nc(N)c2c1=O
CC#CC(=O)N1CCCC1c1nc(-c2ccc(C(=O)Nc3ccccn3)cc2)c2c(N)nccn12,CCn1c(C(=O)N(C2CC2)C2CC2)cc2c3c(ncn3C)c(NCCCOC)nc21
CC#CC(=O)N1CCCC1c1nc(-c2ccc(C(=O)Nc3ccccn3)cc2)c2c(N)nccn12,CC(NC(=O)c1c[nH]c2ncc(-c3nn(C)c4cc(Cl)ccc34)nc12)C(=O)N1CC(C#N)C1
CC#CC(=O)N1CCCC1c1nc(-c2ccc(C(=O)Nc3ccccn3)cc2)c2c(N)nccn12,CC1(N)CCC(Nc2c(C(N)=O)cnn3cc(-c4ccccc4C#N)cc23)C1(C)C
CC#CC(=O)N1CCCC1c1nc(-c2ccc(C(=O)Nc3ccccn3)cc2)c2c(N)nccn12,COc1ccc2c(-c3cnc4[nH]cc(C(=O)NC(C)C(=O)N5CC(C#N)C5)c4n3)nn(C)c2c1
CC#CC(=O)N1CCCC1c1nc(-c2ccc(C(=O)Nc3ccccn3)cc2)c2c(N)nccn12,CCn1c(C(=O)N(C2CC2)C2CC2)cc2c3c(ncn3C)c(Nc3cc(C)[nH]n3)nc21
CC#CC(=O)N1CCCC1c1nc(-c2ccc(C(=O)Nc3ccccn3)cc2)c2c(N)nccn12,NC(=O)c1cnn2cccc2c1NCc1cccc(NC(=O)Cn2sc3ccccc3c2=O)c1
CC#CC(=O)N1CCCC1c1nc(-c2ccc(C(=O)Nc3ccccn3)cc2)c2c(N)nccn12,CC(NC(=O)c1c[nH]c2ncc(-c3nn(C)c4cc(C(C)(C)C)ccc34)nc12)C(=O)N1CC(C#N)C1
CC#CC(=O)N1CCCC1c1nc(-c2ccc(C(=O)Nc3ccccn3)cc2)c2c(N)nccn12,CC(NC(=O)c1c[nH]c2ncc(-c3nn(C)c4ccccc34)nc12)C(=O)N1CC(C#N)C1
CC#CC(=O)N1CCCC1c1nc(-c2ccc(C(=O)Nc3ccccn3)cc2)c2c(N)nccn12,CCn1c(C(=O)N(C2CC2)C2CC2)cc2c3c(ncn3C)c(Nc3cc(C)n(C)n3)nc21
CC#CC(=O)N1CCCC1c1nc(-c2ccc(C(=O)Nc3ccccn3)cc2)c2c(N)nccn12,CN1CCN(C(=O)C(C#N)=Cc2ccc(-c3nc4cnc5[nH]ccc5c4n3C3CCCCC3)o2)CC1
CC#CC(=O)N1CCCC1c1nc(-c2ccc(C(=O)Nc3ccccn3)cc2)c2c(N)nccn12,CC(C)C(C)n1cc(-c2cc(N3CCS(=O)(=O)CC3)n(C)n2)c2[nH]nc(N)c2c1=O
CC#CC(=O)N1CCCC1c1nc(-c2ccc(C(=O)Nc3ccccn3)cc2)c2c(N)nccn12,CC(NC(=O)c1c[nH]c2ncc(-c3ncn4cc(F)ccc34)nc12)C(=O)N1CC(C#N)C1
CC#CC(=O)N1CCCC1c1nc(-c2ccc(C(=O)Nc3ccccn3)cc2)c2c(N)nccn12,CC(C)C(C)n1cc(-c2cc(C3CCOCC3)n(C)n2)c2[nH]nc(N)c2c1=O
CC#CC(=O)N1CCCC1c1nc(-c2ccc(C(=O)Nc3ccccn3)cc2)c2c(N)nccn12,CC(=O)NC1CCc2ccc(Oc3cnc4[nH]cc(C(=O)NC(C(=O)N5CC(C#N)C5)C5CC5)c4n3)cc21
CC#CC(=O)N1CCCC1c1nc(-c2ccc(C(=O)Nc3ccccn3)cc2)c2c(N)nccn12,CCn1c(C(=O)N(C2CC2)C2CC2)cc2c3c(ncn3C)c(Nc3nc(C)c(C(=O)NC)s3)nc21
CC#CC(=O)N1CCCC1c1nc(-c2ccc(C(=O)Nc3ccccn3)cc2)c2c(N)nccn12,Cn1nc(-c2cnc3[nH]cc(C(=O)NC(C(=O)N4CC(C#N)C4)C(C)(C)C)c3n2)c2ccc(Cl)cc21
CC#CC(=O)N1CCCC1c1nc(-c2ccc(C(=O)Nc3ccccn3)cc2)c2c(N)nccn12,CCOC(C)n1cc(-c2nc(Nc3ccc4c(c3)CCN4S(=O)(=O)c3ccc(C(F)(F)F)cc3)ncc2C)cn1
C=CC(=O)N1CCCC(n2nc(-c3ccc(Oc4ccccc4)cc3)c3c(N)ncnc32)C1,CCn1c(C(=O)N(C2CC2)C2CC2)cc2c3c(ncn3C)c(Nc3ncc(C)s3)nc21
C=CC(=O)N1CCCC(n2nc(-c3ccc(Oc4ccccc4)cc3)c3c(N)ncnc32)C1,CCn1c(C(=O)N(C2CC2)C2CC2)cc2c3c(ncn3C)c(NC)nc21
C=CC(=O)N1CCCC(n2nc(-c3ccc(Oc4ccccc4)cc3)c3c(N)ncnc32)C1,CC(NC(=O)c1c[nH]c2ncc(-c3nn(C)c4ccc(Cl)cc34)nc12)C(=O)N1CC(C#N)C1
C=CC(=O)N1CCCC(n2nc(-c3ccc(Oc4ccccc4)cc3)c3c(N)ncnc32)C1,CCn1nc(Nc2nc3c(cc(C(=O)N(C4CC4)C4CC4)n3CC)c3c2ncn3C)cc1C
C=CC(=O)N1CCCC(n2nc(-c3ccc(Oc4ccccc4)cc3)c3c(N)ncnc32)C1,CCn1c(C(=O)N(C2CC2)C2CC2)cc2c3c(ncn3C)c(Nc3nccs3)nc21
C=CC(=O)N1CCCC(n2nc(-c3ccc(Oc4ccccc4)cc3)c3c(N)ncnc32)C1,CCn1c(C(=O)N(C2CC2)C2CC2)cc2c3c(ncn3C)c(Nc3cc(C)nn3C)nc21
C=CC(=O)N1CCCC(n2nc(-c3ccc(Oc4ccccc4)cc3)c3c(N)ncnc32)C1,CCc1nc(Nc2nc3c(cc(C(=O)N(C4CC4)C4CC4)n3CC)c3c2ncn3C)sc1C
C=CC(=O)N1CCCC(n2nc(-c3ccc(Oc4ccccc4)cc3)c3c(N)ncnc32)C1,CCn1c(C(=O)N(C2CC2)C2CC2)cc2c3c(ncn3C)c(Nc3nc(C)c(S(C)(=O)=O)s3)nc21
C=CC(=O)N1CCCC(n2nc(-c3ccc(Oc4ccccc4)cc3)c3c(N)ncnc32)C1,CC(NC(=O)c1c[nH]c2ncc(-c3nn(C)c4cc(Cl)cc(F)c34)nc12)C(=O)N1CC(C#N)C1
C=CC(=O)N1CCCC(n2nc(-c3ccc(Oc4ccccc4)cc3)c3c(N)ncnc32)C1,CC(C)C(C)n1cc(-c2cc(N3CCOCC3)n(C)n2)c2[nH]nc(N)c2c1=O
C=CC(=O)N1CCCC(n2nc(-c3ccc(Oc4ccccc4)cc3)c3c(N)ncnc32)C1,Cc1ccccc1-n1cc(-c2ccn(C)n2)c2[nH]nc(N)c2c1=O
C=CC(=O)N1CCCC(n2nc(-c3ccc(Oc4ccccc4)cc3)c3c(N)ncnc32)C1,CCn1c(C(=O)N(C2CC2)C2CC2)cc2c3c(ncn3C)c(NCCCOC)nc21
C=CC(=O)N1CCCC(n2nc(-c3ccc(Oc4ccccc4)cc3)c3c(N)ncnc32)C1,CC(NC(=O)c1c[nH]c2ncc(-c3nn(C)c4cc(Cl)ccc34)nc12)C(=O)N1CC(C#N)C1
C=CC(=O)N1CCCC(n2nc(-c3ccc(Oc4ccccc4)cc3)c3c(N)ncnc32)C1,CC(C)C(C)n1cc(-c2ccn(C)n2)c2[nH]nc(N)c2c1=O
C=CC(=O)N1CCCC(n2nc(-c3ccc(Oc4ccccc4)cc3)c3c(N)ncnc32)C1,COc1ccc2c(-c3cnc4[nH]cc(C(=O)NC(C)C(=O)N5CC(C#N)C5)c4n3)nn(C)c2c1
C=CC(=O)N1CCCC(n2nc(-c3ccc(Oc4ccccc4)cc3)c3c(N)ncnc32)C1,Nc1ncnc2c1c(-c1cccc(O)c1)cn2C1CC(CN2CCC2)C1
C=CC(=O)N1CCCC(n2nc(-c3ccc(Oc4ccccc4)cc3)c3c(N)ncnc32)C1,CCn1c(C(=O)N(C2CC2)C2CC2)cc2c3c(ncn3C)c(Nc3cc(C)[nH]n3)nc21
C=CC(=O)N1CCCC(n2nc(-c3ccc(Oc4ccccc4)cc3)c3c(N)ncnc32)C1,CCC(C)n1cc(-c2ccn(C)n2)c2[nH]nc(N)c2c1=O
C=CC(=O)N1CCCC(n2nc(-c3ccc(Oc4ccccc4)cc3)c3c(N)ncnc32)C1,CC(NC(=O)c1c[nH]c2ncc(-c3nn(C)c4cc(C(C)(C)C)ccc34)nc12)C(=O)N1CC(C#N)C1
C=CC(=O)N1CCCC(n2nc(-c3ccc(Oc4ccccc4)cc3)c3c(N)ncnc32)C1,CC(NC(=O)c1c[nH]c2ncc(-c3nn(C)c4ccccc34)nc12)C(=O)N1CC(C#N)C1
C=CC(=O)N1CCCC(n2nc(-c3ccc(Oc4ccccc4)cc3)c3c(N)ncnc32)C1,CCn1c(C(=O)N(C2CC2)C2CC2)cc2c3c(ncn3C)c(Nc3cc(C)n(C)n3)nc21
C=CC(=O)N1CCCC(n2nc(-c3ccc(Oc4ccccc4)cc3)c3c(N)ncnc32)C1,CN1CCN(C(=O)C(C#N)=Cc2ccc(-c3nc4cnc5[nH]ccc5c4n3C3CCCCC3)o2)CC1
C=CC(=O)N1CCCC(n2nc(-c3ccc(Oc4ccccc4)cc3)c3c(N)ncnc32)C1,CC1CCN(C(=O)CC#N)CC1n1c(=O)[nH]c2cnc3[nH]ccc3c21
C=CC(=O)N1CCCC(n2nc(-c3ccc(Oc4ccccc4)cc3)c3c(N)ncnc32)C1,CC(C)C(C)n1cc(-c2cc(N3CCS(=O)(=O)CC3)n(C)n2)c2[nH]nc(N)c2c1=O
C=CC(=O)N1CCCC(n2nc(-c3ccc(Oc4ccccc4)cc3)c3c(N)ncnc32)C1,CC(C)C(C)n1cc(-c2cc(C3CCOCC3)n(C)n2)c2[nH]nc(N)c2c1=O
C=CC(=O)N1CCCC(n2nc(-c3ccc(Oc4ccccc4)cc3)c3c(N)ncnc32)C1,Cn1ccc(-c2cn(-c3ccccc3Cl)c(=O)c3c(N)n[nH]c23)n1
C=CC(=O)N1CCCC(n2nc(-c3ccc(Oc4ccccc4)cc3)c3c(N)ncnc32)C1,CC(C)Cn1cc(-c2ccn(C)n2)c2[nH]nc(N)c2c1=O
C=CC(=O)N1CCCC(n2nc(-c3ccc(Oc4ccccc4)cc3)c3c(N)ncnc32)C1,CCn1c(C(=O)N(C2CC2)C2CC2)cc2c3c(ncn3C)c(Nc3nc(C)c(C(=O)NC)s3)nc21
C=CC(=O)N1CCCC(n2nc(-c3ccc(Oc4ccccc4)cc3)c3c(N)ncnc32)C1,Cn1nc(-c2cnc3[nH]cc(C(=O)NC(C(=O)N4CC(C#N)C4)C(C)(C)C)c3n2)c2ccc(Cl)cc21
CC(C)(O)COCc1cccc(Nc2sc(-c3c(F)cc(C(C)(C)O)cc3F)cc2C(N)=O)n1,CCn1c(C(=O)N(C2CC2)C2CC2)cc2c3c(ncn3C)c(Nc3ncc(C)s3)nc21
CC(C)(O)COCc1cccc(Nc2sc(-c3c(F)cc(C(C)(C)O)cc3F)cc2C(N)=O)n1,CCn1nc(Nc2nc3c(cc(C(=O)N(C4CC4)C4CC4)n3CC)c3c2ncn3C)cc1C
CC(C)(O)COCc1cccc(Nc2sc(-c3c(F)cc(C(C)(C)O)cc3F)cc2C(N)=O)n1,CCn1c(C(=O)N(C2CC2)C2CC2)cc2c3c(ncn3C)c(Nc3nccs3)nc21
CC(C)(O)COCc1cccc(Nc2sc(-c3c(F)cc(C(C)(C)O)cc3F)cc2C(N)=O)n1,CCn1c(C(=O)N(C2CC2)C2CC2)cc2c3c(ncn3C)c(Nc3cc(C)nn3C)nc21
CC(C)(O)COCc1cccc(Nc2sc(-c3c(F)cc(C(C)(C)O)cc3F)cc2C(N)=O)n1,CCc1nc(Nc2nc3c(cc(C(=O)N(C4CC4)C4CC4)n3CC)c3c2ncn3C)sc1C
CC(C)(O)COCc1cccc(Nc2sc(-c3c(F)cc(C(C)(C)O)cc3F)cc2C(N)=O)n1,CCn1c(C(=O)N(C2CC2)C2CC2)cc2c3c(ncn3C)c(Nc3nc(C)c(S(C)(=O)=O)s3)nc21
CC(C)(O)COCc1cccc(Nc2sc(-c3c(F)cc(C(C)(C)O)cc3F)cc2C(N)=O)n1,CCn1c(C(=O)N(C2CC2)C2CC2)cc2c3c(ncn3C)c(Nc3cc(C)[nH]n3)nc21
CC(C)(O)COCc1cccc(Nc2sc(-c3c(F)cc(C(C)(C)O)cc3F)cc2C(N)=O)n1,CCn1c(C(=O)N(C2CC2)C2CC2)cc2c3c(ncn3C)c(Nc3cc(C)n(C)n3)nc21
CC(C)(O)COCc1cccc(Nc2sc(-c3c(F)cc(C(C)(C)O)cc3F)cc2C(N)=O)n1,CCn1c(C(=O)N(C2CC2)C2CC2)cc2c3c(ncn3C)c(Nc3nc(C)c(C(=O)NC)s3)nc21
CN(C)C(=O)c1ccc(Nc2ncc(C(F)(F)F)c(NC3CCC(N)CC3)n2)cc1,COc1ccc(Nc2ncc(C)c(N3CCC4(CCNC4=O)CC3)n2)cc1N
CN(C)C(=O)c1ccc(Nc2ncc(C(F)(F)F)c(NC3CCC(N)CC3)n2)cc1,COc1cc(Nc2ncc(C)c(N3CCC4(CCNC4=O)CC3)n2)cc(OC)c1OC
CN(C)C(=O)c1ccc(Nc2ncc(C(F)(F)F)c(NC3CCC(N)CC3)n2)cc1,Cc1cnc(Nc2ccc(N3C4CCC3COC4)cc2)nc1N1CCC2(CCNC2=O)CC1
CN(C)C(=O)c1ccc(Nc2ncc(C(F)(F)F)c(NC3CCC(N)CC3)n2)cc1,COc1ccc(Nc2ncc(C)c(N3CCC4(CCNC4=O)CC3)n2)cc1F
CN(C)C(=O)c1ccc(Nc2ncc(C(F)(F)F)c(NC3CCC(N)CC3)n2)cc1,Cc1cnc(Nc2ccc(F)c(N)c2)nc1N1CCC2(CCNC2=O)CC1
CN(C)C(=O)c1ccc(Nc2ncc(C(F)(F)F)c(NC3CCC(N)CC3)n2)cc1,Cc1cnc(Nc2ccc(F)cc2)nc1N1CCC2(CCNC2=O)CC1
CN(C)C(=O)c1ccc(Nc2ncc(C(F)(F)F)c(NC3CCC(N)CC3)n2)cc1,CCNC(=O)c1ccc(Nc2ncc(F)c(N3CC4CCC(C3)N4C(=O)C3CC3)n2)cc1
