Source_Mol,Target_Mol
CCc1ccc(Cl)cc1-n1cc(-c2cc(NC)ncn2)cc1C(N)=O,CCn1c(C(=O)N(C2CC2)C2CC2)cc2c3c(ncn3C)c(Nc3nc(C(=O)NC)c(C)s3)nc21
CCc1ccc(Cl)cc1-n1cc(-c2cc(NC)ncn2)cc1C(N)=O,CCc1nc(Nc2nc3c(cc(C(=O)N(C4CC4)C4CC4)n3CC)c3c2ncn3C)sc1C
CCc1ccc(Cl)cc1-n1cc(-c2cc(NC)ncn2)cc1C(N)=O,CCn1c(C(=O)N(C2CC2)C2CC2)cc2c3c(ncn3C)c(Nc3nc(C)c(S(C)(=O)=O)s3)nc21
CCc1ccc(Cl)cc1-n1cc(-c2cc(NC)ncn2)cc1C(N)=O,Cc1ccccc1-n1cc(-c2ccn(C)n2)c2[nH]nc(N)c2c1=O
CCc1ccc(Cl)cc1-n1cc(-c2cc(NC)ncn2)cc1C(N)=O,CCn1c(C(=O)N(C2CC2)C2CC2)cc2c3c(ncn3C)c(Nc3nc(C)c(C(=O)NC)s3)nc21
CNc1cc(Nc2nccc3nc(-c4c(Cl)cc(C#N)cc4Cl)[nH]c23)ncn1,Cc1cc(Nc2nccc3nc(-c4c(Cl)cc(C#N)cc4Cl)[nH]c23)ncn1
COc1cc(N2CCc3nc(NC(=O)NCCc4cn(CC(F)F)cn4)sc3C2)cnc1Cl,CCn1c(C(=O)N(C2CC2)C2CC2)cc2c3c(ncn3C)c(Nc3nc(C(=O)NC)c(C)s3)nc21
COc1cc(N2CCc3nc(NC(=O)NCCc4cn(CC(F)F)cn4)sc3C2)cnc1Cl,CCn1c(C(=O)N(C2CC2)C2CC2)cc2c3c(ncn3C)c(Nc3nc(C)cs3)nc21
COc1cc(N2CCc3nc(NC(=O)NCCc4cn(CC(F)F)cn4)sc3C2)cnc1Cl,CCn1c(C(=O)N(C2CC2)C2CC2)cc2c3c(ncn3C)c(Nc3ncc(C)s3)nc21
COc1cc(N2CCc3nc(NC(=O)NCCc4cn(CC(F)F)cn4)sc3C2)cnc1Cl,CCn1c(C(=O)N(C2CC2)C2CC2)cc2c3c(ncn3C)c(Nc3nccs3)nc21
COc1cc(N2CCc3nc(NC(=O)NCCc4cn(CC(F)F)cn4)sc3C2)cnc1Cl,CCn1c(C(=O)N(C2CC2)C2CC2)cc2c3c(ncn3C)c(Nc3cc(C)nn3C)nc21
COc1cc(N2CCc3nc(NC(=O)NCCc4cn(CC(F)F)cn4)sc3C2)cnc1Cl,CCc1nc(Nc2nc3c(cc(C(=O)N(C4CC4)C4CC4)n3CC)c3c2ncn3C)sc1C
COc1cc(N2CCc3nc(NC(=O)NCCc4cn(CC(F)F)cn4)sc3C2)cnc1Cl,CCn1c(C(=O)N(C2CC2)C2CC2)cc2c3c(ncn3C)c(Nc3nc(C)c(S(C)(=O)=O)s3)nc21
COc1cc(N2CCc3nc(NC(=O)NCCc4cn(CC(F)F)cn4)sc3C2)cnc1Cl,CC(NC(=O)c1c[nH]c2ncc(-c3nn(C)c4cc(Cl)cc(F)c34)nc12)C(=O)N1CC(C#N)C1
COc1cc(N2CCc3nc(NC(=O)NCCc4cn(CC(F)F)cn4)sc3C2)cnc1Cl,CCn1c(C(=O)N(C2CC2)C2CC2)cc2c3c(ncn3C)c(Nc3nc(C)c(C)s3)nc21
COc1cc(N2CCc3nc(NC(=O)NCCc4cn(CC(F)F)cn4)sc3C2)cnc1Cl,CCn1c(C(=O)N(C2CC2)C2CC2)cc2c3c(ncn3C)c(Nc3cc(C)n(C)n3)nc21
COc1cc(N2CCc3nc(NC(=O)NCCc4cn(CC(F)F)cn4)sc3C2)cnc1Cl,CCn1c(C(=O)N(C2CC2)C2CC2)cc2c3c(ncn3C)c(Nc3nc(C)c(C(=O)NC)s3)nc21
CC(Oc1cc(-c2cn(C)c3ccccc23)cnc1N)c1cc(F)ccc1Cl,CC(NC(=O)c1c[nH]c2ncc(-c3cn(C)c4cc(Cl)ccc34)nc12)C(=O)N1CC(C#N)C1
Cc1cnc(Nc2ccc3c(c2)CCN3S(=O)(=O)c2ccc(C(F)(F)F)cc2)nc1-c1cnn(C2CC2)c1,Cc1ccc(C(=O)C=CC(=O)N2CCc3ccc(Nc4ncc(C)c(-c5cnn(C(C)C)c5)n4)cc3C2)cc1
Cc1cnc(Nc2ccc3c(c2)CCN3S(=O)(=O)c2ccc(C(F)(F)F)cc2)nc1-c1cnn(C2CC2)c1,CCn1c(C(=O)N(C2CC2)C2CC2)cc2c3c(ncn3C)c(Nc3nc(C(=O)NC)c(C)s3)nc21
Cc1cnc(Nc2ccc3c(c2)CCN3S(=O)(=O)c2ccc(C(F)(F)F)cc2)nc1-c1cnn(C2CC2)c1,CCn1c(C(=O)N(C2CC2)C2CC2)cc2c3c(ncn3C)c(Nc3nc(C)cs3)nc21
Cc1cnc(Nc2ccc3c(c2)CCN3S(=O)(=O)c2ccc(C(F)(F)F)cc2)nc1-c1cnn(C2CC2)c1,CCn1c(C(=O)N(C2CC2)C2CC2)cc2c3c(ncn3C)c(Nc3ncc(C)s3)nc21
Cc1cnc(Nc2ccc3c(c2)CCN3S(=O)(=O)c2ccc(C(F)(F)F)cc2)nc1-c1cnn(C2CC2)c1,Cc1ccc(C(=O)C=CC(=O)N2CCc3cc(Nc4ncc(C)c(-c5cnn(C(C)C)c5)n4)ccc3C2)cc1
Cc1cnc(Nc2ccc3c(c2)CCN3S(=O)(=O)c2ccc(C(F)(F)F)cc2)nc1-c1cnn(C2CC2)c1,Cn1nc(-c2cnc3[nH]cc(C(=O)NC(C(=O)N4CC(C#N)C4)C4CC4)c3n2)c2ccc(Cl)cc21
Cc1cnc(Nc2ccc3c(c2)CCN3S(=O)(=O)c2ccc(C(F)(F)F)cc2)nc1-c1cnn(C2CC2)c1,CCn1c(C(=O)N(C2CC2)C2CC2)cc2c3c(ncn3C)c(Nc3nccs3)nc21
Cc1cnc(Nc2ccc3c(c2)CCN3S(=O)(=O)c2ccc(C(F)(F)F)cc2)nc1-c1cnn(C2CC2)c1,CCn1c(C(=O)N(C2CC2)C2CC2)cc2c3c(ncn3C)c(Nc3cc(C)nn3C)nc21
Cc1cnc(Nc2ccc3c(c2)CCN3S(=O)(=O)c2ccc(C(F)(F)F)cc2)nc1-c1cnn(C2CC2)c1,CCc1nc(Nc2nc3c(cc(C(=O)N(C4CC4)C4CC4)n3CC)c3c2ncn3C)sc1C
Cc1cnc(Nc2ccc3c(c2)CCN3S(=O)(=O)c2ccc(C(F)(F)F)cc2)nc1-c1cnn(C2CC2)c1,Cc1cnc(Nc2ccc3c(c2)CCN(CC#N)C3)nc1-c1cnn(C(C)C)c1
Cc1cnc(Nc2ccc3c(c2)CCN3S(=O)(=O)c2ccc(C(F)(F)F)cc2)nc1-c1cnn(C2CC2)c1,Cn1cc(C2=C(Nc3cccc(OCCNc4ccnc(F)c4)c3)C(=O)NC2=O)c2ccccc21
Cc1cnc(Nc2ccc3c(c2)CCN3S(=O)(=O)c2ccc(C(F)(F)F)cc2)nc1-c1cnn(C2CC2)c1,CCn1c(C(=O)N(C2CC2)C2CC2)cc2c3c(ncn3C)c(Nc3nc(C)c(S(C)(=O)=O)s3)nc21
Cc1cnc(Nc2ccc3c(c2)CCN3S(=O)(=O)c2ccc(C(F)(F)F)cc2)nc1-c1cnn(C2CC2)c1,Cc1cnc(Nc2ccc3c(c2)CCN(C(=O)C=CCN(C)C)C3)nc1-c1cnn(C(C)C)c1
Cc1cnc(Nc2ccc3c(c2)CCN3S(=O)(=O)c2ccc(C(F)(F)F)cc2)nc1-c1cnn(C2CC2)c1,CC(NC(=O)c1c[nH]c2ncc(-c3nn(C)c4cc(Cl)cc(F)c34)nc12)C(=O)N1CC(C#N)C1
Cc1cnc(Nc2ccc3c(c2)CCN3S(=O)(=O)c2ccc(C(F)(F)F)cc2)nc1-c1cnn(C2CC2)c1,Cc1cc(Nc2ncc(Cl)c(Nc3ccccc3S(=O)(=O)C(C)C)n2)c(OC(C)C)cc1C1CCNCC1
Cc1cnc(Nc2ccc3c(c2)CCN3S(=O)(=O)c2ccc(C(F)(F)F)cc2)nc1-c1cnn(C2CC2)c1,CCn1c(C(=O)N(C2CC2)C2CC2)cc2c3c(ncn3C)c(Nc3nc(C)c(C)s3)nc21
Cc1cnc(Nc2ccc3c(c2)CCN3S(=O)(=O)c2ccc(C(F)(F)F)cc2)nc1-c1cnn(C2CC2)c1,Cc1ccccc1-n1cc(-c2ccn(C)n2)c2[nH]nc(N)c2c1=O
Cc1cnc(Nc2ccc3c(c2)CCN3S(=O)(=O)c2ccc(C(F)(F)F)cc2)nc1-c1cnn(C2CC2)c1,CC(NC(=O)c1c[nH]c2ncc(-c3nn(C)c4cc(Cl)ccc34)nc12)C(=O)N1CC(C#N)C1
Cc1cnc(Nc2ccc3c(c2)CCN3S(=O)(=O)c2ccc(C(F)(F)F)cc2)nc1-c1cnn(C2CC2)c1,Cc1cnc(Nc2ccc(NS(=O)(=O)c3ccc(C(F)(F)F)cc3)c(F)c2)nc1-c1cnn(C(C)C)c1
Cc1cnc(Nc2ccc3c(c2)CCN3S(=O)(=O)c2ccc(C(F)(F)F)cc2)nc1-c1cnn(C2CC2)c1,COC(=O)C=CCN1CCc2cc(Nc3ncc(C)c(-c4cnn(C(C)C)c4)n3)ccc2C1
Cc1cnc(Nc2ccc3c(c2)CCN3S(=O)(=O)c2ccc(C(F)(F)F)cc2)nc1-c1cnn(C2CC2)c1,COc1ccc2c(-c3cnc4[nH]cc(C(=O)NC(C)C(=O)N5CC(C#N)C5)c4n3)nn(C)c2c1
Cc1cnc(Nc2ccc3c(c2)CCN3S(=O)(=O)c2ccc(C(F)(F)F)cc2)nc1-c1cnn(C2CC2)c1,N#CNC1CC(NS(=O)(=O)c2cccc(F)c2)c2ccc(-c3ncnc4[nH]ccc34)cc21
Cc1cnc(Nc2ccc3c(c2)CCN3S(=O)(=O)c2ccc(C(F)(F)F)cc2)nc1-c1cnn(C2CC2)c1,CC(C)(O)C(=O)N1CCN(c2ccc(C(F)(F)F)c(C3=C(c4c[nH]c5ccccc45)C(=O)NC3=O)c2)CC1
Cc1cnc(Nc2ccc3c(c2)CCN3S(=O)(=O)c2ccc(C(F)(F)F)cc2)nc1-c1cnn(C2CC2)c1,CC1(N)CCC(Nc2c(C(N)=O)cnn3cc(-c4cc[nH]n4)cc23)C1(C)C
Cc1cnc(Nc2ccc3c(c2)CCN3S(=O)(=O)c2ccc(C(F)(F)F)cc2)nc1-c1cnn(C2CC2)c1,Cc1cnc(Nc2ccc3c(c2)CCN(C(=O)C=CC(=O)c2ccccc2)C3)nc1-c1cnn(C(C)C)c1
Cc1cnc(Nc2ccc3c(c2)CCN3S(=O)(=O)c2ccc(C(F)(F)F)cc2)nc1-c1cnn(C2CC2)c1,CC(NC(=O)c1c[nH]c2ncc(-c3nn(C)c4ccccc34)nc12)C(=O)N1CC(C#N)C1
Cc1cnc(Nc2ccc3c(c2)CCN3S(=O)(=O)c2ccc(C(F)(F)F)cc2)nc1-c1cnn(C2CC2)c1,CC(NC(=O)c1c[nH]c2ncc(-c3nn(C)c4cc(C#N)ccc34)nc12)C(=O)N1CC(C#N)C1
Cc1cnc(Nc2ccc3c(c2)CCN3S(=O)(=O)c2ccc(C(F)(F)F)cc2)nc1-c1cnn(C2CC2)c1,CCn1c(C(=O)N(C2CC2)C2CC2)cc2c3c(ncn3C)c(Nc3cc(C)n(C)n3)nc21
Cc1cnc(Nc2ccc3c(c2)CCN3S(=O)(=O)c2ccc(C(F)(F)F)cc2)nc1-c1cnn(C2CC2)c1,COc1ccc(S(=O)(=O)NC2CC(NC#N)c3cc(-c4ncnc5[nH]ccc45)ccc32)cc1
Cc1cnc(Nc2ccc3c(c2)CCN3S(=O)(=O)c2ccc(C(F)(F)F)cc2)nc1-c1cnn(C2CC2)c1,CC(C)C(C)n1cc(-c2cc(N3CCS(=O)(=O)CC3)n(C)n2)c2[nH]nc(N)c2c1=O
Cc1cnc(Nc2ccc3c(c2)CCN3S(=O)(=O)c2ccc(C(F)(F)F)cc2)nc1-c1cnn(C2CC2)c1,N#CCCn1cc(-c2nc(Nc3ccc4c(c3)CCN4C(=O)CN3CCS(=O)(=O)CC3)ncc2F)cn1
Cc1cnc(Nc2ccc3c(c2)CCN3S(=O)(=O)c2ccc(C(F)(F)F)cc2)nc1-c1cnn(C2CC2)c1,CC(C)C(C)n1cc(-c2cc(C3CCOCC3)n(C)n2)c2[nH]nc(N)c2c1=O
Cc1cnc(Nc2ccc3c(c2)CCN3S(=O)(=O)c2ccc(C(F)(F)F)cc2)nc1-c1cnn(C2CC2)c1,Cc1cnc(Nc2ccc3c(c2)CN(C(=O)C=CCN(C)C)CC3)nc1-c1cnn(C(C)C)c1
Cc1cnc(Nc2ccc3c(c2)CCN3S(=O)(=O)c2ccc(C(F)(F)F)cc2)nc1-c1cnn(C2CC2)c1,CC(=O)NC1CCc2ccc(Oc3cnc4[nH]cc(C(=O)NC(C(=O)N5CC(C#N)C5)C5CC5)c4n3)cc21
Cc1cnc(Nc2ccc3c(c2)CCN3S(=O)(=O)c2ccc(C(F)(F)F)cc2)nc1-c1cnn(C2CC2)c1,Cc1cnc(Nc2ccc3c(c2)CN(C(=O)C=CC(=O)c2ccccc2)CC3)nc1-c1cnn(C(C)C)c1
Cc1cnc(Nc2ccc3c(c2)CCN3S(=O)(=O)c2ccc(C(F)(F)F)cc2)nc1-c1cnn(C2CC2)c1,N#CCCn1cc(-c2nc(Nc3ccc4c(c3)CCN4C(=O)C3(C#N)CC3)ncc2F)cn1
Cc1cnc(Nc2ccc3c(c2)CCN3S(=O)(=O)c2ccc(C(F)(F)F)cc2)nc1-c1cnn(C2CC2)c1,Cn1ccc(-c2cn(-c3ccccc3Cl)c(=O)c3c(N)n[nH]c23)n1
Cc1cnc(Nc2ccc3c(c2)CCN3S(=O)(=O)c2ccc(C(F)(F)F)cc2)nc1-c1cnn(C2CC2)c1,CCn1c(C(=O)N(C2CC2)C2CC2)cc2c3c(ncn3C)c(Nc3nc(C)c(C(=O)NC)s3)nc21
Cc1cnc(Nc2ccc3c(c2)CCN3S(=O)(=O)c2ccc(C(F)(F)F)cc2)nc1-c1cnn(C2CC2)c1,Cn1nc(-c2cnc3[nH]cc(C(=O)NC(C(=O)N4CC(C#N)C4)C(C)(C)C)c3n2)c2ccc(Cl)cc21
Cc1cnc(Nc2ccc3c(c2)CCN3S(=O)(=O)c2ccc(C(F)(F)F)cc2)nc1-c1cnn(C2CC2)c1,CCOC(C)n1cc(-c2nc(Nc3ccc4c(c3)CCN4S(=O)(=O)c3ccc(C(F)(F)F)cc3)ncc2C)cn1
CC1Cc2ccc(-c3ncnc4[nH]ccc34)cc2C1NC#N,CN(C#N)C1CCc2ccc(-c3ncnc4[nH]ccc34)cc21
CC1Cc2ccc(-c3ncnc4[nH]ccc34)cc2C1NC#N,N#CNC1CC(NS(=O)(=O)c2cccc(F)c2)c2ccc(-c3ncnc4[nH]ccc34)cc21
CC1Cc2ccc(-c3ncnc4[nH]ccc34)cc2C1NC#N,COc1ccc(S(=O)(=O)NC2CC(NC#N)c3cc(-c4ncnc5[nH]ccc45)ccc32)cc1
COC1CCN(c2nccc(Nc3cc4c(cn3)cc(-c3cn[nH]c3)n4C(C)C)n2)CC1,CCn1c(C(=O)N(C2CC2)C2CC2)cc2c3c(ncn3C)c(Nc3nc(C(=O)NC)c(C)s3)nc21
COC1CCN(c2nccc(Nc3cc4c(cn3)cc(-c3cn[nH]c3)n4C(C)C)n2)CC1,CCn1c(C(=O)N(C2CC2)C2CC2)cc2c3c(ncn3C)c(Nc3nc(C)cs3)nc21
COC1CCN(c2nccc(Nc3cc4c(cn3)cc(-c3cn[nH]c3)n4C(C)C)n2)CC1,CCn1c(C(=O)N(C2CC2)C2CC2)cc2c3c(ncn3C)c(Nc3ncc(C)s3)nc21
COC1CCN(c2nccc(Nc3cc4c(cn3)cc(-c3cn[nH]c3)n4C(C)C)n2)CC1,Cn1nc(-c2cnc3[nH]cc(C(=O)NC(C(=O)N4CC(C#N)C4)C4CC4)c3n2)c2ccc(Cl)cc21
COC1CCN(c2nccc(Nc3cc4c(cn3)cc(-c3cn[nH]c3)n4C(C)C)n2)CC1,CCn1c(C(=O)N(C2CC2)C2CC2)cc2c3c(ncn3C)c(Nc3nccs3)nc21
COC1CCN(c2nccc(Nc3cc4c(cn3)cc(-c3cn[nH]c3)n4C(C)C)n2)CC1,CCn1c(C(=O)N(C2CC2)C2CC2)cc2c3c(ncn3C)c(Nc3cc(C)nn3C)nc21
COC1CCN(c2nccc(Nc3cc4c(cn3)cc(-c3cn[nH]c3)n4C(C)C)n2)CC1,CCc1nc(Nc2nc3c(cc(C(=O)N(C4CC4)C4CC4)n3CC)c3c2ncn3C)sc1C
COC1CCN(c2nccc(Nc3cc4c(cn3)cc(-c3cn[nH]c3)n4C(C)C)n2)CC1,CCn1c(C(=O)N(C2CC2)C2CC2)cc2c3c(ncn3C)c(Nc3nc(C)c(S(C)(=O)=O)s3)nc21
COC1CCN(c2nccc(Nc3cc4c(cn3)cc(-c3cn[nH]c3)n4C(C)C)n2)CC1,CC(NC(=O)c1c[nH]c2ncc(-c3nn(C)c4cc(Cl)cc(F)c34)nc12)C(=O)N1CC(C#N)C1
COC1CCN(c2nccc(Nc3cc4c(cn3)cc(-c3cn[nH]c3)n4C(C)C)n2)CC1,CCn1c(C(=O)N(C2CC2)C2CC2)cc2c3c(ncn3C)c(Nc3nc(C)c(C)s3)nc21
COC1CCN(c2nccc(Nc3cc4c(cn3)cc(-c3cn[nH]c3)n4C(C)C)n2)CC1,CC(C)C(C)n1cc(-c2ccn(C)n2)c2[nH]nc(N)c2c1=O
COC1CCN(c2nccc(Nc3cc4c(cn3)cc(-c3cn[nH]c3)n4C(C)C)n2)CC1,CCn1c(C(=O)N(C2CC2)C2CC2)cc2c3c(ncn3C)c(Nc3cc(C)n(C)n3)nc21
COC1CCN(c2nccc(Nc3cc4c(cn3)cc(-c3cn[nH]c3)n4C(C)C)n2)CC1,CC(C)C(C)n1cc(-c2cc(N3CCS(=O)(=O)CC3)n(C)n2)c2[nH]nc(N)c2c1=O
COC1CCN(c2nccc(Nc3cc4c(cn3)cc(-c3cn[nH]c3)n4C(C)C)n2)CC1,CC(C)C(C)n1cc(-c2cc(C3CCOCC3)n(C)n2)c2[nH]nc(N)c2c1=O
COC1CCN(c2nccc(Nc3cc4c(cn3)cc(-c3cn[nH]c3)n4C(C)C)n2)CC1,CCn1c(C(=O)N(C2CC2)C2CC2)cc2c3c(ncn3C)c(Nc3nc(C)c(C(=O)NC)s3)nc21
COC1CCN(c2nccc(Nc3cc4c(cn3)cc(-c3cn[nH]c3)n4C(C)C)n2)CC1,Cn1nc(-c2cnc3[nH]cc(C(=O)NC(C(=O)N4CC(C#N)C4)C(C)(C)C)c3n2)c2ccc(Cl)cc21
O=C(Nc1ccncc1)c1cccc(Cl)c1Cl,O=C(Nc1ccnc(NC(=O)C2CC2)c1)c1c(Cl)cccc1Cl
Cc1nc(Nc2nccc3nc(-c4c(Cl)cccc4Cl)[nH]c23)cc(N(C)C)n1,Cc1cc(Nc2nccc3nc(-c4c(Cl)cc(C#N)cc4Cl)[nH]c23)ncn1
COc1cccc(-c2cccc3nc(NC(=O)C4CC4)nn23)c1,O=C(Nc1nc2cccc(C3CCC(NC(=O)C4(F)CC4)CC3)n2n1)C1CC1
COc1cccc(-c2cccc3nc(NC(=O)C4CC4)nn23)c1,O=C(Nc1nc2cccc(-c3ccc(C(=O)N4CCC(F)(F)CC4)cc3)n2n1)C1CC1
COc1cccc(-c2cccc3nc(NC(=O)C4CC4)nn23)c1,O=C(Nc1nc2cccc(-c3ccc(C(=O)N4CC(F)(F)C4)cc3)n2n1)C1CC1
COc1cccc(-c2cccc3nc(NC(=O)C4CC4)nn23)c1,N#CCNC(=O)c1ccc(-c2cccc3nc(NC(=O)C4CC4)nn23)cc1
COc1cccc(-c2cccc3nc(NC(=O)C4CC4)nn23)c1,CC(C)(C#N)C(=O)N1CC2(CCC(c3cccc4nc(NC(=O)C5CC5)nn34)CC2)C1
COc1cccc(-c2cccc3nc(NC(=O)C4CC4)nn23)c1,O=C(Nc1nc2cccc(C3=CCN(C(=O)NCC(F)(F)F)CC3)n2n1)C1CC1
COc1cccc(-c2cccc3nc(NC(=O)C4CC4)nn23)c1,O=C(Nc1nc2cccc(C3CCC4(CC3)CCN(C(=O)C3CC3(F)F)CC4)n2n1)C1CC1
COc1cccc(-c2cccc3nc(NC(=O)C4CC4)nn23)c1,N#CC1CN(C(=O)c2ccc(-c3cccc4nc(NC(=O)C5CC5)nn34)cc2)C1
COc1cccc(-c2cccc3nc(NC(=O)C4CC4)nn23)c1,O=C(Nc1nc2cccc(-c3ccc(CN4CCS(=O)(=O)CC4)cc3)n2n1)C1CC1
COc1cccc(-c2cccc3nc(NC(=O)C4CC4)nn23)c1,O=C(Nc1nc2cccc(C3CCC4(CC3)CN(C(=O)CC(F)F)C4)n2n1)C1CC1
COc1cccc(-c2cccc3nc(NC(=O)C4CC4)nn23)c1,N#CCC(=O)N1CC2(CCC(c3cccc4nc(NC(=O)C5CC5)nn34)CC2)C1
COc1cccc(-c2cccc3nc(NC(=O)C4CC4)nn23)c1,O=C(Nc1nc2cccc(C3CCC4(CC3)CCN(C(=O)C3CC3(F)F)C4)n2n1)C1CC1
COc1cccc(-c2cccc3nc(NC(=O)C4CC4)nn23)c1,O=C(Nc1nc2cccc(C3=CCN(C(=O)C4CC4(F)F)CC3)n2n1)C1CC1
COc1cccc(-c2cccc3nc(NC(=O)C4CC4)nn23)c1,C=C(C#N)C(O)c1ccc(-c2cccc3nc(NC(=O)C4CC4)nn23)cc1
CN(C)c1cc(Nc2nccc3nc(-c4c(Cl)cccc4Cl)[nH]c23)ncn1,Cc1cc(Nc2nccc3nc(-c4c(Cl)cc(C#N)cc4Cl)[nH]c23)ncn1
O=C(CCCCCCn1cc(Nc2nc(Nc3cccc(Cl)c3)c3ccccc3n2)cn1)NO,Clc1cccc(Nc2nc(Nc3cn[nH]c3)ncc2Cl)c1
O=C(CCCCCCn1cc(Nc2nc(Nc3cccc(Cl)c3)c3ccccc3n2)cn1)NO,O=C(CCCCCCn1cc(Nc2ncc(Cl)c(N3CCCCC3)n2)cn1)NO
O=C(CCCCCCn1cc(Nc2nc(Nc3cccc(Cl)c3)c3ccccc3n2)cn1)NO,O=C(CCCCCCn1cc(Nc2ncc(Cl)c(NC3CC3)n2)cn1)NO
O=C(CCCCCCn1cc(Nc2nc(Nc3cccc(Cl)c3)c3ccccc3n2)cn1)NO,O=C(CCCCCn1cc(Nc2ncc(Cl)c(Nc3ccc(Cl)cc3)n2)cn1)NO
NC(=O)c1cc(-c2cccc(Cl)c2)cc2c1[nH]c1ccc(C(=O)N3CCOCC3)cc12,CN1CCN(c2ccc3c(c2)[nH]c2c(C(N)=O)cc(-c4ccc5c(cnn5C)c4)cc23)CC1
NC(=O)c1cc(-c2cccc(Cl)c2)cc2c1[nH]c1ccc(C(=O)N3CCOCC3)cc12,COc1ccc(-c2cc(C(N)=O)c3[nH]c4cc(C(=O)N5CCOCC5)ccc4c3c2)cc1F
NC(=O)c1cc(-c2cccc(Cl)c2)cc2c1[nH]c1ccc(C(=O)N3CCOCC3)cc12,CN1CCN(c2ccc3c(c2)[nH]c2c(C(N)=O)cc(-c4cccc(Cl)c4)cc23)CC1
NC(=O)c1cc(-c2cccc(Cl)c2)cc2c1[nH]c1ccc(C(=O)N3CCOCC3)cc12,COc1cccc(-c2cc(C(N)=O)c3[nH]c4cc(NC(=O)C5CCOCC5)ccc4c3c2)c1
NC(=O)c1cc(-c2cccc(Cl)c2)cc2c1[nH]c1ccc(C(=O)N3CCOCC3)cc12,NC(=O)c1cc(-c2ccccc2)cc2c1[nH]c1cc(N3CCOCC3)ccc12
NC(=O)c1cc(-c2cccc(Cl)c2)cc2c1[nH]c1ccc(C(=O)N3CCOCC3)cc12,Cc1ccc(-c2cc(C(N)=O)c3[nH]c4cc(N5CCOCC5)ccc4c3c2)cn1
NC(=O)c1cc(-c2cccc(Cl)c2)cc2c1[nH]c1ccc(C(=O)N3CCOCC3)cc12,COc1cccc(-c2cc(C(N)=O)c3[nH]c4ccc(C(=O)N5CCOCC5)cc4c3c2)c1
NC(=O)c1cc(-c2cccc(Cl)c2)cc2c1[nH]c1ccc(C(=O)N3CCOCC3)cc12,COc1cccc(-c2cc(C(N)=O)c3[nH]c4cc(C(=O)N5CCC(N(C)C)C5)ccc4c3c2)c1
NC(=O)c1cc(-c2cccc(Cl)c2)cc2c1[nH]c1ccc(C(=O)N3CCOCC3)cc12,CN1CCN(C(=O)c2ccc3[nH]c4c(C(N)=O)cc(-c5ccc(Cl)cc5)cc4c3c2)CC1
NC(=O)c1cc(-c2cccc(Cl)c2)cc2c1[nH]c1ccc(C(=O)N3CCOCC3)cc12,COc1cccc(-c2cc(C(N)=O)c3[nH]c4ccc(C(=O)N5CCN(C)CC5)cc4c3c2)c1
NC(=O)c1cc(-c2cccc(Cl)c2)cc2c1[nH]c1ccc(C(=O)N3CCOCC3)cc12,CN1CCN(c2ccc3c(c2)[nH]c2c(C(N)=O)cc(-c4ccc(CN5CCOCC5)c(Cl)c4)cc23)CC1
NC(=O)c1cc(-c2cccc(Cl)c2)cc2c1[nH]c1ccc(C(=O)N3CCOCC3)cc12,NC(=O)c1cc(-c2ccccc2)cc2c1[nH]c1cc(C(=O)N3CCOCC3)ccc12
NC(=O)c1cc(-c2cccc(Cl)c2)cc2c1[nH]c1ccc(C(=O)N3CCOCC3)cc12,COc1cccc(-c2cc(C(N)=O)c3[nH]c4cc(C(=O)N5CCOCC5)ccc4c3c2)c1
NC(=O)c1cc(-c2cccc(Cl)c2)cc2c1[nH]c1ccc(C(=O)N3CCOCC3)cc12,CN1CCN(c2ccc3c(c2)[nH]c2c(C(N)=O)cc(-c4ccccc4)cc23)CC1
NC(=O)c1cc(-c2cccc(Cl)c2)cc2c1[nH]c1ccc(C(=O)N3CCOCC3)cc12,NC(=O)c1cc(-c2ccc(Cl)cc2Cl)cc2c1[nH]c1ccc(C(=O)N3CCOCC3)cc12
NC(=O)c1cc(-c2cccc(Cl)c2)cc2c1[nH]c1ccc(C(=O)N3CCOCC3)cc12,NC(=O)c1cc(Cc2ccccc2)cc2c1[nH]c1ccc(C(=O)N3CCOCC3)cc12
O=C(CCCCCCn1cc(Nc2ncc3ccn(Cc4ccccc4Cl)c3n2)cn1)NO,O=C(CCCCCCn1cc(Nc2ncc3ccn(Cc4cccc(F)c4)c3n2)cn1)NO
O=C(CCCCCCn1cc(Nc2ncc3ccn(Cc4ccccc4Cl)c3n2)cn1)NO,O=C(CCCCCCn1cc(Nc2ncc3ccn(-c4ccccc4)c3n2)cn1)NO
O=C(CCCCCCn1cc(Nc2ncc3ccn(Cc4ccccc4Cl)c3n2)cn1)NO,O=C(CCCCCn1cc(Nc2ncc3ccn(Cc4cccc(F)c4)c3n2)cn1)NO
Cc1cnc(Nc2ccc3c(c2)CCN3C(=O)c2ccc(C(F)(F)F)cc2F)nc1-c1cnn(C(C)C)c1,O=C(Nc1nc2cccc(-c3ccc(C(=O)N4CCC(F)(F)CC4)cc3)n2n1)C1CC1
Cc1cnc(Nc2ccc3c(c2)CCN3C(=O)c2ccc(C(F)(F)F)cc2F)nc1-c1cnn(C(C)C)c1,COc1ccccc1-c1cc2c(NC3CCC(C)(N)C3(C)C)c(C(N)=O)cnn2c1
Cc1cnc(Nc2ccc3c(c2)CCN3C(=O)c2ccc(C(F)(F)F)cc2F)nc1-c1cnn(C(C)C)c1,Cc1ccc(C(=O)C=CC(=O)N2CCc3ccc(Nc4ncc(C)c(-c5cnn(C(C)C)c5)n4)cc3C2)cc1
Cc1cnc(Nc2ccc3c(c2)CCN3C(=O)c2ccc(C(F)(F)F)cc2F)nc1-c1cnn(C(C)C)c1,CCn1c(C(=O)N(C2CC2)C2CC2)cc2c3c(ncn3C)c(Nc3nc(C(=O)NC)c(C)s3)nc21
Cc1cnc(Nc2ccc3c(c2)CCN3C(=O)c2ccc(C(F)(F)F)cc2F)nc1-c1cnn(C(C)C)c1,CCn1c(C(=O)N(C2CC2)C2CC2)cc2c3c(ncn3C)c(Nc3nc(C)cs3)nc21
Cc1cnc(Nc2ccc3c(c2)CCN3C(=O)c2ccc(C(F)(F)F)cc2F)nc1-c1cnn(C(C)C)c1,CCn1c(C(=O)N(C2CC2)C2CC2)cc2c3c(ncn3C)c(Nc3ncc(C)s3)nc21
Cc1cnc(Nc2ccc3c(c2)CCN3C(=O)c2ccc(C(F)(F)F)cc2F)nc1-c1cnn(C(C)C)c1,Cc1ccc(C(=O)C=CC(=O)N2CCc3cc(Nc4ncc(C)c(-c5cnn(C(C)C)c5)n4)ccc3C2)cc1
Cc1cnc(Nc2ccc3c(c2)CCN3C(=O)c2ccc(C(F)(F)F)cc2F)nc1-c1cnn(C(C)C)c1,CC(NC(=O)c1c[nH]c2ncc(-c3cn(C)c4cc(Cl)ccc34)nc12)C(=O)N1CC(C#N)C1
Cc1cnc(Nc2ccc3c(c2)CCN3C(=O)c2ccc(C(F)(F)F)cc2F)nc1-c1cnn(C(C)C)c1,Cn1nc(-c2cnc3[nH]cc(C(=O)NC(C(=O)N4CC(C#N)C4)C4CC4)c3n2)c2ccc(Cl)cc21
Cc1cnc(Nc2ccc3c(c2)CCN3C(=O)c2ccc(C(F)(F)F)cc2F)nc1-c1cnn(C(C)C)c1,CCn1c(C(=O)N(C2CC2)C2CC2)cc2c3c(ncn3C)c(Nc3nccs3)nc21
Cc1cnc(Nc2ccc3c(c2)CCN3C(=O)c2ccc(C(F)(F)F)cc2F)nc1-c1cnn(C(C)C)c1,CCn1c(C(=O)N(C2CC2)C2CC2)cc2c3c(ncn3C)c(Nc3cc(C)nn3C)nc21
Cc1cnc(Nc2ccc3c(c2)CCN3C(=O)c2ccc(C(F)(F)F)cc2F)nc1-c1cnn(C(C)C)c1,CCc1nc(Nc2nc3c(cc(C(=O)N(C4CC4)C4CC4)n3CC)c3c2ncn3C)sc1C
Cc1cnc(Nc2ccc3c(c2)CCN3C(=O)c2ccc(C(F)(F)F)cc2F)nc1-c1cnn(C(C)C)c1,Cc1cnc(Nc2ccc3c(c2)CCN(CC#N)C3)nc1-c1cnn(C(C)C)c1
Cc1cnc(Nc2ccc3c(c2)CCN3C(=O)c2ccc(C(F)(F)F)cc2F)nc1-c1cnn(C(C)C)c1,CCn1c(C(=O)N(C2CC2)C2CC2)cc2c3c(ncn3C)c(Nc3nc(C)c(S(C)(=O)=O)s3)nc21
Cc1cnc(Nc2ccc3c(c2)CCN3C(=O)c2ccc(C(F)(F)F)cc2F)nc1-c1cnn(C(C)C)c1,Cc1cnc(Nc2ccc3c(c2)CCN(C(=O)C=CCN(C)C)C3)nc1-c1cnn(C(C)C)c1
Cc1cnc(Nc2ccc3c(c2)CCN3C(=O)c2ccc(C(F)(F)F)cc2F)nc1-c1cnn(C(C)C)c1,CC(C)Oc1ccc(-c2cc3c(NC4CCC(C)(N)C4(C)C)c(C(N)=O)cnn3c2)cn1
Cc1cnc(Nc2ccc3c(c2)CCN3C(=O)c2ccc(C(F)(F)F)cc2F)nc1-c1cnn(C(C)C)c1,CC(NC(=O)c1c[nH]c2ncc(-c3nn(C)c4cc(Cl)cc(F)c34)nc12)C(=O)N1CC(C#N)C1
Cc1cnc(Nc2ccc3c(c2)CCN3C(=O)c2ccc(C(F)(F)F)cc2F)nc1-c1cnn(C(C)C)c1,CCn1c(C(=O)N(C2CC2)C2CC2)cc2c3c(ncn3C)c(Nc3nc(C)c(C)s3)nc21
Cc1cnc(Nc2ccc3c(c2)CCN3C(=O)c2ccc(C(F)(F)F)cc2F)nc1-c1cnn(C(C)C)c1,Cc1ccccc1-n1cc(-c2ccn(C)n2)c2[nH]nc(N)c2c1=O
Cc1cnc(Nc2ccc3c(c2)CCN3C(=O)c2ccc(C(F)(F)F)cc2F)nc1-c1cnn(C(C)C)c1,CC(NC(=O)c1c[nH]c2ncc(-c3nn(C)c4cc(Cl)ccc34)nc12)C(=O)N1CC(C#N)C1
Cc1cnc(Nc2ccc3c(c2)CCN3C(=O)c2ccc(C(F)(F)F)cc2F)nc1-c1cnn(C(C)C)c1,Cc1cnc(Nc2ccc(NS(=O)(=O)c3ccc(C(F)(F)F)cc3)c(F)c2)nc1-c1cnn(C(C)C)c1
Cc1cnc(Nc2ccc3c(c2)CCN3C(=O)c2ccc(C(F)(F)F)cc2F)nc1-c1cnn(C(C)C)c1,COC(=O)C=CCN1CCc2cc(Nc3ncc(C)c(-c4cnn(C(C)C)c4)n3)ccc2C1
Cc1cnc(Nc2ccc3c(c2)CCN3C(=O)c2ccc(C(F)(F)F)cc2F)nc1-c1cnn(C(C)C)c1,COc1ccc2c(-c3cnc4[nH]cc(C(=O)NC(C)C(=O)N5CC(C#N)C5)c4n3)nn(C)c2c1
Cc1cnc(Nc2ccc3c(c2)CCN3C(=O)c2ccc(C(F)(F)F)cc2F)nc1-c1cnn(C(C)C)c1,CC(C)(O)C(=O)N1CCN(c2ccc(C(F)(F)F)c(C3=C(c4c[nH]c5ccccc45)C(=O)NC3=O)c2)CC1
Cc1cnc(Nc2ccc3c(c2)CCN3C(=O)c2ccc(C(F)(F)F)cc2F)nc1-c1cnn(C(C)C)c1,CC1(N)CCC(Nc2c(C(N)=O)cnn3cc(-c4cc[nH]n4)cc23)C1(C)C
Cc1cnc(Nc2ccc3c(c2)CCN3C(=O)c2ccc(C(F)(F)F)cc2F)nc1-c1cnn(C(C)C)c1,Cc1cnc(Nc2ccc3c(c2)CCN(C(=O)C=CC(=O)c2ccccc2)C3)nc1-c1cnn(C(C)C)c1
Cc1cnc(Nc2ccc3c(c2)CCN3C(=O)c2ccc(C(F)(F)F)cc2F)nc1-c1cnn(C(C)C)c1,CC(NC(=O)c1c[nH]c2ncc(-c3nn(C)c4cc(C#N)ccc34)nc12)C(=O)N1CC(C#N)C1
Cc1cnc(Nc2ccc3c(c2)CCN3C(=O)c2ccc(C(F)(F)F)cc2F)nc1-c1cnn(C(C)C)c1,CCn1c(C(=O)N(C2CC2)C2CC2)cc2c3c(ncn3C)c(Nc3cc(C)n(C)n3)nc21
Cc1cnc(Nc2ccc3c(c2)CCN3C(=O)c2ccc(C(F)(F)F)cc2F)nc1-c1cnn(C(C)C)c1,CC(C)C(C)n1cc(-c2cc(N3CCS(=O)(=O)CC3)n(C)n2)c2[nH]nc(N)c2c1=O
Cc1cnc(Nc2ccc3c(c2)CCN3C(=O)c2ccc(C(F)(F)F)cc2F)nc1-c1cnn(C(C)C)c1,N#CCCn1cc(-c2nc(Nc3ccc4c(c3)CCN4C(=O)CN3CCS(=O)(=O)CC3)ncc2F)cn1
Cc1cnc(Nc2ccc3c(c2)CCN3C(=O)c2ccc(C(F)(F)F)cc2F)nc1-c1cnn(C(C)C)c1,CC(C)C(C)n1cc(-c2cc(C3CCOCC3)n(C)n2)c2[nH]nc(N)c2c1=O
Cc1cnc(Nc2ccc3c(c2)CCN3C(=O)c2ccc(C(F)(F)F)cc2F)nc1-c1cnn(C(C)C)c1,Cc1cnc(Nc2ccc3c(c2)CN(C(=O)C=CCN(C)C)CC3)nc1-c1cnn(C(C)C)c1
Cc1cnc(Nc2ccc3c(c2)CCN3C(=O)c2ccc(C(F)(F)F)cc2F)nc1-c1cnn(C(C)C)c1,CN(C)C1CCCN(c2ccc(C(F)(F)F)cc2NC(=O)c2cc(C#Cc3cnc(N)nc3)ccc2F)C1
Cc1cnc(Nc2ccc3c(c2)CCN3C(=O)c2ccc(C(F)(F)F)cc2F)nc1-c1cnn(C(C)C)c1,Cc1cnccc1-c1cc2c(NC3CCC(C)(N)C3(C)C)c(C(N)=O)cnn2c1
Cc1cnc(Nc2ccc3c(c2)CCN3C(=O)c2ccc(C(F)(F)F)cc2F)nc1-c1cnn(C(C)C)c1,CC(=O)NC1CCc2ccc(Oc3cnc4[nH]cc(C(=O)NC(C(=O)N5CC(C#N)C5)C5CC5)c4n3)cc21
Cc1cnc(Nc2ccc3c(c2)CCN3C(=O)c2ccc(C(F)(F)F)cc2F)nc1-c1cnn(C(C)C)c1,Cc1cnc(Nc2ccc3c(c2)CN(C(=O)C=CC(=O)c2ccccc2)CC3)nc1-c1cnn(C(C)C)c1
Cc1cnc(Nc2ccc3c(c2)CCN3C(=O)c2ccc(C(F)(F)F)cc2F)nc1-c1cnn(C(C)C)c1,N#CCCn1cc(-c2nc(Nc3ccc4c(c3)CCN4C(=O)C3(C#N)CC3)ncc2F)cn1
Cc1cnc(Nc2ccc3c(c2)CCN3C(=O)c2ccc(C(F)(F)F)cc2F)nc1-c1cnn(C(C)C)c1,Cn1ccc(-c2cn(-c3ccccc3Cl)c(=O)c3c(N)n[nH]c23)n1
Cc1cnc(Nc2ccc3c(c2)CCN3C(=O)c2ccc(C(F)(F)F)cc2F)nc1-c1cnn(C(C)C)c1,CCn1c(C(=O)N(C2CC2)C2CC2)cc2c3c(ncn3C)c(Nc3nc(C)c(C(=O)NC)s3)nc21
Cc1cnc(Nc2ccc3c(c2)CCN3C(=O)c2ccc(C(F)(F)F)cc2F)nc1-c1cnn(C(C)C)c1,Cc1[nH]c(C=C2C(=O)Nc3ccc(F)cc32)c(C)c1C(=O)NCC(O)CN1CCOCC1
Cc1cnc(Nc2ccc3c(c2)CCN3C(=O)c2ccc(C(F)(F)F)cc2F)nc1-c1cnn(C(C)C)c1,Cn1nc(-c2cnc3[nH]cc(C(=O)NC(C(=O)N4CC(C#N)C4)C(C)(C)C)c3n2)c2ccc(Cl)cc21
Cc1cnc(Nc2ccc3c(c2)CCN3C(=O)c2ccc(C(F)(F)F)cc2F)nc1-c1cnn(C(C)C)c1,CCOC(C)n1cc(-c2nc(Nc3ccc4c(c3)CCN4S(=O)(=O)c3ccc(C(F)(F)F)cc3)ncc2C)cn1
CC(O)CN1CCC(c2ccc(Nc3ncc4ccc(-c5ccccc5N(C)S(C)(=O)=O)n4n3)cc2)CC1,O=C(Nc1nc2cccc(-c3ccc(C(=O)N4CCC(F)(F)CC4)cc3)n2n1)C1CC1
CC(O)CN1CCC(c2ccc(Nc3ncc4ccc(-c5ccccc5N(C)S(C)(=O)=O)n4n3)cc2)CC1,COc1ccccc1-c1cc2c(NC3CCC(C)(N)C3(C)C)c(C(N)=O)cnn2c1
CC(O)CN1CCC(c2ccc(Nc3ncc4ccc(-c5ccccc5N(C)S(C)(=O)=O)n4n3)cc2)CC1,O=C(Nc1nc2cccc(-c3ccc(C(=O)N4CC(F)(F)C4)cc3)n2n1)C1CC1
CC(O)CN1CCC(c2ccc(Nc3ncc4ccc(-c5ccccc5N(C)S(C)(=O)=O)n4n3)cc2)CC1,CCn1c(C(=O)N(C2CC2)C2CC2)cc2c3c(ncn3C)c(Nc3nc(C(=O)NC)c(C)s3)nc21
CC(O)CN1CCC(c2ccc(Nc3ncc4ccc(-c5ccccc5N(C)S(C)(=O)=O)n4n3)cc2)CC1,CCn1c(C(=O)N(C2CC2)C2CC2)cc2c3c(ncn3C)c(Nc3nc(C)cs3)nc21
CC(O)CN1CCC(c2ccc(Nc3ncc4ccc(-c5ccccc5N(C)S(C)(=O)=O)n4n3)cc2)CC1,CCn1c(C(=O)N(C2CC2)C2CC2)cc2c3c(ncn3C)c(Nc3ncc(C)s3)nc21
CC(O)CN1CCC(c2ccc(Nc3ncc4ccc(-c5ccccc5N(C)S(C)(=O)=O)n4n3)cc2)CC1,CCOc1ccc(-c2cc3c(NC4CCC(C)(N)C4(C)C)c(C(N)=O)cnn3c2)cn1
CC(O)CN1CCC(c2ccc(Nc3ncc4ccc(-c5ccccc5N(C)S(C)(=O)=O)n4n3)cc2)CC1,CC(NC(=O)c1c[nH]c2ncc(-c3cn(C)c4cc(Cl)ccc34)nc12)C(=O)N1CC(C#N)C1
CC(O)CN1CCC(c2ccc(Nc3ncc4ccc(-c5ccccc5N(C)S(C)(=O)=O)n4n3)cc2)CC1,Cn1nc(-c2cnc3[nH]cc(C(=O)NC(C(=O)N4CC(C#N)C4)C4CC4)c3n2)c2ccc(Cl)cc21
CC(O)CN1CCC(c2ccc(Nc3ncc4ccc(-c5ccccc5N(C)S(C)(=O)=O)n4n3)cc2)CC1,COc1cccc(-c2cc3c(NC4CCC(C)(N)C4(C)C)c(C(N)=O)cnn3c2)c1
CC(O)CN1CCC(c2ccc(Nc3ncc4ccc(-c5ccccc5N(C)S(C)(=O)=O)n4n3)cc2)CC1,CCn1c(C(=O)N(C2CC2)C2CC2)cc2c3c(ncn3C)c(Nc3nccs3)nc21
CC(O)CN1CCC(c2ccc(Nc3ncc4ccc(-c5ccccc5N(C)S(C)(=O)=O)n4n3)cc2)CC1,O=C1NC(=O)C(c2c[nH]c3ccccc23)=C1Nc1cccc(OC2CN(c3ccnc(F)c3)C2)c1
CC(O)CN1CCC(c2ccc(Nc3ncc4ccc(-c5ccccc5N(C)S(C)(=O)=O)n4n3)cc2)CC1,CCn1c(C(=O)N(C2CC2)C2CC2)cc2c3c(ncn3C)c(Nc3cc(C)nn3C)nc21
CC(O)CN1CCC(c2ccc(Nc3ncc4ccc(-c5ccccc5N(C)S(C)(=O)=O)n4n3)cc2)CC1,CCc1nc(Nc2nc3c(cc(C(=O)N(C4CC4)C4CC4)n3CC)c3c2ncn3C)sc1C
CC(O)CN1CCC(c2ccc(Nc3ncc4ccc(-c5ccccc5N(C)S(C)(=O)=O)n4n3)cc2)CC1,Cc1cc(-c2cc3c(NC4CCC(C)(N)C4(C)C)c(C(N)=O)cnn3c2)ccn1
CC(O)CN1CCC(c2ccc(Nc3ncc4ccc(-c5ccccc5N(C)S(C)(=O)=O)n4n3)cc2)CC1,Cn1cc(C2=C(Nc3cccc(OCCNc4ccnc(F)c4)c3)C(=O)NC2=O)c2ccccc21
CC(O)CN1CCC(c2ccc(Nc3ncc4ccc(-c5ccccc5N(C)S(C)(=O)=O)n4n3)cc2)CC1,CCn1c(C(=O)N(C2CC2)C2CC2)cc2c3c(ncn3C)c(Nc3nc(C)c(S(C)(=O)=O)s3)nc21
CC(O)CN1CCC(c2ccc(Nc3ncc4ccc(-c5ccccc5N(C)S(C)(=O)=O)n4n3)cc2)CC1,CC(C)Oc1ccc(-c2cc3c(NC4CCC(C)(N)C4(C)C)c(C(N)=O)cnn3c2)cn1
CC(O)CN1CCC(c2ccc(Nc3ncc4ccc(-c5ccccc5N(C)S(C)(=O)=O)n4n3)cc2)CC1,CC(NC(=O)c1c[nH]c2ncc(-c3nn(C)c4cc(Cl)cc(F)c34)nc12)C(=O)N1CC(C#N)C1
CC(O)CN1CCC(c2ccc(Nc3ncc4ccc(-c5ccccc5N(C)S(C)(=O)=O)n4n3)cc2)CC1,N#CCNC(=O)c1ccc(-c2cccc3nc(NC(=O)C4CC4)nn23)cc1
CC(O)CN1CCC(c2ccc(Nc3ncc4ccc(-c5ccccc5N(C)S(C)(=O)=O)n4n3)cc2)CC1,CCn1c(C(=O)N(C2CC2)C2CC2)cc2c3c(ncn3C)c(Nc3nc(C)c(C)s3)nc21
CC(O)CN1CCC(c2ccc(Nc3ncc4ccc(-c5ccccc5N(C)S(C)(=O)=O)n4n3)cc2)CC1,Cc1ccccc1-n1cc(-c2ccn(C)n2)c2[nH]nc(N)c2c1=O
CC(O)CN1CCC(c2ccc(Nc3ncc4ccc(-c5ccccc5N(C)S(C)(=O)=O)n4n3)cc2)CC1,O=C(Nc1nc2cccc(C3=CCN(C(=O)NCC(F)(F)F)CC3)n2n1)C1CC1
CC(O)CN1CCC(c2ccc(Nc3ncc4ccc(-c5ccccc5N(C)S(C)(=O)=O)n4n3)cc2)CC1,CC(NC(=O)c1c[nH]c2ncc(-c3nn(C)c4cc(Cl)ccc34)nc12)C(=O)N1CC(C#N)C1
CC(O)CN1CCC(c2ccc(Nc3ncc4ccc(-c5ccccc5N(C)S(C)(=O)=O)n4n3)cc2)CC1,COc1ccc2c(-c3cnc4[nH]cc(C(=O)NC(C)C(=O)N5CC(C#N)C5)c4n3)nn(C)c2c1
CC(O)CN1CCC(c2ccc(Nc3ncc4ccc(-c5ccccc5N(C)S(C)(=O)=O)n4n3)cc2)CC1,N#CC1CN(C(=O)c2ccc(-c3cccc4nc(NC(=O)C5CC5)nn34)cc2)C1
CC(O)CN1CCC(c2ccc(Nc3ncc4ccc(-c5ccccc5N(C)S(C)(=O)=O)n4n3)cc2)CC1,CC1(N)CCC(Nc2c(C(N)=O)cnn3cc(-c4ccccc4Cl)cc23)C1(C)C
CC(O)CN1CCC(c2ccc(Nc3ncc4ccc(-c5ccccc5N(C)S(C)(=O)=O)n4n3)cc2)CC1,O=C(Nc1nc2cccc(-c3ccc(CN4CCS(=O)(=O)CC4)cc3)n2n1)C1CC1
CC(O)CN1CCC(c2ccc(Nc3ncc4ccc(-c5ccccc5N(C)S(C)(=O)=O)n4n3)cc2)CC1,COc1ccc(-c2cc3c(NC4CCC(C)(N)C4(C)C)c(C(N)=O)cnn3c2)cc1
CC(O)CN1CCC(c2ccc(Nc3ncc4ccc(-c5ccccc5N(C)S(C)(=O)=O)n4n3)cc2)CC1,CC(C)(O)C(=O)N1CCN(c2ccc(C(F)(F)F)c(C3=C(c4c[nH]c5ccccc45)C(=O)NC3=O)c2)CC1
CC(O)CN1CCC(c2ccc(Nc3ncc4ccc(-c5ccccc5N(C)S(C)(=O)=O)n4n3)cc2)CC1,CC1(N)CCC(Nc2c(C(N)=O)cnn3cc(-c4cc[nH]n4)cc23)C1(C)C
CC(O)CN1CCC(c2ccc(Nc3ncc4ccc(-c5ccccc5N(C)S(C)(=O)=O)n4n3)cc2)CC1,CC(NC(=O)c1c[nH]c2ncc(-c3nn(C)c4ccccc34)nc12)C(=O)N1CC(C#N)C1
CC(O)CN1CCC(c2ccc(Nc3ncc4ccc(-c5ccccc5N(C)S(C)(=O)=O)n4n3)cc2)CC1,CC(NC(=O)c1c[nH]c2ncc(-c3nn(C)c4cc(C#N)ccc34)nc12)C(=O)N1CC(C#N)C1
CC(O)CN1CCC(c2ccc(Nc3ncc4ccc(-c5ccccc5N(C)S(C)(=O)=O)n4n3)cc2)CC1,CCn1c(C(=O)N(C2CC2)C2CC2)cc2c3c(ncn3C)c(Nc3cc(C)n(C)n3)nc21
CC(O)CN1CCC(c2ccc(Nc3ncc4ccc(-c5ccccc5N(C)S(C)(=O)=O)n4n3)cc2)CC1,COc1ccc(-c2cc3c(NC(CO)CC4CC4)c(C(N)=O)cnn3c2)cn1
CC(O)CN1CCC(c2ccc(Nc3ncc4ccc(-c5ccccc5N(C)S(C)(=O)=O)n4n3)cc2)CC1,CC(C)C(C)n1cc(-c2cc(N3CCS(=O)(=O)CC3)n(C)n2)c2[nH]nc(N)c2c1=O
CC(O)CN1CCC(c2ccc(Nc3ncc4ccc(-c5ccccc5N(C)S(C)(=O)=O)n4n3)cc2)CC1,CC(C)C(C)n1cc(-c2cc(C3CCOCC3)n(C)n2)c2[nH]nc(N)c2c1=O
CC(O)CN1CCC(c2ccc(Nc3ncc4ccc(-c5ccccc5N(C)S(C)(=O)=O)n4n3)cc2)CC1,Cc1cnccc1-c1cc2c(NC3CCC(C)(N)C3(C)C)c(C(N)=O)cnn2c1
CC(O)CN1CCC(c2ccc(Nc3ncc4ccc(-c5ccccc5N(C)S(C)(=O)=O)n4n3)cc2)CC1,CC1(N)CCC(Nc2c(C(N)=O)cnn3cc(-c4ccc(F)nc4)cc23)C1(C)C
CC(O)CN1CCC(c2ccc(Nc3ncc4ccc(-c5ccccc5N(C)S(C)(=O)=O)n4n3)cc2)CC1,CC1(N)CCC(Nc2c(C(N)=O)cnn3cc(-c4cccc(C#N)c4)cc23)C1(C)C
CC(O)CN1CCC(c2ccc(Nc3ncc4ccc(-c5ccccc5N(C)S(C)(=O)=O)n4n3)cc2)CC1,Cn1ccc(-c2cn(-c3ccccc3Cl)c(=O)c3c(N)n[nH]c23)n1
CC(O)CN1CCC(c2ccc(Nc3ncc4ccc(-c5ccccc5N(C)S(C)(=O)=O)n4n3)cc2)CC1,COc1ccc(-c2cc3c(NC4CCC(C)(N)C4(C)C)c(C(N)=O)cnn3c2)cn1
CC(O)CN1CCC(c2ccc(Nc3ncc4ccc(-c5ccccc5N(C)S(C)(=O)=O)n4n3)cc2)CC1,CCn1c(C(=O)N(C2CC2)C2CC2)cc2c3c(ncn3C)c(Nc3nc(C)c(C(=O)NC)s3)nc21
CC(O)CN1CCC(c2ccc(Nc3ncc4ccc(-c5ccccc5N(C)S(C)(=O)=O)n4n3)cc2)CC1,Cn1nc(-c2cnc3[nH]cc(C(=O)NC(C(=O)N4CC(C#N)C4)C(C)(C)C)c3n2)c2ccc(Cl)cc21
CC(O)CN1CCC(c2ccc(Nc3ncc4ccc(-c5ccccc5N(C)S(C)(=O)=O)n4n3)cc2)CC1,COc1cc(-c2cc3c(NC4CCC(C)(N)C4(C)C)c(C(N)=O)cnn3c2)ccn1
CC(O)CN1CCC(c2ccc(Nc3ncc4ccc(-c5ccccc5N(C)S(C)(=O)=O)n4n3)cc2)CC1,CCOC(C)n1cc(-c2nc(Nc3ccc4c(c3)CCN4S(=O)(=O)c3ccc(C(F)(F)F)cc3)ncc2C)cn1
CC(O)CN1CCC(c2ccc(Nc3ncc4ccc(-c5ccccc5N(C)S(C)(=O)=O)n4n3)cc2)CC1,C=C(C#N)C(O)c1ccc(-c2cccc3nc(NC(=O)C4CC4)nn23)cc1
NC1CCCCC1Nc1cc2cc[nH]c(=O)c2c(Nc2cccc3c(Cl)c[nH]c23)n1,CCn1c(C(=O)N(C2CC2)C2CC2)cc2c3c(ncn3C)c(Nc3nc(C)c(C(=O)NC)s3)nc21
COc1ccc2c(c1)C(=O)N(c1nc(C(=O)Nc3cnccc3N3CCNCC3)cs1)C2,CCn1c(C(=O)N(C2CC2)C2CC2)cc2c3c(ncn3C)c(Nc3nc(C(=O)NC)c(C)s3)nc21
COc1ccc2c(c1)C(=O)N(c1nc(C(=O)Nc3cnccc3N3CCNCC3)cs1)C2,CCn1c(C(=O)N(C2CC2)C2CC2)cc2c3c(ncn3C)c(Nc3nc(C)cs3)nc21
COc1ccc2c(c1)C(=O)N(c1nc(C(=O)Nc3cnccc3N3CCNCC3)cs1)C2,CCn1c(C(=O)N(C2CC2)C2CC2)cc2c3c(ncn3C)c(Nc3ncc(C)s3)nc21
COc1ccc2c(c1)C(=O)N(c1nc(C(=O)Nc3cnccc3N3CCNCC3)cs1)C2,CCn1c(C(=O)N(C2CC2)C2CC2)cc2c3c(ncn3C)c(Nc3nccs3)nc21
COc1ccc2c(c1)C(=O)N(c1nc(C(=O)Nc3cnccc3N3CCNCC3)cs1)C2,CCn1c(C(=O)N(C2CC2)C2CC2)cc2c3c(ncn3C)c(Nc3cc(C)nn3C)nc21
COc1ccc2c(c1)C(=O)N(c1nc(C(=O)Nc3cnccc3N3CCNCC3)cs1)C2,CCc1nc(Nc2nc3c(cc(C(=O)N(C4CC4)C4CC4)n3CC)c3c2ncn3C)sc1C
COc1ccc2c(c1)C(=O)N(c1nc(C(=O)Nc3cnccc3N3CCNCC3)cs1)C2,CCn1c(C(=O)N(C2CC2)C2CC2)cc2c3c(ncn3C)c(Nc3nc(C)c(S(C)(=O)=O)s3)nc21
COc1ccc2c(c1)C(=O)N(c1nc(C(=O)Nc3cnccc3N3CCNCC3)cs1)C2,CCn1c(C(=O)N(C2CC2)C2CC2)cc2c3c(ncn3C)c(Nc3nc(C)c(C)s3)nc21
COc1ccc2c(c1)C(=O)N(c1nc(C(=O)Nc3cnccc3N3CCNCC3)cs1)C2,CCn1c(C(=O)N(C2CC2)C2CC2)cc2c3c(ncn3C)c(Nc3cc(C)n(C)n3)nc21
COc1ccc2c(c1)C(=O)N(c1nc(C(=O)Nc3cnccc3N3CCNCC3)cs1)C2,CCn1c(C(=O)N(C2CC2)C2CC2)cc2c3c(ncn3C)c(Nc3nc(C)c(C(=O)NC)s3)nc21
Cc1cc(Nc2nc3cccc(-c4cccc(S(C)(=O)=O)c4)n3n2)ccn1,O=C(Nc1nc2cccc(-c3ccc(C(=O)N4CCC(F)(F)CC4)cc3)n2n1)C1CC1
Cc1cc(Nc2nc3cccc(-c4cccc(S(C)(=O)=O)c4)n3n2)ccn1,O=C(Nc1nc2cccc(-c3ccc(C(=O)N4CC(F)(F)C4)cc3)n2n1)C1CC1
Cc1cc(Nc2nc3cccc(-c4cccc(S(C)(=O)=O)c4)n3n2)ccn1,N#CCNC(=O)c1ccc(-c2cccc3nc(NC(=O)C4CC4)nn23)cc1
Cc1cc(Nc2nc3cccc(-c4cccc(S(C)(=O)=O)c4)n3n2)ccn1,N#CC1CN(C(=O)c2ccc(-c3cccc4nc(NC(=O)C5CC5)nn34)cc2)C1
Cc1cc(Nc2nc3cccc(-c4cccc(S(C)(=O)=O)c4)n3n2)ccn1,O=C(Nc1nc2cccc(-c3ccc(CN4CCS(=O)(=O)CC4)cc3)n2n1)C1CC1
Cc1cc(Nc2nc3cccc(-c4cccc(S(C)(=O)=O)c4)n3n2)ccn1,C=C(C#N)C(O)c1ccc(-c2cccc3nc(NC(=O)C4CC4)nn23)cc1
Cc1nc(Nc2ncc(C(=O)Nc3c(C)cccc3Cl)s2)cc(N2CCN(CCO)CC2)n1,CCn1c(C(=O)N(C2CC2)C2CC2)cc2c3c(ncn3C)c(Nc3nc(C(=O)NC)c(C)s3)nc21
Cc1nc(Nc2ncc(C(=O)Nc3c(C)cccc3Cl)s2)cc(N2CCN(CCO)CC2)n1,CCn1c(C(=O)N(C2CC2)C2CC2)cc2c3c(ncn3C)c(Nc3nc(C)cs3)nc21
Cc1nc(Nc2ncc(C(=O)Nc3c(C)cccc3Cl)s2)cc(N2CCN(CCO)CC2)n1,CCn1c(C(=O)N(C2CC2)C2CC2)cc2c3c(ncn3C)c(Nc3ncc(C)s3)nc21
Cc1nc(Nc2ncc(C(=O)Nc3c(C)cccc3Cl)s2)cc(N2CCN(CCO)CC2)n1,CCn1c(C(=O)N(C2CC2)C2CC2)cc2c3c(ncn3C)c(Nc3nccs3)nc21
Cc1nc(Nc2ncc(C(=O)Nc3c(C)cccc3Cl)s2)cc(N2CCN(CCO)CC2)n1,CCc1nc(Nc2nc3c(cc(C(=O)N(C4CC4)C4CC4)n3CC)c3c2ncn3C)sc1C
Cc1nc(Nc2ncc(C(=O)Nc3c(C)cccc3Cl)s2)cc(N2CCN(CCO)CC2)n1,CCn1c(C(=O)N(C2CC2)C2CC2)cc2c3c(ncn3C)c(Nc3nc(C)c(S(C)(=O)=O)s3)nc21
Cc1nc(Nc2ncc(C(=O)Nc3c(C)cccc3Cl)s2)cc(N2CCN(CCO)CC2)n1,CCn1c(C(=O)N(C2CC2)C2CC2)cc2c3c(ncn3C)c(Nc3nc(C)c(C)s3)nc21
Cc1nc(Nc2ncc(C(=O)Nc3c(C)cccc3Cl)s2)cc(N2CCN(CCO)CC2)n1,CCn1c(C(=O)N(C2CC2)C2CC2)cc2c3c(ncn3C)c(Nc3nc(C)c(C(=O)NC)s3)nc21
Cc1cc(Nc2nccc3nc(-c4c(Cl)cccc4Cl)[nH]c23)nc(N(C)C)n1,CCn1c(C(=O)N(C2CC2)C2CC2)cc2c3c(ncn3C)c(Nc3nc(C(=O)NC)c(C)s3)nc21
Cc1cc(Nc2nccc3nc(-c4c(Cl)cccc4Cl)[nH]c23)nc(N(C)C)n1,CCn1c(C(=O)N(C2CC2)C2CC2)cc2c3c(ncn3C)c(Nc3nc(C)cs3)nc21
Cc1cc(Nc2nccc3nc(-c4c(Cl)cccc4Cl)[nH]c23)nc(N(C)C)n1,CCn1c(C(=O)N(C2CC2)C2CC2)cc2c3c(ncn3C)c(Nc3ncc(C)s3)nc21
Cc1cc(Nc2nccc3nc(-c4c(Cl)cccc4Cl)[nH]c23)nc(N(C)C)n1,CCn1c(C(=O)N(C2CC2)C2CC2)cc2c3c(ncn3C)c(Nc3nccs3)nc21
Cc1cc(Nc2nccc3nc(-c4c(Cl)cccc4Cl)[nH]c23)nc(N(C)C)n1,Cc1cc(Nc2nccc3nc(-c4c(Cl)cc(C#N)cc4Cl)[nH]c23)ncn1
Cc1cc(Nc2nccc3nc(-c4c(Cl)cccc4Cl)[nH]c23)nc(N(C)C)n1,CCn1c(C(=O)N(C2CC2)C2CC2)cc2c3c(ncn3C)c(Nc3cc(C)nn3C)nc21
Cc1cc(Nc2nccc3nc(-c4c(Cl)cccc4Cl)[nH]c23)nc(N(C)C)n1,CCc1nc(Nc2nc3c(cc(C(=O)N(C4CC4)C4CC4)n3CC)c3c2ncn3C)sc1C
Cc1cc(Nc2nccc3nc(-c4c(Cl)cccc4Cl)[nH]c23)nc(N(C)C)n1,CCn1c(C(=O)N(C2CC2)C2CC2)cc2c3c(ncn3C)c(Nc3nc(C)c(S(C)(=O)=O)s3)nc21
Cc1cc(Nc2nccc3nc(-c4c(Cl)cccc4Cl)[nH]c23)nc(N(C)C)n1,CCn1c(C(=O)N(C2CC2)C2CC2)cc2c3c(ncn3C)c(Nc3nc(C)c(C)s3)nc21
Cc1cc(Nc2nccc3nc(-c4c(Cl)cccc4Cl)[nH]c23)nc(N(C)C)n1,CC(Nc1nc(Nc2cn(C)cn2)c2ccncc2n1)c1ncc(F)cn1
Cc1cc(Nc2nccc3nc(-c4c(Cl)cccc4Cl)[nH]c23)nc(N(C)C)n1,CCn1c(C(=O)N(C2CC2)C2CC2)cc2c3c(ncn3C)c(Nc3cc(C)n(C)n3)nc21
O=C(CCCCCCCC(=O)N1CC=CCOCc2cccc(c2)-c2ccnc(n2)Nc2cccc(c2)C1)NO,Cc1ccc(C(=O)C=CC(=O)N2CCc3ccc(Nc4ncc(C)c(-c5cnn(C(C)C)c5)n4)cc3C2)cc1
O=C(CCCCCCCC(=O)N1CC=CCOCc2cccc(c2)-c2ccnc(n2)Nc2cccc(c2)C1)NO,Cc1ccc(C(=O)C=CC(=O)N2CCc3cc(Nc4ncc(C)c(-c5cnn(C(C)C)c5)n4)ccc3C2)cc1
O=C(CCCCCCCC(=O)N1CC=CCOCc2cccc(c2)-c2ccnc(n2)Nc2cccc(c2)C1)NO,Cc1cnc(Nc2ccc3c(c2)CCN(CC#N)C3)nc1-c1cnn(C(C)C)c1
O=C(CCCCCCCC(=O)N1CC=CCOCc2cccc(c2)-c2ccnc(n2)Nc2cccc(c2)C1)NO,Cc1cnc(Nc2ccc3c(c2)CCN(C(=O)C=CCN(C)C)C3)nc1-c1cnn(C(C)C)c1
O=C(CCCCCCCC(=O)N1CC=CCOCc2cccc(c2)-c2ccnc(n2)Nc2cccc(c2)C1)NO,COC(=O)C=CCN1CCc2cc(Nc3ncc(C)c(-c4cnn(C(C)C)c4)n3)ccc2C1
O=C(CCCCCCCC(=O)N1CC=CCOCc2cccc(c2)-c2ccnc(n2)Nc2cccc(c2)C1)NO,Cc1cnc(Nc2ccc3c(c2)CCN(C(=O)C=CC(=O)c2ccccc2)C3)nc1-c1cnn(C(C)C)c1
O=C(CCCCCCCC(=O)N1CC=CCOCc2cccc(c2)-c2ccnc(n2)Nc2cccc(c2)C1)NO,Cc1cnc(Nc2ccc3c(c2)CN(C(=O)C=CCN(C)C)CC3)nc1-c1cnn(C(C)C)c1
O=C(CCCCCCCC(=O)N1CC=CCOCc2cccc(c2)-c2ccnc(n2)Nc2cccc(c2)C1)NO,Cc1cnc(Nc2ccc3c(c2)CN(C(=O)C=CC(=O)c2ccccc2)CC3)nc1-c1cnn(C(C)C)c1
COc1ccccc1-c1ccc2cnc(Nc3ccc(C4CCN(CC(C)O)CC4)cc3)nn12,O=C(Nc1nc2cccc(-c3ccc(C(=O)N4CCC(F)(F)CC4)cc3)n2n1)C1CC1
COc1ccccc1-c1ccc2cnc(Nc3ccc(C4CCN(CC(C)O)CC4)cc3)nn12,COc1ccccc1-c1cc2c(NC3CCC(C)(N)C3(C)C)c(C(N)=O)cnn2c1
COc1ccccc1-c1ccc2cnc(Nc3ccc(C4CCN(CC(C)O)CC4)cc3)nn12,O=C(Nc1nc2cccc(-c3ccc(C(=O)N4CC(F)(F)C4)cc3)n2n1)C1CC1
COc1ccccc1-c1ccc2cnc(Nc3ccc(C4CCN(CC(C)O)CC4)cc3)nn12,CCn1c(C(=O)N(C2CC2)C2CC2)cc2c3c(ncn3C)c(Nc3nc(C(=O)NC)c(C)s3)nc21
COc1ccccc1-c1ccc2cnc(Nc3ccc(C4CCN(CC(C)O)CC4)cc3)nn12,CCn1c(C(=O)N(C2CC2)C2CC2)cc2c3c(ncn3C)c(Nc3nc(C)cs3)nc21
COc1ccccc1-c1ccc2cnc(Nc3ccc(C4CCN(CC(C)O)CC4)cc3)nn12,CCn1c(C(=O)N(C2CC2)C2CC2)cc2c3c(ncn3C)c(Nc3ncc(C)s3)nc21
COc1ccccc1-c1ccc2cnc(Nc3ccc(C4CCN(CC(C)O)CC4)cc3)nn12,CCn1c(C(=O)N(C2CC2)C2CC2)cc2c3c(ncn3C)c(Nc3nccs3)nc21
COc1ccccc1-c1ccc2cnc(Nc3ccc(C4CCN(CC(C)O)CC4)cc3)nn12,CCn1c(C(=O)N(C2CC2)C2CC2)cc2c3c(ncn3C)c(Nc3cc(C)nn3C)nc21
COc1ccccc1-c1ccc2cnc(Nc3ccc(C4CCN(CC(C)O)CC4)cc3)nn12,CCc1nc(Nc2nc3c(cc(C(=O)N(C4CC4)C4CC4)n3CC)c3c2ncn3C)sc1C
COc1ccccc1-c1ccc2cnc(Nc3ccc(C4CCN(CC(C)O)CC4)cc3)nn12,CCn1c(C(=O)N(C2CC2)C2CC2)cc2c3c(ncn3C)c(Nc3nc(C)c(S(C)(=O)=O)s3)nc21
COc1ccccc1-c1ccc2cnc(Nc3ccc(C4CCN(CC(C)O)CC4)cc3)nn12,N#CCNC(=O)c1ccc(-c2cccc3nc(NC(=O)C4CC4)nn23)cc1
COc1ccccc1-c1ccc2cnc(Nc3ccc(C4CCN(CC(C)O)CC4)cc3)nn12,CCn1c(C(=O)N(C2CC2)C2CC2)cc2c3c(ncn3C)c(Nc3nc(C)c(C)s3)nc21
COc1ccccc1-c1ccc2cnc(Nc3ccc(C4CCN(CC(C)O)CC4)cc3)nn12,N#CC1CN(C(=O)c2ccc(-c3cccc4nc(NC(=O)C5CC5)nn34)cc2)C1
COc1ccccc1-c1ccc2cnc(Nc3ccc(C4CCN(CC(C)O)CC4)cc3)nn12,O=C(Nc1nc2cccc(-c3ccc(CN4CCS(=O)(=O)CC4)cc3)n2n1)C1CC1
COc1ccccc1-c1ccc2cnc(Nc3ccc(C4CCN(CC(C)O)CC4)cc3)nn12,CCn1c(C(=O)N(C2CC2)C2CC2)cc2c3c(ncn3C)c(Nc3cc(C)n(C)n3)nc21
COc1ccccc1-c1ccc2cnc(Nc3ccc(C4CCN(CC(C)O)CC4)cc3)nn12,CCn1c(C(=O)N(C2CC2)C2CC2)cc2c3c(ncn3C)c(Nc3nc(C)c(C(=O)NC)s3)nc21
COc1ccccc1-c1ccc2cnc(Nc3ccc(C4CCN(CC(C)O)CC4)cc3)nn12,C=C(C#N)C(O)c1ccc(-c2cccc3nc(NC(=O)C4CC4)nn23)cc1
Fc1cc(-c2cccc3ncc(-c4cnn(C5CCNCC5)c4)nc23)cc(F)c1CN1CCOCC1,Cc1ccc(C(=O)C=CC(=O)N2CCc3ccc(Nc4ncc(C)c(-c5cnn(C(C)C)c5)n4)cc3C2)cc1
Fc1cc(-c2cccc3ncc(-c4cnn(C5CCNCC5)c4)nc23)cc(F)c1CN1CCOCC1,CCn1c(C(=O)N(C2CC2)C2CC2)cc2c3c(ncn3C)c(Nc3nc(C(=O)NC)c(C)s3)nc21
Fc1cc(-c2cccc3ncc(-c4cnn(C5CCNCC5)c4)nc23)cc(F)c1CN1CCOCC1,Cc1ccc(C(=O)C=CC(=O)N2CCc3cc(Nc4ncc(C)c(-c5cnn(C(C)C)c5)n4)ccc3C2)cc1
Fc1cc(-c2cccc3ncc(-c4cnn(C5CCNCC5)c4)nc23)cc(F)c1CN1CCOCC1,CC(NC(=O)c1c[nH]c2ncc(-c3cn(C)c4cc(Cl)ccc34)nc12)C(=O)N1CC(C#N)C1
Fc1cc(-c2cccc3ncc(-c4cnn(C5CCNCC5)c4)nc23)cc(F)c1CN1CCOCC1,Cc1cnc(Nc2ccc3c(c2)CCN(C(=O)C=CCN(C)C)C3)nc1-c1cnn(C(C)C)c1
Fc1cc(-c2cccc3ncc(-c4cnn(C5CCNCC5)c4)nc23)cc(F)c1CN1CCOCC1,CC(NC(=O)c1c[nH]c2ncc(-c3nn(C)c4cc(Cl)cc(F)c34)nc12)C(=O)N1CC(C#N)C1
Fc1cc(-c2cccc3ncc(-c4cnn(C5CCNCC5)c4)nc23)cc(F)c1CN1CCOCC1,Cc1cnc(Nc2ccc3c(c2)CCN(C(=O)C=CC(=O)c2ccccc2)C3)nc1-c1cnn(C(C)C)c1
Fc1cc(-c2cccc3ncc(-c4cnn(C5CCNCC5)c4)nc23)cc(F)c1CN1CCOCC1,CC(NC(=O)c1c[nH]c2ncc(-c3nn(C)c4cc(C#N)ccc34)nc12)C(=O)N1CC(C#N)C1
Fc1cc(-c2cccc3ncc(-c4cnn(C5CCNCC5)c4)nc23)cc(F)c1CN1CCOCC1,CC(C)C(C)n1cc(-c2cc(N3CCS(=O)(=O)CC3)n(C)n2)c2[nH]nc(N)c2c1=O
Fc1cc(-c2cccc3ncc(-c4cnn(C5CCNCC5)c4)nc23)cc(F)c1CN1CCOCC1,CC(C)C(C)n1cc(-c2cc(C3CCOCC3)n(C)n2)c2[nH]nc(N)c2c1=O
Fc1cc(-c2cccc3ncc(-c4cnn(C5CCNCC5)c4)nc23)cc(F)c1CN1CCOCC1,Cc1cnc(Nc2ccc3c(c2)CN(C(=O)C=CCN(C)C)CC3)nc1-c1cnn(C(C)C)c1
Fc1cc(-c2cccc3ncc(-c4cnn(C5CCNCC5)c4)nc23)cc(F)c1CN1CCOCC1,Cc1cnc(Nc2ccc3c(c2)CN(C(=O)C=CC(=O)c2ccccc2)CC3)nc1-c1cnn(C(C)C)c1
O=C(CCCCCn1cc(Nc2ncc3ccn(Cc4ccccc4)c3n2)cn1)NO,O=C(CCCCCCn1cc(Nc2ncc3ccn(Cc4cccc(F)c4)c3n2)cn1)NO
O=C(CCCCCn1cc(Nc2ncc3ccn(Cc4ccccc4)c3n2)cn1)NO,O=C(CCCCCCn1cc(Nc2ncc3ccn(-c4ccccc4)c3n2)cn1)NO
O=C(CCCCCn1cc(Nc2ncc3ccn(Cc4ccccc4)c3n2)cn1)NO,O=C(CCCCCn1cc(Nc2ncc3ccn(Cc4cccc(F)c4)c3n2)cn1)NO
COc1ccccc1-c1ccc2cnc(Nc3cccc(N4CCN(C)CC4)c3)nn12,O=C(Nc1nc2cccc(-c3ccc(C(=O)N4CCC(F)(F)CC4)cc3)n2n1)C1CC1
COc1ccccc1-c1ccc2cnc(Nc3cccc(N4CCN(C)CC4)c3)nn12,O=C(Nc1nc2cccc(-c3ccc(C(=O)N4CC(F)(F)C4)cc3)n2n1)C1CC1
COc1ccccc1-c1ccc2cnc(Nc3cccc(N4CCN(C)CC4)c3)nn12,CCn1c(C(=O)N(C2CC2)C2CC2)cc2c3c(ncn3C)c(Nc3nc(C(=O)NC)c(C)s3)nc21
COc1ccccc1-c1ccc2cnc(Nc3cccc(N4CCN(C)CC4)c3)nn12,CCc1nc(Nc2nc3c(cc(C(=O)N(C4CC4)C4CC4)n3CC)c3c2ncn3C)sc1C
COc1ccccc1-c1ccc2cnc(Nc3cccc(N4CCN(C)CC4)c3)nn12,N#CCNC(=O)c1ccc(-c2cccc3nc(NC(=O)C4CC4)nn23)cc1
COc1ccccc1-c1ccc2cnc(Nc3cccc(N4CCN(C)CC4)c3)nn12,N#CC1CN(C(=O)c2ccc(-c3cccc4nc(NC(=O)C5CC5)nn34)cc2)C1
COc1ccccc1-c1ccc2cnc(Nc3cccc(N4CCN(C)CC4)c3)nn12,O=C(Nc1nc2cccc(-c3ccc(CN4CCS(=O)(=O)CC4)cc3)n2n1)C1CC1
COc1ccccc1-c1ccc2cnc(Nc3cccc(N4CCN(C)CC4)c3)nn12,C=C(C#N)C(O)c1ccc(-c2cccc3nc(NC(=O)C4CC4)nn23)cc1
O=C(Nc1ccnc(NC(=O)C2CCCC2)c1)c1c(Cl)cccc1Cl,O=C(Nc1ccnc(NC(=O)C2CC2)c1)c1c(Cl)cccc1Cl
Cc1cnc(Nc2ccc3c(c2)CCN3S(=O)(=O)C2CC2)nc1-c1cnn(C(C)C)c1,Cc1ccc(C(=O)C=CC(=O)N2CCc3ccc(Nc4ncc(C)c(-c5cnn(C(C)C)c5)n4)cc3C2)cc1
Cc1cnc(Nc2ccc3c(c2)CCN3S(=O)(=O)C2CC2)nc1-c1cnn(C(C)C)c1,CCn1c(C(=O)N(C2CC2)C2CC2)cc2c3c(ncn3C)c(Nc3nc(C(=O)NC)c(C)s3)nc21
Cc1cnc(Nc2ccc3c(c2)CCN3S(=O)(=O)C2CC2)nc1-c1cnn(C(C)C)c1,CCn1c(C(=O)N(C2CC2)C2CC2)cc2c3c(ncn3C)c(Nc3nc(C)cs3)nc21
Cc1cnc(Nc2ccc3c(c2)CCN3S(=O)(=O)C2CC2)nc1-c1cnn(C(C)C)c1,CCn1c(C(=O)N(C2CC2)C2CC2)cc2c3c(ncn3C)c(Nc3ncc(C)s3)nc21
Cc1cnc(Nc2ccc3c(c2)CCN3S(=O)(=O)C2CC2)nc1-c1cnn(C(C)C)c1,Cc1ccc(C(=O)C=CC(=O)N2CCc3cc(Nc4ncc(C)c(-c5cnn(C(C)C)c5)n4)ccc3C2)cc1
Cc1cnc(Nc2ccc3c(c2)CCN3S(=O)(=O)C2CC2)nc1-c1cnn(C(C)C)c1,Cn1nc(-c2cnc3[nH]cc(C(=O)NC(C(=O)N4CC(C#N)C4)C4CC4)c3n2)c2ccc(Cl)cc21
Cc1cnc(Nc2ccc3c(c2)CCN3S(=O)(=O)C2CC2)nc1-c1cnn(C(C)C)c1,CCn1c(C(=O)N(C2CC2)C2CC2)cc2c3c(ncn3C)c(Nc3nccs3)nc21
Cc1cnc(Nc2ccc3c(c2)CCN3S(=O)(=O)C2CC2)nc1-c1cnn(C(C)C)c1,CCn1c(C(=O)N(C2CC2)C2CC2)cc2c3c(ncn3C)c(Nc3cc(C)nn3C)nc21
Cc1cnc(Nc2ccc3c(c2)CCN3S(=O)(=O)C2CC2)nc1-c1cnn(C(C)C)c1,CCc1nc(Nc2nc3c(cc(C(=O)N(C4CC4)C4CC4)n3CC)c3c2ncn3C)sc1C
Cc1cnc(Nc2ccc3c(c2)CCN3S(=O)(=O)C2CC2)nc1-c1cnn(C(C)C)c1,Cc1cnc(Nc2ccc3c(c2)CCN(CC#N)C3)nc1-c1cnn(C(C)C)c1
Cc1cnc(Nc2ccc3c(c2)CCN3S(=O)(=O)C2CC2)nc1-c1cnn(C(C)C)c1,CCn1c(C(=O)N(C2CC2)C2CC2)cc2c3c(ncn3C)c(Nc3nc(C)c(S(C)(=O)=O)s3)nc21
Cc1cnc(Nc2ccc3c(c2)CCN3S(=O)(=O)C2CC2)nc1-c1cnn(C(C)C)c1,Cc1cnc(Nc2ccc3c(c2)CCN(C(=O)C=CCN(C)C)C3)nc1-c1cnn(C(C)C)c1
Cc1cnc(Nc2ccc3c(c2)CCN3S(=O)(=O)C2CC2)nc1-c1cnn(C(C)C)c1,CC(NC(=O)c1c[nH]c2ncc(-c3nn(C)c4cc(Cl)cc(F)c34)nc12)C(=O)N1CC(C#N)C1
Cc1cnc(Nc2ccc3c(c2)CCN3S(=O)(=O)C2CC2)nc1-c1cnn(C(C)C)c1,CCn1c(C(=O)N(C2CC2)C2CC2)cc2c3c(ncn3C)c(Nc3nc(C)c(C)s3)nc21
Cc1cnc(Nc2ccc3c(c2)CCN3S(=O)(=O)C2CC2)nc1-c1cnn(C(C)C)c1,Cc1ccccc1-n1cc(-c2ccn(C)n2)c2[nH]nc(N)c2c1=O
Cc1cnc(Nc2ccc3c(c2)CCN3S(=O)(=O)C2CC2)nc1-c1cnn(C(C)C)c1,CC(NC(=O)c1c[nH]c2ncc(-c3nn(C)c4cc(Cl)ccc34)nc12)C(=O)N1CC(C#N)C1
Cc1cnc(Nc2ccc3c(c2)CCN3S(=O)(=O)C2CC2)nc1-c1cnn(C(C)C)c1,Cc1cnc(Nc2ccc(NS(=O)(=O)c3ccc(C(F)(F)F)cc3)c(F)c2)nc1-c1cnn(C(C)C)c1
Cc1cnc(Nc2ccc3c(c2)CCN3S(=O)(=O)C2CC2)nc1-c1cnn(C(C)C)c1,COC(=O)C=CCN1CCc2cc(Nc3ncc(C)c(-c4cnn(C(C)C)c4)n3)ccc2C1
Cc1cnc(Nc2ccc3c(c2)CCN3S(=O)(=O)C2CC2)nc1-c1cnn(C(C)C)c1,COc1ccc2c(-c3cnc4[nH]cc(C(=O)NC(C)C(=O)N5CC(C#N)C5)c4n3)nn(C)c2c1
Cc1cnc(Nc2ccc3c(c2)CCN3S(=O)(=O)C2CC2)nc1-c1cnn(C(C)C)c1,CC1(N)CCC(Nc2c(C(N)=O)cnn3cc(-c4cc[nH]n4)cc23)C1(C)C
Cc1cnc(Nc2ccc3c(c2)CCN3S(=O)(=O)C2CC2)nc1-c1cnn(C(C)C)c1,Cc1cnc(Nc2ccc3c(c2)CCN(C(=O)C=CC(=O)c2ccccc2)C3)nc1-c1cnn(C(C)C)c1
Cc1cnc(Nc2ccc3c(c2)CCN3S(=O)(=O)C2CC2)nc1-c1cnn(C(C)C)c1,CC(NC(=O)c1c[nH]c2ncc(-c3nn(C)c4cc(C#N)ccc34)nc12)C(=O)N1CC(C#N)C1
Cc1cnc(Nc2ccc3c(c2)CCN3S(=O)(=O)C2CC2)nc1-c1cnn(C(C)C)c1,CCn1c(C(=O)N(C2CC2)C2CC2)cc2c3c(ncn3C)c(Nc3cc(C)n(C)n3)nc21
Cc1cnc(Nc2ccc3c(c2)CCN3S(=O)(=O)C2CC2)nc1-c1cnn(C(C)C)c1,CC(C)C(C)n1cc(-c2cc(N3CCS(=O)(=O)CC3)n(C)n2)c2[nH]nc(N)c2c1=O
Cc1cnc(Nc2ccc3c(c2)CCN3S(=O)(=O)C2CC2)nc1-c1cnn(C(C)C)c1,N#CCCn1cc(-c2nc(Nc3ccc4c(c3)CCN4C(=O)CN3CCS(=O)(=O)CC3)ncc2F)cn1
Cc1cnc(Nc2ccc3c(c2)CCN3S(=O)(=O)C2CC2)nc1-c1cnn(C(C)C)c1,CC(C)C(C)n1cc(-c2cc(C3CCOCC3)n(C)n2)c2[nH]nc(N)c2c1=O
Cc1cnc(Nc2ccc3c(c2)CCN3S(=O)(=O)C2CC2)nc1-c1cnn(C(C)C)c1,Cc1cnc(Nc2ccc3c(c2)CN(C(=O)C=CCN(C)C)CC3)nc1-c1cnn(C(C)C)c1
Cc1cnc(Nc2ccc3c(c2)CCN3S(=O)(=O)C2CC2)nc1-c1cnn(C(C)C)c1,Cc1cnc(Nc2ccc3c(c2)CN(C(=O)C=CC(=O)c2ccccc2)CC3)nc1-c1cnn(C(C)C)c1
Cc1cnc(Nc2ccc3c(c2)CCN3S(=O)(=O)C2CC2)nc1-c1cnn(C(C)C)c1,N#CCCn1cc(-c2nc(Nc3ccc4c(c3)CCN4C(=O)C3(C#N)CC3)ncc2F)cn1
Cc1cnc(Nc2ccc3c(c2)CCN3S(=O)(=O)C2CC2)nc1-c1cnn(C(C)C)c1,Cn1ccc(-c2cn(-c3ccccc3Cl)c(=O)c3c(N)n[nH]c23)n1
Cc1cnc(Nc2ccc3c(c2)CCN3S(=O)(=O)C2CC2)nc1-c1cnn(C(C)C)c1,CCn1c(C(=O)N(C2CC2)C2CC2)cc2c3c(ncn3C)c(Nc3nc(C)c(C(=O)NC)s3)nc21
Cc1cnc(Nc2ccc3c(c2)CCN3S(=O)(=O)C2CC2)nc1-c1cnn(C(C)C)c1,Cn1nc(-c2cnc3[nH]cc(C(=O)NC(C(=O)N4CC(C#N)C4)C(C)(C)C)c3n2)c2ccc(Cl)cc21
Cc1cnc(Nc2ccc3c(c2)CCN3S(=O)(=O)C2CC2)nc1-c1cnn(C(C)C)c1,CCOC(C)n1cc(-c2nc(Nc3ccc4c(c3)CCN4S(=O)(=O)c3ccc(C(F)(F)F)cc3)ncc2C)cn1
CS(=O)(=O)C1C2CCC(CC2)C1Nc1nc(-c2c[nH]c3ncc(F)cc23)ncc1F,CCn1c(C(=O)N(C2CC2)C2CC2)cc2c3c(ncn3C)c(Nc3nc(C(=O)NC)c(C)s3)nc21
CS(=O)(=O)C1C2CCC(CC2)C1Nc1nc(-c2c[nH]c3ncc(F)cc23)ncc1F,CCn1c(C(=O)N(C2CC2)C2CC2)cc2c3c(ncn3C)c(Nc3nc(C)cs3)nc21
CS(=O)(=O)C1C2CCC(CC2)C1Nc1nc(-c2c[nH]c3ncc(F)cc23)ncc1F,CCn1c(C(=O)N(C2CC2)C2CC2)cc2c3c(ncn3C)c(Nc3ncc(C)s3)nc21
CS(=O)(=O)C1C2CCC(CC2)C1Nc1nc(-c2c[nH]c3ncc(F)cc23)ncc1F,CCn1c(C(=O)N(C2CC2)C2CC2)cc2c3c(ncn3C)c(Nc3nccs3)nc21
CS(=O)(=O)C1C2CCC(CC2)C1Nc1nc(-c2c[nH]c3ncc(F)cc23)ncc1F,CCn1c(C(=O)N(C2CC2)C2CC2)cc2c3c(ncn3C)c(Nc3cc(C)nn3C)nc21
CS(=O)(=O)C1C2CCC(CC2)C1Nc1nc(-c2c[nH]c3ncc(F)cc23)ncc1F,CCc1nc(Nc2nc3c(cc(C(=O)N(C4CC4)C4CC4)n3CC)c3c2ncn3C)sc1C
CS(=O)(=O)C1C2CCC(CC2)C1Nc1nc(-c2c[nH]c3ncc(F)cc23)ncc1F,CCn1c(C(=O)N(C2CC2)C2CC2)cc2c3c(ncn3C)c(Nc3nc(C)c(S(C)(=O)=O)s3)nc21
CS(=O)(=O)C1C2CCC(CC2)C1Nc1nc(-c2c[nH]c3ncc(F)cc23)ncc1F,CC(NC(=O)c1c[nH]c2ncc(-c3nn(C)c4cc(Cl)cc(F)c34)nc12)C(=O)N1CC(C#N)C1
CS(=O)(=O)C1C2CCC(CC2)C1Nc1nc(-c2c[nH]c3ncc(F)cc23)ncc1F,CCn1c(C(=O)N(C2CC2)C2CC2)cc2c3c(ncn3C)c(Nc3nc(C)c(C)s3)nc21
CS(=O)(=O)C1C2CCC(CC2)C1Nc1nc(-c2c[nH]c3ncc(F)cc23)ncc1F,CCn1c(C(=O)N(C2CC2)C2CC2)cc2c3c(ncn3C)c(Nc3cc(C)n(C)n3)nc21
CS(=O)(=O)C1C2CCC(CC2)C1Nc1nc(-c2c[nH]c3ncc(F)cc23)ncc1F,CCn1c(C(=O)N(C2CC2)C2CC2)cc2c3c(ncn3C)c(Nc3nc(C)c(C(=O)NC)s3)nc21
CC(C)c1cccc(-c2cccc3nc(NC(=O)c4ccc(F)cc4)nn23)c1,O=C(Nc1nc2cccc(-c3ccc(C(=O)N4CCC(F)(F)CC4)cc3)n2n1)C1CC1
CC(C)c1cccc(-c2cccc3nc(NC(=O)c4ccc(F)cc4)nn23)c1,O=C(Nc1nc2cccc(-c3ccc(C(=O)N4CC(F)(F)C4)cc3)n2n1)C1CC1
CC(C)c1cccc(-c2cccc3nc(NC(=O)c4ccc(F)cc4)nn23)c1,N#CCNC(=O)c1ccc(-c2cccc3nc(NC(=O)C4CC4)nn23)cc1
CC(C)c1cccc(-c2cccc3nc(NC(=O)c4ccc(F)cc4)nn23)c1,CC(C)(C#N)C(=O)N1CC2(CCC(c3cccc4nc(NC(=O)C5CC5)nn34)CC2)C1
CC(C)c1cccc(-c2cccc3nc(NC(=O)c4ccc(F)cc4)nn23)c1,O=C(Nc1nc2cccc(C3CCC4(CC3)CCN(C(=O)C3CC3(F)F)CC4)n2n1)C1CC1
CC(C)c1cccc(-c2cccc3nc(NC(=O)c4ccc(F)cc4)nn23)c1,N#CC1CN(C(=O)c2ccc(-c3cccc4nc(NC(=O)C5CC5)nn34)cc2)C1
CC(C)c1cccc(-c2cccc3nc(NC(=O)c4ccc(F)cc4)nn23)c1,O=C(Nc1nc2cccc(-c3ccc(CN4CCS(=O)(=O)CC4)cc3)n2n1)C1CC1
CC(C)c1cccc(-c2cccc3nc(NC(=O)c4ccc(F)cc4)nn23)c1,O=C(Nc1nc2cccc(C3CCC4(CC3)CN(C(=O)CC(F)F)C4)n2n1)C1CC1
CC(C)c1cccc(-c2cccc3nc(NC(=O)c4ccc(F)cc4)nn23)c1,N#CCC(=O)N1CC2(CCC(c3cccc4nc(NC(=O)C5CC5)nn34)CC2)C1
CC(C)c1cccc(-c2cccc3nc(NC(=O)c4ccc(F)cc4)nn23)c1,C=C(C#N)C(O)c1ccc(-c2cccc3nc(NC(=O)C4CC4)nn23)cc1
OC1CCN(c2cc(Nc3nccc4nc(-c5c(Cl)cccc5Cl)[nH]c34)ncn2)CC1,CCn1c(C(=O)N(C2CC2)C2CC2)cc2c3c(ncn3C)c(Nc3nc(C(=O)NC)c(C)s3)nc21
OC1CCN(c2cc(Nc3nccc4nc(-c5c(Cl)cccc5Cl)[nH]c34)ncn2)CC1,CCn1c(C(=O)N(C2CC2)C2CC2)cc2c3c(ncn3C)c(Nc3nc(C)cs3)nc21
OC1CCN(c2cc(Nc3nccc4nc(-c5c(Cl)cccc5Cl)[nH]c34)ncn2)CC1,CCn1c(C(=O)N(C2CC2)C2CC2)cc2c3c(ncn3C)c(Nc3ncc(C)s3)nc21
OC1CCN(c2cc(Nc3nccc4nc(-c5c(Cl)cccc5Cl)[nH]c34)ncn2)CC1,CCn1c(C(=O)N(C2CC2)C2CC2)cc2c3c(ncn3C)c(Nc3nccs3)nc21
OC1CCN(c2cc(Nc3nccc4nc(-c5c(Cl)cccc5Cl)[nH]c34)ncn2)CC1,Cc1cc(Nc2nccc3nc(-c4c(Cl)cc(C#N)cc4Cl)[nH]c23)ncn1
OC1CCN(c2cc(Nc3nccc4nc(-c5c(Cl)cccc5Cl)[nH]c34)ncn2)CC1,CCn1c(C(=O)N(C2CC2)C2CC2)cc2c3c(ncn3C)c(Nc3cc(C)nn3C)nc21
OC1CCN(c2cc(Nc3nccc4nc(-c5c(Cl)cccc5Cl)[nH]c34)ncn2)CC1,CCc1nc(Nc2nc3c(cc(C(=O)N(C4CC4)C4CC4)n3CC)c3c2ncn3C)sc1C
OC1CCN(c2cc(Nc3nccc4nc(-c5c(Cl)cccc5Cl)[nH]c34)ncn2)CC1,CCn1c(C(=O)N(C2CC2)C2CC2)cc2c3c(ncn3C)c(Nc3nc(C)c(S(C)(=O)=O)s3)nc21
OC1CCN(c2cc(Nc3nccc4nc(-c5c(Cl)cccc5Cl)[nH]c34)ncn2)CC1,CCn1c(C(=O)N(C2CC2)C2CC2)cc2c3c(ncn3C)c(Nc3nc(C)c(C)s3)nc21
OC1CCN(c2cc(Nc3nccc4nc(-c5c(Cl)cccc5Cl)[nH]c34)ncn2)CC1,CCn1c(C(=O)N(C2CC2)C2CC2)cc2c3c(ncn3C)c(Nc3cc(C)n(C)n3)nc21
OC1CCN(c2cc(Nc3nccc4nc(-c5c(Cl)cccc5Cl)[nH]c34)ncn2)CC1,CCn1c(C(=O)N(C2CC2)C2CC2)cc2c3c(ncn3C)c(Nc3nc(C)c(C(=O)NC)s3)nc21
CN1CCN(c2ccc(Nc3ncc4ccc(-c5ccccc5N(C)S(C)(=O)=O)n4n3)c(Cl)c2)CC1,O=C(Nc1nc2cccc(-c3ccc(C(=O)N4CCC(F)(F)CC4)cc3)n2n1)C1CC1
CN1CCN(c2ccc(Nc3ncc4ccc(-c5ccccc5N(C)S(C)(=O)=O)n4n3)c(Cl)c2)CC1,COc1ccccc1-c1cc2c(NC3CCC(C)(N)C3(C)C)c(C(N)=O)cnn2c1
CN1CCN(c2ccc(Nc3ncc4ccc(-c5ccccc5N(C)S(C)(=O)=O)n4n3)c(Cl)c2)CC1,O=C(Nc1nc2cccc(-c3ccc(C(=O)N4CC(F)(F)C4)cc3)n2n1)C1CC1
CN1CCN(c2ccc(Nc3ncc4ccc(-c5ccccc5N(C)S(C)(=O)=O)n4n3)c(Cl)c2)CC1,CCn1c(C(=O)N(C2CC2)C2CC2)cc2c3c(ncn3C)c(Nc3nc(C(=O)NC)c(C)s3)nc21
CN1CCN(c2ccc(Nc3ncc4ccc(-c5ccccc5N(C)S(C)(=O)=O)n4n3)c(Cl)c2)CC1,CCn1c(C(=O)N(C2CC2)C2CC2)cc2c3c(ncn3C)c(Nc3nc(C)cs3)nc21
CN1CCN(c2ccc(Nc3ncc4ccc(-c5ccccc5N(C)S(C)(=O)=O)n4n3)c(Cl)c2)CC1,CCn1c(C(=O)N(C2CC2)C2CC2)cc2c3c(ncn3C)c(Nc3ncc(C)s3)nc21
CN1CCN(c2ccc(Nc3ncc4ccc(-c5ccccc5N(C)S(C)(=O)=O)n4n3)c(Cl)c2)CC1,CC(NC(=O)c1c[nH]c2ncc(-c3cn(C)c4cc(Cl)ccc34)nc12)C(=O)N1CC(C#N)C1
CN1CCN(c2ccc(Nc3ncc4ccc(-c5ccccc5N(C)S(C)(=O)=O)n4n3)c(Cl)c2)CC1,Cn1nc(-c2cnc3[nH]cc(C(=O)NC(C(=O)N4CC(C#N)C4)C4CC4)c3n2)c2ccc(Cl)cc21
CN1CCN(c2ccc(Nc3ncc4ccc(-c5ccccc5N(C)S(C)(=O)=O)n4n3)c(Cl)c2)CC1,CCn1c(C(=O)N(C2CC2)C2CC2)cc2c3c(ncn3C)c(Nc3nccs3)nc21
CN1CCN(c2ccc(Nc3ncc4ccc(-c5ccccc5N(C)S(C)(=O)=O)n4n3)c(Cl)c2)CC1,O=C1NC(=O)C(c2c[nH]c3ccccc23)=C1Nc1cccc(OC2CN(c3ccnc(F)c3)C2)c1
CN1CCN(c2ccc(Nc3ncc4ccc(-c5ccccc5N(C)S(C)(=O)=O)n4n3)c(Cl)c2)CC1,CCn1c(C(=O)N(C2CC2)C2CC2)cc2c3c(ncn3C)c(Nc3cc(C)nn3C)nc21
CN1CCN(c2ccc(Nc3ncc4ccc(-c5ccccc5N(C)S(C)(=O)=O)n4n3)c(Cl)c2)CC1,CCc1nc(Nc2nc3c(cc(C(=O)N(C4CC4)C4CC4)n3CC)c3c2ncn3C)sc1C
CN1CCN(c2ccc(Nc3ncc4ccc(-c5ccccc5N(C)S(C)(=O)=O)n4n3)c(Cl)c2)CC1,Cn1cc(C2=C(Nc3cccc(OCCNc4ccnc(F)c4)c3)C(=O)NC2=O)c2ccccc21
CN1CCN(c2ccc(Nc3ncc4ccc(-c5ccccc5N(C)S(C)(=O)=O)n4n3)c(Cl)c2)CC1,CCn1c(C(=O)N(C2CC2)C2CC2)cc2c3c(ncn3C)c(Nc3nc(C)c(S(C)(=O)=O)s3)nc21
CN1CCN(c2ccc(Nc3ncc4ccc(-c5ccccc5N(C)S(C)(=O)=O)n4n3)c(Cl)c2)CC1,CC(C)Oc1ccc(-c2cc3c(NC4CCC(C)(N)C4(C)C)c(C(N)=O)cnn3c2)cn1
CN1CCN(c2ccc(Nc3ncc4ccc(-c5ccccc5N(C)S(C)(=O)=O)n4n3)c(Cl)c2)CC1,CC(NC(=O)c1c[nH]c2ncc(-c3nn(C)c4cc(Cl)cc(F)c34)nc12)C(=O)N1CC(C#N)C1
CN1CCN(c2ccc(Nc3ncc4ccc(-c5ccccc5N(C)S(C)(=O)=O)n4n3)c(Cl)c2)CC1,N#CCNC(=O)c1ccc(-c2cccc3nc(NC(=O)C4CC4)nn23)cc1
CN1CCN(c2ccc(Nc3ncc4ccc(-c5ccccc5N(C)S(C)(=O)=O)n4n3)c(Cl)c2)CC1,CCn1c(C(=O)N(C2CC2)C2CC2)cc2c3c(ncn3C)c(Nc3nc(C)c(C)s3)nc21
CN1CCN(c2ccc(Nc3ncc4ccc(-c5ccccc5N(C)S(C)(=O)=O)n4n3)c(Cl)c2)CC1,Cc1ccccc1-n1cc(-c2ccn(C)n2)c2[nH]nc(N)c2c1=O
CN1CCN(c2ccc(Nc3ncc4ccc(-c5ccccc5N(C)S(C)(=O)=O)n4n3)c(Cl)c2)CC1,O=C(Nc1nc2cccc(C3=CCN(C(=O)NCC(F)(F)F)CC3)n2n1)C1CC1
CN1CCN(c2ccc(Nc3ncc4ccc(-c5ccccc5N(C)S(C)(=O)=O)n4n3)c(Cl)c2)CC1,CC(NC(=O)c1c[nH]c2ncc(-c3nn(C)c4cc(Cl)ccc34)nc12)C(=O)N1CC(C#N)C1
CN1CCN(c2ccc(Nc3ncc4ccc(-c5ccccc5N(C)S(C)(=O)=O)n4n3)c(Cl)c2)CC1,COc1ccc2c(-c3cnc4[nH]cc(C(=O)NC(C)C(=O)N5CC(C#N)C5)c4n3)nn(C)c2c1
CN1CCN(c2ccc(Nc3ncc4ccc(-c5ccccc5N(C)S(C)(=O)=O)n4n3)c(Cl)c2)CC1,N#CC1CN(C(=O)c2ccc(-c3cccc4nc(NC(=O)C5CC5)nn34)cc2)C1
CN1CCN(c2ccc(Nc3ncc4ccc(-c5ccccc5N(C)S(C)(=O)=O)n4n3)c(Cl)c2)CC1,O=C(Nc1nc2cccc(-c3ccc(CN4CCS(=O)(=O)CC4)cc3)n2n1)C1CC1
CN1CCN(c2ccc(Nc3ncc4ccc(-c5ccccc5N(C)S(C)(=O)=O)n4n3)c(Cl)c2)CC1,CC(C)(O)C(=O)N1CCN(c2ccc(C(F)(F)F)c(C3=C(c4c[nH]c5ccccc45)C(=O)NC3=O)c2)CC1
CN1CCN(c2ccc(Nc3ncc4ccc(-c5ccccc5N(C)S(C)(=O)=O)n4n3)c(Cl)c2)CC1,CC1(N)CCC(Nc2c(C(N)=O)cnn3cc(-c4cc[nH]n4)cc23)C1(C)C
CN1CCN(c2ccc(Nc3ncc4ccc(-c5ccccc5N(C)S(C)(=O)=O)n4n3)c(Cl)c2)CC1,CC(NC(=O)c1c[nH]c2ncc(-c3nn(C)c4ccccc34)nc12)C(=O)N1CC(C#N)C1
CN1CCN(c2ccc(Nc3ncc4ccc(-c5ccccc5N(C)S(C)(=O)=O)n4n3)c(Cl)c2)CC1,CC(NC(=O)c1c[nH]c2ncc(-c3nn(C)c4cc(C#N)ccc34)nc12)C(=O)N1CC(C#N)C1
CN1CCN(c2ccc(Nc3ncc4ccc(-c5ccccc5N(C)S(C)(=O)=O)n4n3)c(Cl)c2)CC1,CCn1c(C(=O)N(C2CC2)C2CC2)cc2c3c(ncn3C)c(Nc3cc(C)n(C)n3)nc21
CN1CCN(c2ccc(Nc3ncc4ccc(-c5ccccc5N(C)S(C)(=O)=O)n4n3)c(Cl)c2)CC1,CC(C)C(C)n1cc(-c2cc(N3CCS(=O)(=O)CC3)n(C)n2)c2[nH]nc(N)c2c1=O
CN1CCN(c2ccc(Nc3ncc4ccc(-c5ccccc5N(C)S(C)(=O)=O)n4n3)c(Cl)c2)CC1,N#CCCn1cc(-c2nc(Nc3ccc4c(c3)CCN4C(=O)CN3CCS(=O)(=O)CC3)ncc2F)cn1
CN1CCN(c2ccc(Nc3ncc4ccc(-c5ccccc5N(C)S(C)(=O)=O)n4n3)c(Cl)c2)CC1,CC(C)C(C)n1cc(-c2cc(C3CCOCC3)n(C)n2)c2[nH]nc(N)c2c1=O
CN1CCN(c2ccc(Nc3ncc4ccc(-c5ccccc5N(C)S(C)(=O)=O)n4n3)c(Cl)c2)CC1,Cn1ccc(-c2cn(-c3ccccc3Cl)c(=O)c3c(N)n[nH]c23)n1
CN1CCN(c2ccc(Nc3ncc4ccc(-c5ccccc5N(C)S(C)(=O)=O)n4n3)c(Cl)c2)CC1,CCn1c(C(=O)N(C2CC2)C2CC2)cc2c3c(ncn3C)c(Nc3nc(C)c(C(=O)NC)s3)nc21
CN1CCN(c2ccc(Nc3ncc4ccc(-c5ccccc5N(C)S(C)(=O)=O)n4n3)c(Cl)c2)CC1,Cn1nc(-c2cnc3[nH]cc(C(=O)NC(C(=O)N4CC(C#N)C4)C(C)(C)C)c3n2)c2ccc(Cl)cc21
CN1CCN(c2ccc(Nc3ncc4ccc(-c5ccccc5N(C)S(C)(=O)=O)n4n3)c(Cl)c2)CC1,CCOC(C)n1cc(-c2nc(Nc3ccc4c(c3)CCN4S(=O)(=O)c3ccc(C(F)(F)F)cc3)ncc2C)cn1
CN1CCN(c2ccc(Nc3ncc4ccc(-c5ccccc5N(C)S(C)(=O)=O)n4n3)c(Cl)c2)CC1,C=C(C#N)C(O)c1ccc(-c2cccc3nc(NC(=O)C4CC4)nn23)cc1
NC(=O)c1cc(-c2ccccc2F)sc1Nc1cccc(CN2CCOCC2)n1,CCn1c(C(=O)N(C2CC2)C2CC2)cc2c3c(ncn3C)c(Nc3nc(C(=O)NC)c(C)s3)nc21
NC(=O)c1cc(-c2ccccc2F)sc1Nc1cccc(CN2CCOCC2)n1,CCn1c(C(=O)N(C2CC2)C2CC2)cc2c3c(ncn3C)c(Nc3nc(C)cs3)nc21
NC(=O)c1cc(-c2ccccc2F)sc1Nc1cccc(CN2CCOCC2)n1,CCn1c(C(=O)N(C2CC2)C2CC2)cc2c3c(ncn3C)c(Nc3ncc(C)s3)nc21
NC(=O)c1cc(-c2ccccc2F)sc1Nc1cccc(CN2CCOCC2)n1,CCn1c(C(=O)N(C2CC2)C2CC2)cc2c3c(ncn3C)c(Nc3nccs3)nc21
NC(=O)c1cc(-c2ccccc2F)sc1Nc1cccc(CN2CCOCC2)n1,CCn1c(C(=O)N(C2CC2)C2CC2)cc2c3c(ncn3C)c(Nc3cc(C)nn3C)nc21
NC(=O)c1cc(-c2ccccc2F)sc1Nc1cccc(CN2CCOCC2)n1,CCc1nc(Nc2nc3c(cc(C(=O)N(C4CC4)C4CC4)n3CC)c3c2ncn3C)sc1C
NC(=O)c1cc(-c2ccccc2F)sc1Nc1cccc(CN2CCOCC2)n1,CCn1c(C(=O)N(C2CC2)C2CC2)cc2c3c(ncn3C)c(Nc3nc(C)c(S(C)(=O)=O)s3)nc21
NC(=O)c1cc(-c2ccccc2F)sc1Nc1cccc(CN2CCOCC2)n1,CCn1c(C(=O)N(C2CC2)C2CC2)cc2c3c(ncn3C)c(Nc3nc(C)c(C)s3)nc21
NC(=O)c1cc(-c2ccccc2F)sc1Nc1cccc(CN2CCOCC2)n1,CCn1c(C(=O)N(C2CC2)C2CC2)cc2c3c(ncn3C)c(Nc3cc(C)n(C)n3)nc21
NC(=O)c1cc(-c2ccccc2F)sc1Nc1cccc(CN2CCOCC2)n1,CCn1c(C(=O)N(C2CC2)C2CC2)cc2c3c(ncn3C)c(Nc3nc(C)c(C(=O)NC)s3)nc21
Cc1cc(Nc2cc(CN3CCOCC3)c3nc(C)c(Cc4ccc(Cl)cc4F)n3n2)n[nH]1,CCn1c(C(=O)N(C2CC2)C2CC2)cc2c3c(ncn3C)c(Nc3nc(C(=O)NC)c(C)s3)nc21
Cc1cc(Nc2cc(CN3CCOCC3)c3nc(C)c(Cc4ccc(Cl)cc4F)n3n2)n[nH]1,CCn1c(C(=O)N(C2CC2)C2CC2)cc2c3c(ncn3C)c(Nc3nc(C)cs3)nc21
Cc1cc(Nc2cc(CN3CCOCC3)c3nc(C)c(Cc4ccc(Cl)cc4F)n3n2)n[nH]1,CCn1c(C(=O)N(C2CC2)C2CC2)cc2c3c(ncn3C)c(Nc3ncc(C)s3)nc21
Cc1cc(Nc2cc(CN3CCOCC3)c3nc(C)c(Cc4ccc(Cl)cc4F)n3n2)n[nH]1,Cn1nc(-c2cnc3[nH]cc(C(=O)NC(C(=O)N4CC(C#N)C4)C4CC4)c3n2)c2ccc(Cl)cc21
Cc1cc(Nc2cc(CN3CCOCC3)c3nc(C)c(Cc4ccc(Cl)cc4F)n3n2)n[nH]1,CCn1c(C(=O)N(C2CC2)C2CC2)cc2c3c(ncn3C)c(Nc3nccs3)nc21
Cc1cc(Nc2cc(CN3CCOCC3)c3nc(C)c(Cc4ccc(Cl)cc4F)n3n2)n[nH]1,CCn1c(C(=O)N(C2CC2)C2CC2)cc2c3c(ncn3C)c(Nc3cc(C)nn3C)nc21
Cc1cc(Nc2cc(CN3CCOCC3)c3nc(C)c(Cc4ccc(Cl)cc4F)n3n2)n[nH]1,CCc1nc(Nc2nc3c(cc(C(=O)N(C4CC4)C4CC4)n3CC)c3c2ncn3C)sc1C
Cc1cc(Nc2cc(CN3CCOCC3)c3nc(C)c(Cc4ccc(Cl)cc4F)n3n2)n[nH]1,CCn1c(C(=O)N(C2CC2)C2CC2)cc2c3c(ncn3C)c(Nc3nc(C)c(S(C)(=O)=O)s3)nc21
Cc1cc(Nc2cc(CN3CCOCC3)c3nc(C)c(Cc4ccc(Cl)cc4F)n3n2)n[nH]1,CC(NC(=O)c1c[nH]c2ncc(-c3nn(C)c4cc(Cl)cc(F)c34)nc12)C(=O)N1CC(C#N)C1
Cc1cc(Nc2cc(CN3CCOCC3)c3nc(C)c(Cc4ccc(Cl)cc4F)n3n2)n[nH]1,CCn1c(C(=O)N(C2CC2)C2CC2)cc2c3c(ncn3C)c(Nc3nc(C)c(C)s3)nc21
Cc1cc(Nc2cc(CN3CCOCC3)c3nc(C)c(Cc4ccc(Cl)cc4F)n3n2)n[nH]1,O=C(Nc1nc2cccc(C3=CCN(C(=O)NCC(F)(F)F)CC3)n2n1)C1CC1
Cc1cc(Nc2cc(CN3CCOCC3)c3nc(C)c(Cc4ccc(Cl)cc4F)n3n2)n[nH]1,CC(NC(=O)c1c[nH]c2ncc(-c3nn(C)c4cc(Cl)ccc34)nc12)C(=O)N1CC(C#N)C1
Cc1cc(Nc2cc(CN3CCOCC3)c3nc(C)c(Cc4ccc(Cl)cc4F)n3n2)n[nH]1,COc1ccc2c(-c3cnc4[nH]cc(C(=O)NC(C)C(=O)N5CC(C#N)C5)c4n3)nn(C)c2c1
Cc1cc(Nc2cc(CN3CCOCC3)c3nc(C)c(Cc4ccc(Cl)cc4F)n3n2)n[nH]1,NC(=O)c1cnn2cccc2c1NCc1cccc(NC(=O)Cn2sc3ccccc3c2=O)c1
Cc1cc(Nc2cc(CN3CCOCC3)c3nc(C)c(Cc4ccc(Cl)cc4F)n3n2)n[nH]1,CC(C)(O)C(=O)N1CCN(c2ccc(C(F)(F)F)c(C3=C(c4c[nH]c5ccccc45)C(=O)NC3=O)c2)CC1
Cc1cc(Nc2cc(CN3CCOCC3)c3nc(C)c(Cc4ccc(Cl)cc4F)n3n2)n[nH]1,CC(NC(=O)c1c[nH]c2ncc(-c3nn(C)c4cc(C#N)ccc34)nc12)C(=O)N1CC(C#N)C1
Cc1cc(Nc2cc(CN3CCOCC3)c3nc(C)c(Cc4ccc(Cl)cc4F)n3n2)n[nH]1,CCn1c(C(=O)N(C2CC2)C2CC2)cc2c3c(ncn3C)c(Nc3cc(C)n(C)n3)nc21
Cc1cc(Nc2cc(CN3CCOCC3)c3nc(C)c(Cc4ccc(Cl)cc4F)n3n2)n[nH]1,CC(C)C(C)n1cc(-c2cc(N3CCS(=O)(=O)CC3)n(C)n2)c2[nH]nc(N)c2c1=O
Cc1cc(Nc2cc(CN3CCOCC3)c3nc(C)c(Cc4ccc(Cl)cc4F)n3n2)n[nH]1,O=C(Nc1nc2cccc(C3=CCN(C(=O)C4CC4(F)F)CC3)n2n1)C1CC1
Cc1cc(Nc2cc(CN3CCOCC3)c3nc(C)c(Cc4ccc(Cl)cc4F)n3n2)n[nH]1,CC(C)C(C)n1cc(-c2cc(C3CCOCC3)n(C)n2)c2[nH]nc(N)c2c1=O
Cc1cc(Nc2cc(CN3CCOCC3)c3nc(C)c(Cc4ccc(Cl)cc4F)n3n2)n[nH]1,CC(=O)NC1CCc2ccc(Oc3cnc4[nH]cc(C(=O)NC(C(=O)N5CC(C#N)C5)C5CC5)c4n3)cc21
Cc1cc(Nc2cc(CN3CCOCC3)c3nc(C)c(Cc4ccc(Cl)cc4F)n3n2)n[nH]1,CCn1c(C(=O)N(C2CC2)C2CC2)cc2c3c(ncn3C)c(Nc3nc(C)c(C(=O)NC)s3)nc21
Cc1cc(Nc2cc(CN3CCOCC3)c3nc(C)c(Cc4ccc(Cl)cc4F)n3n2)n[nH]1,Cn1nc(-c2cnc3[nH]cc(C(=O)NC(C(=O)N4CC(C#N)C4)C(C)(C)C)c3n2)c2ccc(Cl)cc21
O=C(CC1CC1)Nc1cc(NC(=O)c2c(Cl)cccc2Cl)ccn1,O=C(Nc1ccnc(NC(=O)C2CC2)c1)c1c(Cl)cccc1Cl
COc1ccc(S(=O)(=O)N2CCc3cc(Nc4ncc(C)c(-c5cnn(C(C)C)c5)n4)ccc32)cc1,Cc1ccc(C(=O)C=CC(=O)N2CCc3ccc(Nc4ncc(C)c(-c5cnn(C(C)C)c5)n4)cc3C2)cc1
COc1ccc(S(=O)(=O)N2CCc3cc(Nc4ncc(C)c(-c5cnn(C(C)C)c5)n4)ccc32)cc1,CCn1c(C(=O)N(C2CC2)C2CC2)cc2c3c(ncn3C)c(Nc3nc(C(=O)NC)c(C)s3)nc21
COc1ccc(S(=O)(=O)N2CCc3cc(Nc4ncc(C)c(-c5cnn(C(C)C)c5)n4)ccc32)cc1,CCn1c(C(=O)N(C2CC2)C2CC2)cc2c3c(ncn3C)c(Nc3nc(C)cs3)nc21
COc1ccc(S(=O)(=O)N2CCc3cc(Nc4ncc(C)c(-c5cnn(C(C)C)c5)n4)ccc32)cc1,CCn1c(C(=O)N(C2CC2)C2CC2)cc2c3c(ncn3C)c(Nc3ncc(C)s3)nc21
COc1ccc(S(=O)(=O)N2CCc3cc(Nc4ncc(C)c(-c5cnn(C(C)C)c5)n4)ccc32)cc1,Cc1ccc(C(=O)C=CC(=O)N2CCc3cc(Nc4ncc(C)c(-c5cnn(C(C)C)c5)n4)ccc3C2)cc1
COc1ccc(S(=O)(=O)N2CCc3cc(Nc4ncc(C)c(-c5cnn(C(C)C)c5)n4)ccc32)cc1,Cn1nc(-c2cnc3[nH]cc(C(=O)NC(C(=O)N4CC(C#N)C4)C4CC4)c3n2)c2ccc(Cl)cc21
COc1ccc(S(=O)(=O)N2CCc3cc(Nc4ncc(C)c(-c5cnn(C(C)C)c5)n4)ccc32)cc1,CCn1c(C(=O)N(C2CC2)C2CC2)cc2c3c(ncn3C)c(Nc3nccs3)nc21
COc1ccc(S(=O)(=O)N2CCc3cc(Nc4ncc(C)c(-c5cnn(C(C)C)c5)n4)ccc32)cc1,CCn1c(C(=O)N(C2CC2)C2CC2)cc2c3c(ncn3C)c(Nc3cc(C)nn3C)nc21
COc1ccc(S(=O)(=O)N2CCc3cc(Nc4ncc(C)c(-c5cnn(C(C)C)c5)n4)ccc32)cc1,CCc1nc(Nc2nc3c(cc(C(=O)N(C4CC4)C4CC4)n3CC)c3c2ncn3C)sc1C
COc1ccc(S(=O)(=O)N2CCc3cc(Nc4ncc(C)c(-c5cnn(C(C)C)c5)n4)ccc32)cc1,Cc1cnc(Nc2ccc3c(c2)CCN(CC#N)C3)nc1-c1cnn(C(C)C)c1
COc1ccc(S(=O)(=O)N2CCc3cc(Nc4ncc(C)c(-c5cnn(C(C)C)c5)n4)ccc32)cc1,CCn1c(C(=O)N(C2CC2)C2CC2)cc2c3c(ncn3C)c(Nc3nc(C)c(S(C)(=O)=O)s3)nc21
COc1ccc(S(=O)(=O)N2CCc3cc(Nc4ncc(C)c(-c5cnn(C(C)C)c5)n4)ccc32)cc1,Cc1cnc(Nc2ccc3c(c2)CCN(C(=O)C=CCN(C)C)C3)nc1-c1cnn(C(C)C)c1
COc1ccc(S(=O)(=O)N2CCc3cc(Nc4ncc(C)c(-c5cnn(C(C)C)c5)n4)ccc32)cc1,CC(NC(=O)c1c[nH]c2ncc(-c3nn(C)c4cc(Cl)cc(F)c34)nc12)C(=O)N1CC(C#N)C1
COc1ccc(S(=O)(=O)N2CCc3cc(Nc4ncc(C)c(-c5cnn(C(C)C)c5)n4)ccc32)cc1,Cc1cc(Nc2ncc(Cl)c(Nc3ccccc3S(=O)(=O)C(C)C)n2)c(OC(C)C)cc1C1CCNCC1
COc1ccc(S(=O)(=O)N2CCc3cc(Nc4ncc(C)c(-c5cnn(C(C)C)c5)n4)ccc32)cc1,CCn1c(C(=O)N(C2CC2)C2CC2)cc2c3c(ncn3C)c(Nc3nc(C)c(C)s3)nc21
COc1ccc(S(=O)(=O)N2CCc3cc(Nc4ncc(C)c(-c5cnn(C(C)C)c5)n4)ccc32)cc1,Cc1ccccc1-n1cc(-c2ccn(C)n2)c2[nH]nc(N)c2c1=O
COc1ccc(S(=O)(=O)N2CCc3cc(Nc4ncc(C)c(-c5cnn(C(C)C)c5)n4)ccc32)cc1,CC(NC(=O)c1c[nH]c2ncc(-c3nn(C)c4cc(Cl)ccc34)nc12)C(=O)N1CC(C#N)C1
COc1ccc(S(=O)(=O)N2CCc3cc(Nc4ncc(C)c(-c5cnn(C(C)C)c5)n4)ccc32)cc1,Cc1cnc(Nc2ccc(NS(=O)(=O)c3ccc(C(F)(F)F)cc3)c(F)c2)nc1-c1cnn(C(C)C)c1
COc1ccc(S(=O)(=O)N2CCc3cc(Nc4ncc(C)c(-c5cnn(C(C)C)c5)n4)ccc32)cc1,COC(=O)C=CCN1CCc2cc(Nc3ncc(C)c(-c4cnn(C(C)C)c4)n3)ccc2C1
COc1ccc(S(=O)(=O)N2CCc3cc(Nc4ncc(C)c(-c5cnn(C(C)C)c5)n4)ccc32)cc1,COc1ccc2c(-c3cnc4[nH]cc(C(=O)NC(C)C(=O)N5CC(C#N)C5)c4n3)nn(C)c2c1
COc1ccc(S(=O)(=O)N2CCc3cc(Nc4ncc(C)c(-c5cnn(C(C)C)c5)n4)ccc32)cc1,N#CNC1CC(NS(=O)(=O)c2cccc(F)c2)c2ccc(-c3ncnc4[nH]ccc34)cc21
COc1ccc(S(=O)(=O)N2CCc3cc(Nc4ncc(C)c(-c5cnn(C(C)C)c5)n4)ccc32)cc1,CC(C)(O)C(=O)N1CCN(c2ccc(C(F)(F)F)c(C3=C(c4c[nH]c5ccccc45)C(=O)NC3=O)c2)CC1
COc1ccc(S(=O)(=O)N2CCc3cc(Nc4ncc(C)c(-c5cnn(C(C)C)c5)n4)ccc32)cc1,CC1(N)CCC(Nc2c(C(N)=O)cnn3cc(-c4cc[nH]n4)cc23)C1(C)C
COc1ccc(S(=O)(=O)N2CCc3cc(Nc4ncc(C)c(-c5cnn(C(C)C)c5)n4)ccc32)cc1,Cc1cnc(Nc2ccc3c(c2)CCN(C(=O)C=CC(=O)c2ccccc2)C3)nc1-c1cnn(C(C)C)c1
COc1ccc(S(=O)(=O)N2CCc3cc(Nc4ncc(C)c(-c5cnn(C(C)C)c5)n4)ccc32)cc1,CC(NC(=O)c1c[nH]c2ncc(-c3nn(C)c4ccccc34)nc12)C(=O)N1CC(C#N)C1
COc1ccc(S(=O)(=O)N2CCc3cc(Nc4ncc(C)c(-c5cnn(C(C)C)c5)n4)ccc32)cc1,CC(NC(=O)c1c[nH]c2ncc(-c3nn(C)c4cc(C#N)ccc34)nc12)C(=O)N1CC(C#N)C1
COc1ccc(S(=O)(=O)N2CCc3cc(Nc4ncc(C)c(-c5cnn(C(C)C)c5)n4)ccc32)cc1,CCn1c(C(=O)N(C2CC2)C2CC2)cc2c3c(ncn3C)c(Nc3cc(C)n(C)n3)nc21
COc1ccc(S(=O)(=O)N2CCc3cc(Nc4ncc(C)c(-c5cnn(C(C)C)c5)n4)ccc32)cc1,COc1ccc(S(=O)(=O)NC2CC(NC#N)c3cc(-c4ncnc5[nH]ccc45)ccc32)cc1
COc1ccc(S(=O)(=O)N2CCc3cc(Nc4ncc(C)c(-c5cnn(C(C)C)c5)n4)ccc32)cc1,CC(C)C(C)n1cc(-c2cc(N3CCS(=O)(=O)CC3)n(C)n2)c2[nH]nc(N)c2c1=O
COc1ccc(S(=O)(=O)N2CCc3cc(Nc4ncc(C)c(-c5cnn(C(C)C)c5)n4)ccc32)cc1,N#CCCn1cc(-c2nc(Nc3ccc4c(c3)CCN4C(=O)CN3CCS(=O)(=O)CC3)ncc2F)cn1
COc1ccc(S(=O)(=O)N2CCc3cc(Nc4ncc(C)c(-c5cnn(C(C)C)c5)n4)ccc32)cc1,CC(C)C(C)n1cc(-c2cc(C3CCOCC3)n(C)n2)c2[nH]nc(N)c2c1=O
COc1ccc(S(=O)(=O)N2CCc3cc(Nc4ncc(C)c(-c5cnn(C(C)C)c5)n4)ccc32)cc1,Cc1cnc(Nc2ccc3c(c2)CN(C(=O)C=CCN(C)C)CC3)nc1-c1cnn(C(C)C)c1
COc1ccc(S(=O)(=O)N2CCc3cc(Nc4ncc(C)c(-c5cnn(C(C)C)c5)n4)ccc32)cc1,CC(=O)NC1CCc2ccc(Oc3cnc4[nH]cc(C(=O)NC(C(=O)N5CC(C#N)C5)C5CC5)c4n3)cc21
COc1ccc(S(=O)(=O)N2CCc3cc(Nc4ncc(C)c(-c5cnn(C(C)C)c5)n4)ccc32)cc1,Cc1cnc(Nc2ccc3c(c2)CN(C(=O)C=CC(=O)c2ccccc2)CC3)nc1-c1cnn(C(C)C)c1
COc1ccc(S(=O)(=O)N2CCc3cc(Nc4ncc(C)c(-c5cnn(C(C)C)c5)n4)ccc32)cc1,N#CCCn1cc(-c2nc(Nc3ccc4c(c3)CCN4C(=O)C3(C#N)CC3)ncc2F)cn1
COc1ccc(S(=O)(=O)N2CCc3cc(Nc4ncc(C)c(-c5cnn(C(C)C)c5)n4)ccc32)cc1,Cn1ccc(-c2cn(-c3ccccc3Cl)c(=O)c3c(N)n[nH]c23)n1
COc1ccc(S(=O)(=O)N2CCc3cc(Nc4ncc(C)c(-c5cnn(C(C)C)c5)n4)ccc32)cc1,CCn1c(C(=O)N(C2CC2)C2CC2)cc2c3c(ncn3C)c(Nc3nc(C)c(C(=O)NC)s3)nc21
COc1ccc(S(=O)(=O)N2CCc3cc(Nc4ncc(C)c(-c5cnn(C(C)C)c5)n4)ccc32)cc1,Cn1nc(-c2cnc3[nH]cc(C(=O)NC(C(=O)N4CC(C#N)C4)C(C)(C)C)c3n2)c2ccc(Cl)cc21
COc1ccc(S(=O)(=O)N2CCc3cc(Nc4ncc(C)c(-c5cnn(C(C)C)c5)n4)ccc32)cc1,CCOC(C)n1cc(-c2nc(Nc3ccc4c(c3)CCN4S(=O)(=O)c3ccc(C(F)(F)F)cc3)ncc2C)cn1
NC(=O)c1cc(-c2ncnn3cccc23)cn1-c1cc(C(F)(F)F)ccc1Cl,COc1ccccc1-c1cc2c(NC3CCC(C)(N)C3(C)C)c(C(N)=O)cnn2c1
NC(=O)c1cc(-c2ncnn3cccc23)cn1-c1cc(C(F)(F)F)ccc1Cl,CCn1c(C(=O)N(C2CC2)C2CC2)cc2c3c(ncn3C)c(Nc3nc(C(=O)NC)c(C)s3)nc21
NC(=O)c1cc(-c2ncnn3cccc23)cn1-c1cc(C(F)(F)F)ccc1Cl,CCn1c(C(=O)N(C2CC2)C2CC2)cc2c3c(ncn3C)c(Nc3nc(C)cs3)nc21
NC(=O)c1cc(-c2ncnn3cccc23)cn1-c1cc(C(F)(F)F)ccc1Cl,CCn1c(C(=O)N(C2CC2)C2CC2)cc2c3c(ncn3C)c(Nc3ncc(C)s3)nc21
NC(=O)c1cc(-c2ncnn3cccc23)cn1-c1cc(C(F)(F)F)ccc1Cl,CCOc1ccc(-c2cc3c(NC4CCC(C)(N)C4(C)C)c(C(N)=O)cnn3c2)cn1
NC(=O)c1cc(-c2ncnn3cccc23)cn1-c1cc(C(F)(F)F)ccc1Cl,CC(NC(=O)c1c[nH]c2ncc(-c3cn(C)c4cc(Cl)ccc34)nc12)C(=O)N1CC(C#N)C1
NC(=O)c1cc(-c2ncnn3cccc23)cn1-c1cc(C(F)(F)F)ccc1Cl,CC1(N)CCC(Nc2c(C(N)=O)cnn3cc(-c4cccnc4)cc23)C1(C)C
NC(=O)c1cc(-c2ncnn3cccc23)cn1-c1cc(C(F)(F)F)ccc1Cl,Cn1nc(-c2cnc3[nH]cc(C(=O)NC(C(=O)N4CC(C#N)C4)C4CC4)c3n2)c2ccc(Cl)cc21
NC(=O)c1cc(-c2ncnn3cccc23)cn1-c1cc(C(F)(F)F)ccc1Cl,COc1cccc(-c2cc3c(NC4CCC(C)(N)C4(C)C)c(C(N)=O)cnn3c2)c1
NC(=O)c1cc(-c2ncnn3cccc23)cn1-c1cc(C(F)(F)F)ccc1Cl,CC1(N)CCC(Nc2c(C(N)=O)cnn3cc(-c4ccc(Cl)cc4)cc23)C1(C)C
NC(=O)c1cc(-c2ncnn3cccc23)cn1-c1cc(C(F)(F)F)ccc1Cl,CC1(N)CCC(Nc2c(C(N)=O)cnn3cc(-c4ccnc(F)c4)cc23)C1(C)C
NC(=O)c1cc(-c2ncnn3cccc23)cn1-c1cc(C(F)(F)F)ccc1Cl,CCn1c(C(=O)N(C2CC2)C2CC2)cc2c3c(ncn3C)c(Nc3nccs3)nc21
NC(=O)c1cc(-c2ncnn3cccc23)cn1-c1cc(C(F)(F)F)ccc1Cl,CC1(N)CCC(Nc2c(C(N)=O)cnn3cc(-c4cccc(Cl)c4)cc23)C1(C)C
NC(=O)c1cc(-c2ncnn3cccc23)cn1-c1cc(C(F)(F)F)ccc1Cl,COc1ccc(-c2cc3c(NC(CO)C(C)O)c(C(N)=O)cnn3c2)cn1
NC(=O)c1cc(-c2ncnn3cccc23)cn1-c1cc(C(F)(F)F)ccc1Cl,CCn1c(C(=O)N(C2CC2)C2CC2)cc2c3c(ncn3C)c(Nc3cc(C)nn3C)nc21
NC(=O)c1cc(-c2ncnn3cccc23)cn1-c1cc(C(F)(F)F)ccc1Cl,CCc1nc(Nc2nc3c(cc(C(=O)N(C4CC4)C4CC4)n3CC)c3c2ncn3C)sc1C
NC(=O)c1cc(-c2ncnn3cccc23)cn1-c1cc(C(F)(F)F)ccc1Cl,Cc1cc(-c2cc3c(NC4CCC(C)(N)C4(C)C)c(C(N)=O)cnn3c2)ccn1
NC(=O)c1cc(-c2ncnn3cccc23)cn1-c1cc(C(F)(F)F)ccc1Cl,CCn1c(C(=O)N(C2CC2)C2CC2)cc2c3c(ncn3C)c(Nc3nc(C)c(S(C)(=O)=O)s3)nc21
NC(=O)c1cc(-c2ncnn3cccc23)cn1-c1cc(C(F)(F)F)ccc1Cl,CC(C)Oc1ccc(-c2cc3c(NC4CCC(C)(N)C4(C)C)c(C(N)=O)cnn3c2)cn1
NC(=O)c1cc(-c2ncnn3cccc23)cn1-c1cc(C(F)(F)F)ccc1Cl,CC(NC(=O)c1c[nH]c2ncc(-c3nn(C)c4cc(Cl)cc(F)c34)nc12)C(=O)N1CC(C#N)C1
NC(=O)c1cc(-c2ncnn3cccc23)cn1-c1cc(C(F)(F)F)ccc1Cl,CC1(N)CCC(Nc2c(C(N)=O)cnn3cc(-c4ccccc4F)cc23)C1(C)C
NC(=O)c1cc(-c2ncnn3cccc23)cn1-c1cc(C(F)(F)F)ccc1Cl,CCn1c(C(=O)N(C2CC2)C2CC2)cc2c3c(ncn3C)c(Nc3nc(C)c(C)s3)nc21
NC(=O)c1cc(-c2ncnn3cccc23)cn1-c1cc(C(F)(F)F)ccc1Cl,Cc1ccccc1-n1cc(-c2ccn(C)n2)c2[nH]nc(N)c2c1=O
NC(=O)c1cc(-c2ncnn3cccc23)cn1-c1cc(C(F)(F)F)ccc1Cl,CC(NC(=O)c1c[nH]c2ncc(-c3nn(C)c4cc(Cl)ccc34)nc12)C(=O)N1CC(C#N)C1
NC(=O)c1cc(-c2ncnn3cccc23)cn1-c1cc(C(F)(F)F)ccc1Cl,COc1ccc2c(-c3cnc4[nH]cc(C(=O)NC(C)C(=O)N5CC(C#N)C5)c4n3)nn(C)c2c1
NC(=O)c1cc(-c2ncnn3cccc23)cn1-c1cc(C(F)(F)F)ccc1Cl,CC1(N)CCC(Nc2c(C(N)=O)cnn3cc(-c4ccccc4Cl)cc23)C1(C)C
NC(=O)c1cc(-c2ncnn3cccc23)cn1-c1cc(C(F)(F)F)ccc1Cl,NC(=O)c1cnn2cccc2c1NCc1cccc(NC(=O)Cn2sc3ccccc3c2=O)c1
NC(=O)c1cc(-c2ncnn3cccc23)cn1-c1cc(C(F)(F)F)ccc1Cl,COc1ccc(-c2cc3c(NC(CO)CC(C)C)c(C(N)=O)cnn3c2)cn1
NC(=O)c1cc(-c2ncnn3cccc23)cn1-c1cc(C(F)(F)F)ccc1Cl,COc1ccc(-c2cc3c(NC4CCC(C)(N)C4(C)C)c(C(N)=O)cnn3c2)cc1
NC(=O)c1cc(-c2ncnn3cccc23)cn1-c1cc(C(F)(F)F)ccc1Cl,CC1(N)CCC(Nc2c(C(N)=O)cnn3cc(-c4cc[nH]n4)cc23)C1(C)C
NC(=O)c1cc(-c2ncnn3cccc23)cn1-c1cc(C(F)(F)F)ccc1Cl,CC(NC(=O)c1c[nH]c2ncc(-c3nn(C)c4ccccc34)nc12)C(=O)N1CC(C#N)C1
NC(=O)c1cc(-c2ncnn3cccc23)cn1-c1cc(C(F)(F)F)ccc1Cl,CC(NC(=O)c1c[nH]c2ncc(-c3nn(C)c4cc(C#N)ccc34)nc12)C(=O)N1CC(C#N)C1
NC(=O)c1cc(-c2ncnn3cccc23)cn1-c1cc(C(F)(F)F)ccc1Cl,CCn1c(C(=O)N(C2CC2)C2CC2)cc2c3c(ncn3C)c(Nc3cc(C)n(C)n3)nc21
NC(=O)c1cc(-c2ncnn3cccc23)cn1-c1cc(C(F)(F)F)ccc1Cl,COc1ccc(-c2cc3c(NC(CO)CC4CC4)c(C(N)=O)cnn3c2)cn1
NC(=O)c1cc(-c2ncnn3cccc23)cn1-c1cc(C(F)(F)F)ccc1Cl,CC(C)C(C)n1cc(-c2cc(N3CCS(=O)(=O)CC3)n(C)n2)c2[nH]nc(N)c2c1=O
NC(=O)c1cc(-c2ncnn3cccc23)cn1-c1cc(C(F)(F)F)ccc1Cl,CC(NC(=O)c1c[nH]c2ncc(-c3ncn4cc(F)ccc34)nc12)C(=O)N1CC(C#N)C1
NC(=O)c1cc(-c2ncnn3cccc23)cn1-c1cc(C(F)(F)F)ccc1Cl,CC(C)C(C)n1cc(-c2cc(C3CCOCC3)n(C)n2)c2[nH]nc(N)c2c1=O
NC(=O)c1cc(-c2ncnn3cccc23)cn1-c1cc(C(F)(F)F)ccc1Cl,Cc1cnccc1-c1cc2c(NC3CCC(C)(N)C3(C)C)c(C(N)=O)cnn2c1
NC(=O)c1cc(-c2ncnn3cccc23)cn1-c1cc(C(F)(F)F)ccc1Cl,CC1(N)CCC(Nc2c(C(N)=O)cnn3cc(-c4ccc(F)nc4)cc23)C1(C)C
NC(=O)c1cc(-c2ncnn3cccc23)cn1-c1cc(C(F)(F)F)ccc1Cl,CC1(N)CCC(Nc2c(C(N)=O)cnn3cc(-c4cccc(C#N)c4)cc23)C1(C)C
NC(=O)c1cc(-c2ncnn3cccc23)cn1-c1cc(C(F)(F)F)ccc1Cl,Cn1ccc(-c2cn(-c3ccccc3Cl)c(=O)c3c(N)n[nH]c23)n1
NC(=O)c1cc(-c2ncnn3cccc23)cn1-c1cc(C(F)(F)F)ccc1Cl,COc1ccc(-c2cc3c(NC4CCC(C)(N)C4(C)C)c(C(N)=O)cnn3c2)cn1
NC(=O)c1cc(-c2ncnn3cccc23)cn1-c1cc(C(F)(F)F)ccc1Cl,CCn1c(C(=O)N(C2CC2)C2CC2)cc2c3c(ncn3C)c(Nc3nc(C)c(C(=O)NC)s3)nc21
NC(=O)c1cc(-c2ncnn3cccc23)cn1-c1cc(C(F)(F)F)ccc1Cl,Cn1nc(-c2cnc3[nH]cc(C(=O)NC(C(=O)N4CC(C#N)C4)C(C)(C)C)c3n2)c2ccc(Cl)cc21
NC(=O)c1cc(-c2ncnn3cccc23)cn1-c1cc(C(F)(F)F)ccc1Cl,COc1cc(-c2cc3c(NC4CCC(C)(N)C4(C)C)c(C(N)=O)cnn3c2)ccn1
NC(=O)c1cc(-c2ncnn3cccc23)cn1-c1cc(C(F)(F)F)ccc1Cl,CCOC(C)n1cc(-c2nc(Nc3ccc4c(c3)CCN4S(=O)(=O)c3ccc(C(F)(F)F)cc3)ncc2C)cn1
O=C(Nc1ccncc1)c1ccccc1Cl,O=C(Nc1ccnc(NC(=O)C2CC2)c1)c1c(Cl)cccc1Cl
O=C(CCCCCCn1cc(Nc2ncc(Cl)c(N3CCOCC3)n2)cn1)NO,O=C(CCCCCCn1cc(Nc2ncc(Cl)c(N3CCCCC3)n2)cn1)NO
O=C(CCCCCCn1cc(Nc2ncc(Cl)c(N3CCOCC3)n2)cn1)NO,Cc1cnc(Nc2cnn(C(F)F)c2)nc1N1CCC2(CCNC2=O)CC1
O=C(CCCCCCn1cc(Nc2ncc(Cl)c(N3CCOCC3)n2)cn1)NO,O=C(CCCCCCn1cc(Nc2ncc(Cl)c(NC3CC3)n2)cn1)NO
O=C(CCCCCCn1cc(Nc2ncc(Cl)c(N3CCOCC3)n2)cn1)NO,Cn1cc(Nc2ncc(F)c(N3CC4CCC(C3)N4C(=O)C3CC3)n2)cn1
O=C(CCCCCCn1cc(Nc2ncc(Cl)c(N3CCOCC3)n2)cn1)NO,C=CC(=O)Nc1cccc(CNc2nc(Nc3cnn(C)c3)ncc2Cl)c1
O=C(CCCCCCn1cc(Nc2ncc(Cl)c(N3CCOCC3)n2)cn1)NO,Cn1cc(Nc2nccc(N3CC4CCC(C3)N4C(=O)NCC#N)n2)cn1
O=C(CCCCCCn1cc(Nc2ncc(Cl)c(N3CCOCC3)n2)cn1)NO,O=C(CCCCCn1cc(Nc2ncc(Cl)c(Nc3ccc(Cl)cc3)n2)cn1)NO
O=C(CCCCCCn1cc(Nc2ncc(Cl)c(N3CCOCC3)n2)cn1)NO,O=C(C1CC1)N1C2CCC1CN(c1nc(Nc3cnn(CCO)c3)ncc1F)C2
Cc1c[nH]c2c(Nc3nc(NC4CCCCC4N)cc4nc[nH]c(=O)c34)cccc12,CCn1c(C(=O)N(C2CC2)C2CC2)cc2c3c(ncn3C)c(Nc3nc(C(=O)NC)c(C)s3)nc21
Cc1c[nH]c2c(Nc3nc(NC4CCCCC4N)cc4nc[nH]c(=O)c34)cccc12,CCn1c(C(=O)N(C2CC2)C2CC2)cc2c3c(ncn3C)c(Nc3nc(C)cs3)nc21
Cc1c[nH]c2c(Nc3nc(NC4CCCCC4N)cc4nc[nH]c(=O)c34)cccc12,CCn1c(C(=O)N(C2CC2)C2CC2)cc2c3c(ncn3C)c(Nc3ncc(C)s3)nc21
Cc1c[nH]c2c(Nc3nc(NC4CCCCC4N)cc4nc[nH]c(=O)c34)cccc12,CCn1c(C(=O)N(C2CC2)C2CC2)cc2c3c(ncn3C)c(Nc3nccs3)nc21
Cc1c[nH]c2c(Nc3nc(NC4CCCCC4N)cc4nc[nH]c(=O)c34)cccc12,CCn1c(C(=O)N(C2CC2)C2CC2)cc2c3c(ncn3C)c(Nc3cc(C)nn3C)nc21
Cc1c[nH]c2c(Nc3nc(NC4CCCCC4N)cc4nc[nH]c(=O)c34)cccc12,CCc1nc(Nc2nc3c(cc(C(=O)N(C4CC4)C4CC4)n3CC)c3c2ncn3C)sc1C
Cc1c[nH]c2c(Nc3nc(NC4CCCCC4N)cc4nc[nH]c(=O)c34)cccc12,CCn1c(C(=O)N(C2CC2)C2CC2)cc2c3c(ncn3C)c(Nc3nc(C)c(S(C)(=O)=O)s3)nc21
Cc1c[nH]c2c(Nc3nc(NC4CCCCC4N)cc4nc[nH]c(=O)c34)cccc12,CCn1c(C(=O)N(C2CC2)C2CC2)cc2c3c(ncn3C)c(Nc3nc(C)c(C)s3)nc21
Cc1c[nH]c2c(Nc3nc(NC4CCCCC4N)cc4nc[nH]c(=O)c34)cccc12,CCn1c(C(=O)N(C2CC2)C2CC2)cc2c3c(ncn3C)c(Nc3cc(C)n(C)n3)nc21
Cc1c[nH]c2c(Nc3nc(NC4CCCCC4N)cc4nc[nH]c(=O)c34)cccc12,CCn1c(C(=O)N(C2CC2)C2CC2)cc2c3c(ncn3C)c(Nc3nc(C)c(C(=O)NC)s3)nc21
O=c1cc(-c2[nH]c(-c3ccc(-c4cn(CCP(=O)(O)O)nn4)cc3)nc2-c2ccc(F)cc2)cc[nH]1,O=c1cc(-c2[nH]c(-c3ccc(O)cc3)nc2-c2ccc(F)cc2)cc[nH]1
O=c1cc(-c2[nH]c(-c3ccc(-c4cn(CCP(=O)(O)O)nn4)cc3)nc2-c2ccc(F)cc2)cc[nH]1,O=c1cc(-c2[nH]c(C3CCNCC3)nc2-c2ccc(F)cc2)cc[nH]1
O=c1cc(-c2[nH]c(-c3ccc(-c4cn(CCP(=O)(O)O)nn4)cc3)nc2-c2ccc(F)cc2)cc[nH]1,CCOC(=O)Cn1cc(-c2ccc(-c3nc(-c4ccc(F)cc4)c(-c4cc[nH]c(=O)c4)[nH]3)cc2)nn1
O=c1cc(-c2[nH]c(-c3ccc(-c4cn(CCP(=O)(O)O)nn4)cc3)nc2-c2ccc(F)cc2)cc[nH]1,CCOP(=O)(CCn1cc(-c2ccc(-c3nc(-c4ccc(F)cc4)c(-c4cc[nH]c(=O)c4)[nH]3)cc2)nn1)OCC
CC(Nc1ncc(Cl)c(Nc2cn(C)cn2)n1)c1ncc(F)cn1,CC(Nc1nc(Nc2cn(C)cn2)c2cccnc2n1)c1ncc(F)cn1
CC(Nc1ncc(Cl)c(Nc2cn(C)cn2)n1)c1ncc(F)cn1,CC(Nc1nc(Nc2cn(C)cn2)c2ccn(C)c2n1)c1ncc(F)cn1
CC(Nc1ncc(Cl)c(Nc2cn(C)cn2)n1)c1ncc(F)cn1,CC(Nc1nc(Nc2cn(C)cn2)c2ccncc2n1)c1ncc(F)cn1
CC(Nc1ncc(Cl)c(Nc2cn(C)cn2)n1)c1ncc(F)cn1,CC(Nc1nc(Nc2cn(C)cn2)c2cnn(C)c2n1)c1ncc(F)cn1
CC(Nc1ncc(Cl)c(Nc2cn(C)cn2)n1)c1ncc(F)cn1,CC(Nc1nc(Nc2cn(C)cn2)c2cn[nH]c2n1)c1ncc(F)cn1
Clc1cccc(Cl)c1-c1nc2ccnc(Nc3cc(N4CCN(C5COC5)CC4)ncn3)c2[nH]1,CCn1c(C(=O)N(C2CC2)C2CC2)cc2c3c(ncn3C)c(Nc3nc(C(=O)NC)c(C)s3)nc21
Clc1cccc(Cl)c1-c1nc2ccnc(Nc3cc(N4CCN(C5COC5)CC4)ncn3)c2[nH]1,CCn1c(C(=O)N(C2CC2)C2CC2)cc2c3c(ncn3C)c(Nc3nc(C)cs3)nc21
Clc1cccc(Cl)c1-c1nc2ccnc(Nc3cc(N4CCN(C5COC5)CC4)ncn3)c2[nH]1,CCn1c(C(=O)N(C2CC2)C2CC2)cc2c3c(ncn3C)c(Nc3ncc(C)s3)nc21
Clc1cccc(Cl)c1-c1nc2ccnc(Nc3cc(N4CCN(C5COC5)CC4)ncn3)c2[nH]1,CCn1c(C(=O)N(C2CC2)C2CC2)cc2c3c(ncn3C)c(Nc3nccs3)nc21
Clc1cccc(Cl)c1-c1nc2ccnc(Nc3cc(N4CCN(C5COC5)CC4)ncn3)c2[nH]1,Cc1cc(Nc2nccc3nc(-c4c(Cl)cc(C#N)cc4Cl)[nH]c23)ncn1
Clc1cccc(Cl)c1-c1nc2ccnc(Nc3cc(N4CCN(C5COC5)CC4)ncn3)c2[nH]1,CCn1c(C(=O)N(C2CC2)C2CC2)cc2c3c(ncn3C)c(Nc3cc(C)nn3C)nc21
Clc1cccc(Cl)c1-c1nc2ccnc(Nc3cc(N4CCN(C5COC5)CC4)ncn3)c2[nH]1,CCc1nc(Nc2nc3c(cc(C(=O)N(C4CC4)C4CC4)n3CC)c3c2ncn3C)sc1C
Clc1cccc(Cl)c1-c1nc2ccnc(Nc3cc(N4CCN(C5COC5)CC4)ncn3)c2[nH]1,CCn1c(C(=O)N(C2CC2)C2CC2)cc2c3c(ncn3C)c(Nc3nc(C)c(S(C)(=O)=O)s3)nc21
Clc1cccc(Cl)c1-c1nc2ccnc(Nc3cc(N4CCN(C5COC5)CC4)ncn3)c2[nH]1,CCn1c(C(=O)N(C2CC2)C2CC2)cc2c3c(ncn3C)c(Nc3nc(C)c(C)s3)nc21
Clc1cccc(Cl)c1-c1nc2ccnc(Nc3cc(N4CCN(C5COC5)CC4)ncn3)c2[nH]1,CCn1c(C(=O)N(C2CC2)C2CC2)cc2c3c(ncn3C)c(Nc3cc(C)n(C)n3)nc21
Clc1cccc(Cl)c1-c1nc2ccnc(Nc3cc(N4CCN(C5COC5)CC4)ncn3)c2[nH]1,CCn1c(C(=O)N(C2CC2)C2CC2)cc2c3c(ncn3C)c(Nc3nc(C)c(C(=O)NC)s3)nc21
Clc1cccc(Cl)c1-c1nc2ccnc(Nc3ccncn3)c2[nH]1,Cc1cc(Nc2nccc3nc(-c4c(Cl)cc(C#N)cc4Cl)[nH]c23)ncn1
COc1ccc(-c2cc(C(N)=O)c3[nH]c4cc(C(=O)N5CCN(C)CC5)ccc4c3c2)cc1,CN1CCN(c2ccc3c(c2)[nH]c2c(C(N)=O)cc(-c4ccc5c(cnn5C)c4)cc23)CC1
COc1ccc(-c2cc(C(N)=O)c3[nH]c4cc(C(=O)N5CCN(C)CC5)ccc4c3c2)cc1,COc1ccc(-c2cc(C(N)=O)c3[nH]c4cc(C(=O)N5CCOCC5)ccc4c3c2)cc1F
COc1ccc(-c2cc(C(N)=O)c3[nH]c4cc(C(=O)N5CCN(C)CC5)ccc4c3c2)cc1,CN1CCN(c2ccc3c(c2)[nH]c2c(C(N)=O)cc(-c4cccc(Cl)c4)cc23)CC1
COc1ccc(-c2cc(C(N)=O)c3[nH]c4cc(C(=O)N5CCN(C)CC5)ccc4c3c2)cc1,COc1cccc(-c2cc(C(N)=O)c3[nH]c4cc(NC(=O)C5CCOCC5)ccc4c3c2)c1
COc1ccc(-c2cc(C(N)=O)c3[nH]c4cc(C(=O)N5CCN(C)CC5)ccc4c3c2)cc1,NC(=O)c1cc(-c2ccccc2)cc2c1[nH]c1cc(N3CCOCC3)ccc12
COc1ccc(-c2cc(C(N)=O)c3[nH]c4cc(C(=O)N5CCN(C)CC5)ccc4c3c2)cc1,Cc1ccc(-c2cc(C(N)=O)c3[nH]c4cc(N5CCOCC5)ccc4c3c2)cn1
COc1ccc(-c2cc(C(N)=O)c3[nH]c4cc(C(=O)N5CCN(C)CC5)ccc4c3c2)cc1,COc1cccc(-c2cc(C(N)=O)c3[nH]c4ccc(C(=O)N5CCOCC5)cc4c3c2)c1
COc1ccc(-c2cc(C(N)=O)c3[nH]c4cc(C(=O)N5CCN(C)CC5)ccc4c3c2)cc1,COc1cccc(-c2cc(C(N)=O)c3[nH]c4cc(C(=O)N5CCC(N(C)C)C5)ccc4c3c2)c1
COc1ccc(-c2cc(C(N)=O)c3[nH]c4cc(C(=O)N5CCN(C)CC5)ccc4c3c2)cc1,CN1CCN(C(=O)c2ccc3[nH]c4c(C(N)=O)cc(-c5ccc(Cl)cc5)cc4c3c2)CC1
COc1ccc(-c2cc(C(N)=O)c3[nH]c4cc(C(=O)N5CCN(C)CC5)ccc4c3c2)cc1,COc1cccc(-c2cc(C(N)=O)c3[nH]c4ccc(C(=O)N5CCN(C)CC5)cc4c3c2)c1
COc1ccc(-c2cc(C(N)=O)c3[nH]c4cc(C(=O)N5CCN(C)CC5)ccc4c3c2)cc1,CN1CCN(c2ccc3c(c2)[nH]c2c(C(N)=O)cc(-c4ccc(CN5CCOCC5)c(Cl)c4)cc23)CC1
COc1ccc(-c2cc(C(N)=O)c3[nH]c4cc(C(=O)N5CCN(C)CC5)ccc4c3c2)cc1,NC(=O)c1cc(-c2ccccc2)cc2c1[nH]c1cc(C(=O)N3CCOCC3)ccc12
COc1ccc(-c2cc(C(N)=O)c3[nH]c4cc(C(=O)N5CCN(C)CC5)ccc4c3c2)cc1,COc1cccc(-c2cc(C(N)=O)c3[nH]c4cc(C(=O)N5CCOCC5)ccc4c3c2)c1
COc1ccc(-c2cc(C(N)=O)c3[nH]c4cc(C(=O)N5CCN(C)CC5)ccc4c3c2)cc1,CN1CCN(c2ccc3c(c2)[nH]c2c(C(N)=O)cc(-c4ccccc4)cc23)CC1
COc1ccc(-c2cc(C(N)=O)c3[nH]c4cc(C(=O)N5CCN(C)CC5)ccc4c3c2)cc1,NC(=O)c1cc(-c2ccc(Cl)cc2Cl)cc2c1[nH]c1ccc(C(=O)N3CCOCC3)cc12
COc1ccc(-c2cc(C(N)=O)c3[nH]c4cc(C(=O)N5CCN(C)CC5)ccc4c3c2)cc1,NC(=O)c1cc(Cc2ccccc2)cc2c1[nH]c1ccc(C(=O)N3CCOCC3)cc12
Cn1c(-c2c(Cl)cccc2Cl)nc2ccnc(NC(=O)C3CC3)c21,CCn1c(C(=O)N(C2CC2)C2CC2)cc2c3c(ncn3C)c(Nc3nc(C(=O)NC)c(C)s3)nc21
Cn1c(-c2c(Cl)cccc2Cl)nc2ccnc(NC(=O)C3CC3)c21,CCn1c(C(=O)N(C2CC2)C2CC2)cc2c3c(ncn3C)c(Nc3nc(C)cs3)nc21
Cn1c(-c2c(Cl)cccc2Cl)nc2ccnc(NC(=O)C3CC3)c21,CCn1c(C(=O)N(C2CC2)C2CC2)cc2c3c(ncn3C)c(Nc3ncc(C)s3)nc21
Cn1c(-c2c(Cl)cccc2Cl)nc2ccnc(NC(=O)C3CC3)c21,CCn1c(C(=O)N(C2CC2)C2CC2)cc2c3c(ncn3C)c(Nc3nccs3)nc21
Cn1c(-c2c(Cl)cccc2Cl)nc2ccnc(NC(=O)C3CC3)c21,Cc1cc(Nc2nccc3nc(-c4c(Cl)cc(C#N)cc4Cl)[nH]c23)ncn1
Cn1c(-c2c(Cl)cccc2Cl)nc2ccnc(NC(=O)C3CC3)c21,CCn1c(C(=O)N(C2CC2)C2CC2)cc2c3c(ncn3C)c(Nc3cc(C)nn3C)nc21
Cn1c(-c2c(Cl)cccc2Cl)nc2ccnc(NC(=O)C3CC3)c21,CCc1nc(Nc2nc3c(cc(C(=O)N(C4CC4)C4CC4)n3CC)c3c2ncn3C)sc1C
Cn1c(-c2c(Cl)cccc2Cl)nc2ccnc(NC(=O)C3CC3)c21,CCn1c(C(=O)N(C2CC2)C2CC2)cc2c3c(ncn3C)c(Nc3nc(C)c(S(C)(=O)=O)s3)nc21
Cn1c(-c2c(Cl)cccc2Cl)nc2ccnc(NC(=O)C3CC3)c21,CCn1c(C(=O)N(C2CC2)C2CC2)cc2c3c(ncn3C)c(Nc3nc(C)c(C)s3)nc21
Cn1c(-c2c(Cl)cccc2Cl)nc2ccnc(NC(=O)C3CC3)c21,CCn1c(C(=O)N(C2CC2)C2CC2)cc2c3c(ncn3C)c(Nc3cc(C)n(C)n3)nc21
Cn1c(-c2c(Cl)cccc2Cl)nc2ccnc(NC(=O)C3CC3)c21,N#CCCc1ccc(-c2nc3cnc4[nH]ccc4c3n2C2CCCCC2)o1
Cn1c(-c2c(Cl)cccc2Cl)nc2ccnc(NC(=O)C3CC3)c21,CCn1c(C(=O)N(C2CC2)C2CC2)cc2c3c(ncn3C)c(Nc3nc(C)c(C(=O)NC)s3)nc21
Cc1nc(C(C)(O)CO)sc1-c1cnc(N)c(OC(C)c2cc(F)ccc2-n2nccn2)c1,COc1ccccc1-c1cc2c(NC3CCC(C)(N)C3(C)C)c(C(N)=O)cnn2c1
Cc1nc(C(C)(O)CO)sc1-c1cnc(N)c(OC(C)c2cc(F)ccc2-n2nccn2)c1,CCn1c(C(=O)N(C2CC2)C2CC2)cc2c3c(ncn3C)c(Nc3nc(C(=O)NC)c(C)s3)nc21
Cc1nc(C(C)(O)CO)sc1-c1cnc(N)c(OC(C)c2cc(F)ccc2-n2nccn2)c1,CCn1c(C(=O)N(C2CC2)C2CC2)cc2c3c(ncn3C)c(Nc3nc(C)cs3)nc21
Cc1nc(C(C)(O)CO)sc1-c1cnc(N)c(OC(C)c2cc(F)ccc2-n2nccn2)c1,CCn1c(C(=O)N(C2CC2)C2CC2)cc2c3c(ncn3C)c(Nc3ncc(C)s3)nc21
Cc1nc(C(C)(O)CO)sc1-c1cnc(N)c(OC(C)c2cc(F)ccc2-n2nccn2)c1,CCOc1ccc(-c2cc3c(NC4CCC(C)(N)C4(C)C)c(C(N)=O)cnn3c2)cn1
Cc1nc(C(C)(O)CO)sc1-c1cnc(N)c(OC(C)c2cc(F)ccc2-n2nccn2)c1,Cn1nc(-c2cnc3[nH]cc(C(=O)NC(C(=O)N4CC(C#N)C4)C4CC4)c3n2)c2ccc(Cl)cc21
Cc1nc(C(C)(O)CO)sc1-c1cnc(N)c(OC(C)c2cc(F)ccc2-n2nccn2)c1,CCn1c(C(=O)N(C2CC2)C2CC2)cc2c3c(ncn3C)c(Nc3nccs3)nc21
Cc1nc(C(C)(O)CO)sc1-c1cnc(N)c(OC(C)c2cc(F)ccc2-n2nccn2)c1,O=C1NC(=O)C(c2c[nH]c3ccccc23)=C1Nc1cccc(OC2CN(c3ccnc(F)c3)C2)c1
Cc1nc(C(C)(O)CO)sc1-c1cnc(N)c(OC(C)c2cc(F)ccc2-n2nccn2)c1,CCn1c(C(=O)N(C2CC2)C2CC2)cc2c3c(ncn3C)c(Nc3cc(C)nn3C)nc21
Cc1nc(C(C)(O)CO)sc1-c1cnc(N)c(OC(C)c2cc(F)ccc2-n2nccn2)c1,CCc1nc(Nc2nc3c(cc(C(=O)N(C4CC4)C4CC4)n3CC)c3c2ncn3C)sc1C
Cc1nc(C(C)(O)CO)sc1-c1cnc(N)c(OC(C)c2cc(F)ccc2-n2nccn2)c1,Cn1cc(C2=C(Nc3cccc(OCCNc4ccnc(F)c4)c3)C(=O)NC2=O)c2ccccc21
Cc1nc(C(C)(O)CO)sc1-c1cnc(N)c(OC(C)c2cc(F)ccc2-n2nccn2)c1,CCn1c(C(=O)N(C2CC2)C2CC2)cc2c3c(ncn3C)c(Nc3nc(C)c(S(C)(=O)=O)s3)nc21
Cc1nc(C(C)(O)CO)sc1-c1cnc(N)c(OC(C)c2cc(F)ccc2-n2nccn2)c1,CC(C)Oc1ccc(-c2cc3c(NC4CCC(C)(N)C4(C)C)c(C(N)=O)cnn3c2)cn1
Cc1nc(C(C)(O)CO)sc1-c1cnc(N)c(OC(C)c2cc(F)ccc2-n2nccn2)c1,CC(NC(=O)c1c[nH]c2ncc(-c3nn(C)c4cc(Cl)cc(F)c34)nc12)C(=O)N1CC(C#N)C1
Cc1nc(C(C)(O)CO)sc1-c1cnc(N)c(OC(C)c2cc(F)ccc2-n2nccn2)c1,CCn1c(C(=O)N(C2CC2)C2CC2)cc2c3c(ncn3C)c(Nc3nc(C)c(C)s3)nc21
Cc1nc(C(C)(O)CO)sc1-c1cnc(N)c(OC(C)c2cc(F)ccc2-n2nccn2)c1,Cc1ccccc1-n1cc(-c2ccn(C)n2)c2[nH]nc(N)c2c1=O
Cc1nc(C(C)(O)CO)sc1-c1cnc(N)c(OC(C)c2cc(F)ccc2-n2nccn2)c1,CC(NC(=O)c1c[nH]c2ncc(-c3nn(C)c4cc(Cl)ccc34)nc12)C(=O)N1CC(C#N)C1
Cc1nc(C(C)(O)CO)sc1-c1cnc(N)c(OC(C)c2cc(F)ccc2-n2nccn2)c1,COc1ccc2c(-c3cnc4[nH]cc(C(=O)NC(C)C(=O)N5CC(C#N)C5)c4n3)nn(C)c2c1
Cc1nc(C(C)(O)CO)sc1-c1cnc(N)c(OC(C)c2cc(F)ccc2-n2nccn2)c1,CC(NC(=O)c1c[nH]c2ncc(-c3nn(C)c4cc(C#N)ccc34)nc12)C(=O)N1CC(C#N)C1
Cc1nc(C(C)(O)CO)sc1-c1cnc(N)c(OC(C)c2cc(F)ccc2-n2nccn2)c1,CCn1c(C(=O)N(C2CC2)C2CC2)cc2c3c(ncn3C)c(Nc3cc(C)n(C)n3)nc21
Cc1nc(C(C)(O)CO)sc1-c1cnc(N)c(OC(C)c2cc(F)ccc2-n2nccn2)c1,CC(C)C(C)n1cc(-c2cc(N3CCS(=O)(=O)CC3)n(C)n2)c2[nH]nc(N)c2c1=O
Cc1nc(C(C)(O)CO)sc1-c1cnc(N)c(OC(C)c2cc(F)ccc2-n2nccn2)c1,CC(C)C(C)n1cc(-c2cc(C3CCOCC3)n(C)n2)c2[nH]nc(N)c2c1=O
Cc1nc(C(C)(O)CO)sc1-c1cnc(N)c(OC(C)c2cc(F)ccc2-n2nccn2)c1,Cn1ccc(-c2cn(-c3ccccc3Cl)c(=O)c3c(N)n[nH]c23)n1
Cc1nc(C(C)(O)CO)sc1-c1cnc(N)c(OC(C)c2cc(F)ccc2-n2nccn2)c1,COc1ccc(-c2cc3c(NC4CCC(C)(N)C4(C)C)c(C(N)=O)cnn3c2)cn1
Cc1nc(C(C)(O)CO)sc1-c1cnc(N)c(OC(C)c2cc(F)ccc2-n2nccn2)c1,CCn1c(C(=O)N(C2CC2)C2CC2)cc2c3c(ncn3C)c(Nc3nc(C)c(C(=O)NC)s3)nc21
Cc1nc(C(C)(O)CO)sc1-c1cnc(N)c(OC(C)c2cc(F)ccc2-n2nccn2)c1,Cn1nc(-c2cnc3[nH]cc(C(=O)NC(C(=O)N4CC(C#N)C4)C(C)(C)C)c3n2)c2ccc(Cl)cc21
Cc1nc(C(C)(O)CO)sc1-c1cnc(N)c(OC(C)c2cc(F)ccc2-n2nccn2)c1,COc1cc(-c2cc3c(NC4CCC(C)(N)C4(C)C)c(C(N)=O)cnn3c2)ccn1
Cc1nc(C(C)(O)CO)sc1-c1cnc(N)c(OC(C)c2cc(F)ccc2-n2nccn2)c1,CCOC(C)n1cc(-c2nc(Nc3ccc4c(c3)CCN4S(=O)(=O)c3ccc(C(F)(F)F)cc3)ncc2C)cn1
CNc1nc(Nc2cnn(CCCCCC(=O)NO)c2)ncc1Cl,O=C(CCCCCCn1cc(Nc2ncc(Cl)c(N3CCCCC3)n2)cn1)NO
CNc1nc(Nc2cnn(CCCCCC(=O)NO)c2)ncc1Cl,O=C(CCCCCCn1cc(Nc2ncc(Cl)c(NC3CC3)n2)cn1)NO
CNc1nc(Nc2cnn(CCCCCC(=O)NO)c2)ncc1Cl,C=CC(=O)Nc1cccc(CNc2nc(Nc3cnn(C)c3)ncc2Cl)c1
CNc1nc(Nc2cnn(CCCCCC(=O)NO)c2)ncc1Cl,O=C(CCCCCn1cc(Nc2ncc(Cl)c(Nc3ccc(Cl)cc3)n2)cn1)NO
O=C(CCCCCn1cc(Nc2ncc(Cl)c(Nc3ccccc3Cl)n2)cn1)NO,Clc1cccc(Nc2nc(Nc3cn[nH]c3)ncc2Cl)c1
O=C(CCCCCn1cc(Nc2ncc(Cl)c(Nc3ccccc3Cl)n2)cn1)NO,O=C(CCCCCCn1cc(Nc2ncc(Cl)c(N3CCCCC3)n2)cn1)NO
O=C(CCCCCn1cc(Nc2ncc(Cl)c(Nc3ccccc3Cl)n2)cn1)NO,O=C(CCCCCCn1cc(Nc2ncc(Cl)c(NC3CC3)n2)cn1)NO
O=C(CCCCCn1cc(Nc2ncc(Cl)c(Nc3ccccc3Cl)n2)cn1)NO,O=C(CCCCCn1cc(Nc2ncc(Cl)c(Nc3ccc(Cl)cc3)n2)cn1)NO
COc1ccc(-c2cc(C(N)=O)c3[nH]c4ccc(C(=O)N5CCOCC5)cc4c3c2)cc1,CN1CCN(c2ccc3c(c2)[nH]c2c(C(N)=O)cc(-c4ccc5c(cnn5C)c4)cc23)CC1
COc1ccc(-c2cc(C(N)=O)c3[nH]c4ccc(C(=O)N5CCOCC5)cc4c3c2)cc1,COc1ccc(-c2cc(C(N)=O)c3[nH]c4cc(C(=O)N5CCOCC5)ccc4c3c2)cc1F
COc1ccc(-c2cc(C(N)=O)c3[nH]c4ccc(C(=O)N5CCOCC5)cc4c3c2)cc1,CN1CCN(c2ccc3c(c2)[nH]c2c(C(N)=O)cc(-c4cccc(Cl)c4)cc23)CC1
COc1ccc(-c2cc(C(N)=O)c3[nH]c4ccc(C(=O)N5CCOCC5)cc4c3c2)cc1,COc1cccc(-c2cc(C(N)=O)c3[nH]c4cc(NC(=O)C5CCOCC5)ccc4c3c2)c1
COc1ccc(-c2cc(C(N)=O)c3[nH]c4ccc(C(=O)N5CCOCC5)cc4c3c2)cc1,NC(=O)c1cc(-c2ccccc2)cc2c1[nH]c1cc(N3CCOCC3)ccc12
COc1ccc(-c2cc(C(N)=O)c3[nH]c4ccc(C(=O)N5CCOCC5)cc4c3c2)cc1,Cc1ccc(-c2cc(C(N)=O)c3[nH]c4cc(N5CCOCC5)ccc4c3c2)cn1
COc1ccc(-c2cc(C(N)=O)c3[nH]c4ccc(C(=O)N5CCOCC5)cc4c3c2)cc1,COc1cccc(-c2cc(C(N)=O)c3[nH]c4ccc(C(=O)N5CCOCC5)cc4c3c2)c1
COc1ccc(-c2cc(C(N)=O)c3[nH]c4ccc(C(=O)N5CCOCC5)cc4c3c2)cc1,COc1cccc(-c2cc(C(N)=O)c3[nH]c4cc(C(=O)N5CCC(N(C)C)C5)ccc4c3c2)c1
COc1ccc(-c2cc(C(N)=O)c3[nH]c4ccc(C(=O)N5CCOCC5)cc4c3c2)cc1,CN1CCN(C(=O)c2ccc3[nH]c4c(C(N)=O)cc(-c5ccc(Cl)cc5)cc4c3c2)CC1
COc1ccc(-c2cc(C(N)=O)c3[nH]c4ccc(C(=O)N5CCOCC5)cc4c3c2)cc1,COc1cccc(-c2cc(C(N)=O)c3[nH]c4ccc(C(=O)N5CCN(C)CC5)cc4c3c2)c1
COc1ccc(-c2cc(C(N)=O)c3[nH]c4ccc(C(=O)N5CCOCC5)cc4c3c2)cc1,CN1CCN(c2ccc3c(c2)[nH]c2c(C(N)=O)cc(-c4ccc(CN5CCOCC5)c(Cl)c4)cc23)CC1
COc1ccc(-c2cc(C(N)=O)c3[nH]c4ccc(C(=O)N5CCOCC5)cc4c3c2)cc1,NC(=O)c1cc(-c2ccccc2)cc2c1[nH]c1cc(C(=O)N3CCOCC3)ccc12
COc1ccc(-c2cc(C(N)=O)c3[nH]c4ccc(C(=O)N5CCOCC5)cc4c3c2)cc1,COc1cccc(-c2cc(C(N)=O)c3[nH]c4cc(C(=O)N5CCOCC5)ccc4c3c2)c1
COc1ccc(-c2cc(C(N)=O)c3[nH]c4ccc(C(=O)N5CCOCC5)cc4c3c2)cc1,CN1CCN(c2ccc3c(c2)[nH]c2c(C(N)=O)cc(-c4ccccc4)cc23)CC1
COc1ccc(-c2cc(C(N)=O)c3[nH]c4ccc(C(=O)N5CCOCC5)cc4c3c2)cc1,NC(=O)c1cc(-c2ccc(Cl)cc2Cl)cc2c1[nH]c1ccc(C(=O)N3CCOCC3)cc12
COc1ccc(-c2cc(C(N)=O)c3[nH]c4ccc(C(=O)N5CCOCC5)cc4c3c2)cc1,NC(=O)c1cc(Cc2ccccc2)cc2c1[nH]c1ccc(C(=O)N3CCOCC3)cc12
COc1cccc(Cn2ccc3cnc(Nc4cnn(CCCCCC(=O)NO)c4)nc32)c1,O=C(CCCCCCn1cc(Nc2ncc3ccn(Cc4cccc(F)c4)c3n2)cn1)NO
COc1cccc(Cn2ccc3cnc(Nc4cnn(CCCCCC(=O)NO)c4)nc32)c1,O=C(CCCCCCn1cc(Nc2ncc3ccn(-c4ccccc4)c3n2)cn1)NO
COc1cccc(Cn2ccc3cnc(Nc4cnn(CCCCCC(=O)NO)c4)nc32)c1,O=C(CCCCCn1cc(Nc2ncc3ccn(Cc4cccc(F)c4)c3n2)cn1)NO
O=C(Nc1ccnc(Nc2ncccn2)c1)c1c(Cl)cccc1Cl,O=C(Nc1ccnc(NC(=O)C2CC2)c1)c1c(Cl)cccc1Cl
Cc1ccc(Cl)cc1-n1cc(-c2ncnn3cccc23)cc1C(N)=O,COc1ccccc1-c1cc2c(NC3CCC(C)(N)C3(C)C)c(C(N)=O)cnn2c1
Cc1ccc(Cl)cc1-n1cc(-c2ncnn3cccc23)cc1C(N)=O,CCn1c(C(=O)N(C2CC2)C2CC2)cc2c3c(ncn3C)c(Nc3nc(C(=O)NC)c(C)s3)nc21
Cc1ccc(Cl)cc1-n1cc(-c2ncnn3cccc23)cc1C(N)=O,CCn1c(C(=O)N(C2CC2)C2CC2)cc2c3c(ncn3C)c(Nc3nc(C)cs3)nc21
Cc1ccc(Cl)cc1-n1cc(-c2ncnn3cccc23)cc1C(N)=O,CCn1c(C(=O)N(C2CC2)C2CC2)cc2c3c(ncn3C)c(Nc3ncc(C)s3)nc21
Cc1ccc(Cl)cc1-n1cc(-c2ncnn3cccc23)cc1C(N)=O,CC(NC(=O)c1c[nH]c2ncc(-c3cn(C)c4cc(Cl)ccc34)nc12)C(=O)N1CC(C#N)C1
Cc1ccc(Cl)cc1-n1cc(-c2ncnn3cccc23)cc1C(N)=O,Cn1nc(-c2cnc3[nH]cc(C(=O)NC(C(=O)N4CC(C#N)C4)C4CC4)c3n2)c2ccc(Cl)cc21
Cc1ccc(Cl)cc1-n1cc(-c2ncnn3cccc23)cc1C(N)=O,CCn1c(C(=O)N(C2CC2)C2CC2)cc2c3c(ncn3C)c(Nc3nccs3)nc21
Cc1ccc(Cl)cc1-n1cc(-c2ncnn3cccc23)cc1C(N)=O,CCn1c(C(=O)N(C2CC2)C2CC2)cc2c3c(ncn3C)c(Nc3cc(C)nn3C)nc21
Cc1ccc(Cl)cc1-n1cc(-c2ncnn3cccc23)cc1C(N)=O,CCc1nc(Nc2nc3c(cc(C(=O)N(C4CC4)C4CC4)n3CC)c3c2ncn3C)sc1C
Cc1ccc(Cl)cc1-n1cc(-c2ncnn3cccc23)cc1C(N)=O,CCn1c(C(=O)N(C2CC2)C2CC2)cc2c3c(ncn3C)c(Nc3nc(C)c(S(C)(=O)=O)s3)nc21
Cc1ccc(Cl)cc1-n1cc(-c2ncnn3cccc23)cc1C(N)=O,CC(NC(=O)c1c[nH]c2ncc(-c3nn(C)c4cc(Cl)cc(F)c34)nc12)C(=O)N1CC(C#N)C1
Cc1ccc(Cl)cc1-n1cc(-c2ncnn3cccc23)cc1C(N)=O,CCn1c(C(=O)N(C2CC2)C2CC2)cc2c3c(ncn3C)c(Nc3nc(C)c(C)s3)nc21
Cc1ccc(Cl)cc1-n1cc(-c2ncnn3cccc23)cc1C(N)=O,Cc1ccccc1-n1cc(-c2ccn(C)n2)c2[nH]nc(N)c2c1=O
Cc1ccc(Cl)cc1-n1cc(-c2ncnn3cccc23)cc1C(N)=O,CC(NC(=O)c1c[nH]c2ncc(-c3nn(C)c4cc(Cl)ccc34)nc12)C(=O)N1CC(C#N)C1
Cc1ccc(Cl)cc1-n1cc(-c2ncnn3cccc23)cc1C(N)=O,COc1ccc2c(-c3cnc4[nH]cc(C(=O)NC(C)C(=O)N5CC(C#N)C5)c4n3)nn(C)c2c1
Cc1ccc(Cl)cc1-n1cc(-c2ncnn3cccc23)cc1C(N)=O,CC1(N)CCC(Nc2c(C(N)=O)cnn3cc(-c4cc[nH]n4)cc23)C1(C)C
Cc1ccc(Cl)cc1-n1cc(-c2ncnn3cccc23)cc1C(N)=O,CC(NC(=O)c1c[nH]c2ncc(-c3nn(C)c4ccccc34)nc12)C(=O)N1CC(C#N)C1
Cc1ccc(Cl)cc1-n1cc(-c2ncnn3cccc23)cc1C(N)=O,CC(NC(=O)c1c[nH]c2ncc(-c3nn(C)c4cc(C#N)ccc34)nc12)C(=O)N1CC(C#N)C1
Cc1ccc(Cl)cc1-n1cc(-c2ncnn3cccc23)cc1C(N)=O,CCn1c(C(=O)N(C2CC2)C2CC2)cc2c3c(ncn3C)c(Nc3cc(C)n(C)n3)nc21
Cc1ccc(Cl)cc1-n1cc(-c2ncnn3cccc23)cc1C(N)=O,CC(C)C(C)n1cc(-c2cc(N3CCS(=O)(=O)CC3)n(C)n2)c2[nH]nc(N)c2c1=O
Cc1ccc(Cl)cc1-n1cc(-c2ncnn3cccc23)cc1C(N)=O,CC(C)C(C)n1cc(-c2cc(C3CCOCC3)n(C)n2)c2[nH]nc(N)c2c1=O
Cc1ccc(Cl)cc1-n1cc(-c2ncnn3cccc23)cc1C(N)=O,Cc1cnccc1-c1cc2c(NC3CCC(C)(N)C3(C)C)c(C(N)=O)cnn2c1
Cc1ccc(Cl)cc1-n1cc(-c2ncnn3cccc23)cc1C(N)=O,Cn1ccc(-c2cn(-c3ccccc3Cl)c(=O)c3c(N)n[nH]c23)n1
Cc1ccc(Cl)cc1-n1cc(-c2ncnn3cccc23)cc1C(N)=O,CCn1c(C(=O)N(C2CC2)C2CC2)cc2c3c(ncn3C)c(Nc3nc(C)c(C(=O)NC)s3)nc21
Cc1ccc(Cl)cc1-n1cc(-c2ncnn3cccc23)cc1C(N)=O,Cn1nc(-c2cnc3[nH]cc(C(=O)NC(C(=O)N4CC(C#N)C4)C(C)(C)C)c3n2)c2ccc(Cl)cc21
CCS(=O)(=O)N1CCc2cc(Nc3ncc(C)c(-c4cnn(C(C)C)c4)n3)ccc21,Cc1ccc(C(=O)C=CC(=O)N2CCc3ccc(Nc4ncc(C)c(-c5cnn(C(C)C)c5)n4)cc3C2)cc1
CCS(=O)(=O)N1CCc2cc(Nc3ncc(C)c(-c4cnn(C(C)C)c4)n3)ccc21,CCn1c(C(=O)N(C2CC2)C2CC2)cc2c3c(ncn3C)c(Nc3nc(C(=O)NC)c(C)s3)nc21
CCS(=O)(=O)N1CCc2cc(Nc3ncc(C)c(-c4cnn(C(C)C)c4)n3)ccc21,CCn1c(C(=O)N(C2CC2)C2CC2)cc2c3c(ncn3C)c(Nc3nc(C)cs3)nc21
CCS(=O)(=O)N1CCc2cc(Nc3ncc(C)c(-c4cnn(C(C)C)c4)n3)ccc21,CCn1c(C(=O)N(C2CC2)C2CC2)cc2c3c(ncn3C)c(Nc3ncc(C)s3)nc21
CCS(=O)(=O)N1CCc2cc(Nc3ncc(C)c(-c4cnn(C(C)C)c4)n3)ccc21,Cc1ccc(C(=O)C=CC(=O)N2CCc3cc(Nc4ncc(C)c(-c5cnn(C(C)C)c5)n4)ccc3C2)cc1
CCS(=O)(=O)N1CCc2cc(Nc3ncc(C)c(-c4cnn(C(C)C)c4)n3)ccc21,Cn1nc(-c2cnc3[nH]cc(C(=O)NC(C(=O)N4CC(C#N)C4)C4CC4)c3n2)c2ccc(Cl)cc21
CCS(=O)(=O)N1CCc2cc(Nc3ncc(C)c(-c4cnn(C(C)C)c4)n3)ccc21,CCn1c(C(=O)N(C2CC2)C2CC2)cc2c3c(ncn3C)c(Nc3cc(C)nn3C)nc21
CCS(=O)(=O)N1CCc2cc(Nc3ncc(C)c(-c4cnn(C(C)C)c4)n3)ccc21,CCc1nc(Nc2nc3c(cc(C(=O)N(C4CC4)C4CC4)n3CC)c3c2ncn3C)sc1C
CCS(=O)(=O)N1CCc2cc(Nc3ncc(C)c(-c4cnn(C(C)C)c4)n3)ccc21,Cc1cnc(Nc2ccc3c(c2)CCN(CC#N)C3)nc1-c1cnn(C(C)C)c1
CCS(=O)(=O)N1CCc2cc(Nc3ncc(C)c(-c4cnn(C(C)C)c4)n3)ccc21,CCn1c(C(=O)N(C2CC2)C2CC2)cc2c3c(ncn3C)c(Nc3nc(C)c(S(C)(=O)=O)s3)nc21
CCS(=O)(=O)N1CCc2cc(Nc3ncc(C)c(-c4cnn(C(C)C)c4)n3)ccc21,Cc1cnc(Nc2ccc3c(c2)CCN(C(=O)C=CCN(C)C)C3)nc1-c1cnn(C(C)C)c1
CCS(=O)(=O)N1CCc2cc(Nc3ncc(C)c(-c4cnn(C(C)C)c4)n3)ccc21,CC(NC(=O)c1c[nH]c2ncc(-c3nn(C)c4cc(Cl)cc(F)c34)nc12)C(=O)N1CC(C#N)C1
CCS(=O)(=O)N1CCc2cc(Nc3ncc(C)c(-c4cnn(C(C)C)c4)n3)ccc21,CCn1c(C(=O)N(C2CC2)C2CC2)cc2c3c(ncn3C)c(Nc3nc(C)c(C)s3)nc21
CCS(=O)(=O)N1CCc2cc(Nc3ncc(C)c(-c4cnn(C(C)C)c4)n3)ccc21,Cc1cnc(Nc2ccc(NS(=O)(=O)c3ccc(C(F)(F)F)cc3)c(F)c2)nc1-c1cnn(C(C)C)c1
CCS(=O)(=O)N1CCc2cc(Nc3ncc(C)c(-c4cnn(C(C)C)c4)n3)ccc21,COC(=O)C=CCN1CCc2cc(Nc3ncc(C)c(-c4cnn(C(C)C)c4)n3)ccc2C1
CCS(=O)(=O)N1CCc2cc(Nc3ncc(C)c(-c4cnn(C(C)C)c4)n3)ccc21,Cc1cnc(Nc2ccc3c(c2)CCN(C(=O)C=CC(=O)c2ccccc2)C3)nc1-c1cnn(C(C)C)c1
CCS(=O)(=O)N1CCc2cc(Nc3ncc(C)c(-c4cnn(C(C)C)c4)n3)ccc21,CC(C)C(C)n1cc(-c2cc(N3CCS(=O)(=O)CC3)n(C)n2)c2[nH]nc(N)c2c1=O
CCS(=O)(=O)N1CCc2cc(Nc3ncc(C)c(-c4cnn(C(C)C)c4)n3)ccc21,N#CCCn1cc(-c2nc(Nc3ccc4c(c3)CCN4C(=O)CN3CCS(=O)(=O)CC3)ncc2F)cn1
CCS(=O)(=O)N1CCc2cc(Nc3ncc(C)c(-c4cnn(C(C)C)c4)n3)ccc21,CC(C)C(C)n1cc(-c2cc(C3CCOCC3)n(C)n2)c2[nH]nc(N)c2c1=O
CCS(=O)(=O)N1CCc2cc(Nc3ncc(C)c(-c4cnn(C(C)C)c4)n3)ccc21,Cc1cnc(Nc2ccc3c(c2)CN(C(=O)C=CCN(C)C)CC3)nc1-c1cnn(C(C)C)c1
CCS(=O)(=O)N1CCc2cc(Nc3ncc(C)c(-c4cnn(C(C)C)c4)n3)ccc21,Cc1cnc(Nc2ccc3c(c2)CN(C(=O)C=CC(=O)c2ccccc2)CC3)nc1-c1cnn(C(C)C)c1
CCS(=O)(=O)N1CCc2cc(Nc3ncc(C)c(-c4cnn(C(C)C)c4)n3)ccc21,N#CCCn1cc(-c2nc(Nc3ccc4c(c3)CCN4C(=O)C3(C#N)CC3)ncc2F)cn1
CCS(=O)(=O)N1CCc2cc(Nc3ncc(C)c(-c4cnn(C(C)C)c4)n3)ccc21,CCn1c(C(=O)N(C2CC2)C2CC2)cc2c3c(ncn3C)c(Nc3nc(C)c(C(=O)NC)s3)nc21
CCS(=O)(=O)N1CCc2cc(Nc3ncc(C)c(-c4cnn(C(C)C)c4)n3)ccc21,CCOC(C)n1cc(-c2nc(Nc3ccc4c(c3)CCN4S(=O)(=O)c3ccc(C(F)(F)F)cc3)ncc2C)cn1
O=C(CCCCCCN1CC=CCCOc2cccc(c2)-c2ccnc(n2)Nc2cccc(c2)C1)NO,Cc1ccc(C(=O)C=CC(=O)N2CCc3ccc(Nc4ncc(C)c(-c5cnn(C(C)C)c5)n4)cc3C2)cc1
O=C(CCCCCCN1CC=CCCOc2cccc(c2)-c2ccnc(n2)Nc2cccc(c2)C1)NO,Cc1ccc(C(=O)C=CC(=O)N2CCc3cc(Nc4ncc(C)c(-c5cnn(C(C)C)c5)n4)ccc3C2)cc1
O=C(CCCCCCN1CC=CCCOc2cccc(c2)-c2ccnc(n2)Nc2cccc(c2)C1)NO,Cc1cnc(Nc2ccc3c(c2)CCN(CC#N)C3)nc1-c1cnn(C(C)C)c1
O=C(CCCCCCN1CC=CCCOc2cccc(c2)-c2ccnc(n2)Nc2cccc(c2)C1)NO,Cc1cnc(Nc2ccc3c(c2)CCN(C(=O)C=CCN(C)C)C3)nc1-c1cnn(C(C)C)c1
O=C(CCCCCCN1CC=CCCOc2cccc(c2)-c2ccnc(n2)Nc2cccc(c2)C1)NO,COC(=O)C=CCN1CCc2cc(Nc3ncc(C)c(-c4cnn(C(C)C)c4)n3)ccc2C1
O=C(CCCCCCN1CC=CCCOc2cccc(c2)-c2ccnc(n2)Nc2cccc(c2)C1)NO,Cc1cnc(Nc2ccc3c(c2)CCN(C(=O)C=CC(=O)c2ccccc2)C3)nc1-c1cnn(C(C)C)c1
O=C(CCCCCCN1CC=CCCOc2cccc(c2)-c2ccnc(n2)Nc2cccc(c2)C1)NO,Cc1cnc(Nc2ccc3c(c2)CN(C(=O)C=CCN(C)C)CC3)nc1-c1cnn(C(C)C)c1
O=C(CCCCCCN1CC=CCCOc2cccc(c2)-c2ccnc(n2)Nc2cccc(c2)C1)NO,Cc1cnc(Nc2ccc3c(c2)CN(C(=O)C=CC(=O)c2ccccc2)CC3)nc1-c1cnn(C(C)C)c1
COc1cccc(C(=O)Nc2ccncc2)c1Cl,O=C(Nc1ccnc(NC(=O)C2CC2)c1)c1c(Cl)cccc1Cl
Cc1ccnc(Nc2nc3cccc(-c4cccc(C(C)C)c4)n3n2)c1,O=C(Nc1nc2cccc(-c3ccc(C(=O)N4CCC(F)(F)CC4)cc3)n2n1)C1CC1
Cc1ccnc(Nc2nc3cccc(-c4cccc(C(C)C)c4)n3n2)c1,O=C(Nc1nc2cccc(-c3ccc(C(=O)N4CC(F)(F)C4)cc3)n2n1)C1CC1
Cc1ccnc(Nc2nc3cccc(-c4cccc(C(C)C)c4)n3n2)c1,N#CCNC(=O)c1ccc(-c2cccc3nc(NC(=O)C4CC4)nn23)cc1
Cc1ccnc(Nc2nc3cccc(-c4cccc(C(C)C)c4)n3n2)c1,N#CC1CN(C(=O)c2ccc(-c3cccc4nc(NC(=O)C5CC5)nn34)cc2)C1
Cc1ccnc(Nc2nc3cccc(-c4cccc(C(C)C)c4)n3n2)c1,O=C(Nc1nc2cccc(-c3ccc(CN4CCS(=O)(=O)CC4)cc3)n2n1)C1CC1
Cc1ccnc(Nc2nc3cccc(-c4cccc(C(C)C)c4)n3n2)c1,C=C(C#N)C(O)c1ccc(-c2cccc3nc(NC(=O)C4CC4)nn23)cc1
O=C(CCCCCCC(=O)Nc1ccc(NC(=O)CCCn2cc(-c3ncnc4[nH]ccc34)cn2)cc1)NO,O=C(CCCCCCn1cc(-c2ncnc3[nH]ccc23)cn1)NO
O=C(CCCCCCC(=O)Nc1ccc(NC(=O)CCCn2cc(-c3ncnc4[nH]ccc34)cn2)cc1)NO,c1nc(-c2cn(CC3CO3)nn2)c2cc[nH]c2n1
O=C(CCCCCCC(=O)Nc1ccc(NC(=O)CCCn2cc(-c3ncnc4[nH]ccc34)cn2)cc1)NO,N#CCCn1cc(-c2nc(Nc3ccc4c(c3)CCN4C(=O)C3(C#N)CC3)ncc2F)cn1
Cc1ccc(Cl)cc1-c1cn(-c2ncnn3cccc23)cc1C(N)=O,CCn1c(C(=O)N(C2CC2)C2CC2)cc2c3c(ncn3C)c(Nc3nc(C(=O)NC)c(C)s3)nc21
Cc1ccc(Cl)cc1-c1cn(-c2ncnn3cccc23)cc1C(N)=O,CCn1c(C(=O)N(C2CC2)C2CC2)cc2c3c(ncn3C)c(Nc3nc(C)cs3)nc21
Cc1ccc(Cl)cc1-c1cn(-c2ncnn3cccc23)cc1C(N)=O,CCn1c(C(=O)N(C2CC2)C2CC2)cc2c3c(ncn3C)c(Nc3ncc(C)s3)nc21
Cc1ccc(Cl)cc1-c1cn(-c2ncnn3cccc23)cc1C(N)=O,Cn1nc(-c2cnc3[nH]cc(C(=O)NC(C(=O)N4CC(C#N)C4)C4CC4)c3n2)c2ccc(Cl)cc21
Cc1ccc(Cl)cc1-c1cn(-c2ncnn3cccc23)cc1C(N)=O,CCn1c(C(=O)N(C2CC2)C2CC2)cc2c3c(ncn3C)c(Nc3nccs3)nc21
Cc1ccc(Cl)cc1-c1cn(-c2ncnn3cccc23)cc1C(N)=O,CCn1c(C(=O)N(C2CC2)C2CC2)cc2c3c(ncn3C)c(Nc3cc(C)nn3C)nc21
Cc1ccc(Cl)cc1-c1cn(-c2ncnn3cccc23)cc1C(N)=O,CCc1nc(Nc2nc3c(cc(C(=O)N(C4CC4)C4CC4)n3CC)c3c2ncn3C)sc1C
Cc1ccc(Cl)cc1-c1cn(-c2ncnn3cccc23)cc1C(N)=O,CCn1c(C(=O)N(C2CC2)C2CC2)cc2c3c(ncn3C)c(Nc3nc(C)c(S(C)(=O)=O)s3)nc21
Cc1ccc(Cl)cc1-c1cn(-c2ncnn3cccc23)cc1C(N)=O,CC(NC(=O)c1c[nH]c2ncc(-c3nn(C)c4cc(Cl)cc(F)c34)nc12)C(=O)N1CC(C#N)C1
Cc1ccc(Cl)cc1-c1cn(-c2ncnn3cccc23)cc1C(N)=O,CCn1c(C(=O)N(C2CC2)C2CC2)cc2c3c(ncn3C)c(Nc3nc(C)c(C)s3)nc21
Cc1ccc(Cl)cc1-c1cn(-c2ncnn3cccc23)cc1C(N)=O,CCn1c(C(=O)N(C2CC2)C2CC2)cc2c3c(ncn3C)c(Nc3cc(C)n(C)n3)nc21
Cc1ccc(Cl)cc1-c1cn(-c2ncnn3cccc23)cc1C(N)=O,CC(C)C(C)n1cc(-c2cc(N3CCS(=O)(=O)CC3)n(C)n2)c2[nH]nc(N)c2c1=O
Cc1ccc(Cl)cc1-c1cn(-c2ncnn3cccc23)cc1C(N)=O,CCn1c(C(=O)N(C2CC2)C2CC2)cc2c3c(ncn3C)c(Nc3nc(C)c(C(=O)NC)s3)nc21
Cc1ccc(Cl)cc1-c1cn(-c2ncnn3cccc23)cc1C(N)=O,Cn1nc(-c2cnc3[nH]cc(C(=O)NC(C(=O)N4CC(C#N)C4)C(C)(C)C)c3n2)c2ccc(Cl)cc21
O=C(O)c1ccc(Nc2nc3c(-c4cnn(C5CCCCC5)c4)cccn3n2)cc1,O=C(Nc1nc2cccc(-c3ccc(C(=O)N4CCC(F)(F)CC4)cc3)n2n1)C1CC1
O=C(O)c1ccc(Nc2nc3c(-c4cnn(C5CCCCC5)c4)cccn3n2)cc1,O=C(Nc1nc2cccc(-c3ccc(C(=O)N4CC(F)(F)C4)cc3)n2n1)C1CC1
O=C(O)c1ccc(Nc2nc3c(-c4cnn(C5CCCCC5)c4)cccn3n2)cc1,N#CCNC(=O)c1ccc(-c2cccc3nc(NC(=O)C4CC4)nn23)cc1
O=C(O)c1ccc(Nc2nc3c(-c4cnn(C5CCCCC5)c4)cccn3n2)cc1,N#CC1CN(C(=O)c2ccc(-c3cccc4nc(NC(=O)C5CC5)nn34)cc2)C1
O=C(O)c1ccc(Nc2nc3c(-c4cnn(C5CCCCC5)c4)cccn3n2)cc1,O=C(Nc1nc2cccc(-c3ccc(CN4CCS(=O)(=O)CC4)cc3)n2n1)C1CC1
O=C(O)c1ccc(Nc2nc3c(-c4cnn(C5CCCCC5)c4)cccn3n2)cc1,C=C(C#N)C(O)c1ccc(-c2cccc3nc(NC(=O)C4CC4)nn23)cc1
CN(CCON=C1C(=C2C(=O)Nc3cc(Br)ccc32)Nc2ccccc21)CC(O)CO,CCn1c(C(=O)N(C2CC2)C2CC2)cc2c3c(ncn3C)c(Nc3nc(C(=O)NC)c(C)s3)nc21
CN(CCON=C1C(=C2C(=O)Nc3cc(Br)ccc32)Nc2ccccc21)CC(O)CO,CCn1c(C(=O)N(C2CC2)C2CC2)cc2c3c(ncn3C)c(Nc3nc(C)cs3)nc21
CN(CCON=C1C(=C2C(=O)Nc3cc(Br)ccc32)Nc2ccccc21)CC(O)CO,CCn1c(C(=O)N(C2CC2)C2CC2)cc2c3c(ncn3C)c(Nc3ncc(C)s3)nc21
CN(CCON=C1C(=C2C(=O)Nc3cc(Br)ccc32)Nc2ccccc21)CC(O)CO,CCN(CC)CCNC(=O)c1c(C)[nH]c(C=C2C(=O)Nc3ccc(F)cc32)c1C
CN(CCON=C1C(=C2C(=O)Nc3cc(Br)ccc32)Nc2ccccc21)CC(O)CO,CCn1c(C(=O)N(C2CC2)C2CC2)cc2c3c(ncn3C)c(Nc3nccs3)nc21
CN(CCON=C1C(=C2C(=O)Nc3cc(Br)ccc32)Nc2ccccc21)CC(O)CO,O=C1NC(=O)C(c2c[nH]c3ccccc23)=C1Nc1cccc(OC2CN(c3ccnc(F)c3)C2)c1
CN(CCON=C1C(=C2C(=O)Nc3cc(Br)ccc32)Nc2ccccc21)CC(O)CO,CCn1c(C(=O)N(C2CC2)C2CC2)cc2c3c(ncn3C)c(Nc3cc(C)nn3C)nc21
CN(CCON=C1C(=C2C(=O)Nc3cc(Br)ccc32)Nc2ccccc21)CC(O)CO,CCc1nc(Nc2nc3c(cc(C(=O)N(C4CC4)C4CC4)n3CC)c3c2ncn3C)sc1C
CN(CCON=C1C(=C2C(=O)Nc3cc(Br)ccc32)Nc2ccccc21)CC(O)CO,Cn1cc(C2=C(Nc3cccc(OCCNc4ccnc(F)c4)c3)C(=O)NC2=O)c2ccccc21
CN(CCON=C1C(=C2C(=O)Nc3cc(Br)ccc32)Nc2ccccc21)CC(O)CO,CCn1c(C(=O)N(C2CC2)C2CC2)cc2c3c(ncn3C)c(Nc3nc(C)c(S(C)(=O)=O)s3)nc21
CN(CCON=C1C(=C2C(=O)Nc3cc(Br)ccc32)Nc2ccccc21)CC(O)CO,CC(NC(=O)c1c[nH]c2ncc(-c3nn(C)c4cc(Cl)cc(F)c34)nc12)C(=O)N1CC(C#N)C1
CN(CCON=C1C(=C2C(=O)Nc3cc(Br)ccc32)Nc2ccccc21)CC(O)CO,CCn1c(C(=O)N(C2CC2)C2CC2)cc2c3c(ncn3C)c(Nc3nc(C)c(C)s3)nc21
CN(CCON=C1C(=C2C(=O)Nc3cc(Br)ccc32)Nc2ccccc21)CC(O)CO,O=C1NC(=O)C(c2c[nH]c3ccccc23)=C1Nc1cccc(OCCNc2ccnc(F)c2)c1
CN(CCON=C1C(=C2C(=O)Nc3cc(Br)ccc32)Nc2ccccc21)CC(O)CO,CC(C)(O)C(=O)N1CCN(c2ccc(C(F)(F)F)c(C3=C(c4c[nH]c5ccccc45)C(=O)NC3=O)c2)CC1
CN(CCON=C1C(=C2C(=O)Nc3cc(Br)ccc32)Nc2ccccc21)CC(O)CO,O=C1NC(=O)C(c2c[nH]c3ccccc23)=C1Nc1ccc(OCCNc2ccnc(F)c2)cc1
CN(CCON=C1C(=C2C(=O)Nc3cc(Br)ccc32)Nc2ccccc21)CC(O)CO,CCn1c(C(=O)N(C2CC2)C2CC2)cc2c3c(ncn3C)c(Nc3cc(C)n(C)n3)nc21
CN(CCON=C1C(=C2C(=O)Nc3cc(Br)ccc32)Nc2ccccc21)CC(O)CO,CCn1c(C(=O)N(C2CC2)C2CC2)cc2c3c(ncn3C)c(Nc3nc(C)c(C(=O)NC)s3)nc21
CN(CCON=C1C(=C2C(=O)Nc3cc(Br)ccc32)Nc2ccccc21)CC(O)CO,Cc1[nH]c(C=C2C(=O)Nc3ccc(F)cc32)c(C)c1C(=O)NCC(O)CN1CCOCC1
CN(CCON=C1C(=C2C(=O)Nc3cc(Br)ccc32)Nc2ccccc21)CC(O)CO,CCOC(C)n1cc(-c2nc(Nc3ccc4c(c3)CCN4S(=O)(=O)c3ccc(C(F)(F)F)cc3)ncc2C)cn1
CN(CCON=C1C(=C2C(=O)Nc3cc(Br)ccc32)Nc2ccccc21)CC(O)CO,O=C1NC(=O)C(c2c[nH]c3ccccc23)=C1Nc1ccc(OCCCNc2ccnc(F)c2)cc1
CS(=O)(=O)c1ccc(-n2ccc3cnc(Nc4cnn(CCCCCCC(=O)NO)c4)nc32)cc1,O=C(CCCCCCn1cc(Nc2ncc3ccn(Cc4cccc(F)c4)c3n2)cn1)NO
CS(=O)(=O)c1ccc(-n2ccc3cnc(Nc4cnn(CCCCCCC(=O)NO)c4)nc32)cc1,O=C(CCCCCCn1cc(Nc2ncc3ccn(-c4ccccc4)c3n2)cn1)NO
CS(=O)(=O)c1ccc(-n2ccc3cnc(Nc4cnn(CCCCCCC(=O)NO)c4)nc32)cc1,O=C(CCCCCn1cc(Nc2ncc3ccn(Cc4cccc(F)c4)c3n2)cn1)NO
Cc1nc(-c2ccccc2Nc2nc(Nc3ccc(CN4CCN(C)CC4)cc3)ncc2Cl)n[nH]1,Cc1cc(Nc2ncc(Cl)c(Nc3ccccc3S(=O)(=O)C(C)C)n2)c(OC(C)C)cc1C1CCNCC1
Cc1cccc(Nc2nc3cccc(-c4cccc(C(C)C)c4)n3n2)n1,O=C(Nc1nc2cccc(-c3ccc(C(=O)N4CCC(F)(F)CC4)cc3)n2n1)C1CC1
Cc1cccc(Nc2nc3cccc(-c4cccc(C(C)C)c4)n3n2)n1,O=C(Nc1nc2cccc(-c3ccc(C(=O)N4CC(F)(F)C4)cc3)n2n1)C1CC1
Cc1cccc(Nc2nc3cccc(-c4cccc(C(C)C)c4)n3n2)n1,N#CCNC(=O)c1ccc(-c2cccc3nc(NC(=O)C4CC4)nn23)cc1
Cc1cccc(Nc2nc3cccc(-c4cccc(C(C)C)c4)n3n2)n1,N#CC1CN(C(=O)c2ccc(-c3cccc4nc(NC(=O)C5CC5)nn34)cc2)C1
Cc1cccc(Nc2nc3cccc(-c4cccc(C(C)C)c4)n3n2)n1,O=C(Nc1nc2cccc(-c3ccc(CN4CCS(=O)(=O)CC4)cc3)n2n1)C1CC1
Cc1cccc(Nc2nc3cccc(-c4cccc(C(C)C)c4)n3n2)n1,C=C(C#N)C(O)c1ccc(-c2cccc3nc(NC(=O)C4CC4)nn23)cc1
N#Cc1ccnc(Nc2nccc3nc(-c4c(Cl)cccc4Cl)[nH]c23)c1,Cc1cc(Nc2nccc3nc(-c4c(Cl)cc(C#N)cc4Cl)[nH]c23)ncn1
O=C(CCCCCn1cc(Nc2ncc3ccn(Cc4cccc(Cl)c4)c3n2)cn1)NO,O=C(CCCCCCn1cc(Nc2ncc3ccn(Cc4cccc(F)c4)c3n2)cn1)NO
O=C(CCCCCn1cc(Nc2ncc3ccn(Cc4cccc(Cl)c4)c3n2)cn1)NO,O=C(CCCCCCn1cc(Nc2ncc3ccn(-c4ccccc4)c3n2)cn1)NO
O=C(CCCCCn1cc(Nc2ncc3ccn(Cc4cccc(Cl)c4)c3n2)cn1)NO,O=C(CCCCCn1cc(Nc2ncc3ccn(Cc4cccc(F)c4)c3n2)cn1)NO
Cc1ccc(Cl)cc1-c1[nH]c(-c2ccnc(N)n2)cc1C(=O)NC1CCN(C)CC1,CC(NC(=O)c1c[nH]c2ncc(-c3cn(C)c4cc(Cl)ccc34)nc12)C(=O)N1CC(C#N)C1
Cc1ccc(Cl)cc1-c1[nH]c(-c2ccnc(N)n2)cc1C(=O)NC1CCN(C)CC1,Cn1nc(-c2cnc3[nH]cc(C(=O)NC(C(=O)N4CC(C#N)C4)C4CC4)c3n2)c2ccc(Cl)cc21
Cc1ccc(Cl)cc1-c1[nH]c(-c2ccnc(N)n2)cc1C(=O)NC1CCN(C)CC1,CC(NC(=O)c1c[nH]c2ncc(-c3nn(C)c4cc(Cl)cc(F)c34)nc12)C(=O)N1CC(C#N)C1
Cc1ccc(Cl)cc1-c1[nH]c(-c2ccnc(N)n2)cc1C(=O)NC1CCN(C)CC1,CC(NC(=O)c1c[nH]c2ncc(-c3nn(C)c4cc(Cl)ccc34)nc12)C(=O)N1CC(C#N)C1
Cc1ccc(Cl)cc1-c1[nH]c(-c2ccnc(N)n2)cc1C(=O)NC1CCN(C)CC1,COc1ccc2c(-c3cnc4[nH]cc(C(=O)NC(C)C(=O)N5CC(C#N)C5)c4n3)nn(C)c2c1
Cc1ccc(Cl)cc1-c1[nH]c(-c2ccnc(N)n2)cc1C(=O)NC1CCN(C)CC1,CC(NC(=O)c1c[nH]c2ncc(-c3nn(C)c4ccccc34)nc12)C(=O)N1CC(C#N)C1
Cc1ccc(Cl)cc1-c1[nH]c(-c2ccnc(N)n2)cc1C(=O)NC1CCN(C)CC1,CC(NC(=O)c1c[nH]c2ncc(-c3nn(C)c4cc(C#N)ccc34)nc12)C(=O)N1CC(C#N)C1
Cc1ccc(Cl)cc1-c1[nH]c(-c2ccnc(N)n2)cc1C(=O)NC1CCN(C)CC1,CC(NC(=O)c1c[nH]c2ncc(-c3ncn4cc(F)ccc34)nc12)C(=O)N1CC(C#N)C1
Cc1ccc(Cl)cc1-c1[nH]c(-c2ccnc(N)n2)cc1C(=O)NC1CCN(C)CC1,Cn1nc(-c2cnc3[nH]cc(C(=O)NC(C(=O)N4CC(C#N)C4)C(C)(C)C)c3n2)c2ccc(Cl)cc21
Clc1cccc(Cl)c1-c1nc2ccnc(Nc3cc(N4CCOCC4)ncn3)c2[nH]1,CCn1c(C(=O)N(C2CC2)C2CC2)cc2c3c(ncn3C)c(Nc3nc(C(=O)NC)c(C)s3)nc21
Clc1cccc(Cl)c1-c1nc2ccnc(Nc3cc(N4CCOCC4)ncn3)c2[nH]1,CCn1c(C(=O)N(C2CC2)C2CC2)cc2c3c(ncn3C)c(Nc3nc(C)cs3)nc21
Clc1cccc(Cl)c1-c1nc2ccnc(Nc3cc(N4CCOCC4)ncn3)c2[nH]1,CCn1c(C(=O)N(C2CC2)C2CC2)cc2c3c(ncn3C)c(Nc3nccs3)nc21
Clc1cccc(Cl)c1-c1nc2ccnc(Nc3cc(N4CCOCC4)ncn3)c2[nH]1,Cc1cc(Nc2nccc3nc(-c4c(Cl)cc(C#N)cc4Cl)[nH]c23)ncn1
Clc1cccc(Cl)c1-c1nc2ccnc(Nc3cc(N4CCOCC4)ncn3)c2[nH]1,CCn1c(C(=O)N(C2CC2)C2CC2)cc2c3c(ncn3C)c(Nc3cc(C)nn3C)nc21
Clc1cccc(Cl)c1-c1nc2ccnc(Nc3cc(N4CCOCC4)ncn3)c2[nH]1,CCc1nc(Nc2nc3c(cc(C(=O)N(C4CC4)C4CC4)n3CC)c3c2ncn3C)sc1C
Clc1cccc(Cl)c1-c1nc2ccnc(Nc3cc(N4CCOCC4)ncn3)c2[nH]1,CCn1c(C(=O)N(C2CC2)C2CC2)cc2c3c(ncn3C)c(Nc3nc(C)c(S(C)(=O)=O)s3)nc21
Clc1cccc(Cl)c1-c1nc2ccnc(Nc3cc(N4CCOCC4)ncn3)c2[nH]1,CCn1c(C(=O)N(C2CC2)C2CC2)cc2c3c(ncn3C)c(Nc3nc(C)c(C)s3)nc21
Clc1cccc(Cl)c1-c1nc2ccnc(Nc3cc(N4CCOCC4)ncn3)c2[nH]1,CCn1c(C(=O)N(C2CC2)C2CC2)cc2c3c(ncn3C)c(Nc3cc(C)n(C)n3)nc21
CN1CCN(C(=O)c2ccc3c(c2)[nH]c2c(C(N)=O)ccc(-c4ccccc4F)c23)CC1,CN1CCN(c2ccc3c(c2)[nH]c2c(C(N)=O)cc(-c4ccc5c(cnn5C)c4)cc23)CC1
CN1CCN(C(=O)c2ccc3c(c2)[nH]c2c(C(N)=O)ccc(-c4ccccc4F)c23)CC1,COc1ccc(-c2cc(C(N)=O)c3[nH]c4cc(C(=O)N5CCOCC5)ccc4c3c2)cc1F
CN1CCN(C(=O)c2ccc3c(c2)[nH]c2c(C(N)=O)ccc(-c4ccccc4F)c23)CC1,CN1CCN(c2ccc3c(c2)[nH]c2c(C(N)=O)cc(-c4cccc(Cl)c4)cc23)CC1
CN1CCN(C(=O)c2ccc3c(c2)[nH]c2c(C(N)=O)ccc(-c4ccccc4F)c23)CC1,COc1cccc(-c2cc(C(N)=O)c3[nH]c4cc(NC(=O)C5CCOCC5)ccc4c3c2)c1
CN1CCN(C(=O)c2ccc3c(c2)[nH]c2c(C(N)=O)ccc(-c4ccccc4F)c23)CC1,NC(=O)c1cc(-c2ccccc2)cc2c1[nH]c1cc(N3CCOCC3)ccc12
CN1CCN(C(=O)c2ccc3c(c2)[nH]c2c(C(N)=O)ccc(-c4ccccc4F)c23)CC1,Cc1ccc(-c2cc(C(N)=O)c3[nH]c4cc(N5CCOCC5)ccc4c3c2)cn1
CN1CCN(C(=O)c2ccc3c(c2)[nH]c2c(C(N)=O)ccc(-c4ccccc4F)c23)CC1,COc1cccc(-c2cc(C(N)=O)c3[nH]c4ccc(C(=O)N5CCOCC5)cc4c3c2)c1
CN1CCN(C(=O)c2ccc3c(c2)[nH]c2c(C(N)=O)ccc(-c4ccccc4F)c23)CC1,COc1cccc(-c2cc(C(N)=O)c3[nH]c4cc(C(=O)N5CCC(N(C)C)C5)ccc4c3c2)c1
CN1CCN(C(=O)c2ccc3c(c2)[nH]c2c(C(N)=O)ccc(-c4ccccc4F)c23)CC1,CN1CCN(C(=O)c2ccc3[nH]c4c(C(N)=O)cc(-c5ccc(Cl)cc5)cc4c3c2)CC1
CN1CCN(C(=O)c2ccc3c(c2)[nH]c2c(C(N)=O)ccc(-c4ccccc4F)c23)CC1,COc1cccc(-c2cc(C(N)=O)c3[nH]c4ccc(C(=O)N5CCN(C)CC5)cc4c3c2)c1
CN1CCN(C(=O)c2ccc3c(c2)[nH]c2c(C(N)=O)ccc(-c4ccccc4F)c23)CC1,CN1CCN(c2ccc3c(c2)[nH]c2c(C(N)=O)cc(-c4ccc(CN5CCOCC5)c(Cl)c4)cc23)CC1
CN1CCN(C(=O)c2ccc3c(c2)[nH]c2c(C(N)=O)ccc(-c4ccccc4F)c23)CC1,NC(=O)c1cc(-c2ccccc2)cc2c1[nH]c1cc(C(=O)N3CCOCC3)ccc12
CN1CCN(C(=O)c2ccc3c(c2)[nH]c2c(C(N)=O)ccc(-c4ccccc4F)c23)CC1,COc1cccc(-c2cc(C(N)=O)c3[nH]c4cc(C(=O)N5CCOCC5)ccc4c3c2)c1
CN1CCN(C(=O)c2ccc3c(c2)[nH]c2c(C(N)=O)ccc(-c4ccccc4F)c23)CC1,CN1CCN(c2ccc3c(c2)[nH]c2c(C(N)=O)cc(-c4ccccc4)cc23)CC1
CN1CCN(C(=O)c2ccc3c(c2)[nH]c2c(C(N)=O)ccc(-c4ccccc4F)c23)CC1,NC(=O)c1cc(-c2ccc(Cl)cc2Cl)cc2c1[nH]c1ccc(C(=O)N3CCOCC3)cc12
CN1CCN(C(=O)c2ccc3c(c2)[nH]c2c(C(N)=O)ccc(-c4ccccc4F)c23)CC1,NC(=O)c1cc(Cc2ccccc2)cc2c1[nH]c1ccc(C(=O)N3CCOCC3)cc12
COc1ccc(C(=O)Nc2ccncc2)c(Cl)c1,O=C(Nc1ccnc(NC(=O)C2CC2)c1)c1c(Cl)cccc1Cl
O=C(CCCn1cc(-c2ncnc3[nH]ccc23)cn1)NO,O=C(CCCCCCn1cc(-c2ncnc3[nH]ccc23)cn1)NO
O=C(CCCn1cc(-c2ncnc3[nH]ccc23)cn1)NO,c1nc(-c2cn(CC3CO3)nn2)c2cc[nH]c2n1
CN(C)C(=O)C(C#N)=Cc1ccc(-c2nc3cnc4[nH]ccc4c3n2C2CCCCC2)o1,N#CCC(=O)N1CCCC(n2c(=O)[nH]c3cnc4[nH]ccc4c32)C1
CN(C)C(=O)C(C#N)=Cc1ccc(-c2nc3cnc4[nH]ccc4c3n2C2CCCCC2)o1,N#CCC1CCC(n2c(CC(=O)NCc3ccc(F)cc3)nc3cnc4[nH]ccc4c32)CC1
CN(C)C(=O)C(C#N)=Cc1ccc(-c2nc3cnc4[nH]ccc4c3n2C2CCCCC2)o1,COc1cc2c(=O)n(C3CCCN(C(=O)CC#N)C3)c3c4cc[nH]c4ncc3c2cc1OC
CN(C)C(=O)C(C#N)=Cc1ccc(-c2nc3cnc4[nH]ccc4c3n2C2CCCCC2)o1,CCn1c(C(=O)N(C2CC2)C2CC2)cc2c3c(ncn3C)c(Nc3nc(C(=O)NC)c(C)s3)nc21
CN(C)C(=O)C(C#N)=Cc1ccc(-c2nc3cnc4[nH]ccc4c3n2C2CCCCC2)o1,CCn1c(C(=O)N(C2CC2)C2CC2)cc2c3c(ncn3C)c(Nc3nc(C)cs3)nc21
CN(C)C(=O)C(C#N)=Cc1ccc(-c2nc3cnc4[nH]ccc4c3n2C2CCCCC2)o1,CCn1c(C(=O)N(C2CC2)C2CC2)cc2c3c(ncn3C)c(Nc3ncc(C)s3)nc21
CN(C)C(=O)C(C#N)=Cc1ccc(-c2nc3cnc4[nH]ccc4c3n2C2CCCCC2)o1,CC1CCC(n2c(=O)[nH]c3cnc4[nH]ccc4c32)CC1
CN(C)C(=O)C(C#N)=Cc1ccc(-c2nc3cnc4[nH]ccc4c3n2C2CCCCC2)o1,O=c1[nH]c2cnc3[nH]ccc3c2n1C1CCOCC1
CN(C)C(=O)C(C#N)=Cc1ccc(-c2nc3cnc4[nH]ccc4c3n2C2CCCCC2)o1,CC(NC(=O)c1c[nH]c2ncc(-c3cn(C)c4cc(Cl)ccc34)nc12)C(=O)N1CC(C#N)C1
CN(C)C(=O)C(C#N)=Cc1ccc(-c2nc3cnc4[nH]ccc4c3n2C2CCCCC2)o1,COc1cc2c(=O)n(C(C(=O)N3CC(C#N)C3)C(C)C)c3c4cc[nH]c4ncc3c2cc1OC
CN(C)C(=O)C(C#N)=Cc1ccc(-c2nc3cnc4[nH]ccc4c3n2C2CCCCC2)o1,N#CCC1CCC(n2c(CNC(=O)CC3CC3)nc3cnc4[nH]ccc4c32)CC1
CN(C)C(=O)C(C#N)=Cc1ccc(-c2nc3cnc4[nH]ccc4c3n2C2CCCCC2)o1,CS(=O)(=O)N1CCC(n2c(=O)[nH]c3cnc4[nH]ccc4c32)CC1
CN(C)C(=O)C(C#N)=Cc1ccc(-c2nc3cnc4[nH]ccc4c3n2C2CCCCC2)o1,Cn1nc(-c2cnc3[nH]cc(C(=O)NC(C(=O)N4CC(C#N)C4)C4CC4)c3n2)c2ccc(Cl)cc21
CN(C)C(=O)C(C#N)=Cc1ccc(-c2nc3cnc4[nH]ccc4c3n2C2CCCCC2)o1,CCC(C(=O)N1CC(C#N)C1)n1c(=O)c2cc(OC)c(OC)cc2c2cnc3[nH]ccc3c21
CN(C)C(=O)C(C#N)=Cc1ccc(-c2nc3cnc4[nH]ccc4c3n2C2CCCCC2)o1,CCn1c(C(=O)N(C2CC2)C2CC2)cc2c3c(ncn3C)c(Nc3nccs3)nc21
CN(C)C(=O)C(C#N)=Cc1ccc(-c2nc3cnc4[nH]ccc4c3n2C2CCCCC2)o1,CCn1c(C(=O)N(C2CC2)C2CC2)cc2c3c(ncn3C)c(Nc3cc(C)nn3C)nc21
CN(C)C(=O)C(C#N)=Cc1ccc(-c2nc3cnc4[nH]ccc4c3n2C2CCCCC2)o1,CCOC(=O)C(CC)n1c(=O)c2cc(OC)c(OC)cc2c2cnc3[nH]ccc3c21
CN(C)C(=O)C(C#N)=Cc1ccc(-c2nc3cnc4[nH]ccc4c3n2C2CCCCC2)o1,CCc1nc(Nc2nc3c(cc(C(=O)N(C4CC4)C4CC4)n3CC)c3c2ncn3C)sc1C
CN(C)C(=O)C(C#N)=Cc1ccc(-c2nc3cnc4[nH]ccc4c3n2C2CCCCC2)o1,Cn1cc(C2=C(Nc3cccc(OCCNc4ccnc(F)c4)c3)C(=O)NC2=O)c2ccccc21
CN(C)C(=O)C(C#N)=Cc1ccc(-c2nc3cnc4[nH]ccc4c3n2C2CCCCC2)o1,CCn1c(C(=O)N(C2CC2)C2CC2)cc2c3c(ncn3C)c(Nc3nc(C)c(S(C)(=O)=O)s3)nc21
CN(C)C(=O)C(C#N)=Cc1ccc(-c2nc3cnc4[nH]ccc4c3n2C2CCCCC2)o1,Cc1nc2cnc3ccc(-c4cc(Cl)c(O)c(Cl)c4)cc3c2n1C1CCN(C)CC1
CN(C)C(=O)C(C#N)=Cc1ccc(-c2nc3cnc4[nH]ccc4c3n2C2CCCCC2)o1,CC(NC(=O)c1c[nH]c2ncc(-c3nn(C)c4cc(Cl)cc(F)c34)nc12)C(=O)N1CC(C#N)C1
CN(C)C(=O)C(C#N)=Cc1ccc(-c2nc3cnc4[nH]ccc4c3n2C2CCCCC2)o1,O=c1[nH]c2cnc3[nH]ccc3c2n1C1CCCCCC1
CN(C)C(=O)C(C#N)=Cc1ccc(-c2nc3cnc4[nH]ccc4c3n2C2CCCCC2)o1,CC1(C)CCCCC1n1c(=O)[nH]c2cnc3[nH]ccc3c21
CN(C)C(=O)C(C#N)=Cc1ccc(-c2nc3cnc4[nH]ccc4c3n2C2CCCCC2)o1,CCn1c(C(=O)N(C2CC2)C2CC2)cc2c3c(ncn3C)c(Nc3nc(C)c(C)s3)nc21
CN(C)C(=O)C(C#N)=Cc1ccc(-c2nc3cnc4[nH]ccc4c3n2C2CCCCC2)o1,CC(NC(=O)c1c[nH]c2ncc(-c3nn(C)c4cc(Cl)ccc34)nc12)C(=O)N1CC(C#N)C1
CN(C)C(=O)C(C#N)=Cc1ccc(-c2nc3cnc4[nH]ccc4c3n2C2CCCCC2)o1,CC(C)C(C)n1cc(-c2ccn(C)n2)c2[nH]nc(N)c2c1=O
CN(C)C(=O)C(C#N)=Cc1ccc(-c2nc3cnc4[nH]ccc4c3n2C2CCCCC2)o1,N#CC(C#N)=Cc1ccc(-c2nc3cnc4[nH]ccc4c3n2C2CCCCC2)o1
CN(C)C(=O)C(C#N)=Cc1ccc(-c2nc3cnc4[nH]ccc4c3n2C2CCCCC2)o1,COc1ccc2c(-c3cnc4[nH]cc(C(=O)NC(C)C(=O)N5CC(C#N)C5)c4n3)nn(C)c2c1
CN(C)C(=O)C(C#N)=Cc1ccc(-c2nc3cnc4[nH]ccc4c3n2C2CCCCC2)o1,CCC(C(C)C)n1cc(-c2ccn(C)n2)c2[nH]nc(N)c2c1=O
CN(C)C(=O)C(C#N)=Cc1ccc(-c2nc3cnc4[nH]ccc4c3n2C2CCCCC2)o1,CCC1CCCCC1n1c(=O)[nH]c2cnc3[nH]ccc3c21
CN(C)C(=O)C(C#N)=Cc1ccc(-c2nc3cnc4[nH]ccc4c3n2C2CCCCC2)o1,COc1cc2c(=O)n(C3CCCNC3)c3c4cc[nH]c4ncc3c2cc1OC
CN(C)C(=O)C(C#N)=Cc1ccc(-c2nc3cnc4[nH]ccc4c3n2C2CCCCC2)o1,CC(C)(O)C(=O)N1CCN(c2ccc(C(F)(F)F)c(C3=C(c4c[nH]c5ccccc45)C(=O)NC3=O)c2)CC1
CN(C)C(=O)C(C#N)=Cc1ccc(-c2nc3cnc4[nH]ccc4c3n2C2CCCCC2)o1,N#CCC(=O)N1CCCC(n2nnc3cnc4[nH]ccc4c32)C1
CN(C)C(=O)C(C#N)=Cc1ccc(-c2nc3cnc4[nH]ccc4c3n2C2CCCCC2)o1,CC(NC(=O)c1c[nH]c2ncc(-c3nn(C)c4ccccc34)nc12)C(=O)N1CC(C#N)C1
CN(C)C(=O)C(C#N)=Cc1ccc(-c2nc3cnc4[nH]ccc4c3n2C2CCCCC2)o1,CC(NC(=O)c1c[nH]c2ncc(-c3nn(C)c4cc(C#N)ccc34)nc12)C(=O)N1CC(C#N)C1
CN(C)C(=O)C(C#N)=Cc1ccc(-c2nc3cnc4[nH]ccc4c3n2C2CCCCC2)o1,CCn1c(C(=O)N(C2CC2)C2CC2)cc2c3c(ncn3C)c(Nc3cc(C)n(C)n3)nc21
CN(C)C(=O)C(C#N)=Cc1ccc(-c2nc3cnc4[nH]ccc4c3n2C2CCCCC2)o1,CC1CCN(C(=O)CC#N)CC1n1c(=O)[nH]c2cnc3[nH]ccc3c21
CN(C)C(=O)C(C#N)=Cc1ccc(-c2nc3cnc4[nH]ccc4c3n2C2CCCCC2)o1,CC(C)C(C)n1cc(-c2cc(N3CCS(=O)(=O)CC3)n(C)n2)c2[nH]nc(N)c2c1=O
CN(C)C(=O)C(C#N)=Cc1ccc(-c2nc3cnc4[nH]ccc4c3n2C2CCCCC2)o1,N#CC=Cc1ccc(-c2nc3cnc4[nH]ccc4c3n2C2CCCCC2)o1
CN(C)C(=O)C(C#N)=Cc1ccc(-c2nc3cnc4[nH]ccc4c3n2C2CCCCC2)o1,O=c1[nH]c2cnc3[nH]ccc3c2n1CC1CCCCC1
CN(C)C(=O)C(C#N)=Cc1ccc(-c2nc3cnc4[nH]ccc4c3n2C2CCCCC2)o1,CC(C)(O)CNC(=O)Cc1nc2cnc3[nH]ccc3c2n1C1CCC(CC#N)CC1
CN(C)C(=O)C(C#N)=Cc1ccc(-c2nc3cnc4[nH]ccc4c3n2C2CCCCC2)o1,CC(C)C(C)n1cc(-c2cc(C3CCOCC3)n(C)n2)c2[nH]nc(N)c2c1=O
CN(C)C(=O)C(C#N)=Cc1ccc(-c2nc3cnc4[nH]ccc4c3n2C2CCCCC2)o1,CC(=O)NC1CCc2ccc(Oc3cnc4[nH]cc(C(=O)NC(C(=O)N5CC(C#N)C5)C5CC5)c4n3)cc21
CN(C)C(=O)C(C#N)=Cc1ccc(-c2nc3cnc4[nH]ccc4c3n2C2CCCCC2)o1,CC1CCN(C(=O)CC#N)CC1n1c(=O)n(C)c2cnc3[nH]ccc3c21
CN(C)C(=O)C(C#N)=Cc1ccc(-c2nc3cnc4[nH]ccc4c3n2C2CCCCC2)o1,N#CCCc1ccc(-c2nc3cnc4[nH]ccc4c3n2C2CCCCC2)o1
CN(C)C(=O)C(C#N)=Cc1ccc(-c2nc3cnc4[nH]ccc4c3n2C2CCCCC2)o1,CCn1c(C(=O)N(C2CC2)C2CC2)cc2c3c(ncn3C)c(Nc3nc(C)c(C(=O)NC)s3)nc21
CN(C)C(=O)C(C#N)=Cc1ccc(-c2nc3cnc4[nH]ccc4c3n2C2CCCCC2)o1,Cn1nc(-c2cnc3[nH]cc(C(=O)NC(C(=O)N4CC(C#N)C4)C(C)(C)C)c3n2)c2ccc(Cl)cc21
CN(C)C(=O)C(C#N)=Cc1ccc(-c2nc3cnc4[nH]ccc4c3n2C2CCCCC2)o1,CCOC(C)n1cc(-c2nc(Nc3ccc4c(c3)CCN4S(=O)(=O)c3ccc(C(F)(F)F)cc3)ncc2C)cn1
Cc1c[nH]c2c(Nc3nc(NC4CCOCC4N)cc4nc[nH]c(=O)c34)cccc12,CCn1c(C(=O)N(C2CC2)C2CC2)cc2c3c(ncn3C)c(Nc3nc(C(=O)NC)c(C)s3)nc21
Cc1c[nH]c2c(Nc3nc(NC4CCOCC4N)cc4nc[nH]c(=O)c34)cccc12,CCn1c(C(=O)N(C2CC2)C2CC2)cc2c3c(ncn3C)c(Nc3nc(C)cs3)nc21
Cc1c[nH]c2c(Nc3nc(NC4CCOCC4N)cc4nc[nH]c(=O)c34)cccc12,CCn1c(C(=O)N(C2CC2)C2CC2)cc2c3c(ncn3C)c(Nc3ncc(C)s3)nc21
Cc1c[nH]c2c(Nc3nc(NC4CCOCC4N)cc4nc[nH]c(=O)c34)cccc12,CCn1c(C(=O)N(C2CC2)C2CC2)cc2c3c(ncn3C)c(Nc3nccs3)nc21
Cc1c[nH]c2c(Nc3nc(NC4CCOCC4N)cc4nc[nH]c(=O)c34)cccc12,CCn1c(C(=O)N(C2CC2)C2CC2)cc2c3c(ncn3C)c(Nc3cc(C)nn3C)nc21
Cc1c[nH]c2c(Nc3nc(NC4CCOCC4N)cc4nc[nH]c(=O)c34)cccc12,CCc1nc(Nc2nc3c(cc(C(=O)N(C4CC4)C4CC4)n3CC)c3c2ncn3C)sc1C
Cc1c[nH]c2c(Nc3nc(NC4CCOCC4N)cc4nc[nH]c(=O)c34)cccc12,CCn1c(C(=O)N(C2CC2)C2CC2)cc2c3c(ncn3C)c(Nc3nc(C)c(S(C)(=O)=O)s3)nc21
Cc1c[nH]c2c(Nc3nc(NC4CCOCC4N)cc4nc[nH]c(=O)c34)cccc12,CCn1c(C(=O)N(C2CC2)C2CC2)cc2c3c(ncn3C)c(Nc3nc(C)c(C)s3)nc21
Cc1c[nH]c2c(Nc3nc(NC4CCOCC4N)cc4nc[nH]c(=O)c34)cccc12,CCn1c(C(=O)N(C2CC2)C2CC2)cc2c3c(ncn3C)c(Nc3cc(C)n(C)n3)nc21
Cc1c[nH]c2c(Nc3nc(NC4CCOCC4N)cc4nc[nH]c(=O)c34)cccc12,CC(C)C(C)n1cc(-c2cc(N3CCS(=O)(=O)CC3)n(C)n2)c2[nH]nc(N)c2c1=O
Cc1c[nH]c2c(Nc3nc(NC4CCOCC4N)cc4nc[nH]c(=O)c34)cccc12,CCn1c(C(=O)N(C2CC2)C2CC2)cc2c3c(ncn3C)c(Nc3nc(C)c(C(=O)NC)s3)nc21
O=C(CCCCCCCn1cc(Nc2ncc(Cl)c(Nc3ccc(F)cc3)n2)cn1)NO,Clc1cccc(Nc2nc(Nc3cn[nH]c3)ncc2Cl)c1
O=C(CCCCCCCn1cc(Nc2ncc(Cl)c(Nc3ccc(F)cc3)n2)cn1)NO,O=C(CCCCCCn1cc(Nc2ncc(Cl)c(N3CCCCC3)n2)cn1)NO
O=C(CCCCCCCn1cc(Nc2ncc(Cl)c(Nc3ccc(F)cc3)n2)cn1)NO,O=C(CCCCCCn1cc(Nc2ncc(Cl)c(NC3CC3)n2)cn1)NO
O=C(CCCCCCCn1cc(Nc2ncc(Cl)c(Nc3ccc(F)cc3)n2)cn1)NO,O=C(CCCCCn1cc(Nc2ncc(Cl)c(Nc3ccc(Cl)cc3)n2)cn1)NO
CC1Oc2cc(cnc2N)-c2c(nn(C)c2C#N)CN(C)C(=O)c2ccc(F)cc21,O=C(Nc1nc2cccc(-c3ccc(C(=O)N4CCC(F)(F)CC4)cc3)n2n1)C1CC1
CC1Oc2cc(cnc2N)-c2c(nn(C)c2C#N)CN(C)C(=O)c2ccc(F)cc21,COc1ccccc1-c1cc2c(NC3CCC(C)(N)C3(C)C)c(C(N)=O)cnn2c1
CC1Oc2cc(cnc2N)-c2c(nn(C)c2C#N)CN(C)C(=O)c2ccc(F)cc21,O=C(Nc1nc2cccc(-c3ccc(C(=O)N4CC(F)(F)C4)cc3)n2n1)C1CC1
CC1Oc2cc(cnc2N)-c2c(nn(C)c2C#N)CN(C)C(=O)c2ccc(F)cc21,Cc1ccc(C(=O)C=CC(=O)N2CCc3ccc(Nc4ncc(C)c(-c5cnn(C(C)C)c5)n4)cc3C2)cc1
CC1Oc2cc(cnc2N)-c2c(nn(C)c2C#N)CN(C)C(=O)c2ccc(F)cc21,CCn1c(C(=O)N(C2CC2)C2CC2)cc2c3c(ncn3C)c(Nc3nc(C(=O)NC)c(C)s3)nc21
CC1Oc2cc(cnc2N)-c2c(nn(C)c2C#N)CN(C)C(=O)c2ccc(F)cc21,CCn1c(C(=O)N(C2CC2)C2CC2)cc2c3c(ncn3C)c(Nc3nc(C)cs3)nc21
CC1Oc2cc(cnc2N)-c2c(nn(C)c2C#N)CN(C)C(=O)c2ccc(F)cc21,CCn1c(C(=O)N(C2CC2)C2CC2)cc2c3c(ncn3C)c(Nc3ncc(C)s3)nc21
CC1Oc2cc(cnc2N)-c2c(nn(C)c2C#N)CN(C)C(=O)c2ccc(F)cc21,Cc1ccc(C(=O)C=CC(=O)N2CCc3cc(Nc4ncc(C)c(-c5cnn(C(C)C)c5)n4)ccc3C2)cc1
CC1Oc2cc(cnc2N)-c2c(nn(C)c2C#N)CN(C)C(=O)c2ccc(F)cc21,CCOc1ccc(-c2cc3c(NC4CCC(C)(N)C4(C)C)c(C(N)=O)cnn3c2)cn1
CC1Oc2cc(cnc2N)-c2c(nn(C)c2C#N)CN(C)C(=O)c2ccc(F)cc21,Cn1nc(-c2cnc3[nH]cc(C(=O)NC(C(=O)N4CC(C#N)C4)C4CC4)c3n2)c2ccc(Cl)cc21
CC1Oc2cc(cnc2N)-c2c(nn(C)c2C#N)CN(C)C(=O)c2ccc(F)cc21,COc1cccc(-c2cc3c(NC4CCC(C)(N)C4(C)C)c(C(N)=O)cnn3c2)c1
CC1Oc2cc(cnc2N)-c2c(nn(C)c2C#N)CN(C)C(=O)c2ccc(F)cc21,CCn1c(C(=O)N(C2CC2)C2CC2)cc2c3c(ncn3C)c(Nc3nccs3)nc21
CC1Oc2cc(cnc2N)-c2c(nn(C)c2C#N)CN(C)C(=O)c2ccc(F)cc21,COc1ccc(-c2cc3c(NC(CO)C(C)O)c(C(N)=O)cnn3c2)cn1
CC1Oc2cc(cnc2N)-c2c(nn(C)c2C#N)CN(C)C(=O)c2ccc(F)cc21,CCn1c(C(=O)N(C2CC2)C2CC2)cc2c3c(ncn3C)c(Nc3cc(C)nn3C)nc21
CC1Oc2cc(cnc2N)-c2c(nn(C)c2C#N)CN(C)C(=O)c2ccc(F)cc21,CCc1nc(Nc2nc3c(cc(C(=O)N(C4CC4)C4CC4)n3CC)c3c2ncn3C)sc1C
CC1Oc2cc(cnc2N)-c2c(nn(C)c2C#N)CN(C)C(=O)c2ccc(F)cc21,Cc1cc(-c2cc3c(NC4CCC(C)(N)C4(C)C)c(C(N)=O)cnn3c2)ccn1
CC1Oc2cc(cnc2N)-c2c(nn(C)c2C#N)CN(C)C(=O)c2ccc(F)cc21,Cn1cc(C2=C(Nc3cccc(OCCNc4ccnc(F)c4)c3)C(=O)NC2=O)c2ccccc21
CC1Oc2cc(cnc2N)-c2c(nn(C)c2C#N)CN(C)C(=O)c2ccc(F)cc21,CCn1c(C(=O)N(C2CC2)C2CC2)cc2c3c(ncn3C)c(Nc3nc(C)c(S(C)(=O)=O)s3)nc21
CC1Oc2cc(cnc2N)-c2c(nn(C)c2C#N)CN(C)C(=O)c2ccc(F)cc21,Cc1cnc(Nc2ccc3c(c2)CCN(C(=O)C=CCN(C)C)C3)nc1-c1cnn(C(C)C)c1
CC1Oc2cc(cnc2N)-c2c(nn(C)c2C#N)CN(C)C(=O)c2ccc(F)cc21,CC(C)Oc1ccc(-c2cc3c(NC4CCC(C)(N)C4(C)C)c(C(N)=O)cnn3c2)cn1
CC1Oc2cc(cnc2N)-c2c(nn(C)c2C#N)CN(C)C(=O)c2ccc(F)cc21,CC(NC(=O)c1c[nH]c2ncc(-c3nn(C)c4cc(Cl)cc(F)c34)nc12)C(=O)N1CC(C#N)C1
CC1Oc2cc(cnc2N)-c2c(nn(C)c2C#N)CN(C)C(=O)c2ccc(F)cc21,CC1(N)CCC(Nc2c(C(N)=O)cnn3cc(-c4ccccc4F)cc23)C1(C)C
CC1Oc2cc(cnc2N)-c2c(nn(C)c2C#N)CN(C)C(=O)c2ccc(F)cc21,CCn1c(C(=O)N(C2CC2)C2CC2)cc2c3c(ncn3C)c(Nc3nc(C)c(C)s3)nc21
CC1Oc2cc(cnc2N)-c2c(nn(C)c2C#N)CN(C)C(=O)c2ccc(F)cc21,Cc1ccccc1-n1cc(-c2ccn(C)n2)c2[nH]nc(N)c2c1=O
CC1Oc2cc(cnc2N)-c2c(nn(C)c2C#N)CN(C)C(=O)c2ccc(F)cc21,CC(NC(=O)c1c[nH]c2ncc(-c3nn(C)c4cc(Cl)ccc34)nc12)C(=O)N1CC(C#N)C1
CC1Oc2cc(cnc2N)-c2c(nn(C)c2C#N)CN(C)C(=O)c2ccc(F)cc21,COc1ccc2c(-c3cnc4[nH]cc(C(=O)NC(C)C(=O)N5CC(C#N)C5)c4n3)nn(C)c2c1
CC1Oc2cc(cnc2N)-c2c(nn(C)c2C#N)CN(C)C(=O)c2ccc(F)cc21,N#CC1CN(C(=O)c2ccc(-c3cccc4nc(NC(=O)C5CC5)nn34)cc2)C1
CC1Oc2cc(cnc2N)-c2c(nn(C)c2C#N)CN(C)C(=O)c2ccc(F)cc21,COc1ccc(-c2cc3c(NC(CO)CC(C)C)c(C(N)=O)cnn3c2)cn1
CC1Oc2cc(cnc2N)-c2c(nn(C)c2C#N)CN(C)C(=O)c2ccc(F)cc21,CC(C)(O)C(=O)N1CCN(c2ccc(C(F)(F)F)c(C3=C(c4c[nH]c5ccccc45)C(=O)NC3=O)c2)CC1
CC1Oc2cc(cnc2N)-c2c(nn(C)c2C#N)CN(C)C(=O)c2ccc(F)cc21,CC1(N)CCC(Nc2c(C(N)=O)cnn3cc(-c4cc[nH]n4)cc23)C1(C)C
CC1Oc2cc(cnc2N)-c2c(nn(C)c2C#N)CN(C)C(=O)c2ccc(F)cc21,Cc1cnc(Nc2ccc3c(c2)CCN(C(=O)C=CC(=O)c2ccccc2)C3)nc1-c1cnn(C(C)C)c1
CC1Oc2cc(cnc2N)-c2c(nn(C)c2C#N)CN(C)C(=O)c2ccc(F)cc21,CC(NC(=O)c1c[nH]c2ncc(-c3nn(C)c4ccccc34)nc12)C(=O)N1CC(C#N)C1
CC1Oc2cc(cnc2N)-c2c(nn(C)c2C#N)CN(C)C(=O)c2ccc(F)cc21,CC(NC(=O)c1c[nH]c2ncc(-c3nn(C)c4cc(C#N)ccc34)nc12)C(=O)N1CC(C#N)C1
CC1Oc2cc(cnc2N)-c2c(nn(C)c2C#N)CN(C)C(=O)c2ccc(F)cc21,CC1(N)CCC(Nc2c(C(N)=O)cnn3cc(-c4cccc(F)c4)cc23)C1(C)C
CC1Oc2cc(cnc2N)-c2c(nn(C)c2C#N)CN(C)C(=O)c2ccc(F)cc21,CCn1c(C(=O)N(C2CC2)C2CC2)cc2c3c(ncn3C)c(Nc3cc(C)n(C)n3)nc21
CC1Oc2cc(cnc2N)-c2c(nn(C)c2C#N)CN(C)C(=O)c2ccc(F)cc21,COc1ccc(-c2cc3c(NC(CO)CC4CC4)c(C(N)=O)cnn3c2)cn1
CC1Oc2cc(cnc2N)-c2c(nn(C)c2C#N)CN(C)C(=O)c2ccc(F)cc21,COc1ccc(S(=O)(=O)NC2CC(NC#N)c3cc(-c4ncnc5[nH]ccc45)ccc32)cc1
CC1Oc2cc(cnc2N)-c2c(nn(C)c2C#N)CN(C)C(=O)c2ccc(F)cc21,CC(C)C(C)n1cc(-c2cc(N3CCS(=O)(=O)CC3)n(C)n2)c2[nH]nc(N)c2c1=O
CC1Oc2cc(cnc2N)-c2c(nn(C)c2C#N)CN(C)C(=O)c2ccc(F)cc21,CC(C)C(C)n1cc(-c2cc(C3CCOCC3)n(C)n2)c2[nH]nc(N)c2c1=O
CC1Oc2cc(cnc2N)-c2c(nn(C)c2C#N)CN(C)C(=O)c2ccc(F)cc21,Cc1cnccc1-c1cc2c(NC3CCC(C)(N)C3(C)C)c(C(N)=O)cnn2c1
CC1Oc2cc(cnc2N)-c2c(nn(C)c2C#N)CN(C)C(=O)c2ccc(F)cc21,CC1(N)CCC(Nc2c(C(N)=O)cnn3cc(-c4ccc(F)nc4)cc23)C1(C)C
CC1Oc2cc(cnc2N)-c2c(nn(C)c2C#N)CN(C)C(=O)c2ccc(F)cc21,CC(=O)NC1CCc2ccc(Oc3cnc4[nH]cc(C(=O)NC(C(=O)N5CC(C#N)C5)C5CC5)c4n3)cc21
CC1Oc2cc(cnc2N)-c2c(nn(C)c2C#N)CN(C)C(=O)c2ccc(F)cc21,CC1(N)CCC(Nc2c(C(N)=O)cnn3cc(-c4cccc(C#N)c4)cc23)C1(C)C
CC1Oc2cc(cnc2N)-c2c(nn(C)c2C#N)CN(C)C(=O)c2ccc(F)cc21,Cc1cnc(Nc2ccc3c(c2)CN(C(=O)C=CC(=O)c2ccccc2)CC3)nc1-c1cnn(C(C)C)c1
CC1Oc2cc(cnc2N)-c2c(nn(C)c2C#N)CN(C)C(=O)c2ccc(F)cc21,Cn1ccc(-c2cn(-c3ccccc3Cl)c(=O)c3c(N)n[nH]c23)n1
CC1Oc2cc(cnc2N)-c2c(nn(C)c2C#N)CN(C)C(=O)c2ccc(F)cc21,COc1ccc(-c2cc3c(NC4CCC(C)(N)C4(C)C)c(C(N)=O)cnn3c2)cn1
CC1Oc2cc(cnc2N)-c2c(nn(C)c2C#N)CN(C)C(=O)c2ccc(F)cc21,CCn1c(C(=O)N(C2CC2)C2CC2)cc2c3c(ncn3C)c(Nc3nc(C)c(C(=O)NC)s3)nc21
CC1Oc2cc(cnc2N)-c2c(nn(C)c2C#N)CN(C)C(=O)c2ccc(F)cc21,Cc1[nH]c(C=C2C(=O)Nc3ccc(F)cc32)c(C)c1C(=O)NCC(O)CN1CCOCC1
CC1Oc2cc(cnc2N)-c2c(nn(C)c2C#N)CN(C)C(=O)c2ccc(F)cc21,Cn1nc(-c2cnc3[nH]cc(C(=O)NC(C(=O)N4CC(C#N)C4)C(C)(C)C)c3n2)c2ccc(Cl)cc21
CC1Oc2cc(cnc2N)-c2c(nn(C)c2C#N)CN(C)C(=O)c2ccc(F)cc21,COc1cc(-c2cc3c(NC4CCC(C)(N)C4(C)C)c(C(N)=O)cnn3c2)ccn1
CC1Oc2cc(cnc2N)-c2c(nn(C)c2C#N)CN(C)C(=O)c2ccc(F)cc21,CCOC(C)n1cc(-c2nc(Nc3ccc4c(c3)CCN4S(=O)(=O)c3ccc(C(F)(F)F)cc3)ncc2C)cn1
C=CCCn1cc(-c2nc(Nc3ccc(NC(=O)CCCCCCC(=O)NO)cc3)nc3[nH]ccc23)cn1,Cc1ccc(C(=O)C=CC(=O)N2CCc3ccc(Nc4ncc(C)c(-c5cnn(C(C)C)c5)n4)cc3C2)cc1
C=CCCn1cc(-c2nc(Nc3ccc(NC(=O)CCCCCCC(=O)NO)cc3)nc3[nH]ccc23)cn1,Cc1ccc(C(=O)C=CC(=O)N2CCc3cc(Nc4ncc(C)c(-c5cnn(C(C)C)c5)n4)ccc3C2)cc1
C=CCCn1cc(-c2nc(Nc3ccc(NC(=O)CCCCCCC(=O)NO)cc3)nc3[nH]ccc23)cn1,O=C(CCCCCCn1cc(-c2ncnc3[nH]ccc23)cn1)NO
C=CCCn1cc(-c2nc(Nc3ccc(NC(=O)CCCCCCC(=O)NO)cc3)nc3[nH]ccc23)cn1,c1nc(-c2cn(CC3CO3)nn2)c2cc[nH]c2n1
C=CCCn1cc(-c2nc(Nc3ccc(NC(=O)CCCCCCC(=O)NO)cc3)nc3[nH]ccc23)cn1,O=C(CCCCCCn1cc(Nc2ncc3ccn(-c4ccccc4)c3n2)cn1)NO
C=CCCn1cc(-c2nc(Nc3ccc(NC(=O)CCCCCCC(=O)NO)cc3)nc3[nH]ccc23)cn1,Cc1cnc(Nc2ccc3c(c2)CCN(CC#N)C3)nc1-c1cnn(C(C)C)c1
C=CCCn1cc(-c2nc(Nc3ccc(NC(=O)CCCCCCC(=O)NO)cc3)nc3[nH]ccc23)cn1,Cc1cnc(Nc2ccc3c(c2)CCN(C(=O)C=CCN(C)C)C3)nc1-c1cnn(C(C)C)c1
C=CCCn1cc(-c2nc(Nc3ccc(NC(=O)CCCCCCC(=O)NO)cc3)nc3[nH]ccc23)cn1,Cc1cnc(Nc2ccc(NS(=O)(=O)c3ccc(C(F)(F)F)cc3)c(F)c2)nc1-c1cnn(C(C)C)c1
C=CCCn1cc(-c2nc(Nc3ccc(NC(=O)CCCCCCC(=O)NO)cc3)nc3[nH]ccc23)cn1,COC(=O)C=CCN1CCc2cc(Nc3ncc(C)c(-c4cnn(C(C)C)c4)n3)ccc2C1
C=CCCn1cc(-c2nc(Nc3ccc(NC(=O)CCCCCCC(=O)NO)cc3)nc3[nH]ccc23)cn1,Cc1cnc(Nc2ccc3c(c2)CCN(C(=O)C=CC(=O)c2ccccc2)C3)nc1-c1cnn(C(C)C)c1
C=CCCn1cc(-c2nc(Nc3ccc(NC(=O)CCCCCCC(=O)NO)cc3)nc3[nH]ccc23)cn1,N#CCCn1cc(-c2nc(Nc3ccc4c(c3)CCN4C(=O)CN3CCS(=O)(=O)CC3)ncc2F)cn1
C=CCCn1cc(-c2nc(Nc3ccc(NC(=O)CCCCCCC(=O)NO)cc3)nc3[nH]ccc23)cn1,Cc1cnc(Nc2ccc3c(c2)CN(C(=O)C=CCN(C)C)CC3)nc1-c1cnn(C(C)C)c1
C=CCCn1cc(-c2nc(Nc3ccc(NC(=O)CCCCCCC(=O)NO)cc3)nc3[nH]ccc23)cn1,Cc1cnc(Nc2ccc3c(c2)CN(C(=O)C=CC(=O)c2ccccc2)CC3)nc1-c1cnn(C(C)C)c1
C=CCCn1cc(-c2nc(Nc3ccc(NC(=O)CCCCCCC(=O)NO)cc3)nc3[nH]ccc23)cn1,N#CCCn1cc(-c2nc(Nc3ccc4c(c3)CCN4C(=O)C3(C#N)CC3)ncc2F)cn1
C=CCCn1cc(-c2nc(Nc3ccc(NC(=O)CCCCCCC(=O)NO)cc3)nc3[nH]ccc23)cn1,CCOC(C)n1cc(-c2nc(Nc3ccc4c(c3)CCN4S(=O)(=O)c3ccc(C(F)(F)F)cc3)ncc2C)cn1
CC(C)c1cc(-c2cccn3nc(Nc4ccc(C(=O)O)cc4)nc23)ccn1,O=C(Nc1nc2cccc(-c3ccc(C(=O)N4CCC(F)(F)CC4)cc3)n2n1)C1CC1
CC(C)c1cc(-c2cccn3nc(Nc4ccc(C(=O)O)cc4)nc23)ccn1,O=C(Nc1nc2cccc(-c3ccc(C(=O)N4CC(F)(F)C4)cc3)n2n1)C1CC1
CC(C)c1cc(-c2cccn3nc(Nc4ccc(C(=O)O)cc4)nc23)ccn1,N#CCNC(=O)c1ccc(-c2cccc3nc(NC(=O)C4CC4)nn23)cc1
CC(C)c1cc(-c2cccn3nc(Nc4ccc(C(=O)O)cc4)nc23)ccn1,N#CC1CN(C(=O)c2ccc(-c3cccc4nc(NC(=O)C5CC5)nn34)cc2)C1
CC(C)c1cc(-c2cccn3nc(Nc4ccc(C(=O)O)cc4)nc23)ccn1,O=C(Nc1nc2cccc(-c3ccc(CN4CCS(=O)(=O)CC4)cc3)n2n1)C1CC1
CC(C)c1cc(-c2cccn3nc(Nc4ccc(C(=O)O)cc4)nc23)ccn1,C=C(C#N)C(O)c1ccc(-c2cccc3nc(NC(=O)C4CC4)nn23)cc1
Cc1ccc(Cl)cc1-c1[nH]c(-c2ccnc(N)n2)cc1C(=O)NCC(C)C,Cn1nc(-c2cnc3[nH]cc(C(=O)NC(C(=O)N4CC(C#N)C4)C4CC4)c3n2)c2ccc(Cl)cc21
Cc1ccc(Cl)cc1-c1[nH]c(-c2ccnc(N)n2)cc1C(=O)NCC(C)C,Cn1nc(-c2cnc3[nH]cc(C(=O)NC(C(=O)N4CC(C#N)C4)C(C)(C)C)c3n2)c2ccc(Cl)cc21
N#CNC1CCOc2ccc(-c3ncnc4[nH]ccc34)cc21,CN(C#N)C1CCc2ccc(-c3ncnc4[nH]ccc34)cc21
N#CNC1CCOc2ccc(-c3ncnc4[nH]ccc34)cc21,N#CNC1CC(NS(=O)(=O)c2cccc(F)c2)c2ccc(-c3ncnc4[nH]ccc34)cc21
N#CNC1CCOc2ccc(-c3ncnc4[nH]ccc34)cc21,COc1ccc(S(=O)(=O)NC2CC(NC#N)c3cc(-c4ncnc5[nH]ccc45)ccc32)cc1
O=C(CO)Nc1cc(NC(=O)c2c(Cl)cccc2Cl)ccn1,O=C(Nc1ccnc(NC(=O)C2CC2)c1)c1c(Cl)cccc1Cl
COc1ccc(Nc2ncc3ccc(-c4ccccc4OC)n3n2)cc1,N#CC1CN(C(=O)c2ccc(-c3cccc4nc(NC(=O)C5CC5)nn34)cc2)C1
COc1ccc(-c2cccn3nc(Nc4cnn(C5CCOCC5)c4)nc23)cc1,O=C(Nc1nc2cccc(-c3ccc(C(=O)N4CCC(F)(F)CC4)cc3)n2n1)C1CC1
COc1ccc(-c2cccn3nc(Nc4cnn(C5CCOCC5)c4)nc23)cc1,O=C(Nc1nc2cccc(-c3ccc(C(=O)N4CC(F)(F)C4)cc3)n2n1)C1CC1
COc1ccc(-c2cccn3nc(Nc4cnn(C5CCOCC5)c4)nc23)cc1,N#CC1CN(C(=O)c2ccc(-c3cccc4nc(NC(=O)C5CC5)nn34)cc2)C1
O=C(CCCCN1CC=CCOCc2cccc(c2)-c2ccnc(n2)Nc2cccc(c2)C1)NO,Cc1ccc(C(=O)C=CC(=O)N2CCc3ccc(Nc4ncc(C)c(-c5cnn(C(C)C)c5)n4)cc3C2)cc1
O=C(CCCCN1CC=CCOCc2cccc(c2)-c2ccnc(n2)Nc2cccc(c2)C1)NO,Cc1ccc(C(=O)C=CC(=O)N2CCc3cc(Nc4ncc(C)c(-c5cnn(C(C)C)c5)n4)ccc3C2)cc1
O=C(CCCCN1CC=CCOCc2cccc(c2)-c2ccnc(n2)Nc2cccc(c2)C1)NO,Cc1cnc(Nc2ccc3c(c2)CCN(CC#N)C3)nc1-c1cnn(C(C)C)c1
O=C(CCCCN1CC=CCOCc2cccc(c2)-c2ccnc(n2)Nc2cccc(c2)C1)NO,Cc1cnc(Nc2ccc3c(c2)CCN(C(=O)C=CCN(C)C)C3)nc1-c1cnn(C(C)C)c1
O=C(CCCCN1CC=CCOCc2cccc(c2)-c2ccnc(n2)Nc2cccc(c2)C1)NO,COC(=O)C=CCN1CCc2cc(Nc3ncc(C)c(-c4cnn(C(C)C)c4)n3)ccc2C1
O=C(CCCCN1CC=CCOCc2cccc(c2)-c2ccnc(n2)Nc2cccc(c2)C1)NO,Cc1cnc(Nc2ccc3c(c2)CCN(C(=O)C=CC(=O)c2ccccc2)C3)nc1-c1cnn(C(C)C)c1
O=C(CCCCN1CC=CCOCc2cccc(c2)-c2ccnc(n2)Nc2cccc(c2)C1)NO,Cc1cnc(Nc2ccc3c(c2)CN(C(=O)C=CCN(C)C)CC3)nc1-c1cnn(C(C)C)c1
O=C(CCCCN1CC=CCOCc2cccc(c2)-c2ccnc(n2)Nc2cccc(c2)C1)NO,Cc1cnc(Nc2ccc3c(c2)CN(C(=O)C=CC(=O)c2ccccc2)CC3)nc1-c1cnn(C(C)C)c1
COC1(C(=O)NC(C)c2ccc(-n3cc(F)cn3)nc2)CCC(c2nc(C)cc(Nc3cc(C)[nH]n3)n2)CC1,CCn1c(C(=O)N(C2CC2)C2CC2)cc2c3c(ncn3C)c(Nc3nc(C(=O)NC)c(C)s3)nc21
COC1(C(=O)NC(C)c2ccc(-n3cc(F)cn3)nc2)CCC(c2nc(C)cc(Nc3cc(C)[nH]n3)n2)CC1,CCn1c(C(=O)N(C2CC2)C2CC2)cc2c3c(ncn3C)c(Nc3nc(C)cs3)nc21
COC1(C(=O)NC(C)c2ccc(-n3cc(F)cn3)nc2)CCC(c2nc(C)cc(Nc3cc(C)[nH]n3)n2)CC1,CCn1c(C(=O)N(C2CC2)C2CC2)cc2c3c(ncn3C)c(Nc3ncc(C)s3)nc21
COC1(C(=O)NC(C)c2ccc(-n3cc(F)cn3)nc2)CCC(c2nc(C)cc(Nc3cc(C)[nH]n3)n2)CC1,CC(NC(=O)c1c[nH]c2ncc(-n3ncc4cc(Cl)ccc43)nc12)C(=O)N1CC(C#N)C1
COC1(C(=O)NC(C)c2ccc(-n3cc(F)cn3)nc2)CCC(c2nc(C)cc(Nc3cc(C)[nH]n3)n2)CC1,Cn1nc(-c2cnc3[nH]cc(C(=O)NC(C(=O)N4CC(C#N)C4)C4CC4)c3n2)c2ccc(Cl)cc21
COC1(C(=O)NC(C)c2ccc(-n3cc(F)cn3)nc2)CCC(c2nc(C)cc(Nc3cc(C)[nH]n3)n2)CC1,CCn1c(C(=O)N(C2CC2)C2CC2)cc2c3c(ncn3C)c(Nc3nccs3)nc21
COC1(C(=O)NC(C)c2ccc(-n3cc(F)cn3)nc2)CCC(c2nc(C)cc(Nc3cc(C)[nH]n3)n2)CC1,CCn1c(C(=O)N(C2CC2)C2CC2)cc2c3c(ncn3C)c(Nc3cc(C)nn3C)nc21
COC1(C(=O)NC(C)c2ccc(-n3cc(F)cn3)nc2)CCC(c2nc(C)cc(Nc3cc(C)[nH]n3)n2)CC1,CCc1nc(Nc2nc3c(cc(C(=O)N(C4CC4)C4CC4)n3CC)c3c2ncn3C)sc1C
COC1(C(=O)NC(C)c2ccc(-n3cc(F)cn3)nc2)CCC(c2nc(C)cc(Nc3cc(C)[nH]n3)n2)CC1,CCn1c(C(=O)N(C2CC2)C2CC2)cc2c3c(ncn3C)c(Nc3nc(C)c(S(C)(=O)=O)s3)nc21
COC1(C(=O)NC(C)c2ccc(-n3cc(F)cn3)nc2)CCC(c2nc(C)cc(Nc3cc(C)[nH]n3)n2)CC1,CC(NC(=O)c1c[nH]c2ncc(-c3nn(C)c4cc(Cl)cc(F)c34)nc12)C(=O)N1CC(C#N)C1
COC1(C(=O)NC(C)c2ccc(-n3cc(F)cn3)nc2)CCC(c2nc(C)cc(Nc3cc(C)[nH]n3)n2)CC1,CCn1c(C(=O)N(C2CC2)C2CC2)cc2c3c(ncn3C)c(Nc3nc(C)c(C)s3)nc21
COC1(C(=O)NC(C)c2ccc(-n3cc(F)cn3)nc2)CCC(c2nc(C)cc(Nc3cc(C)[nH]n3)n2)CC1,CC(NC(=O)c1c[nH]c2ncc(-c3nn(C)c4cc(Cl)ccc34)nc12)C(=O)N1CC(C#N)C1
COC1(C(=O)NC(C)c2ccc(-n3cc(F)cn3)nc2)CCC(c2nc(C)cc(Nc3cc(C)[nH]n3)n2)CC1,COc1ccc2c(-c3cnc4[nH]cc(C(=O)NC(C)C(=O)N5CC(C#N)C5)c4n3)nn(C)c2c1
COC1(C(=O)NC(C)c2ccc(-n3cc(F)cn3)nc2)CCC(c2nc(C)cc(Nc3cc(C)[nH]n3)n2)CC1,CC(C)(O)C(=O)N1CCN(c2ccc(C(F)(F)F)c(C3=C(c4c[nH]c5ccccc45)C(=O)NC3=O)c2)CC1
COC1(C(=O)NC(C)c2ccc(-n3cc(F)cn3)nc2)CCC(c2nc(C)cc(Nc3cc(C)[nH]n3)n2)CC1,CCn1c(C(=O)N(C2CC2)C2CC2)cc2c3c(ncn3C)c(Nc3cc(C)n(C)n3)nc21
COC1(C(=O)NC(C)c2ccc(-n3cc(F)cn3)nc2)CCC(c2nc(C)cc(Nc3cc(C)[nH]n3)n2)CC1,CC(C)C(C)n1cc(-c2cc(C3CCOCC3)n(C)n2)c2[nH]nc(N)c2c1=O
COC1(C(=O)NC(C)c2ccc(-n3cc(F)cn3)nc2)CCC(c2nc(C)cc(Nc3cc(C)[nH]n3)n2)CC1,CC(=O)NC1CCc2ccc(Oc3cnc4[nH]cc(C(=O)NC(C(=O)N5CC(C#N)C5)C5CC5)c4n3)cc21
COC1(C(=O)NC(C)c2ccc(-n3cc(F)cn3)nc2)CCC(c2nc(C)cc(Nc3cc(C)[nH]n3)n2)CC1,CCn1c(C(=O)N(C2CC2)C2CC2)cc2c3c(ncn3C)c(Nc3nc(C)c(C(=O)NC)s3)nc21
COC1(C(=O)NC(C)c2ccc(-n3cc(F)cn3)nc2)CCC(c2nc(C)cc(Nc3cc(C)[nH]n3)n2)CC1,Cn1nc(-c2cnc3[nH]cc(C(=O)NC(C(=O)N4CC(C#N)C4)C(C)(C)C)c3n2)c2ccc(Cl)cc21
NC1COCCC1Nc1cc2nc[nH]c(=O)c2c(Nc2cccc3cc[nH]c23)n1,CCn1c(C(=O)N(C2CC2)C2CC2)cc2c3c(ncn3C)c(Nc3nc(C(=O)NC)c(C)s3)nc21
NC1COCCC1Nc1cc2nc[nH]c(=O)c2c(Nc2cccc3cc[nH]c23)n1,CCn1c(C(=O)N(C2CC2)C2CC2)cc2c3c(ncn3C)c(Nc3cc(C)nn3C)nc21
NC1COCCC1Nc1cc2nc[nH]c(=O)c2c(Nc2cccc3cc[nH]c23)n1,CCc1nc(Nc2nc3c(cc(C(=O)N(C4CC4)C4CC4)n3CC)c3c2ncn3C)sc1C
NC1COCCC1Nc1cc2nc[nH]c(=O)c2c(Nc2cccc3cc[nH]c23)n1,CCn1c(C(=O)N(C2CC2)C2CC2)cc2c3c(ncn3C)c(Nc3nc(C)c(S(C)(=O)=O)s3)nc21
NC1COCCC1Nc1cc2nc[nH]c(=O)c2c(Nc2cccc3cc[nH]c23)n1,CCn1c(C(=O)N(C2CC2)C2CC2)cc2c3c(ncn3C)c(Nc3nc(C)c(C)s3)nc21
NC1COCCC1Nc1cc2nc[nH]c(=O)c2c(Nc2cccc3cc[nH]c23)n1,CCn1c(C(=O)N(C2CC2)C2CC2)cc2c3c(ncn3C)c(Nc3cc(C)n(C)n3)nc21
NC1COCCC1Nc1cc2nc[nH]c(=O)c2c(Nc2cccc3cc[nH]c23)n1,CCn1c(C(=O)N(C2CC2)C2CC2)cc2c3c(ncn3C)c(Nc3nc(C)c(C(=O)NC)s3)nc21
O=C(CCCCCCn1cc(Nc2ncc3ccn(-c4ccc(Cl)cc4)c3n2)cn1)NO,O=C(CCCCCCn1cc(Nc2ncc3ccn(Cc4cccc(F)c4)c3n2)cn1)NO
O=C(CCCCCCn1cc(Nc2ncc3ccn(-c4ccc(Cl)cc4)c3n2)cn1)NO,O=C(CCCCCCn1cc(Nc2ncc3ccn(-c4ccccc4)c3n2)cn1)NO
O=C(CCCCCCn1cc(Nc2ncc3ccn(-c4ccc(Cl)cc4)c3n2)cn1)NO,O=C(CCCCCn1cc(Nc2ncc3ccn(Cc4cccc(F)c4)c3n2)cn1)NO
CC(C)(C#N)c1cccc(-c2ccnc3[nH]ncc23)c1,Cc1[nH]nc2[nH]c(=O)cc(-c3ccccc3)c12
O=C(Nc1cc2nc(-c3c(Cl)cccc3Cl)[nH]c2cn1)C1CC1,Cc1cc(Nc2nccc3nc(-c4c(Cl)cc(C#N)cc4Cl)[nH]c23)ncn1
CNc1nc(Nc2cnn(CCCCCCC(=O)NO)c2)ncc1Cl,O=C(CCCCCCn1cc(Nc2ncc(Cl)c(N3CCCCC3)n2)cn1)NO
CNc1nc(Nc2cnn(CCCCCCC(=O)NO)c2)ncc1Cl,O=C(CCCCCCn1cc(Nc2ncc(Cl)c(NC3CC3)n2)cn1)NO
CNc1nc(Nc2cnn(CCCCCCC(=O)NO)c2)ncc1Cl,C=CC(=O)Nc1cccc(CNc2nc(Nc3cnn(C)c3)ncc2Cl)c1
CNc1nc(Nc2cnn(CCCCCCC(=O)NO)c2)ncc1Cl,O=C(CCCCCn1cc(Nc2ncc(Cl)c(Nc3ccc(Cl)cc3)n2)cn1)NO
N#CCCn1cc(-c2nc(Nc3ccc4c(c3)CCN4S(=O)(=O)c3ccc(C(F)(F)F)cc3)ncc2F)cn1,Cc1ccc(C(=O)C=CC(=O)N2CCc3ccc(Nc4ncc(C)c(-c5cnn(C(C)C)c5)n4)cc3C2)cc1
N#CCCn1cc(-c2nc(Nc3ccc4c(c3)CCN4S(=O)(=O)c3ccc(C(F)(F)F)cc3)ncc2F)cn1,CCn1c(C(=O)N(C2CC2)C2CC2)cc2c3c(ncn3C)c(Nc3nc(C(=O)NC)c(C)s3)nc21
N#CCCn1cc(-c2nc(Nc3ccc4c(c3)CCN4S(=O)(=O)c3ccc(C(F)(F)F)cc3)ncc2F)cn1,CCn1c(C(=O)N(C2CC2)C2CC2)cc2c3c(ncn3C)c(Nc3nc(C)cs3)nc21
N#CCCn1cc(-c2nc(Nc3ccc4c(c3)CCN4S(=O)(=O)c3ccc(C(F)(F)F)cc3)ncc2F)cn1,CCn1c(C(=O)N(C2CC2)C2CC2)cc2c3c(ncn3C)c(Nc3ncc(C)s3)nc21
N#CCCn1cc(-c2nc(Nc3ccc4c(c3)CCN4S(=O)(=O)c3ccc(C(F)(F)F)cc3)ncc2F)cn1,Cc1ccc(C(=O)C=CC(=O)N2CCc3cc(Nc4ncc(C)c(-c5cnn(C(C)C)c5)n4)ccc3C2)cc1
N#CCCn1cc(-c2nc(Nc3ccc4c(c3)CCN4S(=O)(=O)c3ccc(C(F)(F)F)cc3)ncc2F)cn1,Cn1nc(-c2cnc3[nH]cc(C(=O)NC(C(=O)N4CC(C#N)C4)C4CC4)c3n2)c2ccc(Cl)cc21
N#CCCn1cc(-c2nc(Nc3ccc4c(c3)CCN4S(=O)(=O)c3ccc(C(F)(F)F)cc3)ncc2F)cn1,CCn1c(C(=O)N(C2CC2)C2CC2)cc2c3c(ncn3C)c(Nc3nccs3)nc21
N#CCCn1cc(-c2nc(Nc3ccc4c(c3)CCN4S(=O)(=O)c3ccc(C(F)(F)F)cc3)ncc2F)cn1,CCn1c(C(=O)N(C2CC2)C2CC2)cc2c3c(ncn3C)c(Nc3cc(C)nn3C)nc21
N#CCCn1cc(-c2nc(Nc3ccc4c(c3)CCN4S(=O)(=O)c3ccc(C(F)(F)F)cc3)ncc2F)cn1,CCc1nc(Nc2nc3c(cc(C(=O)N(C4CC4)C4CC4)n3CC)c3c2ncn3C)sc1C
N#CCCn1cc(-c2nc(Nc3ccc4c(c3)CCN4S(=O)(=O)c3ccc(C(F)(F)F)cc3)ncc2F)cn1,Cc1cnc(Nc2ccc3c(c2)CCN(CC#N)C3)nc1-c1cnn(C(C)C)c1
N#CCCn1cc(-c2nc(Nc3ccc4c(c3)CCN4S(=O)(=O)c3ccc(C(F)(F)F)cc3)ncc2F)cn1,CCn1c(C(=O)N(C2CC2)C2CC2)cc2c3c(ncn3C)c(Nc3nc(C)c(S(C)(=O)=O)s3)nc21
N#CCCn1cc(-c2nc(Nc3ccc4c(c3)CCN4S(=O)(=O)c3ccc(C(F)(F)F)cc3)ncc2F)cn1,Cc1cnc(Nc2ccc3c(c2)CCN(C(=O)C=CCN(C)C)C3)nc1-c1cnn(C(C)C)c1
N#CCCn1cc(-c2nc(Nc3ccc4c(c3)CCN4S(=O)(=O)c3ccc(C(F)(F)F)cc3)ncc2F)cn1,CC(NC(=O)c1c[nH]c2ncc(-c3nn(C)c4cc(Cl)cc(F)c34)nc12)C(=O)N1CC(C#N)C1
N#CCCn1cc(-c2nc(Nc3ccc4c(c3)CCN4S(=O)(=O)c3ccc(C(F)(F)F)cc3)ncc2F)cn1,CCn1c(C(=O)N(C2CC2)C2CC2)cc2c3c(ncn3C)c(Nc3nc(C)c(C)s3)nc21
N#CCCn1cc(-c2nc(Nc3ccc4c(c3)CCN4S(=O)(=O)c3ccc(C(F)(F)F)cc3)ncc2F)cn1,Cc1ccccc1-n1cc(-c2ccn(C)n2)c2[nH]nc(N)c2c1=O
N#CCCn1cc(-c2nc(Nc3ccc4c(c3)CCN4S(=O)(=O)c3ccc(C(F)(F)F)cc3)ncc2F)cn1,CC(NC(=O)c1c[nH]c2ncc(-c3nn(C)c4cc(Cl)ccc34)nc12)C(=O)N1CC(C#N)C1
N#CCCn1cc(-c2nc(Nc3ccc4c(c3)CCN4S(=O)(=O)c3ccc(C(F)(F)F)cc3)ncc2F)cn1,Cc1cnc(Nc2ccc(NS(=O)(=O)c3ccc(C(F)(F)F)cc3)c(F)c2)nc1-c1cnn(C(C)C)c1
N#CCCn1cc(-c2nc(Nc3ccc4c(c3)CCN4S(=O)(=O)c3ccc(C(F)(F)F)cc3)ncc2F)cn1,COC(=O)C=CCN1CCc2cc(Nc3ncc(C)c(-c4cnn(C(C)C)c4)n3)ccc2C1
N#CCCn1cc(-c2nc(Nc3ccc4c(c3)CCN4S(=O)(=O)c3ccc(C(F)(F)F)cc3)ncc2F)cn1,COc1ccc2c(-c3cnc4[nH]cc(C(=O)NC(C)C(=O)N5CC(C#N)C5)c4n3)nn(C)c2c1
N#CCCn1cc(-c2nc(Nc3ccc4c(c3)CCN4S(=O)(=O)c3ccc(C(F)(F)F)cc3)ncc2F)cn1,N#CNC1CC(NS(=O)(=O)c2cccc(F)c2)c2ccc(-c3ncnc4[nH]ccc34)cc21
N#CCCn1cc(-c2nc(Nc3ccc4c(c3)CCN4S(=O)(=O)c3ccc(C(F)(F)F)cc3)ncc2F)cn1,CC(C)(O)C(=O)N1CCN(c2ccc(C(F)(F)F)c(C3=C(c4c[nH]c5ccccc45)C(=O)NC3=O)c2)CC1
N#CCCn1cc(-c2nc(Nc3ccc4c(c3)CCN4S(=O)(=O)c3ccc(C(F)(F)F)cc3)ncc2F)cn1,CC1(N)CCC(Nc2c(C(N)=O)cnn3cc(-c4cc[nH]n4)cc23)C1(C)C
N#CCCn1cc(-c2nc(Nc3ccc4c(c3)CCN4S(=O)(=O)c3ccc(C(F)(F)F)cc3)ncc2F)cn1,Cc1cnc(Nc2ccc3c(c2)CCN(C(=O)C=CC(=O)c2ccccc2)C3)nc1-c1cnn(C(C)C)c1
N#CCCn1cc(-c2nc(Nc3ccc4c(c3)CCN4S(=O)(=O)c3ccc(C(F)(F)F)cc3)ncc2F)cn1,CC(NC(=O)c1c[nH]c2ncc(-c3nn(C)c4ccccc34)nc12)C(=O)N1CC(C#N)C1
N#CCCn1cc(-c2nc(Nc3ccc4c(c3)CCN4S(=O)(=O)c3ccc(C(F)(F)F)cc3)ncc2F)cn1,CC(NC(=O)c1c[nH]c2ncc(-c3nn(C)c4cc(C#N)ccc34)nc12)C(=O)N1CC(C#N)C1
N#CCCn1cc(-c2nc(Nc3ccc4c(c3)CCN4S(=O)(=O)c3ccc(C(F)(F)F)cc3)ncc2F)cn1,CCn1c(C(=O)N(C2CC2)C2CC2)cc2c3c(ncn3C)c(Nc3cc(C)n(C)n3)nc21
N#CCCn1cc(-c2nc(Nc3ccc4c(c3)CCN4S(=O)(=O)c3ccc(C(F)(F)F)cc3)ncc2F)cn1,COc1ccc(S(=O)(=O)NC2CC(NC#N)c3cc(-c4ncnc5[nH]ccc45)ccc32)cc1
N#CCCn1cc(-c2nc(Nc3ccc4c(c3)CCN4S(=O)(=O)c3ccc(C(F)(F)F)cc3)ncc2F)cn1,CC(C)C(C)n1cc(-c2cc(N3CCS(=O)(=O)CC3)n(C)n2)c2[nH]nc(N)c2c1=O
N#CCCn1cc(-c2nc(Nc3ccc4c(c3)CCN4S(=O)(=O)c3ccc(C(F)(F)F)cc3)ncc2F)cn1,N#CCCn1cc(-c2nc(Nc3ccc4c(c3)CCN4C(=O)CN3CCS(=O)(=O)CC3)ncc2F)cn1
N#CCCn1cc(-c2nc(Nc3ccc4c(c3)CCN4S(=O)(=O)c3ccc(C(F)(F)F)cc3)ncc2F)cn1,CC(C)C(C)n1cc(-c2cc(C3CCOCC3)n(C)n2)c2[nH]nc(N)c2c1=O
N#CCCn1cc(-c2nc(Nc3ccc4c(c3)CCN4S(=O)(=O)c3ccc(C(F)(F)F)cc3)ncc2F)cn1,Cc1cnc(Nc2ccc3c(c2)CN(C(=O)C=CCN(C)C)CC3)nc1-c1cnn(C(C)C)c1
N#CCCn1cc(-c2nc(Nc3ccc4c(c3)CCN4S(=O)(=O)c3ccc(C(F)(F)F)cc3)ncc2F)cn1,Cc1cnc(Nc2ccc3c(c2)CN(C(=O)C=CC(=O)c2ccccc2)CC3)nc1-c1cnn(C(C)C)c1
N#CCCn1cc(-c2nc(Nc3ccc4c(c3)CCN4S(=O)(=O)c3ccc(C(F)(F)F)cc3)ncc2F)cn1,N#CCCn1cc(-c2nc(Nc3ccc4c(c3)CCN4C(=O)C3(C#N)CC3)ncc2F)cn1
N#CCCn1cc(-c2nc(Nc3ccc4c(c3)CCN4S(=O)(=O)c3ccc(C(F)(F)F)cc3)ncc2F)cn1,Cn1ccc(-c2cn(-c3ccccc3Cl)c(=O)c3c(N)n[nH]c23)n1
N#CCCn1cc(-c2nc(Nc3ccc4c(c3)CCN4S(=O)(=O)c3ccc(C(F)(F)F)cc3)ncc2F)cn1,CCn1c(C(=O)N(C2CC2)C2CC2)cc2c3c(ncn3C)c(Nc3nc(C)c(C(=O)NC)s3)nc21
N#CCCn1cc(-c2nc(Nc3ccc4c(c3)CCN4S(=O)(=O)c3ccc(C(F)(F)F)cc3)ncc2F)cn1,Cn1nc(-c2cnc3[nH]cc(C(=O)NC(C(=O)N4CC(C#N)C4)C(C)(C)C)c3n2)c2ccc(Cl)cc21
N#CCCn1cc(-c2nc(Nc3ccc4c(c3)CCN4S(=O)(=O)c3ccc(C(F)(F)F)cc3)ncc2F)cn1,CCOC(C)n1cc(-c2nc(Nc3ccc4c(c3)CCN4S(=O)(=O)c3ccc(C(F)(F)F)cc3)ncc2C)cn1
C#Cc1ccc(-c2nc(-c3ccc(F)cc3)c(-c3cc[nH]c(=O)c3)[nH]2)cc1,O=c1cc(-c2[nH]c(-c3ccc(O)cc3)nc2-c2ccc(F)cc2)cc[nH]1
C#Cc1ccc(-c2nc(-c3ccc(F)cc3)c(-c3cc[nH]c(=O)c3)[nH]2)cc1,O=c1cc(-c2[nH]c(C3CCNCC3)nc2-c2ccc(F)cc2)cc[nH]1
C#Cc1ccc(-c2nc(-c3ccc(F)cc3)c(-c3cc[nH]c(=O)c3)[nH]2)cc1,CCOC(=O)Cn1cc(-c2ccc(-c3nc(-c4ccc(F)cc4)c(-c4cc[nH]c(=O)c4)[nH]3)cc2)nn1
C#Cc1ccc(-c2nc(-c3ccc(F)cc3)c(-c3cc[nH]c(=O)c3)[nH]2)cc1,CCOP(=O)(CCn1cc(-c2ccc(-c3nc(-c4ccc(F)cc4)c(-c4cc[nH]c(=O)c4)[nH]3)cc2)nn1)OCC
CCCn1cc(-c2nc(Nc3ccc4c(c3)CCN4S(=O)(=O)c3ccc(C(F)(F)F)cc3)ncc2C)cn1,Cc1ccc(C(=O)C=CC(=O)N2CCc3ccc(Nc4ncc(C)c(-c5cnn(C(C)C)c5)n4)cc3C2)cc1
CCCn1cc(-c2nc(Nc3ccc4c(c3)CCN4S(=O)(=O)c3ccc(C(F)(F)F)cc3)ncc2C)cn1,CCn1c(C(=O)N(C2CC2)C2CC2)cc2c3c(ncn3C)c(Nc3nc(C(=O)NC)c(C)s3)nc21
CCCn1cc(-c2nc(Nc3ccc4c(c3)CCN4S(=O)(=O)c3ccc(C(F)(F)F)cc3)ncc2C)cn1,CCn1c(C(=O)N(C2CC2)C2CC2)cc2c3c(ncn3C)c(Nc3nc(C)cs3)nc21
CCCn1cc(-c2nc(Nc3ccc4c(c3)CCN4S(=O)(=O)c3ccc(C(F)(F)F)cc3)ncc2C)cn1,CCn1c(C(=O)N(C2CC2)C2CC2)cc2c3c(ncn3C)c(Nc3ncc(C)s3)nc21
CCCn1cc(-c2nc(Nc3ccc4c(c3)CCN4S(=O)(=O)c3ccc(C(F)(F)F)cc3)ncc2C)cn1,Cc1ccc(C(=O)C=CC(=O)N2CCc3cc(Nc4ncc(C)c(-c5cnn(C(C)C)c5)n4)ccc3C2)cc1
CCCn1cc(-c2nc(Nc3ccc4c(c3)CCN4S(=O)(=O)c3ccc(C(F)(F)F)cc3)ncc2C)cn1,Cn1nc(-c2cnc3[nH]cc(C(=O)NC(C(=O)N4CC(C#N)C4)C4CC4)c3n2)c2ccc(Cl)cc21
CCCn1cc(-c2nc(Nc3ccc4c(c3)CCN4S(=O)(=O)c3ccc(C(F)(F)F)cc3)ncc2C)cn1,CCn1c(C(=O)N(C2CC2)C2CC2)cc2c3c(ncn3C)c(Nc3nccs3)nc21
CCCn1cc(-c2nc(Nc3ccc4c(c3)CCN4S(=O)(=O)c3ccc(C(F)(F)F)cc3)ncc2C)cn1,CCn1c(C(=O)N(C2CC2)C2CC2)cc2c3c(ncn3C)c(Nc3cc(C)nn3C)nc21
CCCn1cc(-c2nc(Nc3ccc4c(c3)CCN4S(=O)(=O)c3ccc(C(F)(F)F)cc3)ncc2C)cn1,CCc1nc(Nc2nc3c(cc(C(=O)N(C4CC4)C4CC4)n3CC)c3c2ncn3C)sc1C
CCCn1cc(-c2nc(Nc3ccc4c(c3)CCN4S(=O)(=O)c3ccc(C(F)(F)F)cc3)ncc2C)cn1,Cc1cnc(Nc2ccc3c(c2)CCN(CC#N)C3)nc1-c1cnn(C(C)C)c1
CCCn1cc(-c2nc(Nc3ccc4c(c3)CCN4S(=O)(=O)c3ccc(C(F)(F)F)cc3)ncc2C)cn1,CCn1c(C(=O)N(C2CC2)C2CC2)cc2c3c(ncn3C)c(Nc3nc(C)c(S(C)(=O)=O)s3)nc21
CCCn1cc(-c2nc(Nc3ccc4c(c3)CCN4S(=O)(=O)c3ccc(C(F)(F)F)cc3)ncc2C)cn1,Cc1cnc(Nc2ccc3c(c2)CCN(C(=O)C=CCN(C)C)C3)nc1-c1cnn(C(C)C)c1
CCCn1cc(-c2nc(Nc3ccc4c(c3)CCN4S(=O)(=O)c3ccc(C(F)(F)F)cc3)ncc2C)cn1,CC(NC(=O)c1c[nH]c2ncc(-c3nn(C)c4cc(Cl)cc(F)c34)nc12)C(=O)N1CC(C#N)C1
CCCn1cc(-c2nc(Nc3ccc4c(c3)CCN4S(=O)(=O)c3ccc(C(F)(F)F)cc3)ncc2C)cn1,CCn1c(C(=O)N(C2CC2)C2CC2)cc2c3c(ncn3C)c(Nc3nc(C)c(C)s3)nc21
CCCn1cc(-c2nc(Nc3ccc4c(c3)CCN4S(=O)(=O)c3ccc(C(F)(F)F)cc3)ncc2C)cn1,Cc1ccccc1-n1cc(-c2ccn(C)n2)c2[nH]nc(N)c2c1=O
CCCn1cc(-c2nc(Nc3ccc4c(c3)CCN4S(=O)(=O)c3ccc(C(F)(F)F)cc3)ncc2C)cn1,CC(NC(=O)c1c[nH]c2ncc(-c3nn(C)c4cc(Cl)ccc34)nc12)C(=O)N1CC(C#N)C1
CCCn1cc(-c2nc(Nc3ccc4c(c3)CCN4S(=O)(=O)c3ccc(C(F)(F)F)cc3)ncc2C)cn1,Cc1cnc(Nc2ccc(NS(=O)(=O)c3ccc(C(F)(F)F)cc3)c(F)c2)nc1-c1cnn(C(C)C)c1
CCCn1cc(-c2nc(Nc3ccc4c(c3)CCN4S(=O)(=O)c3ccc(C(F)(F)F)cc3)ncc2C)cn1,COC(=O)C=CCN1CCc2cc(Nc3ncc(C)c(-c4cnn(C(C)C)c4)n3)ccc2C1
CCCn1cc(-c2nc(Nc3ccc4c(c3)CCN4S(=O)(=O)c3ccc(C(F)(F)F)cc3)ncc2C)cn1,COc1ccc2c(-c3cnc4[nH]cc(C(=O)NC(C)C(=O)N5CC(C#N)C5)c4n3)nn(C)c2c1
CCCn1cc(-c2nc(Nc3ccc4c(c3)CCN4S(=O)(=O)c3ccc(C(F)(F)F)cc3)ncc2C)cn1,N#CNC1CC(NS(=O)(=O)c2cccc(F)c2)c2ccc(-c3ncnc4[nH]ccc34)cc21
CCCn1cc(-c2nc(Nc3ccc4c(c3)CCN4S(=O)(=O)c3ccc(C(F)(F)F)cc3)ncc2C)cn1,CC(C)(O)C(=O)N1CCN(c2ccc(C(F)(F)F)c(C3=C(c4c[nH]c5ccccc45)C(=O)NC3=O)c2)CC1
CCCn1cc(-c2nc(Nc3ccc4c(c3)CCN4S(=O)(=O)c3ccc(C(F)(F)F)cc3)ncc2C)cn1,CC1(N)CCC(Nc2c(C(N)=O)cnn3cc(-c4cc[nH]n4)cc23)C1(C)C
CCCn1cc(-c2nc(Nc3ccc4c(c3)CCN4S(=O)(=O)c3ccc(C(F)(F)F)cc3)ncc2C)cn1,Cc1cnc(Nc2ccc3c(c2)CCN(C(=O)C=CC(=O)c2ccccc2)C3)nc1-c1cnn(C(C)C)c1
CCCn1cc(-c2nc(Nc3ccc4c(c3)CCN4S(=O)(=O)c3ccc(C(F)(F)F)cc3)ncc2C)cn1,CC(NC(=O)c1c[nH]c2ncc(-c3nn(C)c4ccccc34)nc12)C(=O)N1CC(C#N)C1
CCCn1cc(-c2nc(Nc3ccc4c(c3)CCN4S(=O)(=O)c3ccc(C(F)(F)F)cc3)ncc2C)cn1,CC(NC(=O)c1c[nH]c2ncc(-c3nn(C)c4cc(C#N)ccc34)nc12)C(=O)N1CC(C#N)C1
CCCn1cc(-c2nc(Nc3ccc4c(c3)CCN4S(=O)(=O)c3ccc(C(F)(F)F)cc3)ncc2C)cn1,CCn1c(C(=O)N(C2CC2)C2CC2)cc2c3c(ncn3C)c(Nc3cc(C)n(C)n3)nc21
CCCn1cc(-c2nc(Nc3ccc4c(c3)CCN4S(=O)(=O)c3ccc(C(F)(F)F)cc3)ncc2C)cn1,COc1ccc(S(=O)(=O)NC2CC(NC#N)c3cc(-c4ncnc5[nH]ccc45)ccc32)cc1
CCCn1cc(-c2nc(Nc3ccc4c(c3)CCN4S(=O)(=O)c3ccc(C(F)(F)F)cc3)ncc2C)cn1,CC(C)C(C)n1cc(-c2cc(N3CCS(=O)(=O)CC3)n(C)n2)c2[nH]nc(N)c2c1=O
CCCn1cc(-c2nc(Nc3ccc4c(c3)CCN4S(=O)(=O)c3ccc(C(F)(F)F)cc3)ncc2C)cn1,N#CCCn1cc(-c2nc(Nc3ccc4c(c3)CCN4C(=O)CN3CCS(=O)(=O)CC3)ncc2F)cn1
CCCn1cc(-c2nc(Nc3ccc4c(c3)CCN4S(=O)(=O)c3ccc(C(F)(F)F)cc3)ncc2C)cn1,CC(C)C(C)n1cc(-c2cc(C3CCOCC3)n(C)n2)c2[nH]nc(N)c2c1=O
CCCn1cc(-c2nc(Nc3ccc4c(c3)CCN4S(=O)(=O)c3ccc(C(F)(F)F)cc3)ncc2C)cn1,Cc1cnc(Nc2ccc3c(c2)CN(C(=O)C=CCN(C)C)CC3)nc1-c1cnn(C(C)C)c1
CCCn1cc(-c2nc(Nc3ccc4c(c3)CCN4S(=O)(=O)c3ccc(C(F)(F)F)cc3)ncc2C)cn1,CC(=O)NC1CCc2ccc(Oc3cnc4[nH]cc(C(=O)NC(C(=O)N5CC(C#N)C5)C5CC5)c4n3)cc21
CCCn1cc(-c2nc(Nc3ccc4c(c3)CCN4S(=O)(=O)c3ccc(C(F)(F)F)cc3)ncc2C)cn1,Cc1cnc(Nc2ccc3c(c2)CN(C(=O)C=CC(=O)c2ccccc2)CC3)nc1-c1cnn(C(C)C)c1
CCCn1cc(-c2nc(Nc3ccc4c(c3)CCN4S(=O)(=O)c3ccc(C(F)(F)F)cc3)ncc2C)cn1,N#CCCn1cc(-c2nc(Nc3ccc4c(c3)CCN4C(=O)C3(C#N)CC3)ncc2F)cn1
CCCn1cc(-c2nc(Nc3ccc4c(c3)CCN4S(=O)(=O)c3ccc(C(F)(F)F)cc3)ncc2C)cn1,Cn1ccc(-c2cn(-c3ccccc3Cl)c(=O)c3c(N)n[nH]c23)n1
CCCn1cc(-c2nc(Nc3ccc4c(c3)CCN4S(=O)(=O)c3ccc(C(F)(F)F)cc3)ncc2C)cn1,CCn1c(C(=O)N(C2CC2)C2CC2)cc2c3c(ncn3C)c(Nc3nc(C)c(C(=O)NC)s3)nc21
CCCn1cc(-c2nc(Nc3ccc4c(c3)CCN4S(=O)(=O)c3ccc(C(F)(F)F)cc3)ncc2C)cn1,Cn1nc(-c2cnc3[nH]cc(C(=O)NC(C(=O)N4CC(C#N)C4)C(C)(C)C)c3n2)c2ccc(Cl)cc21
CCCn1cc(-c2nc(Nc3ccc4c(c3)CCN4S(=O)(=O)c3ccc(C(F)(F)F)cc3)ncc2C)cn1,CCOC(C)n1cc(-c2nc(Nc3ccc4c(c3)CCN4S(=O)(=O)c3ccc(C(F)(F)F)cc3)ncc2C)cn1
O=C(CCCCCN1CC=CCCOc2cccc(c2)-c2ccnc(n2)Nc2cccc(c2)C1)NO,Cc1ccc(C(=O)C=CC(=O)N2CCc3ccc(Nc4ncc(C)c(-c5cnn(C(C)C)c5)n4)cc3C2)cc1
O=C(CCCCCN1CC=CCCOc2cccc(c2)-c2ccnc(n2)Nc2cccc(c2)C1)NO,Cc1ccc(C(=O)C=CC(=O)N2CCc3cc(Nc4ncc(C)c(-c5cnn(C(C)C)c5)n4)ccc3C2)cc1
O=C(CCCCCN1CC=CCCOc2cccc(c2)-c2ccnc(n2)Nc2cccc(c2)C1)NO,Cc1cnc(Nc2ccc3c(c2)CCN(CC#N)C3)nc1-c1cnn(C(C)C)c1
O=C(CCCCCN1CC=CCCOc2cccc(c2)-c2ccnc(n2)Nc2cccc(c2)C1)NO,Cc1cnc(Nc2ccc3c(c2)CCN(C(=O)C=CCN(C)C)C3)nc1-c1cnn(C(C)C)c1
O=C(CCCCCN1CC=CCCOc2cccc(c2)-c2ccnc(n2)Nc2cccc(c2)C1)NO,COC(=O)C=CCN1CCc2cc(Nc3ncc(C)c(-c4cnn(C(C)C)c4)n3)ccc2C1
O=C(CCCCCN1CC=CCCOc2cccc(c2)-c2ccnc(n2)Nc2cccc(c2)C1)NO,Cc1cnc(Nc2ccc3c(c2)CCN(C(=O)C=CC(=O)c2ccccc2)C3)nc1-c1cnn(C(C)C)c1
O=C(CCCCCN1CC=CCCOc2cccc(c2)-c2ccnc(n2)Nc2cccc(c2)C1)NO,Cc1cnc(Nc2ccc3c(c2)CN(C(=O)C=CCN(C)C)CC3)nc1-c1cnn(C(C)C)c1
O=C(CCCCCN1CC=CCCOc2cccc(c2)-c2ccnc(n2)Nc2cccc(c2)C1)NO,Cc1cnc(Nc2ccc3c(c2)CN(C(=O)C=CC(=O)c2ccccc2)CC3)nc1-c1cnn(C(C)C)c1
O=C(Nc1cc(NC(=O)c2c(Cl)cccc2Cl)ccn1)c1ccccc1,O=C(Nc1ccnc(NC(=O)C2CC2)c1)c1c(Cl)cccc1Cl
O=C(CCCCCn1cc(Nc2ncc(Cl)c(Nc3ccc(F)cc3)n2)cn1)NO,Clc1cccc(Nc2nc(Nc3cn[nH]c3)ncc2Cl)c1
O=C(CCCCCn1cc(Nc2ncc(Cl)c(Nc3ccc(F)cc3)n2)cn1)NO,O=C(CCCCCCn1cc(Nc2ncc(Cl)c(N3CCCCC3)n2)cn1)NO
O=C(CCCCCn1cc(Nc2ncc(Cl)c(Nc3ccc(F)cc3)n2)cn1)NO,O=C(CCCCCCn1cc(Nc2ncc(Cl)c(NC3CC3)n2)cn1)NO
O=C(CCCCCn1cc(Nc2ncc(Cl)c(Nc3ccc(F)cc3)n2)cn1)NO,C=CC(=O)Nc1cccc(CNc2nc(Nc3cnn(C)c3)ncc2Cl)c1
O=C(CCCCCn1cc(Nc2ncc(Cl)c(Nc3ccc(F)cc3)n2)cn1)NO,O=C(CCCCCn1cc(Nc2ncc(Cl)c(Nc3ccc(Cl)cc3)n2)cn1)NO
O=C(CCCCCCCCCCn1cc(-c2ncnc3[nH]ccc23)cn1)NO,O=C(CCCCCCn1cc(-c2ncnc3[nH]ccc23)cn1)NO
O=C(CCCCCCCCCCn1cc(-c2ncnc3[nH]ccc23)cn1)NO,c1nc(-c2cn(CC3CO3)nn2)c2cc[nH]c2n1
N#CC1CN(C(=O)C(NC(=O)c2c[nH]c3ncc(C4CC4)nc23)C2CC2)C1,CC(C)C(C)NC(=O)c1c[nH]c2ncc(C3CC3)nc12
N#CC1CN(C(=O)C(NC(=O)c2c[nH]c3ncc(C4CC4)nc23)C2CC2)C1,CC(NC(=O)c1c[nH]c2ncc(-n3ncc4cc(Cl)ccc43)nc12)C(=O)N1CC(C#N)C1
N#CC1CN(C(=O)C(NC(=O)c2c[nH]c3ncc(C4CC4)nc23)C2CC2)C1,CC(NC(=O)c1c[nH]c2ncc(C3CC3)nc12)C(=O)N1CCCCC1
N#CC1CN(C(=O)C(NC(=O)c2c[nH]c3ncc(C4CC4)nc23)C2CC2)C1,CC(NC(=O)c1c[nH]c2ncc(-c3cn(C)c4cc(Cl)ccc34)nc12)C(=O)N1CC(C#N)C1
N#CC1CN(C(=O)C(NC(=O)c2c[nH]c3ncc(C4CC4)nc23)C2CC2)C1,CC(NC(=O)c1c[nH]c2ncc(C3CC3)nc12)C(=O)N(C)C
N#CC1CN(C(=O)C(NC(=O)c2c[nH]c3ncc(C4CC4)nc23)C2CC2)C1,Cn1nc(-c2cnc3[nH]cc(C(=O)NC(C(=O)N4CC(C#N)C4)C4CC4)c3n2)c2ccc(Cl)cc21
N#CC1CN(C(=O)C(NC(=O)c2c[nH]c3ncc(C4CC4)nc23)C2CC2)C1,CC1CCN(C(=O)C(C)NC(=O)c2c[nH]c3ncc(C4CC4)nc23)C1
N#CC1CN(C(=O)C(NC(=O)c2c[nH]c3ncc(C4CC4)nc23)C2CC2)C1,CC(NC(=O)c1c[nH]c2ncc(-c3nn(C)c4cc(Cl)cc(F)c34)nc12)C(=O)N1CC(C#N)C1
N#CC1CN(C(=O)C(NC(=O)c2c[nH]c3ncc(C4CC4)nc23)C2CC2)C1,CCC(C)NC(=O)c1c[nH]c2ncc(C3CC3)nc12
N#CC1CN(C(=O)C(NC(=O)c2c[nH]c3ncc(C4CC4)nc23)C2CC2)C1,CC(NC(=O)c1c[nH]c2ncc(-c3nn(C)c4cc(Cl)ccc34)nc12)C(=O)N1CC(C#N)C1
N#CC1CN(C(=O)C(NC(=O)c2c[nH]c3ncc(C4CC4)nc23)C2CC2)C1,COc1ccc2c(-c3cnc4[nH]cc(C(=O)NC(C)C(=O)N5CC(C#N)C5)c4n3)nn(C)c2c1
N#CC1CN(C(=O)C(NC(=O)c2c[nH]c3ncc(C4CC4)nc23)C2CC2)C1,CC(C)NC(=O)c1c[nH]c2ncc(C3CC3)nc12
N#CC1CN(C(=O)C(NC(=O)c2c[nH]c3ncc(C4CC4)nc23)C2CC2)C1,CC(NC(=O)c1c[nH]c2ncc(C3CC3)nc12)C(C)(C)O
N#CC1CN(C(=O)C(NC(=O)c2c[nH]c3ncc(C4CC4)nc23)C2CC2)C1,CC(NC(=O)c1c[nH]c2ncc(C3CC3)nc12)C1CCCCC1
N#CC1CN(C(=O)C(NC(=O)c2c[nH]c3ncc(C4CC4)nc23)C2CC2)C1,CC(NC(=O)c1c[nH]c2ncc(C3CC3)nc12)C(=O)N1CCC1
N#CC1CN(C(=O)C(NC(=O)c2c[nH]c3ncc(C4CC4)nc23)C2CC2)C1,CC(NC(=O)c1c[nH]c2ncc(-c3nn(C)c4ccccc34)nc12)C(=O)N1CC(C#N)C1
N#CC1CN(C(=O)C(NC(=O)c2c[nH]c3ncc(C4CC4)nc23)C2CC2)C1,CC(NC(=O)c1c[nH]c2ncc(-c3nn(C)c4cc(C#N)ccc34)nc12)C(=O)N1CC(C#N)C1
N#CC1CN(C(=O)C(NC(=O)c2c[nH]c3ncc(C4CC4)nc23)C2CC2)C1,CC(NC(=O)c1c[nH]c2ncc(C3CC3)nc12)C(=O)N1CCCC1
N#CC1CN(C(=O)C(NC(=O)c2c[nH]c3ncc(C4CC4)nc23)C2CC2)C1,CC(NC(=O)c1c[nH]c2ncc(-c3ncn4cc(F)ccc34)nc12)C(=O)N1CC(C#N)C1
N#CC1CN(C(=O)C(NC(=O)c2c[nH]c3ncc(C4CC4)nc23)C2CC2)C1,CC(=O)NC1CCc2ccc(Oc3cnc4[nH]cc(C(=O)NC(C(=O)N5CC(C#N)C5)C5CC5)c4n3)cc21
N#CC1CN(C(=O)C(NC(=O)c2c[nH]c3ncc(C4CC4)nc23)C2CC2)C1,CC(C)(C)C(NC(=O)c1c[nH]c2ncc(C3CC3)nc12)C(=O)N1CC(C#N)C1
N#CC1CN(C(=O)C(NC(=O)c2c[nH]c3ncc(C4CC4)nc23)C2CC2)C1,Cn1nc(-c2cnc3[nH]cc(C(=O)NC(C(=O)N4CC(C#N)C4)C(C)(C)C)c3n2)c2ccc(Cl)cc21
Cc1c[nH]c2c(Nc3nc(NC4CCCCC4N)cc4cc[nH]c(=O)c34)cccc12,CCn1c(C(=O)N(C2CC2)C2CC2)cc2c3c(ncn3C)c(Nc3nc(C(=O)NC)c(C)s3)nc21
Cc1c[nH]c2c(Nc3nc(NC4CCCCC4N)cc4cc[nH]c(=O)c34)cccc12,CCn1c(C(=O)N(C2CC2)C2CC2)cc2c3c(ncn3C)c(Nc3cc(C)nn3C)nc21
Cc1c[nH]c2c(Nc3nc(NC4CCCCC4N)cc4cc[nH]c(=O)c34)cccc12,CCc1nc(Nc2nc3c(cc(C(=O)N(C4CC4)C4CC4)n3CC)c3c2ncn3C)sc1C
Cc1c[nH]c2c(Nc3nc(NC4CCCCC4N)cc4cc[nH]c(=O)c34)cccc12,CCn1c(C(=O)N(C2CC2)C2CC2)cc2c3c(ncn3C)c(Nc3nc(C)c(S(C)(=O)=O)s3)nc21
Cc1c[nH]c2c(Nc3nc(NC4CCCCC4N)cc4cc[nH]c(=O)c34)cccc12,CCn1c(C(=O)N(C2CC2)C2CC2)cc2c3c(ncn3C)c(Nc3nc(C)c(C)s3)nc21
Cc1c[nH]c2c(Nc3nc(NC4CCCCC4N)cc4cc[nH]c(=O)c34)cccc12,CCn1c(C(=O)N(C2CC2)C2CC2)cc2c3c(ncn3C)c(Nc3nc(C)c(C(=O)NC)s3)nc21
N#CCCn1cc(-c2nc(Nc3ccc(NC(=O)CCCCCCC(=O)NO)cc3)nc3[nH]ccc23)cn1,Cc1ccc(C(=O)C=CC(=O)N2CCc3ccc(Nc4ncc(C)c(-c5cnn(C(C)C)c5)n4)cc3C2)cc1
N#CCCn1cc(-c2nc(Nc3ccc(NC(=O)CCCCCCC(=O)NO)cc3)nc3[nH]ccc23)cn1,Cc1ccc(C(=O)C=CC(=O)N2CCc3cc(Nc4ncc(C)c(-c5cnn(C(C)C)c5)n4)ccc3C2)cc1
N#CCCn1cc(-c2nc(Nc3ccc(NC(=O)CCCCCCC(=O)NO)cc3)nc3[nH]ccc23)cn1,O=C(CCCCCCn1cc(-c2ncnc3[nH]ccc23)cn1)NO
N#CCCn1cc(-c2nc(Nc3ccc(NC(=O)CCCCCCC(=O)NO)cc3)nc3[nH]ccc23)cn1,c1nc(-c2cn(CC3CO3)nn2)c2cc[nH]c2n1
N#CCCn1cc(-c2nc(Nc3ccc(NC(=O)CCCCCCC(=O)NO)cc3)nc3[nH]ccc23)cn1,O=C(CCCCCCn1cc(Nc2ncc3ccn(-c4ccccc4)c3n2)cn1)NO
N#CCCn1cc(-c2nc(Nc3ccc(NC(=O)CCCCCCC(=O)NO)cc3)nc3[nH]ccc23)cn1,Cc1cnc(Nc2ccc3c(c2)CCN(CC#N)C3)nc1-c1cnn(C(C)C)c1
N#CCCn1cc(-c2nc(Nc3ccc(NC(=O)CCCCCCC(=O)NO)cc3)nc3[nH]ccc23)cn1,Cc1cnc(Nc2ccc3c(c2)CCN(C(=O)C=CCN(C)C)C3)nc1-c1cnn(C(C)C)c1
N#CCCn1cc(-c2nc(Nc3ccc(NC(=O)CCCCCCC(=O)NO)cc3)nc3[nH]ccc23)cn1,Cc1cnc(Nc2ccc(NS(=O)(=O)c3ccc(C(F)(F)F)cc3)c(F)c2)nc1-c1cnn(C(C)C)c1
N#CCCn1cc(-c2nc(Nc3ccc(NC(=O)CCCCCCC(=O)NO)cc3)nc3[nH]ccc23)cn1,COC(=O)C=CCN1CCc2cc(Nc3ncc(C)c(-c4cnn(C(C)C)c4)n3)ccc2C1
N#CCCn1cc(-c2nc(Nc3ccc(NC(=O)CCCCCCC(=O)NO)cc3)nc3[nH]ccc23)cn1,Cc1cnc(Nc2ccc3c(c2)CCN(C(=O)C=CC(=O)c2ccccc2)C3)nc1-c1cnn(C(C)C)c1
N#CCCn1cc(-c2nc(Nc3ccc(NC(=O)CCCCCCC(=O)NO)cc3)nc3[nH]ccc23)cn1,N#CCCn1cc(-c2nc(Nc3ccc4c(c3)CCN4C(=O)CN3CCS(=O)(=O)CC3)ncc2F)cn1
N#CCCn1cc(-c2nc(Nc3ccc(NC(=O)CCCCCCC(=O)NO)cc3)nc3[nH]ccc23)cn1,Cc1cnc(Nc2ccc3c(c2)CN(C(=O)C=CCN(C)C)CC3)nc1-c1cnn(C(C)C)c1
N#CCCn1cc(-c2nc(Nc3ccc(NC(=O)CCCCCCC(=O)NO)cc3)nc3[nH]ccc23)cn1,Cc1cnc(Nc2ccc3c(c2)CN(C(=O)C=CC(=O)c2ccccc2)CC3)nc1-c1cnn(C(C)C)c1
N#CCCn1cc(-c2nc(Nc3ccc(NC(=O)CCCCCCC(=O)NO)cc3)nc3[nH]ccc23)cn1,N#CCCn1cc(-c2nc(Nc3ccc4c(c3)CCN4C(=O)C3(C#N)CC3)ncc2F)cn1
N#CCCn1cc(-c2nc(Nc3ccc(NC(=O)CCCCCCC(=O)NO)cc3)nc3[nH]ccc23)cn1,CCOC(C)n1cc(-c2nc(Nc3ccc4c(c3)CCN4S(=O)(=O)c3ccc(C(F)(F)F)cc3)ncc2C)cn1
O=C(CCCCCCC(=O)Nc1ccc(CCCn2cc(-c3ncnc4[nH]ccc34)cn2)cc1)NO,O=C(CCCCCCn1cc(-c2ncnc3[nH]ccc23)cn1)NO
O=C(CCCCCCC(=O)Nc1ccc(CCCn2cc(-c3ncnc4[nH]ccc34)cn2)cc1)NO,c1nc(-c2cn(CC3CO3)nn2)c2cc[nH]c2n1
O=C(CCCCCCC(=O)Nc1ccc(CCCn2cc(-c3ncnc4[nH]ccc34)cn2)cc1)NO,N#CCCn1cc(-c2nc(Nc3ccc4c(c3)CCN4C(=O)CN3CCS(=O)(=O)CC3)ncc2F)cn1
O=C(CCCCCCC(=O)Nc1ccc(CCCn2cc(-c3ncnc4[nH]ccc34)cn2)cc1)NO,N#CCCn1cc(-c2nc(Nc3ccc4c(c3)CCN4C(=O)C3(C#N)CC3)ncc2F)cn1
Cc1cnc(Nc2ccc3c(c2)CCN3C(=O)CCN2CCOCC2)nc1-c1cnn(C(C)C)c1,Cc1ccc(C(=O)C=CC(=O)N2CCc3ccc(Nc4ncc(C)c(-c5cnn(C(C)C)c5)n4)cc3C2)cc1
Cc1cnc(Nc2ccc3c(c2)CCN3C(=O)CCN2CCOCC2)nc1-c1cnn(C(C)C)c1,CCn1c(C(=O)N(C2CC2)C2CC2)cc2c3c(ncn3C)c(Nc3nc(C(=O)NC)c(C)s3)nc21
Cc1cnc(Nc2ccc3c(c2)CCN3C(=O)CCN2CCOCC2)nc1-c1cnn(C(C)C)c1,Cc1ccc(C(=O)C=CC(=O)N2CCc3cc(Nc4ncc(C)c(-c5cnn(C(C)C)c5)n4)ccc3C2)cc1
Cc1cnc(Nc2ccc3c(c2)CCN3C(=O)CCN2CCOCC2)nc1-c1cnn(C(C)C)c1,Cc1cnc(Nc2ccc3c(c2)CCN(CC#N)C3)nc1-c1cnn(C(C)C)c1
Cc1cnc(Nc2ccc3c(c2)CCN3C(=O)CCN2CCOCC2)nc1-c1cnn(C(C)C)c1,CCn1c(C(=O)N(C2CC2)C2CC2)cc2c3c(ncn3C)c(Nc3nc(C)c(S(C)(=O)=O)s3)nc21
Cc1cnc(Nc2ccc3c(c2)CCN3C(=O)CCN2CCOCC2)nc1-c1cnn(C(C)C)c1,Cc1cnc(Nc2ccc3c(c2)CCN(C(=O)C=CCN(C)C)C3)nc1-c1cnn(C(C)C)c1
Cc1cnc(Nc2ccc3c(c2)CCN3C(=O)CCN2CCOCC2)nc1-c1cnn(C(C)C)c1,Cc1cnc(Nc2ccc(NS(=O)(=O)c3ccc(C(F)(F)F)cc3)c(F)c2)nc1-c1cnn(C(C)C)c1
Cc1cnc(Nc2ccc3c(c2)CCN3C(=O)CCN2CCOCC2)nc1-c1cnn(C(C)C)c1,COC(=O)C=CCN1CCc2cc(Nc3ncc(C)c(-c4cnn(C(C)C)c4)n3)ccc2C1
Cc1cnc(Nc2ccc3c(c2)CCN3C(=O)CCN2CCOCC2)nc1-c1cnn(C(C)C)c1,Cc1cnc(Nc2ccc3c(c2)CCN(C(=O)C=CC(=O)c2ccccc2)C3)nc1-c1cnn(C(C)C)c1
Cc1cnc(Nc2ccc3c(c2)CCN3C(=O)CCN2CCOCC2)nc1-c1cnn(C(C)C)c1,N#CCCn1cc(-c2nc(Nc3ccc4c(c3)CCN4C(=O)CN3CCS(=O)(=O)CC3)ncc2F)cn1
Cc1cnc(Nc2ccc3c(c2)CCN3C(=O)CCN2CCOCC2)nc1-c1cnn(C(C)C)c1,Cc1cnc(Nc2ccc3c(c2)CN(C(=O)C=CCN(C)C)CC3)nc1-c1cnn(C(C)C)c1
Cc1cnc(Nc2ccc3c(c2)CCN3C(=O)CCN2CCOCC2)nc1-c1cnn(C(C)C)c1,Cc1cnc(Nc2ccc3c(c2)CN(C(=O)C=CC(=O)c2ccccc2)CC3)nc1-c1cnn(C(C)C)c1
Cc1cnc(Nc2ccc3c(c2)CCN3C(=O)CCN2CCOCC2)nc1-c1cnn(C(C)C)c1,N#CCCn1cc(-c2nc(Nc3ccc4c(c3)CCN4C(=O)C3(C#N)CC3)ncc2F)cn1
Cc1cnc(Nc2ccc3c(c2)CCN3C(=O)CCN2CCOCC2)nc1-c1cnn(C(C)C)c1,CCn1c(C(=O)N(C2CC2)C2CC2)cc2c3c(ncn3C)c(Nc3nc(C)c(C(=O)NC)s3)nc21
Cc1cnc(Nc2ccc3c(c2)CCN3C(=O)CCN2CCOCC2)nc1-c1cnn(C(C)C)c1,CCOC(C)n1cc(-c2nc(Nc3ccc4c(c3)CCN4S(=O)(=O)c3ccc(C(F)(F)F)cc3)ncc2C)cn1
NC(=O)c1cc(-c2ncnc3[nH]ccc23)cn1-c1cc(C(F)(F)F)ccc1Cl,CCn1c(C(=O)N(C2CC2)C2CC2)cc2c3c(ncn3C)c(Nc3nc(C(=O)NC)c(C)s3)nc21
NC(=O)c1cc(-c2ncnc3[nH]ccc23)cn1-c1cc(C(F)(F)F)ccc1Cl,CCn1c(C(=O)N(C2CC2)C2CC2)cc2c3c(ncn3C)c(Nc3nc(C)cs3)nc21
NC(=O)c1cc(-c2ncnc3[nH]ccc23)cn1-c1cc(C(F)(F)F)ccc1Cl,CCn1c(C(=O)N(C2CC2)C2CC2)cc2c3c(ncn3C)c(Nc3ncc(C)s3)nc21
NC(=O)c1cc(-c2ncnc3[nH]ccc23)cn1-c1cc(C(F)(F)F)ccc1Cl,CN(C#N)C1CCc2ccc(-c3ncnc4[nH]ccc34)cc21
NC(=O)c1cc(-c2ncnc3[nH]ccc23)cn1-c1cc(C(F)(F)F)ccc1Cl,Cn1nc(-c2cnc3[nH]cc(C(=O)NC(C(=O)N4CC(C#N)C4)C4CC4)c3n2)c2ccc(Cl)cc21
NC(=O)c1cc(-c2ncnc3[nH]ccc23)cn1-c1cc(C(F)(F)F)ccc1Cl,CCn1c(C(=O)N(C2CC2)C2CC2)cc2c3c(ncn3C)c(Nc3nccs3)nc21
NC(=O)c1cc(-c2ncnc3[nH]ccc23)cn1-c1cc(C(F)(F)F)ccc1Cl,CCn1c(C(=O)N(C2CC2)C2CC2)cc2c3c(ncn3C)c(Nc3cc(C)nn3C)nc21
NC(=O)c1cc(-c2ncnc3[nH]ccc23)cn1-c1cc(C(F)(F)F)ccc1Cl,CCc1nc(Nc2nc3c(cc(C(=O)N(C4CC4)C4CC4)n3CC)c3c2ncn3C)sc1C
NC(=O)c1cc(-c2ncnc3[nH]ccc23)cn1-c1cc(C(F)(F)F)ccc1Cl,CCn1c(C(=O)N(C2CC2)C2CC2)cc2c3c(ncn3C)c(Nc3nc(C)c(S(C)(=O)=O)s3)nc21
NC(=O)c1cc(-c2ncnc3[nH]ccc23)cn1-c1cc(C(F)(F)F)ccc1Cl,CC(NC(=O)c1c[nH]c2ncc(-c3nn(C)c4cc(Cl)cc(F)c34)nc12)C(=O)N1CC(C#N)C1
NC(=O)c1cc(-c2ncnc3[nH]ccc23)cn1-c1cc(C(F)(F)F)ccc1Cl,CCn1c(C(=O)N(C2CC2)C2CC2)cc2c3c(ncn3C)c(Nc3nc(C)c(C)s3)nc21
NC(=O)c1cc(-c2ncnc3[nH]ccc23)cn1-c1cc(C(F)(F)F)ccc1Cl,Cc1ccccc1-n1cc(-c2ccn(C)n2)c2[nH]nc(N)c2c1=O
NC(=O)c1cc(-c2ncnc3[nH]ccc23)cn1-c1cc(C(F)(F)F)ccc1Cl,CC(NC(=O)c1c[nH]c2ncc(-c3nn(C)c4cc(Cl)ccc34)nc12)C(=O)N1CC(C#N)C1
NC(=O)c1cc(-c2ncnc3[nH]ccc23)cn1-c1cc(C(F)(F)F)ccc1Cl,COc1ccc2c(-c3cnc4[nH]cc(C(=O)NC(C)C(=O)N5CC(C#N)C5)c4n3)nn(C)c2c1
NC(=O)c1cc(-c2ncnc3[nH]ccc23)cn1-c1cc(C(F)(F)F)ccc1Cl,N#CNC1CC(NS(=O)(=O)c2cccc(F)c2)c2ccc(-c3ncnc4[nH]ccc34)cc21
NC(=O)c1cc(-c2ncnc3[nH]ccc23)cn1-c1cc(C(F)(F)F)ccc1Cl,CC(NC(=O)c1c[nH]c2ncc(-c3nn(C)c4cc(C#N)ccc34)nc12)C(=O)N1CC(C#N)C1
NC(=O)c1cc(-c2ncnc3[nH]ccc23)cn1-c1cc(C(F)(F)F)ccc1Cl,CCn1c(C(=O)N(C2CC2)C2CC2)cc2c3c(ncn3C)c(Nc3cc(C)n(C)n3)nc21
NC(=O)c1cc(-c2ncnc3[nH]ccc23)cn1-c1cc(C(F)(F)F)ccc1Cl,COc1ccc(S(=O)(=O)NC2CC(NC#N)c3cc(-c4ncnc5[nH]ccc45)ccc32)cc1
NC(=O)c1cc(-c2ncnc3[nH]ccc23)cn1-c1cc(C(F)(F)F)ccc1Cl,Cn1ccc(-c2cn(-c3ccccc3Cl)c(=O)c3c(N)n[nH]c23)n1
NC(=O)c1cc(-c2ncnc3[nH]ccc23)cn1-c1cc(C(F)(F)F)ccc1Cl,CCn1c(C(=O)N(C2CC2)C2CC2)cc2c3c(ncn3C)c(Nc3nc(C)c(C(=O)NC)s3)nc21
NC(=O)c1cc(-c2ncnc3[nH]ccc23)cn1-c1cc(C(F)(F)F)ccc1Cl,Cn1nc(-c2cnc3[nH]cc(C(=O)NC(C(=O)N4CC(C#N)C4)C(C)(C)C)c3n2)c2ccc(Cl)cc21
O=C(Nc1ccnc(Nc2ccccc2)c1)c1c(Cl)cccc1Cl,NC(=O)c1cnc(Nc2ccccc2)cc1NCc1ccccc1
O=C(Nc1ccnc(Nc2ccccc2)c1)c1c(Cl)cccc1Cl,O=C(Nc1ccnc(NC(=O)C2CC2)c1)c1c(Cl)cccc1Cl
Cc1cc(Nc2nc3cccc(-c4cccc(C(C)C)c4)n3n2)ccn1,O=C(Nc1nc2cccc(-c3ccc(C(=O)N4CCC(F)(F)CC4)cc3)n2n1)C1CC1
Cc1cc(Nc2nc3cccc(-c4cccc(C(C)C)c4)n3n2)ccn1,O=C(Nc1nc2cccc(-c3ccc(C(=O)N4CC(F)(F)C4)cc3)n2n1)C1CC1
Cc1cc(Nc2nc3cccc(-c4cccc(C(C)C)c4)n3n2)ccn1,N#CCNC(=O)c1ccc(-c2cccc3nc(NC(=O)C4CC4)nn23)cc1
Cc1cc(Nc2nc3cccc(-c4cccc(C(C)C)c4)n3n2)ccn1,N#CC1CN(C(=O)c2ccc(-c3cccc4nc(NC(=O)C5CC5)nn34)cc2)C1
Cc1cc(Nc2nc3cccc(-c4cccc(C(C)C)c4)n3n2)ccn1,O=C(Nc1nc2cccc(-c3ccc(CN4CCS(=O)(=O)CC4)cc3)n2n1)C1CC1
Cc1cc(Nc2nc3cccc(-c4cccc(C(C)C)c4)n3n2)ccn1,C=C(C#N)C(O)c1ccc(-c2cccc3nc(NC(=O)C4CC4)nn23)cc1
Cc1cc(Nc2nc3cccc(-c4cnn(CC(C)C)c4)n3n2)ccn1,O=C(Nc1nc2cccc(-c3ccc(C(=O)N4CCC(F)(F)CC4)cc3)n2n1)C1CC1
Cc1cc(Nc2nc3cccc(-c4cnn(CC(C)C)c4)n3n2)ccn1,O=C(Nc1nc2cccc(-c3ccc(C(=O)N4CC(F)(F)C4)cc3)n2n1)C1CC1
Cc1cc(Nc2nc3cccc(-c4cnn(CC(C)C)c4)n3n2)ccn1,N#CCNC(=O)c1ccc(-c2cccc3nc(NC(=O)C4CC4)nn23)cc1
Cc1cc(Nc2nc3cccc(-c4cnn(CC(C)C)c4)n3n2)ccn1,N#CC1CN(C(=O)c2ccc(-c3cccc4nc(NC(=O)C5CC5)nn34)cc2)C1
Cc1cc(Nc2nc3cccc(-c4cnn(CC(C)C)c4)n3n2)ccn1,O=C(Nc1nc2cccc(-c3ccc(CN4CCS(=O)(=O)CC4)cc3)n2n1)C1CC1
Cc1cc(Nc2nc3cccc(-c4cnn(CC(C)C)c4)n3n2)ccn1,N#CCCn1cc(-c2nc(Nc3ccc4c(c3)CCN4C(=O)CN3CCS(=O)(=O)CC3)ncc2F)cn1
Cc1cc(Nc2nc3cccc(-c4cnn(CC(C)C)c4)n3n2)ccn1,CC(C)C(C)n1cc(-c2cc(C3CCOCC3)n(C)n2)c2[nH]nc(N)c2c1=O
Cc1cc(Nc2nc3cccc(-c4cnn(CC(C)C)c4)n3n2)ccn1,N#CCCn1cc(-c2nc(Nc3ccc4c(c3)CCN4C(=O)C3(C#N)CC3)ncc2F)cn1
Cc1cc(Nc2nc3cccc(-c4cnn(CC(C)C)c4)n3n2)ccn1,CCOC(C)n1cc(-c2nc(Nc3ccc4c(c3)CCN4S(=O)(=O)c3ccc(C(F)(F)F)cc3)ncc2C)cn1
Cc1cc(Nc2nc3cccc(-c4cnn(CC(C)C)c4)n3n2)ccn1,C=C(C#N)C(O)c1ccc(-c2cccc3nc(NC(=O)C4CC4)nn23)cc1
COc1ccc(Nc2nc(Nc3cnn(CCCCCCC(=O)NO)c3)ncc2Cl)cc1,Clc1cccc(Nc2nc(Nc3cn[nH]c3)ncc2Cl)c1
COc1ccc(Nc2nc(Nc3cnn(CCCCCCC(=O)NO)c3)ncc2Cl)cc1,O=C(CCCCCCn1cc(Nc2ncc(Cl)c(N3CCCCC3)n2)cn1)NO
COc1ccc(Nc2nc(Nc3cnn(CCCCCCC(=O)NO)c3)ncc2Cl)cc1,O=C(CCCCCCn1cc(Nc2ncc(Cl)c(NC3CC3)n2)cn1)NO
COc1ccc(Nc2nc(Nc3cnn(CCCCCCC(=O)NO)c3)ncc2Cl)cc1,O=C(CCCCCn1cc(Nc2ncc(Cl)c(Nc3ccc(Cl)cc3)n2)cn1)NO
O=C1C=CC2(C=C1)OCC(=O)N2c1nc(-c2cccc3ccccc23)nn1-c1ccccc1,COc1ccccc1-c1cc2c(NC3CCC(C)(N)C3(C)C)c(C(N)=O)cnn2c1
O=C1C=CC2(C=C1)OCC(=O)N2c1nc(-c2cccc3ccccc23)nn1-c1ccccc1,CCn1c(C(=O)N(C2CC2)C2CC2)cc2c3c(ncn3C)c(Nc3nc(C(=O)NC)c(C)s3)nc21
O=C1C=CC2(C=C1)OCC(=O)N2c1nc(-c2cccc3ccccc23)nn1-c1ccccc1,CCn1c(C(=O)N(C2CC2)C2CC2)cc2c3c(ncn3C)c(Nc3nc(C)cs3)nc21
O=C1C=CC2(C=C1)OCC(=O)N2c1nc(-c2cccc3ccccc23)nn1-c1ccccc1,CCn1c(C(=O)N(C2CC2)C2CC2)cc2c3c(ncn3C)c(Nc3ncc(C)s3)nc21
O=C1C=CC2(C=C1)OCC(=O)N2c1nc(-c2cccc3ccccc23)nn1-c1ccccc1,CCOc1ccc(-c2cc3c(NC4CCC(C)(N)C4(C)C)c(C(N)=O)cnn3c2)cn1
O=C1C=CC2(C=C1)OCC(=O)N2c1nc(-c2cccc3ccccc23)nn1-c1ccccc1,Cn1nc(-c2cnc3[nH]cc(C(=O)NC(C(=O)N4CC(C#N)C4)C4CC4)c3n2)c2ccc(Cl)cc21
O=C1C=CC2(C=C1)OCC(=O)N2c1nc(-c2cccc3ccccc23)nn1-c1ccccc1,CCn1c(C(=O)N(C2CC2)C2CC2)cc2c3c(ncn3C)c(Nc3nccs3)nc21
O=C1C=CC2(C=C1)OCC(=O)N2c1nc(-c2cccc3ccccc23)nn1-c1ccccc1,CCn1c(C(=O)N(C2CC2)C2CC2)cc2c3c(ncn3C)c(Nc3cc(C)nn3C)nc21
O=C1C=CC2(C=C1)OCC(=O)N2c1nc(-c2cccc3ccccc23)nn1-c1ccccc1,CCc1nc(Nc2nc3c(cc(C(=O)N(C4CC4)C4CC4)n3CC)c3c2ncn3C)sc1C
O=C1C=CC2(C=C1)OCC(=O)N2c1nc(-c2cccc3ccccc23)nn1-c1ccccc1,Cn1cc(C2=C(Nc3cccc(OCCNc4ccnc(F)c4)c3)C(=O)NC2=O)c2ccccc21
O=C1C=CC2(C=C1)OCC(=O)N2c1nc(-c2cccc3ccccc23)nn1-c1ccccc1,CCn1c(C(=O)N(C2CC2)C2CC2)cc2c3c(ncn3C)c(Nc3nc(C)c(S(C)(=O)=O)s3)nc21
O=C1C=CC2(C=C1)OCC(=O)N2c1nc(-c2cccc3ccccc23)nn1-c1ccccc1,CC(C)Oc1ccc(-c2cc3c(NC4CCC(C)(N)C4(C)C)c(C(N)=O)cnn3c2)cn1
O=C1C=CC2(C=C1)OCC(=O)N2c1nc(-c2cccc3ccccc23)nn1-c1ccccc1,CC(NC(=O)c1c[nH]c2ncc(-c3nn(C)c4cc(Cl)cc(F)c34)nc12)C(=O)N1CC(C#N)C1
O=C1C=CC2(C=C1)OCC(=O)N2c1nc(-c2cccc3ccccc23)nn1-c1ccccc1,CCn1c(C(=O)N(C2CC2)C2CC2)cc2c3c(ncn3C)c(Nc3nc(C)c(C)s3)nc21
O=C1C=CC2(C=C1)OCC(=O)N2c1nc(-c2cccc3ccccc23)nn1-c1ccccc1,Cc1ccccc1-n1cc(-c2ccn(C)n2)c2[nH]nc(N)c2c1=O
O=C1C=CC2(C=C1)OCC(=O)N2c1nc(-c2cccc3ccccc23)nn1-c1ccccc1,CC(NC(=O)c1c[nH]c2ncc(-c3nn(C)c4cc(Cl)ccc34)nc12)C(=O)N1CC(C#N)C1
O=C1C=CC2(C=C1)OCC(=O)N2c1nc(-c2cccc3ccccc23)nn1-c1ccccc1,COc1ccc2c(-c3cnc4[nH]cc(C(=O)NC(C)C(=O)N5CC(C#N)C5)c4n3)nn(C)c2c1
O=C1C=CC2(C=C1)OCC(=O)N2c1nc(-c2cccc3ccccc23)nn1-c1ccccc1,CC(C)(O)C(=O)N1CCN(c2ccc(C(F)(F)F)c(C3=C(c4c[nH]c5ccccc45)C(=O)NC3=O)c2)CC1
O=C1C=CC2(C=C1)OCC(=O)N2c1nc(-c2cccc3ccccc23)nn1-c1ccccc1,CC(NC(=O)c1c[nH]c2ncc(-c3nn(C)c4ccccc34)nc12)C(=O)N1CC(C#N)C1
O=C1C=CC2(C=C1)OCC(=O)N2c1nc(-c2cccc3ccccc23)nn1-c1ccccc1,CC(NC(=O)c1c[nH]c2ncc(-c3nn(C)c4cc(C#N)ccc34)nc12)C(=O)N1CC(C#N)C1
O=C1C=CC2(C=C1)OCC(=O)N2c1nc(-c2cccc3ccccc23)nn1-c1ccccc1,CCn1c(C(=O)N(C2CC2)C2CC2)cc2c3c(ncn3C)c(Nc3cc(C)n(C)n3)nc21
O=C1C=CC2(C=C1)OCC(=O)N2c1nc(-c2cccc3ccccc23)nn1-c1ccccc1,CC(C)C(C)n1cc(-c2cc(N3CCS(=O)(=O)CC3)n(C)n2)c2[nH]nc(N)c2c1=O
O=C1C=CC2(C=C1)OCC(=O)N2c1nc(-c2cccc3ccccc23)nn1-c1ccccc1,CC(C)C(C)n1cc(-c2cc(C3CCOCC3)n(C)n2)c2[nH]nc(N)c2c1=O
O=C1C=CC2(C=C1)OCC(=O)N2c1nc(-c2cccc3ccccc23)nn1-c1ccccc1,Cn1ccc(-c2cn(-c3ccccc3Cl)c(=O)c3c(N)n[nH]c23)n1
O=C1C=CC2(C=C1)OCC(=O)N2c1nc(-c2cccc3ccccc23)nn1-c1ccccc1,CCn1c(C(=O)N(C2CC2)C2CC2)cc2c3c(ncn3C)c(Nc3nc(C)c(C(=O)NC)s3)nc21
O=C1C=CC2(C=C1)OCC(=O)N2c1nc(-c2cccc3ccccc23)nn1-c1ccccc1,Cn1nc(-c2cnc3[nH]cc(C(=O)NC(C(=O)N4CC(C#N)C4)C(C)(C)C)c3n2)c2ccc(Cl)cc21
O=C1C=CC2(C=C1)OCC(=O)N2c1nc(-c2cccc3ccccc23)nn1-c1ccccc1,CCOC(C)n1cc(-c2nc(Nc3ccc4c(c3)CCN4S(=O)(=O)c3ccc(C(F)(F)F)cc3)ncc2C)cn1
O=C(CCCCCCn1cc(Nc2ncc3ccn(CC4CCCCC4)c3n2)cn1)NO,O=C(CCCCCCn1cc(Nc2ncc3ccn(Cc4cccc(F)c4)c3n2)cn1)NO
O=C(CCCCCCn1cc(Nc2ncc3ccn(CC4CCCCC4)c3n2)cn1)NO,O=C(CCCCCCn1cc(Nc2ncc3ccn(-c4ccccc4)c3n2)cn1)NO
O=C(CCCCCCn1cc(Nc2ncc3ccn(CC4CCCCC4)c3n2)cn1)NO,Nc1ncnc2c1c(-c1cccc(O)c1)cn2C1CC(CN2CCC2)C1
O=C(CCCCCCn1cc(Nc2ncc3ccn(CC4CCCCC4)c3n2)cn1)NO,O=C(CCCCCn1cc(Nc2ncc3ccn(Cc4cccc(F)c4)c3n2)cn1)NO
CN1CC=CCCOc2cccc(c2)-c2ccnc(n2)Nc2cccc(c2)C1,Cc1cnc(Nc2ccc3c(c2)CN(C(=O)C=CCN(C)C)CC3)nc1-c1cnn(C(C)C)c1
CNc1cc(Nc2nccc3nc(-c4c(Cl)cccc4Cl)[nH]c23)ncn1,Cc1cc(Nc2nccc3nc(-c4c(Cl)cc(C#N)cc4Cl)[nH]c23)ncn1
Cc1cnc(Nc2ccc3c(c2)CNC3=O)nc1-c1cnn(CCC#N)c1,Cc1ccc(C(=O)C=CC(=O)N2CCc3ccc(Nc4ncc(C)c(-c5cnn(C(C)C)c5)n4)cc3C2)cc1
Cc1cnc(Nc2ccc3c(c2)CNC3=O)nc1-c1cnn(CCC#N)c1,Cc1ccc(C(=O)C=CC(=O)N2CCc3cc(Nc4ncc(C)c(-c5cnn(C(C)C)c5)n4)ccc3C2)cc1
Cc1cnc(Nc2ccc3c(c2)CNC3=O)nc1-c1cnn(CCC#N)c1,Cc1cnc(Nc2ccc3c(c2)CCN(CC#N)C3)nc1-c1cnn(C(C)C)c1
Cc1cnc(Nc2ccc3c(c2)CNC3=O)nc1-c1cnn(CCC#N)c1,Cc1cnc(Nc2ccc3c(c2)CCN(C(=O)C=CCN(C)C)C3)nc1-c1cnn(C(C)C)c1
Cc1cnc(Nc2ccc3c(c2)CNC3=O)nc1-c1cnn(CCC#N)c1,Cc1cnc(Nc2ccc(NS(=O)(=O)c3ccc(C(F)(F)F)cc3)c(F)c2)nc1-c1cnn(C(C)C)c1
Cc1cnc(Nc2ccc3c(c2)CNC3=O)nc1-c1cnn(CCC#N)c1,COC(=O)C=CCN1CCc2cc(Nc3ncc(C)c(-c4cnn(C(C)C)c4)n3)ccc2C1
Cc1cnc(Nc2ccc3c(c2)CNC3=O)nc1-c1cnn(CCC#N)c1,Cc1cnc(Nc2ccc3c(c2)CCN(C(=O)C=CC(=O)c2ccccc2)C3)nc1-c1cnn(C(C)C)c1
Cc1cnc(Nc2ccc3c(c2)CNC3=O)nc1-c1cnn(CCC#N)c1,N#CCCn1cc(-c2nc(Nc3ccc4c(c3)CCN4C(=O)CN3CCS(=O)(=O)CC3)ncc2F)cn1
Cc1cnc(Nc2ccc3c(c2)CNC3=O)nc1-c1cnn(CCC#N)c1,Cc1cnc(Nc2ccc3c(c2)CN(C(=O)C=CCN(C)C)CC3)nc1-c1cnn(C(C)C)c1
Cc1cnc(Nc2ccc3c(c2)CNC3=O)nc1-c1cnn(CCC#N)c1,Cc1cnc(Nc2ccc3c(c2)CN(C(=O)C=CC(=O)c2ccccc2)CC3)nc1-c1cnn(C(C)C)c1
Cc1cnc(Nc2ccc3c(c2)CNC3=O)nc1-c1cnn(CCC#N)c1,N#CCCn1cc(-c2nc(Nc3ccc4c(c3)CCN4C(=O)C3(C#N)CC3)ncc2F)cn1
Cc1cnc(Nc2ccc3c(c2)CNC3=O)nc1-c1cnn(CCC#N)c1,CCOC(C)n1cc(-c2nc(Nc3ccc4c(c3)CCN4S(=O)(=O)c3ccc(C(F)(F)F)cc3)ncc2C)cn1
Cc1cc(Nc2nccc3nc(-c4c(Cl)cccc4Cl)[nH]c23)ncn1,Cc1cc(Nc2nccc3nc(-c4c(Cl)cc(C#N)cc4Cl)[nH]c23)ncn1
CCn1cc(-c2cccc3nc(Nc4ccnc(C)c4)nn23)cn1,O=C(Nc1nc2cccc(-c3ccc(C(=O)N4CCC(F)(F)CC4)cc3)n2n1)C1CC1
CCn1cc(-c2cccc3nc(Nc4ccnc(C)c4)nn23)cn1,O=C(Nc1nc2cccc(-c3ccc(C(=O)N4CC(F)(F)C4)cc3)n2n1)C1CC1
CCn1cc(-c2cccc3nc(Nc4ccnc(C)c4)nn23)cn1,N#CCNC(=O)c1ccc(-c2cccc3nc(NC(=O)C4CC4)nn23)cc1
CCn1cc(-c2cccc3nc(Nc4ccnc(C)c4)nn23)cn1,N#CC1CN(C(=O)c2ccc(-c3cccc4nc(NC(=O)C5CC5)nn34)cc2)C1
CCn1cc(-c2cccc3nc(Nc4ccnc(C)c4)nn23)cn1,O=C(Nc1nc2cccc(-c3ccc(CN4CCS(=O)(=O)CC4)cc3)n2n1)C1CC1
CCn1cc(-c2cccc3nc(Nc4ccnc(C)c4)nn23)cn1,N#CCCn1cc(-c2nc(Nc3ccc4c(c3)CCN4C(=O)C3(C#N)CC3)ncc2F)cn1
CCn1cc(-c2cccc3nc(Nc4ccnc(C)c4)nn23)cn1,C=C(C#N)C(O)c1ccc(-c2cccc3nc(NC(=O)C4CC4)nn23)cc1
COc1cccc(Cn2ccc3cnc(Nc4cnn(CCCCCCC(=O)NO)c4)nc32)c1,O=C(CCCCCCn1cc(Nc2ncc3ccn(Cc4cccc(F)c4)c3n2)cn1)NO
COc1cccc(Cn2ccc3cnc(Nc4cnn(CCCCCCC(=O)NO)c4)nc32)c1,O=C(CCCCCCn1cc(Nc2ncc3ccn(-c4ccccc4)c3n2)cn1)NO
COc1cccc(Cn2ccc3cnc(Nc4cnn(CCCCCCC(=O)NO)c4)nc32)c1,O=C(CCCCCn1cc(Nc2ncc3ccn(Cc4cccc(F)c4)c3n2)cn1)NO
O=C(CCCCCCC(=O)Nc1ccc(Nc2nc(-c3cnn(CC4CCCC4)c3)c3cc[nH]c3n2)cc1)NO,Cc1ccc(C(=O)C=CC(=O)N2CCc3ccc(Nc4ncc(C)c(-c5cnn(C(C)C)c5)n4)cc3C2)cc1
O=C(CCCCCCC(=O)Nc1ccc(Nc2nc(-c3cnn(CC4CCCC4)c3)c3cc[nH]c3n2)cc1)NO,Cc1ccc(C(=O)C=CC(=O)N2CCc3cc(Nc4ncc(C)c(-c5cnn(C(C)C)c5)n4)ccc3C2)cc1
O=C(CCCCCCC(=O)Nc1ccc(Nc2nc(-c3cnn(CC4CCCC4)c3)c3cc[nH]c3n2)cc1)NO,O=C(CCCCCCn1cc(-c2ncnc3[nH]ccc23)cn1)NO
O=C(CCCCCCC(=O)Nc1ccc(Nc2nc(-c3cnn(CC4CCCC4)c3)c3cc[nH]c3n2)cc1)NO,c1nc(-c2cn(CC3CO3)nn2)c2cc[nH]c2n1
O=C(CCCCCCC(=O)Nc1ccc(Nc2nc(-c3cnn(CC4CCCC4)c3)c3cc[nH]c3n2)cc1)NO,O=C(CCCCCCn1cc(Nc2ncc3ccn(Cc4cccc(F)c4)c3n2)cn1)NO
O=C(CCCCCCC(=O)Nc1ccc(Nc2nc(-c3cnn(CC4CCCC4)c3)c3cc[nH]c3n2)cc1)NO,O=C(CCCCCCn1cc(Nc2ncc3ccn(-c4ccccc4)c3n2)cn1)NO
O=C(CCCCCCC(=O)Nc1ccc(Nc2nc(-c3cnn(CC4CCCC4)c3)c3cc[nH]c3n2)cc1)NO,Cc1cnc(Nc2ccc3c(c2)CCN(CC#N)C3)nc1-c1cnn(C(C)C)c1
O=C(CCCCCCC(=O)Nc1ccc(Nc2nc(-c3cnn(CC4CCCC4)c3)c3cc[nH]c3n2)cc1)NO,Cc1cnc(Nc2ccc3c(c2)CCN(C(=O)C=CCN(C)C)C3)nc1-c1cnn(C(C)C)c1
O=C(CCCCCCC(=O)Nc1ccc(Nc2nc(-c3cnn(CC4CCCC4)c3)c3cc[nH]c3n2)cc1)NO,Cc1cnc(Nc2ccc(NS(=O)(=O)c3ccc(C(F)(F)F)cc3)c(F)c2)nc1-c1cnn(C(C)C)c1
O=C(CCCCCCC(=O)Nc1ccc(Nc2nc(-c3cnn(CC4CCCC4)c3)c3cc[nH]c3n2)cc1)NO,COC(=O)C=CCN1CCc2cc(Nc3ncc(C)c(-c4cnn(C(C)C)c4)n3)ccc2C1
O=C(CCCCCCC(=O)Nc1ccc(Nc2nc(-c3cnn(CC4CCCC4)c3)c3cc[nH]c3n2)cc1)NO,Cc1cnc(Nc2ccc3c(c2)CCN(C(=O)C=CC(=O)c2ccccc2)C3)nc1-c1cnn(C(C)C)c1
O=C(CCCCCCC(=O)Nc1ccc(Nc2nc(-c3cnn(CC4CCCC4)c3)c3cc[nH]c3n2)cc1)NO,O=C(CCCCCn1cc(Nc2ncc3ccn(Cc4cccc(F)c4)c3n2)cn1)NO
O=C(CCCCCCC(=O)Nc1ccc(Nc2nc(-c3cnn(CC4CCCC4)c3)c3cc[nH]c3n2)cc1)NO,N#CCCn1cc(-c2nc(Nc3ccc4c(c3)CCN4C(=O)CN3CCS(=O)(=O)CC3)ncc2F)cn1
O=C(CCCCCCC(=O)Nc1ccc(Nc2nc(-c3cnn(CC4CCCC4)c3)c3cc[nH]c3n2)cc1)NO,Cc1cnc(Nc2ccc3c(c2)CN(C(=O)C=CCN(C)C)CC3)nc1-c1cnn(C(C)C)c1
O=C(CCCCCCC(=O)Nc1ccc(Nc2nc(-c3cnn(CC4CCCC4)c3)c3cc[nH]c3n2)cc1)NO,Cc1cnc(Nc2ccc3c(c2)CN(C(=O)C=CC(=O)c2ccccc2)CC3)nc1-c1cnn(C(C)C)c1
O=C(CCCCCCC(=O)Nc1ccc(Nc2nc(-c3cnn(CC4CCCC4)c3)c3cc[nH]c3n2)cc1)NO,N#CCCn1cc(-c2nc(Nc3ccc4c(c3)CCN4C(=O)C3(C#N)CC3)ncc2F)cn1
O=C(CCCCCCC(=O)Nc1ccc(Nc2nc(-c3cnn(CC4CCCC4)c3)c3cc[nH]c3n2)cc1)NO,CCOC(C)n1cc(-c2nc(Nc3ccc4c(c3)CCN4S(=O)(=O)c3ccc(C(F)(F)F)cc3)ncc2C)cn1
N#CNC1CCc2ccc(-c3ncnc4[nH]ccc34)cc21,CN(C#N)C1CCc2ccc(-c3ncnc4[nH]ccc34)cc21
N#CNC1CCc2ccc(-c3ncnc4[nH]ccc34)cc21,N#CNC1CC(NS(=O)(=O)c2cccc(F)c2)c2ccc(-c3ncnc4[nH]ccc34)cc21
N#CNC1CCc2ccc(-c3ncnc4[nH]ccc34)cc21,COc1ccc(S(=O)(=O)NC2CC(NC#N)c3cc(-c4ncnc5[nH]ccc45)ccc32)cc1
COc1cc(N2CCN(CC(C)O)CC2)ccc1Nc1ncc2ccc(-c3ccccc3N(C)S(C)(=O)=O)n2n1,O=C(Nc1nc2cccc(-c3ccc(C(=O)N4CCC(F)(F)CC4)cc3)n2n1)C1CC1
COc1cc(N2CCN(CC(C)O)CC2)ccc1Nc1ncc2ccc(-c3ccccc3N(C)S(C)(=O)=O)n2n1,COc1ccccc1-c1cc2c(NC3CCC(C)(N)C3(C)C)c(C(N)=O)cnn2c1
COc1cc(N2CCN(CC(C)O)CC2)ccc1Nc1ncc2ccc(-c3ccccc3N(C)S(C)(=O)=O)n2n1,O=C(Nc1nc2cccc(-c3ccc(C(=O)N4CC(F)(F)C4)cc3)n2n1)C1CC1
COc1cc(N2CCN(CC(C)O)CC2)ccc1Nc1ncc2ccc(-c3ccccc3N(C)S(C)(=O)=O)n2n1,CCn1c(C(=O)N(C2CC2)C2CC2)cc2c3c(ncn3C)c(Nc3nc(C(=O)NC)c(C)s3)nc21
COc1cc(N2CCN(CC(C)O)CC2)ccc1Nc1ncc2ccc(-c3ccccc3N(C)S(C)(=O)=O)n2n1,CCn1c(C(=O)N(C2CC2)C2CC2)cc2c3c(ncn3C)c(Nc3nc(C)cs3)nc21
COc1cc(N2CCN(CC(C)O)CC2)ccc1Nc1ncc2ccc(-c3ccccc3N(C)S(C)(=O)=O)n2n1,CCn1c(C(=O)N(C2CC2)C2CC2)cc2c3c(ncn3C)c(Nc3ncc(C)s3)nc21
COc1cc(N2CCN(CC(C)O)CC2)ccc1Nc1ncc2ccc(-c3ccccc3N(C)S(C)(=O)=O)n2n1,CCOc1ccc(-c2cc3c(NC4CCC(C)(N)C4(C)C)c(C(N)=O)cnn3c2)cn1
COc1cc(N2CCN(CC(C)O)CC2)ccc1Nc1ncc2ccc(-c3ccccc3N(C)S(C)(=O)=O)n2n1,CC(NC(=O)c1c[nH]c2ncc(-c3cn(C)c4cc(Cl)ccc34)nc12)C(=O)N1CC(C#N)C1
COc1cc(N2CCN(CC(C)O)CC2)ccc1Nc1ncc2ccc(-c3ccccc3N(C)S(C)(=O)=O)n2n1,Cn1nc(-c2cnc3[nH]cc(C(=O)NC(C(=O)N4CC(C#N)C4)C4CC4)c3n2)c2ccc(Cl)cc21
COc1cc(N2CCN(CC(C)O)CC2)ccc1Nc1ncc2ccc(-c3ccccc3N(C)S(C)(=O)=O)n2n1,COc1cccc(-c2cc3c(NC4CCC(C)(N)C4(C)C)c(C(N)=O)cnn3c2)c1
COc1cc(N2CCN(CC(C)O)CC2)ccc1Nc1ncc2ccc(-c3ccccc3N(C)S(C)(=O)=O)n2n1,CC1(N)CCC(Nc2c(C(N)=O)cnn3cc(-c4ccnc(F)c4)cc23)C1(C)C
COc1cc(N2CCN(CC(C)O)CC2)ccc1Nc1ncc2ccc(-c3ccccc3N(C)S(C)(=O)=O)n2n1,CCn1c(C(=O)N(C2CC2)C2CC2)cc2c3c(ncn3C)c(Nc3nccs3)nc21
COc1cc(N2CCN(CC(C)O)CC2)ccc1Nc1ncc2ccc(-c3ccccc3N(C)S(C)(=O)=O)n2n1,O=C1NC(=O)C(c2c[nH]c3ccccc23)=C1Nc1cccc(OC2CN(c3ccnc(F)c3)C2)c1
COc1cc(N2CCN(CC(C)O)CC2)ccc1Nc1ncc2ccc(-c3ccccc3N(C)S(C)(=O)=O)n2n1,CC1(N)CCC(Nc2c(C(N)=O)cnn3cc(-c4cccc(Cl)c4)cc23)C1(C)C
COc1cc(N2CCN(CC(C)O)CC2)ccc1Nc1ncc2ccc(-c3ccccc3N(C)S(C)(=O)=O)n2n1,COc1ccc(-c2cc3c(NC(CO)C(C)O)c(C(N)=O)cnn3c2)cn1
COc1cc(N2CCN(CC(C)O)CC2)ccc1Nc1ncc2ccc(-c3ccccc3N(C)S(C)(=O)=O)n2n1,CCn1c(C(=O)N(C2CC2)C2CC2)cc2c3c(ncn3C)c(Nc3cc(C)nn3C)nc21
COc1cc(N2CCN(CC(C)O)CC2)ccc1Nc1ncc2ccc(-c3ccccc3N(C)S(C)(=O)=O)n2n1,CCc1nc(Nc2nc3c(cc(C(=O)N(C4CC4)C4CC4)n3CC)c3c2ncn3C)sc1C
COc1cc(N2CCN(CC(C)O)CC2)ccc1Nc1ncc2ccc(-c3ccccc3N(C)S(C)(=O)=O)n2n1,Cc1cc(-c2cc3c(NC4CCC(C)(N)C4(C)C)c(C(N)=O)cnn3c2)ccn1
COc1cc(N2CCN(CC(C)O)CC2)ccc1Nc1ncc2ccc(-c3ccccc3N(C)S(C)(=O)=O)n2n1,Cn1cc(C2=C(Nc3cccc(OCCNc4ccnc(F)c4)c3)C(=O)NC2=O)c2ccccc21
COc1cc(N2CCN(CC(C)O)CC2)ccc1Nc1ncc2ccc(-c3ccccc3N(C)S(C)(=O)=O)n2n1,CCn1c(C(=O)N(C2CC2)C2CC2)cc2c3c(ncn3C)c(Nc3nc(C)c(S(C)(=O)=O)s3)nc21
COc1cc(N2CCN(CC(C)O)CC2)ccc1Nc1ncc2ccc(-c3ccccc3N(C)S(C)(=O)=O)n2n1,CC(C)Oc1ccc(-c2cc3c(NC4CCC(C)(N)C4(C)C)c(C(N)=O)cnn3c2)cn1
COc1cc(N2CCN(CC(C)O)CC2)ccc1Nc1ncc2ccc(-c3ccccc3N(C)S(C)(=O)=O)n2n1,CC(NC(=O)c1c[nH]c2ncc(-c3nn(C)c4cc(Cl)cc(F)c34)nc12)C(=O)N1CC(C#N)C1
COc1cc(N2CCN(CC(C)O)CC2)ccc1Nc1ncc2ccc(-c3ccccc3N(C)S(C)(=O)=O)n2n1,N#CCNC(=O)c1ccc(-c2cccc3nc(NC(=O)C4CC4)nn23)cc1
COc1cc(N2CCN(CC(C)O)CC2)ccc1Nc1ncc2ccc(-c3ccccc3N(C)S(C)(=O)=O)n2n1,CC1(N)CCC(Nc2c(C(N)=O)cnn3cc(-c4ccccc4F)cc23)C1(C)C
COc1cc(N2CCN(CC(C)O)CC2)ccc1Nc1ncc2ccc(-c3ccccc3N(C)S(C)(=O)=O)n2n1,CCn1c(C(=O)N(C2CC2)C2CC2)cc2c3c(ncn3C)c(Nc3nc(C)c(C)s3)nc21
COc1cc(N2CCN(CC(C)O)CC2)ccc1Nc1ncc2ccc(-c3ccccc3N(C)S(C)(=O)=O)n2n1,Cc1ccccc1-n1cc(-c2ccn(C)n2)c2[nH]nc(N)c2c1=O
COc1cc(N2CCN(CC(C)O)CC2)ccc1Nc1ncc2ccc(-c3ccccc3N(C)S(C)(=O)=O)n2n1,O=C(Nc1nc2cccc(C3=CCN(C(=O)NCC(F)(F)F)CC3)n2n1)C1CC1
COc1cc(N2CCN(CC(C)O)CC2)ccc1Nc1ncc2ccc(-c3ccccc3N(C)S(C)(=O)=O)n2n1,CC(NC(=O)c1c[nH]c2ncc(-c3nn(C)c4cc(Cl)ccc34)nc12)C(=O)N1CC(C#N)C1
COc1cc(N2CCN(CC(C)O)CC2)ccc1Nc1ncc2ccc(-c3ccccc3N(C)S(C)(=O)=O)n2n1,COc1ccc2c(-c3cnc4[nH]cc(C(=O)NC(C)C(=O)N5CC(C#N)C5)c4n3)nn(C)c2c1
COc1cc(N2CCN(CC(C)O)CC2)ccc1Nc1ncc2ccc(-c3ccccc3N(C)S(C)(=O)=O)n2n1,N#CC1CN(C(=O)c2ccc(-c3cccc4nc(NC(=O)C5CC5)nn34)cc2)C1
COc1cc(N2CCN(CC(C)O)CC2)ccc1Nc1ncc2ccc(-c3ccccc3N(C)S(C)(=O)=O)n2n1,O=C1NC(=O)C(c2c[nH]c3ccccc23)=C1Nc1cccc(OCCNc2ccnc(F)c2)c1
COc1cc(N2CCN(CC(C)O)CC2)ccc1Nc1ncc2ccc(-c3ccccc3N(C)S(C)(=O)=O)n2n1,CC1(N)CCC(Nc2c(C(N)=O)cnn3cc(-c4ccccc4Cl)cc23)C1(C)C
COc1cc(N2CCN(CC(C)O)CC2)ccc1Nc1ncc2ccc(-c3ccccc3N(C)S(C)(=O)=O)n2n1,O=C(Nc1nc2cccc(-c3ccc(CN4CCS(=O)(=O)CC4)cc3)n2n1)C1CC1
COc1cc(N2CCN(CC(C)O)CC2)ccc1Nc1ncc2ccc(-c3ccccc3N(C)S(C)(=O)=O)n2n1,COc1ccc(-c2cc3c(NC(CO)CC(C)C)c(C(N)=O)cnn3c2)cn1
COc1cc(N2CCN(CC(C)O)CC2)ccc1Nc1ncc2ccc(-c3ccccc3N(C)S(C)(=O)=O)n2n1,COc1ccc(-c2cc3c(NC4CCC(C)(N)C4(C)C)c(C(N)=O)cnn3c2)cc1
COc1cc(N2CCN(CC(C)O)CC2)ccc1Nc1ncc2ccc(-c3ccccc3N(C)S(C)(=O)=O)n2n1,CC(C)(O)C(=O)N1CCN(c2ccc(C(F)(F)F)c(C3=C(c4c[nH]c5ccccc45)C(=O)NC3=O)c2)CC1
COc1cc(N2CCN(CC(C)O)CC2)ccc1Nc1ncc2ccc(-c3ccccc3N(C)S(C)(=O)=O)n2n1,CC1(N)CCC(Nc2c(C(N)=O)cnn3cc(-c4cc[nH]n4)cc23)C1(C)C
COc1cc(N2CCN(CC(C)O)CC2)ccc1Nc1ncc2ccc(-c3ccccc3N(C)S(C)(=O)=O)n2n1,CC(NC(=O)c1c[nH]c2ncc(-c3nn(C)c4ccccc34)nc12)C(=O)N1CC(C#N)C1
COc1cc(N2CCN(CC(C)O)CC2)ccc1Nc1ncc2ccc(-c3ccccc3N(C)S(C)(=O)=O)n2n1,CC(NC(=O)c1c[nH]c2ncc(-c3nn(C)c4cc(C#N)ccc34)nc12)C(=O)N1CC(C#N)C1
COc1cc(N2CCN(CC(C)O)CC2)ccc1Nc1ncc2ccc(-c3ccccc3N(C)S(C)(=O)=O)n2n1,CC1(N)CCC(Nc2c(C(N)=O)cnn3cc(-c4cccc(F)c4)cc23)C1(C)C
COc1cc(N2CCN(CC(C)O)CC2)ccc1Nc1ncc2ccc(-c3ccccc3N(C)S(C)(=O)=O)n2n1,CCn1c(C(=O)N(C2CC2)C2CC2)cc2c3c(ncn3C)c(Nc3cc(C)n(C)n3)nc21
COc1cc(N2CCN(CC(C)O)CC2)ccc1Nc1ncc2ccc(-c3ccccc3N(C)S(C)(=O)=O)n2n1,COc1ccc(-c2cc3c(NC(CO)CC4CC4)c(C(N)=O)cnn3c2)cn1
COc1cc(N2CCN(CC(C)O)CC2)ccc1Nc1ncc2ccc(-c3ccccc3N(C)S(C)(=O)=O)n2n1,CC(C)C(C)n1cc(-c2cc(N3CCS(=O)(=O)CC3)n(C)n2)c2[nH]nc(N)c2c1=O
COc1cc(N2CCN(CC(C)O)CC2)ccc1Nc1ncc2ccc(-c3ccccc3N(C)S(C)(=O)=O)n2n1,Cc1ccc(-c2cc3c(NC4CCC(C)(N)C4(C)C)c(C(N)=O)cnn3c2)cc1
COc1cc(N2CCN(CC(C)O)CC2)ccc1Nc1ncc2ccc(-c3ccccc3N(C)S(C)(=O)=O)n2n1,O=C(Nc1nc2cccc(C3=CCN(C(=O)C4CC4(F)F)CC3)n2n1)C1CC1
COc1cc(N2CCN(CC(C)O)CC2)ccc1Nc1ncc2ccc(-c3ccccc3N(C)S(C)(=O)=O)n2n1,N#CCCn1cc(-c2nc(Nc3ccc4c(c3)CCN4C(=O)CN3CCS(=O)(=O)CC3)ncc2F)cn1
COc1cc(N2CCN(CC(C)O)CC2)ccc1Nc1ncc2ccc(-c3ccccc3N(C)S(C)(=O)=O)n2n1,CC(NC(=O)c1c[nH]c2ncc(-c3ncn4cc(F)ccc34)nc12)C(=O)N1CC(C#N)C1
COc1cc(N2CCN(CC(C)O)CC2)ccc1Nc1ncc2ccc(-c3ccccc3N(C)S(C)(=O)=O)n2n1,CC(C)C(C)n1cc(-c2cc(C3CCOCC3)n(C)n2)c2[nH]nc(N)c2c1=O
COc1cc(N2CCN(CC(C)O)CC2)ccc1Nc1ncc2ccc(-c3ccccc3N(C)S(C)(=O)=O)n2n1,Cc1cnccc1-c1cc2c(NC3CCC(C)(N)C3(C)C)c(C(N)=O)cnn2c1
COc1cc(N2CCN(CC(C)O)CC2)ccc1Nc1ncc2ccc(-c3ccccc3N(C)S(C)(=O)=O)n2n1,CC1(N)CCC(Nc2c(C(N)=O)cnn3cc(-c4ccc(F)nc4)cc23)C1(C)C
COc1cc(N2CCN(CC(C)O)CC2)ccc1Nc1ncc2ccc(-c3ccccc3N(C)S(C)(=O)=O)n2n1,CC(=O)NC1CCc2ccc(Oc3cnc4[nH]cc(C(=O)NC(C(=O)N5CC(C#N)C5)C5CC5)c4n3)cc21
COc1cc(N2CCN(CC(C)O)CC2)ccc1Nc1ncc2ccc(-c3ccccc3N(C)S(C)(=O)=O)n2n1,CC1(N)CCC(Nc2c(C(N)=O)cnn3cc(-c4cccc(C#N)c4)cc23)C1(C)C
COc1cc(N2CCN(CC(C)O)CC2)ccc1Nc1ncc2ccc(-c3ccccc3N(C)S(C)(=O)=O)n2n1,Cn1ccc(-c2cn(-c3ccccc3Cl)c(=O)c3c(N)n[nH]c23)n1
COc1cc(N2CCN(CC(C)O)CC2)ccc1Nc1ncc2ccc(-c3ccccc3N(C)S(C)(=O)=O)n2n1,COc1ccc(-c2cc3c(NC4CCC(C)(N)C4(C)C)c(C(N)=O)cnn3c2)cn1
COc1cc(N2CCN(CC(C)O)CC2)ccc1Nc1ncc2ccc(-c3ccccc3N(C)S(C)(=O)=O)n2n1,CC1(N)CCC(Nc2c(C(N)=O)cnn3cc(-c4ccc(C#N)cc4)cc23)C1(C)C
COc1cc(N2CCN(CC(C)O)CC2)ccc1Nc1ncc2ccc(-c3ccccc3N(C)S(C)(=O)=O)n2n1,CCn1c(C(=O)N(C2CC2)C2CC2)cc2c3c(ncn3C)c(Nc3nc(C)c(C(=O)NC)s3)nc21
COc1cc(N2CCN(CC(C)O)CC2)ccc1Nc1ncc2ccc(-c3ccccc3N(C)S(C)(=O)=O)n2n1,Cn1nc(-c2cnc3[nH]cc(C(=O)NC(C(=O)N4CC(C#N)C4)C(C)(C)C)c3n2)c2ccc(Cl)cc21
COc1cc(N2CCN(CC(C)O)CC2)ccc1Nc1ncc2ccc(-c3ccccc3N(C)S(C)(=O)=O)n2n1,COc1cc(-c2cc3c(NC4CCC(C)(N)C4(C)C)c(C(N)=O)cnn3c2)ccn1
COc1cc(N2CCN(CC(C)O)CC2)ccc1Nc1ncc2ccc(-c3ccccc3N(C)S(C)(=O)=O)n2n1,CCOC(C)n1cc(-c2nc(Nc3ccc4c(c3)CCN4S(=O)(=O)c3ccc(C(F)(F)F)cc3)ncc2C)cn1
COc1cc(N2CCN(CC(C)O)CC2)ccc1Nc1ncc2ccc(-c3ccccc3N(C)S(C)(=O)=O)n2n1,C=C(C#N)C(O)c1ccc(-c2cccc3nc(NC(=O)C4CC4)nn23)cc1
COc1cc(N2CCN(CC(C)O)CC2)ccc1Nc1ncc2ccc(-c3ccccc3N(C)S(C)(=O)=O)n2n1,O=C1NC(=O)C(c2c[nH]c3ccccc23)=C1Nc1ccc(OCCCNc2ccnc(F)c2)cc1
O=C(C=Cc1ccc(Cn2cc(Nc3ncc(Cl)c(Nc4ccc(F)cc4)n3)cn2)cc1)NO,Clc1cccc(Nc2nc(Nc3cn[nH]c3)ncc2Cl)c1
O=C(C=Cc1ccc(Cn2cc(Nc3ncc(Cl)c(Nc4ccc(F)cc4)n3)cn2)cc1)NO,O=C(CCCCCn1cc(Nc2ncc(Cl)c(Nc3ccc(Cl)cc3)n2)cn1)NO
O=C(CCCCCCC(=O)Nc1ccc(Nc2nc(-c3cn[nH]c3)c3cc[nH]c3n2)cc1)NO,O=C(CCCCCCn1cc(-c2ncnc3[nH]ccc23)cn1)NO
O=C(CCCCCCC(=O)Nc1ccc(Nc2nc(-c3cn[nH]c3)c3cc[nH]c3n2)cc1)NO,N#CCCn1cc(-c2nc(Nc3ccc4c(c3)CCN4C(=O)C3(C#N)CC3)ncc2F)cn1
CCc1ccc(Cl)cc1-n1cc(-c2ncnc3[nH]ccc23)cc1C(N)=O,CCn1c(C(=O)N(C2CC2)C2CC2)cc2c3c(ncn3C)c(Nc3nc(C(=O)NC)c(C)s3)nc21
CCc1ccc(Cl)cc1-n1cc(-c2ncnc3[nH]ccc23)cc1C(N)=O,CCn1c(C(=O)N(C2CC2)C2CC2)cc2c3c(ncn3C)c(Nc3nc(C)cs3)nc21
CCc1ccc(Cl)cc1-n1cc(-c2ncnc3[nH]ccc23)cc1C(N)=O,CCn1c(C(=O)N(C2CC2)C2CC2)cc2c3c(ncn3C)c(Nc3ncc(C)s3)nc21
CCc1ccc(Cl)cc1-n1cc(-c2ncnc3[nH]ccc23)cc1C(N)=O,CN(C#N)C1CCc2ccc(-c3ncnc4[nH]ccc34)cc21
CCc1ccc(Cl)cc1-n1cc(-c2ncnc3[nH]ccc23)cc1C(N)=O,CC(NC(=O)c1c[nH]c2ncc(-c3cn(C)c4cc(Cl)ccc34)nc12)C(=O)N1CC(C#N)C1
CCc1ccc(Cl)cc1-n1cc(-c2ncnc3[nH]ccc23)cc1C(N)=O,Cn1nc(-c2cnc3[nH]cc(C(=O)NC(C(=O)N4CC(C#N)C4)C4CC4)c3n2)c2ccc(Cl)cc21
CCc1ccc(Cl)cc1-n1cc(-c2ncnc3[nH]ccc23)cc1C(N)=O,CCn1c(C(=O)N(C2CC2)C2CC2)cc2c3c(ncn3C)c(Nc3nccs3)nc21
CCc1ccc(Cl)cc1-n1cc(-c2ncnc3[nH]ccc23)cc1C(N)=O,CCn1c(C(=O)N(C2CC2)C2CC2)cc2c3c(ncn3C)c(Nc3cc(C)nn3C)nc21
CCc1ccc(Cl)cc1-n1cc(-c2ncnc3[nH]ccc23)cc1C(N)=O,CCc1nc(Nc2nc3c(cc(C(=O)N(C4CC4)C4CC4)n3CC)c3c2ncn3C)sc1C
CCc1ccc(Cl)cc1-n1cc(-c2ncnc3[nH]ccc23)cc1C(N)=O,CCn1c(C(=O)N(C2CC2)C2CC2)cc2c3c(ncn3C)c(Nc3nc(C)c(S(C)(=O)=O)s3)nc21
CCc1ccc(Cl)cc1-n1cc(-c2ncnc3[nH]ccc23)cc1C(N)=O,CC(NC(=O)c1c[nH]c2ncc(-c3nn(C)c4cc(Cl)cc(F)c34)nc12)C(=O)N1CC(C#N)C1
CCc1ccc(Cl)cc1-n1cc(-c2ncnc3[nH]ccc23)cc1C(N)=O,CCn1c(C(=O)N(C2CC2)C2CC2)cc2c3c(ncn3C)c(Nc3nc(C)c(C)s3)nc21
CCc1ccc(Cl)cc1-n1cc(-c2ncnc3[nH]ccc23)cc1C(N)=O,Cc1ccccc1-n1cc(-c2ccn(C)n2)c2[nH]nc(N)c2c1=O
CCc1ccc(Cl)cc1-n1cc(-c2ncnc3[nH]ccc23)cc1C(N)=O,CC(NC(=O)c1c[nH]c2ncc(-c3nn(C)c4cc(Cl)ccc34)nc12)C(=O)N1CC(C#N)C1
CCc1ccc(Cl)cc1-n1cc(-c2ncnc3[nH]ccc23)cc1C(N)=O,COc1ccc2c(-c3cnc4[nH]cc(C(=O)NC(C)C(=O)N5CC(C#N)C5)c4n3)nn(C)c2c1
CCc1ccc(Cl)cc1-n1cc(-c2ncnc3[nH]ccc23)cc1C(N)=O,N#CNC1CC(NS(=O)(=O)c2cccc(F)c2)c2ccc(-c3ncnc4[nH]ccc34)cc21
CCc1ccc(Cl)cc1-n1cc(-c2ncnc3[nH]ccc23)cc1C(N)=O,CC(NC(=O)c1c[nH]c2ncc(-c3nn(C)c4cc(C#N)ccc34)nc12)C(=O)N1CC(C#N)C1
CCc1ccc(Cl)cc1-n1cc(-c2ncnc3[nH]ccc23)cc1C(N)=O,CCn1c(C(=O)N(C2CC2)C2CC2)cc2c3c(ncn3C)c(Nc3cc(C)n(C)n3)nc21
CCc1ccc(Cl)cc1-n1cc(-c2ncnc3[nH]ccc23)cc1C(N)=O,COc1ccc(S(=O)(=O)NC2CC(NC#N)c3cc(-c4ncnc5[nH]ccc45)ccc32)cc1
CCc1ccc(Cl)cc1-n1cc(-c2ncnc3[nH]ccc23)cc1C(N)=O,Cn1ccc(-c2cn(-c3ccccc3Cl)c(=O)c3c(N)n[nH]c23)n1
CCc1ccc(Cl)cc1-n1cc(-c2ncnc3[nH]ccc23)cc1C(N)=O,CCn1c(C(=O)N(C2CC2)C2CC2)cc2c3c(ncn3C)c(Nc3nc(C)c(C(=O)NC)s3)nc21
CCc1ccc(Cl)cc1-n1cc(-c2ncnc3[nH]ccc23)cc1C(N)=O,Cn1nc(-c2cnc3[nH]cc(C(=O)NC(C(=O)N4CC(C#N)C4)C(C)(C)C)c3n2)c2ccc(Cl)cc21
O=C(NO)c1ccc(Cn2cc(Nc3ncc(Cl)c(Nc4ccc(F)cc4)n3)cn2)cc1,Clc1cccc(Nc2nc(Nc3cn[nH]c3)ncc2Cl)c1
O=C(NO)c1ccc(Cn2cc(Nc3ncc(Cl)c(Nc4ccc(F)cc4)n3)cn2)cc1,C=CC(=O)Nc1cccc(CNc2nc(Nc3cnn(C)c3)ncc2Cl)c1
O=C(NO)c1ccc(Cn2cc(Nc3ncc(Cl)c(Nc4ccc(F)cc4)n3)cn2)cc1,O=C(CCCCCn1cc(Nc2ncc(Cl)c(Nc3ccc(Cl)cc3)n2)cn1)NO
COc1ccc(-c2cccn3nc(Nc4cnn(C(C)CO)c4)nc23)cc1,O=C(Nc1nc2cccc(-c3ccc(C(=O)N4CCC(F)(F)CC4)cc3)n2n1)C1CC1
COc1ccc(-c2cccn3nc(Nc4cnn(C(C)CO)c4)nc23)cc1,O=C(Nc1nc2cccc(-c3ccc(C(=O)N4CC(F)(F)C4)cc3)n2n1)C1CC1
Cc1ccc(Cl)cc1-c1cn(-c2ncnc3[nH]ccc23)cc1C(N)=O,CCn1c(C(=O)N(C2CC2)C2CC2)cc2c3c(ncn3C)c(Nc3cc(C)nn3C)nc21
Cc1ccc(Cl)cc1-c1cn(-c2ncnc3[nH]ccc23)cc1C(N)=O,CCn1c(C(=O)N(C2CC2)C2CC2)cc2c3c(ncn3C)c(Nc3nc(C)c(S(C)(=O)=O)s3)nc21
Cc1ccc(Cl)cc1-c1cn(-c2ncnc3[nH]ccc23)cc1C(N)=O,CCn1c(C(=O)N(C2CC2)C2CC2)cc2c3c(ncn3C)c(Nc3nc(C)c(C(=O)NC)s3)nc21
N#CNC1c2cc(-c3ncnc4[nH]ccc34)ccc2CC1O,CN(C#N)C1CCc2ccc(-c3ncnc4[nH]ccc34)cc21
N#CNC1c2cc(-c3ncnc4[nH]ccc34)ccc2CC1O,N#CNC1CC(NS(=O)(=O)c2cccc(F)c2)c2ccc(-c3ncnc4[nH]ccc34)cc21
N#CNC1c2cc(-c3ncnc4[nH]ccc34)ccc2CC1O,COc1ccc(S(=O)(=O)NC2CC(NC#N)c3cc(-c4ncnc5[nH]ccc45)ccc32)cc1
N#CCCn1cc(-c2nc(Nc3ccc4c(c3)CCN4C(=O)c3ccc(C(F)(F)F)cc3)ncc2F)cn1,Cc1ccc(C(=O)C=CC(=O)N2CCc3ccc(Nc4ncc(C)c(-c5cnn(C(C)C)c5)n4)cc3C2)cc1
N#CCCn1cc(-c2nc(Nc3ccc4c(c3)CCN4C(=O)c3ccc(C(F)(F)F)cc3)ncc2F)cn1,CCn1c(C(=O)N(C2CC2)C2CC2)cc2c3c(ncn3C)c(Nc3nc(C(=O)NC)c(C)s3)nc21
N#CCCn1cc(-c2nc(Nc3ccc4c(c3)CCN4C(=O)c3ccc(C(F)(F)F)cc3)ncc2F)cn1,CCn1c(C(=O)N(C2CC2)C2CC2)cc2c3c(ncn3C)c(Nc3nc(C)cs3)nc21
N#CCCn1cc(-c2nc(Nc3ccc4c(c3)CCN4C(=O)c3ccc(C(F)(F)F)cc3)ncc2F)cn1,CCn1c(C(=O)N(C2CC2)C2CC2)cc2c3c(ncn3C)c(Nc3ncc(C)s3)nc21
N#CCCn1cc(-c2nc(Nc3ccc4c(c3)CCN4C(=O)c3ccc(C(F)(F)F)cc3)ncc2F)cn1,Cc1ccc(C(=O)C=CC(=O)N2CCc3cc(Nc4ncc(C)c(-c5cnn(C(C)C)c5)n4)ccc3C2)cc1
N#CCCn1cc(-c2nc(Nc3ccc4c(c3)CCN4C(=O)c3ccc(C(F)(F)F)cc3)ncc2F)cn1,Cn1nc(-c2cnc3[nH]cc(C(=O)NC(C(=O)N4CC(C#N)C4)C4CC4)c3n2)c2ccc(Cl)cc21
N#CCCn1cc(-c2nc(Nc3ccc4c(c3)CCN4C(=O)c3ccc(C(F)(F)F)cc3)ncc2F)cn1,CCn1c(C(=O)N(C2CC2)C2CC2)cc2c3c(ncn3C)c(Nc3nccs3)nc21
N#CCCn1cc(-c2nc(Nc3ccc4c(c3)CCN4C(=O)c3ccc(C(F)(F)F)cc3)ncc2F)cn1,CCn1c(C(=O)N(C2CC2)C2CC2)cc2c3c(ncn3C)c(Nc3cc(C)nn3C)nc21
N#CCCn1cc(-c2nc(Nc3ccc4c(c3)CCN4C(=O)c3ccc(C(F)(F)F)cc3)ncc2F)cn1,CCc1nc(Nc2nc3c(cc(C(=O)N(C4CC4)C4CC4)n3CC)c3c2ncn3C)sc1C
N#CCCn1cc(-c2nc(Nc3ccc4c(c3)CCN4C(=O)c3ccc(C(F)(F)F)cc3)ncc2F)cn1,Cc1cnc(Nc2ccc3c(c2)CCN(CC#N)C3)nc1-c1cnn(C(C)C)c1
N#CCCn1cc(-c2nc(Nc3ccc4c(c3)CCN4C(=O)c3ccc(C(F)(F)F)cc3)ncc2F)cn1,CCn1c(C(=O)N(C2CC2)C2CC2)cc2c3c(ncn3C)c(Nc3nc(C)c(S(C)(=O)=O)s3)nc21
N#CCCn1cc(-c2nc(Nc3ccc4c(c3)CCN4C(=O)c3ccc(C(F)(F)F)cc3)ncc2F)cn1,Cc1cnc(Nc2ccc3c(c2)CCN(C(=O)C=CCN(C)C)C3)nc1-c1cnn(C(C)C)c1
N#CCCn1cc(-c2nc(Nc3ccc4c(c3)CCN4C(=O)c3ccc(C(F)(F)F)cc3)ncc2F)cn1,CC(NC(=O)c1c[nH]c2ncc(-c3nn(C)c4cc(Cl)cc(F)c34)nc12)C(=O)N1CC(C#N)C1
N#CCCn1cc(-c2nc(Nc3ccc4c(c3)CCN4C(=O)c3ccc(C(F)(F)F)cc3)ncc2F)cn1,CCn1c(C(=O)N(C2CC2)C2CC2)cc2c3c(ncn3C)c(Nc3nc(C)c(C)s3)nc21
N#CCCn1cc(-c2nc(Nc3ccc4c(c3)CCN4C(=O)c3ccc(C(F)(F)F)cc3)ncc2F)cn1,Cc1ccccc1-n1cc(-c2ccn(C)n2)c2[nH]nc(N)c2c1=O
N#CCCn1cc(-c2nc(Nc3ccc4c(c3)CCN4C(=O)c3ccc(C(F)(F)F)cc3)ncc2F)cn1,CC(NC(=O)c1c[nH]c2ncc(-c3nn(C)c4cc(Cl)ccc34)nc12)C(=O)N1CC(C#N)C1
N#CCCn1cc(-c2nc(Nc3ccc4c(c3)CCN4C(=O)c3ccc(C(F)(F)F)cc3)ncc2F)cn1,Cc1cnc(Nc2ccc(NS(=O)(=O)c3ccc(C(F)(F)F)cc3)c(F)c2)nc1-c1cnn(C(C)C)c1
N#CCCn1cc(-c2nc(Nc3ccc4c(c3)CCN4C(=O)c3ccc(C(F)(F)F)cc3)ncc2F)cn1,COC(=O)C=CCN1CCc2cc(Nc3ncc(C)c(-c4cnn(C(C)C)c4)n3)ccc2C1
N#CCCn1cc(-c2nc(Nc3ccc4c(c3)CCN4C(=O)c3ccc(C(F)(F)F)cc3)ncc2F)cn1,COc1ccc2c(-c3cnc4[nH]cc(C(=O)NC(C)C(=O)N5CC(C#N)C5)c4n3)nn(C)c2c1
N#CCCn1cc(-c2nc(Nc3ccc4c(c3)CCN4C(=O)c3ccc(C(F)(F)F)cc3)ncc2F)cn1,CC1(N)CCC(Nc2c(C(N)=O)cnn3cc(-c4cc[nH]n4)cc23)C1(C)C
N#CCCn1cc(-c2nc(Nc3ccc4c(c3)CCN4C(=O)c3ccc(C(F)(F)F)cc3)ncc2F)cn1,Cc1cnc(Nc2ccc3c(c2)CCN(C(=O)C=CC(=O)c2ccccc2)C3)nc1-c1cnn(C(C)C)c1
N#CCCn1cc(-c2nc(Nc3ccc4c(c3)CCN4C(=O)c3ccc(C(F)(F)F)cc3)ncc2F)cn1,CC(NC(=O)c1c[nH]c2ncc(-c3nn(C)c4cc(C#N)ccc34)nc12)C(=O)N1CC(C#N)C1
N#CCCn1cc(-c2nc(Nc3ccc4c(c3)CCN4C(=O)c3ccc(C(F)(F)F)cc3)ncc2F)cn1,CCn1c(C(=O)N(C2CC2)C2CC2)cc2c3c(ncn3C)c(Nc3cc(C)n(C)n3)nc21
N#CCCn1cc(-c2nc(Nc3ccc4c(c3)CCN4C(=O)c3ccc(C(F)(F)F)cc3)ncc2F)cn1,CC(C)C(C)n1cc(-c2cc(N3CCS(=O)(=O)CC3)n(C)n2)c2[nH]nc(N)c2c1=O
N#CCCn1cc(-c2nc(Nc3ccc4c(c3)CCN4C(=O)c3ccc(C(F)(F)F)cc3)ncc2F)cn1,N#CCCn1cc(-c2nc(Nc3ccc4c(c3)CCN4C(=O)CN3CCS(=O)(=O)CC3)ncc2F)cn1
N#CCCn1cc(-c2nc(Nc3ccc4c(c3)CCN4C(=O)c3ccc(C(F)(F)F)cc3)ncc2F)cn1,CC(C)C(C)n1cc(-c2cc(C3CCOCC3)n(C)n2)c2[nH]nc(N)c2c1=O
N#CCCn1cc(-c2nc(Nc3ccc4c(c3)CCN4C(=O)c3ccc(C(F)(F)F)cc3)ncc2F)cn1,Cc1cnc(Nc2ccc3c(c2)CN(C(=O)C=CCN(C)C)CC3)nc1-c1cnn(C(C)C)c1
N#CCCn1cc(-c2nc(Nc3ccc4c(c3)CCN4C(=O)c3ccc(C(F)(F)F)cc3)ncc2F)cn1,Cc1cnc(Nc2ccc3c(c2)CN(C(=O)C=CC(=O)c2ccccc2)CC3)nc1-c1cnn(C(C)C)c1
N#CCCn1cc(-c2nc(Nc3ccc4c(c3)CCN4C(=O)c3ccc(C(F)(F)F)cc3)ncc2F)cn1,N#CCCn1cc(-c2nc(Nc3ccc4c(c3)CCN4C(=O)C3(C#N)CC3)ncc2F)cn1
N#CCCn1cc(-c2nc(Nc3ccc4c(c3)CCN4C(=O)c3ccc(C(F)(F)F)cc3)ncc2F)cn1,CCn1c(C(=O)N(C2CC2)C2CC2)cc2c3c(ncn3C)c(Nc3nc(C)c(C(=O)NC)s3)nc21
N#CCCn1cc(-c2nc(Nc3ccc4c(c3)CCN4C(=O)c3ccc(C(F)(F)F)cc3)ncc2F)cn1,Cn1nc(-c2cnc3[nH]cc(C(=O)NC(C(=O)N4CC(C#N)C4)C(C)(C)C)c3n2)c2ccc(Cl)cc21
N#CCCn1cc(-c2nc(Nc3ccc4c(c3)CCN4C(=O)c3ccc(C(F)(F)F)cc3)ncc2F)cn1,CCOC(C)n1cc(-c2nc(Nc3ccc4c(c3)CCN4S(=O)(=O)c3ccc(C(F)(F)F)cc3)ncc2C)cn1
CCn1cc(-c2cccc3nc(Nc4ccnc(CO)c4)nn23)cn1,O=C(Nc1nc2cccc(-c3ccc(C(=O)N4CCC(F)(F)CC4)cc3)n2n1)C1CC1
CCn1cc(-c2cccc3nc(Nc4ccnc(CO)c4)nn23)cn1,O=C(Nc1nc2cccc(-c3ccc(C(=O)N4CC(F)(F)C4)cc3)n2n1)C1CC1
CCn1cc(-c2cccc3nc(Nc4ccnc(CO)c4)nn23)cn1,N#CCNC(=O)c1ccc(-c2cccc3nc(NC(=O)C4CC4)nn23)cc1
CCn1cc(-c2cccc3nc(Nc4ccnc(CO)c4)nn23)cn1,N#CC1CN(C(=O)c2ccc(-c3cccc4nc(NC(=O)C5CC5)nn34)cc2)C1
CCn1cc(-c2cccc3nc(Nc4ccnc(CO)c4)nn23)cn1,O=C(Nc1nc2cccc(-c3ccc(CN4CCS(=O)(=O)CC4)cc3)n2n1)C1CC1
CCn1cc(-c2cccc3nc(Nc4ccnc(CO)c4)nn23)cn1,N#CCCn1cc(-c2nc(Nc3ccc4c(c3)CCN4C(=O)CN3CCS(=O)(=O)CC3)ncc2F)cn1
CCn1cc(-c2cccc3nc(Nc4ccnc(CO)c4)nn23)cn1,CC(C)C(C)n1cc(-c2cc(C3CCOCC3)n(C)n2)c2[nH]nc(N)c2c1=O
CCn1cc(-c2cccc3nc(Nc4ccnc(CO)c4)nn23)cn1,N#CCCn1cc(-c2nc(Nc3ccc4c(c3)CCN4C(=O)C3(C#N)CC3)ncc2F)cn1
CCn1cc(-c2cccc3nc(Nc4ccnc(CO)c4)nn23)cn1,CCOC(C)n1cc(-c2nc(Nc3ccc4c(c3)CCN4S(=O)(=O)c3ccc(C(F)(F)F)cc3)ncc2C)cn1
CCn1cc(-c2cccc3nc(Nc4ccnc(CO)c4)nn23)cn1,C=C(C#N)C(O)c1ccc(-c2cccc3nc(NC(=O)C4CC4)nn23)cc1
O=C(Nc1nccc2nc(-c3c(Cl)cccc3Cl)[nH]c12)C1CC1,Cc1cc(Nc2nccc3nc(-c4c(Cl)cc(C#N)cc4Cl)[nH]c23)ncn1
Cc1ccc(Cl)cc1-c1c(C(N)=O)cc(-c2ccnc(N)n2)n1C,CCn1c(C(=O)N(C2CC2)C2CC2)cc2c3c(ncn3C)c(Nc3nc(C)c(C(=O)NC)s3)nc21
Cc1cnc(Nc2ccc3c(c2)CCN3C(=O)CN2CCS(=O)(=O)CC2)nc1-c1cnn(C(C)C)c1,Cc1ccc(C(=O)C=CC(=O)N2CCc3ccc(Nc4ncc(C)c(-c5cnn(C(C)C)c5)n4)cc3C2)cc1
Cc1cnc(Nc2ccc3c(c2)CCN3C(=O)CN2CCS(=O)(=O)CC2)nc1-c1cnn(C(C)C)c1,CCn1c(C(=O)N(C2CC2)C2CC2)cc2c3c(ncn3C)c(Nc3nc(C(=O)NC)c(C)s3)nc21
Cc1cnc(Nc2ccc3c(c2)CCN3C(=O)CN2CCS(=O)(=O)CC2)nc1-c1cnn(C(C)C)c1,CCn1c(C(=O)N(C2CC2)C2CC2)cc2c3c(ncn3C)c(Nc3nc(C)cs3)nc21
Cc1cnc(Nc2ccc3c(c2)CCN3C(=O)CN2CCS(=O)(=O)CC2)nc1-c1cnn(C(C)C)c1,CCn1c(C(=O)N(C2CC2)C2CC2)cc2c3c(ncn3C)c(Nc3ncc(C)s3)nc21
Cc1cnc(Nc2ccc3c(c2)CCN3C(=O)CN2CCS(=O)(=O)CC2)nc1-c1cnn(C(C)C)c1,Cc1ccc(C(=O)C=CC(=O)N2CCc3cc(Nc4ncc(C)c(-c5cnn(C(C)C)c5)n4)ccc3C2)cc1
Cc1cnc(Nc2ccc3c(c2)CCN3C(=O)CN2CCS(=O)(=O)CC2)nc1-c1cnn(C(C)C)c1,Cn1nc(-c2cnc3[nH]cc(C(=O)NC(C(=O)N4CC(C#N)C4)C4CC4)c3n2)c2ccc(Cl)cc21
Cc1cnc(Nc2ccc3c(c2)CCN3C(=O)CN2CCS(=O)(=O)CC2)nc1-c1cnn(C(C)C)c1,CCn1c(C(=O)N(C2CC2)C2CC2)cc2c3c(ncn3C)c(Nc3nccs3)nc21
Cc1cnc(Nc2ccc3c(c2)CCN3C(=O)CN2CCS(=O)(=O)CC2)nc1-c1cnn(C(C)C)c1,CCn1c(C(=O)N(C2CC2)C2CC2)cc2c3c(ncn3C)c(Nc3cc(C)nn3C)nc21
Cc1cnc(Nc2ccc3c(c2)CCN3C(=O)CN2CCS(=O)(=O)CC2)nc1-c1cnn(C(C)C)c1,CCc1nc(Nc2nc3c(cc(C(=O)N(C4CC4)C4CC4)n3CC)c3c2ncn3C)sc1C
Cc1cnc(Nc2ccc3c(c2)CCN3C(=O)CN2CCS(=O)(=O)CC2)nc1-c1cnn(C(C)C)c1,Cc1cnc(Nc2ccc3c(c2)CCN(CC#N)C3)nc1-c1cnn(C(C)C)c1
Cc1cnc(Nc2ccc3c(c2)CCN3C(=O)CN2CCS(=O)(=O)CC2)nc1-c1cnn(C(C)C)c1,CCn1c(C(=O)N(C2CC2)C2CC2)cc2c3c(ncn3C)c(Nc3nc(C)c(S(C)(=O)=O)s3)nc21
Cc1cnc(Nc2ccc3c(c2)CCN3C(=O)CN2CCS(=O)(=O)CC2)nc1-c1cnn(C(C)C)c1,Cc1cnc(Nc2ccc3c(c2)CCN(C(=O)C=CCN(C)C)C3)nc1-c1cnn(C(C)C)c1
Cc1cnc(Nc2ccc3c(c2)CCN3C(=O)CN2CCS(=O)(=O)CC2)nc1-c1cnn(C(C)C)c1,CCn1c(C(=O)N(C2CC2)C2CC2)cc2c3c(ncn3C)c(Nc3nc(C)c(C)s3)nc21
Cc1cnc(Nc2ccc3c(c2)CCN3C(=O)CN2CCS(=O)(=O)CC2)nc1-c1cnn(C(C)C)c1,Cc1cnc(Nc2ccc(NS(=O)(=O)c3ccc(C(F)(F)F)cc3)c(F)c2)nc1-c1cnn(C(C)C)c1
Cc1cnc(Nc2ccc3c(c2)CCN3C(=O)CN2CCS(=O)(=O)CC2)nc1-c1cnn(C(C)C)c1,COC(=O)C=CCN1CCc2cc(Nc3ncc(C)c(-c4cnn(C(C)C)c4)n3)ccc2C1
Cc1cnc(Nc2ccc3c(c2)CCN3C(=O)CN2CCS(=O)(=O)CC2)nc1-c1cnn(C(C)C)c1,Cc1cnc(Nc2ccc3c(c2)CCN(C(=O)C=CC(=O)c2ccccc2)C3)nc1-c1cnn(C(C)C)c1
Cc1cnc(Nc2ccc3c(c2)CCN3C(=O)CN2CCS(=O)(=O)CC2)nc1-c1cnn(C(C)C)c1,CCn1c(C(=O)N(C2CC2)C2CC2)cc2c3c(ncn3C)c(Nc3cc(C)n(C)n3)nc21
Cc1cnc(Nc2ccc3c(c2)CCN3C(=O)CN2CCS(=O)(=O)CC2)nc1-c1cnn(C(C)C)c1,CC(C)C(C)n1cc(-c2cc(N3CCS(=O)(=O)CC3)n(C)n2)c2[nH]nc(N)c2c1=O
Cc1cnc(Nc2ccc3c(c2)CCN3C(=O)CN2CCS(=O)(=O)CC2)nc1-c1cnn(C(C)C)c1,N#CCCn1cc(-c2nc(Nc3ccc4c(c3)CCN4C(=O)CN3CCS(=O)(=O)CC3)ncc2F)cn1
Cc1cnc(Nc2ccc3c(c2)CCN3C(=O)CN2CCS(=O)(=O)CC2)nc1-c1cnn(C(C)C)c1,Cc1cnc(Nc2ccc3c(c2)CN(C(=O)C=CCN(C)C)CC3)nc1-c1cnn(C(C)C)c1
Cc1cnc(Nc2ccc3c(c2)CCN3C(=O)CN2CCS(=O)(=O)CC2)nc1-c1cnn(C(C)C)c1,Cc1cnc(Nc2ccc3c(c2)CN(C(=O)C=CC(=O)c2ccccc2)CC3)nc1-c1cnn(C(C)C)c1
Cc1cnc(Nc2ccc3c(c2)CCN3C(=O)CN2CCS(=O)(=O)CC2)nc1-c1cnn(C(C)C)c1,N#CCCn1cc(-c2nc(Nc3ccc4c(c3)CCN4C(=O)C3(C#N)CC3)ncc2F)cn1
Cc1cnc(Nc2ccc3c(c2)CCN3C(=O)CN2CCS(=O)(=O)CC2)nc1-c1cnn(C(C)C)c1,CCn1c(C(=O)N(C2CC2)C2CC2)cc2c3c(ncn3C)c(Nc3nc(C)c(C(=O)NC)s3)nc21
Cc1cnc(Nc2ccc3c(c2)CCN3C(=O)CN2CCS(=O)(=O)CC2)nc1-c1cnn(C(C)C)c1,CCOC(C)n1cc(-c2nc(Nc3ccc4c(c3)CCN4S(=O)(=O)c3ccc(C(F)(F)F)cc3)ncc2C)cn1
CC12OC(CC1(O)CO)n1c3ccccc3c3c4c(c5c6ccccc6n2c5c31)CNC4=O,COc1ccccc1-c1cc2c(NC3CCC(C)(N)C3(C)C)c(C(N)=O)cnn2c1
CC12OC(CC1(O)CO)n1c3ccccc3c3c4c(c5c6ccccc6n2c5c31)CNC4=O,N#CCC(=O)N1CCCC(n2c(=O)[nH]c3cnc4[nH]ccc4c32)C1
CC12OC(CC1(O)CO)n1c3ccccc3c3c4c(c5c6ccccc6n2c5c31)CNC4=O,N#CCC1CCC(n2c(CC(=O)NCc3ccc(F)cc3)nc3cnc4[nH]ccc4c32)CC1
CC12OC(CC1(O)CO)n1c3ccccc3c3c4c(c5c6ccccc6n2c5c31)CNC4=O,COc1cc2c(=O)n(C3CCCN(C(=O)CC#N)C3)c3c4cc[nH]c4ncc3c2cc1OC
CC12OC(CC1(O)CO)n1c3ccccc3c3c4c(c5c6ccccc6n2c5c31)CNC4=O,CCn1c(C(=O)N(C2CC2)C2CC2)cc2c3c(ncn3C)c(Nc3nc(C(=O)NC)c(C)s3)nc21
CC12OC(CC1(O)CO)n1c3ccccc3c3c4c(c5c6ccccc6n2c5c31)CNC4=O,CCn1c(C(=O)N(C2CC2)C2CC2)cc2c3c(ncn3C)c(Nc3nc(C)cs3)nc21
CC12OC(CC1(O)CO)n1c3ccccc3c3c4c(c5c6ccccc6n2c5c31)CNC4=O,CCn1c(C(=O)N(C2CC2)C2CC2)cc2c3c(ncn3C)c(Nc3ncc(C)s3)nc21
CC12OC(CC1(O)CO)n1c3ccccc3c3c4c(c5c6ccccc6n2c5c31)CNC4=O,CC(NC(=O)c1c[nH]c2ncc(-n3ncc4cc(Cl)ccc43)nc12)C(=O)N1CC(C#N)C1
CC12OC(CC1(O)CO)n1c3ccccc3c3c4c(c5c6ccccc6n2c5c31)CNC4=O,CC1(N)CCC(Nc2c(C(N)=O)cnn3cc(-c4ccncc4)cc23)C1(C)C
CC12OC(CC1(O)CO)n1c3ccccc3c3c4c(c5c6ccccc6n2c5c31)CNC4=O,CCOc1ccc(-c2cc3c(NC4CCC(C)(N)C4(C)C)c(C(N)=O)cnn3c2)cn1
CC12OC(CC1(O)CO)n1c3ccccc3c3c4c(c5c6ccccc6n2c5c31)CNC4=O,CC(NC(=O)c1c[nH]c2ncc(-c3cn(C)c4cc(Cl)ccc34)nc12)C(=O)N1CC(C#N)C1
CC12OC(CC1(O)CO)n1c3ccccc3c3c4c(c5c6ccccc6n2c5c31)CNC4=O,COc1cc2c(=O)n(C(C(=O)N3CC(C#N)C3)C(C)C)c3c4cc[nH]c4ncc3c2cc1OC
CC12OC(CC1(O)CO)n1c3ccccc3c3c4c(c5c6ccccc6n2c5c31)CNC4=O,CC1(N)CCC(Nc2c(C(N)=O)cnn3cc(-c4cccnc4)cc23)C1(C)C
CC12OC(CC1(O)CO)n1c3ccccc3c3c4c(c5c6ccccc6n2c5c31)CNC4=O,N#CCC1CCC(n2c(CNC(=O)CC3CC3)nc3cnc4[nH]ccc4c32)CC1
CC12OC(CC1(O)CO)n1c3ccccc3c3c4c(c5c6ccccc6n2c5c31)CNC4=O,Cn1nc(-c2cnc3[nH]cc(C(=O)NC(C(=O)N4CC(C#N)C4)C4CC4)c3n2)c2ccc(Cl)cc21
CC12OC(CC1(O)CO)n1c3ccccc3c3c4c(c5c6ccccc6n2c5c31)CNC4=O,COc1cccc(-c2cc3c(NC4CCC(C)(N)C4(C)C)c(C(N)=O)cnn3c2)c1
CC12OC(CC1(O)CO)n1c3ccccc3c3c4c(c5c6ccccc6n2c5c31)CNC4=O,CC1(N)CCC(Nc2c(C(N)=O)cnn3cc(-c4ccc(Cl)cc4)cc23)C1(C)C
CC12OC(CC1(O)CO)n1c3ccccc3c3c4c(c5c6ccccc6n2c5c31)CNC4=O,CCC(C(=O)N1CC(C#N)C1)n1c(=O)c2cc(OC)c(OC)cc2c2cnc3[nH]ccc3c21
CC12OC(CC1(O)CO)n1c3ccccc3c3c4c(c5c6ccccc6n2c5c31)CNC4=O,CCN(CC)CCNC(=O)c1c(C)[nH]c(C=C2C(=O)Nc3ccc(F)cc32)c1C
CC12OC(CC1(O)CO)n1c3ccccc3c3c4c(c5c6ccccc6n2c5c31)CNC4=O,CC1(N)CCC(Nc2c(C(N)=O)cnn3cc(-c4ccccc4)cc23)C1(C)C
CC12OC(CC1(O)CO)n1c3ccccc3c3c4c(c5c6ccccc6n2c5c31)CNC4=O,CC1(N)CCC(Nc2c(C(N)=O)cnn3cc(-c4ccnc(F)c4)cc23)C1(C)C
CC12OC(CC1(O)CO)n1c3ccccc3c3c4c(c5c6ccccc6n2c5c31)CNC4=O,CCn1c(C(=O)N(C2CC2)C2CC2)cc2c3c(ncn3C)c(Nc3nccs3)nc21
CC12OC(CC1(O)CO)n1c3ccccc3c3c4c(c5c6ccccc6n2c5c31)CNC4=O,O=C1NC(=O)C(c2c[nH]c3ccccc23)=C1Nc1cccc(OC2CN(c3ccnc(F)c3)C2)c1
CC12OC(CC1(O)CO)n1c3ccccc3c3c4c(c5c6ccccc6n2c5c31)CNC4=O,CC1(N)CCC(Nc2c(C(N)=O)cnn3cc(-c4cccc(Cl)c4)cc23)C1(C)C
CC12OC(CC1(O)CO)n1c3ccccc3c3c4c(c5c6ccccc6n2c5c31)CNC4=O,COc1ccc(-c2cc3c(NC(CO)C(C)O)c(C(N)=O)cnn3c2)cn1
CC12OC(CC1(O)CO)n1c3ccccc3c3c4c(c5c6ccccc6n2c5c31)CNC4=O,CCn1c(C(=O)N(C2CC2)C2CC2)cc2c3c(ncn3C)c(Nc3cc(C)nn3C)nc21
CC12OC(CC1(O)CO)n1c3ccccc3c3c4c(c5c6ccccc6n2c5c31)CNC4=O,CCOC(=O)C(CC)n1c(=O)c2cc(OC)c(OC)cc2c2cnc3[nH]ccc3c21
CC12OC(CC1(O)CO)n1c3ccccc3c3c4c(c5c6ccccc6n2c5c31)CNC4=O,CCc1nc(Nc2nc3c(cc(C(=O)N(C4CC4)C4CC4)n3CC)c3c2ncn3C)sc1C
CC12OC(CC1(O)CO)n1c3ccccc3c3c4c(c5c6ccccc6n2c5c31)CNC4=O,Cc1cc(-c2cc3c(NC4CCC(C)(N)C4(C)C)c(C(N)=O)cnn3c2)ccn1
CC12OC(CC1(O)CO)n1c3ccccc3c3c4c(c5c6ccccc6n2c5c31)CNC4=O,Cn1cc(C2=C(Nc3cccc(OCCNc4ccnc(F)c4)c3)C(=O)NC2=O)c2ccccc21
CC12OC(CC1(O)CO)n1c3ccccc3c3c4c(c5c6ccccc6n2c5c31)CNC4=O,CCn1c(C(=O)N(C2CC2)C2CC2)cc2c3c(ncn3C)c(Nc3nc(C)c(S(C)(=O)=O)s3)nc21
CC12OC(CC1(O)CO)n1c3ccccc3c3c4c(c5c6ccccc6n2c5c31)CNC4=O,Cc1nc2cnc3ccc(-c4cc(Cl)c(O)c(Cl)c4)cc3c2n1C1CCN(C)CC1
CC12OC(CC1(O)CO)n1c3ccccc3c3c4c(c5c6ccccc6n2c5c31)CNC4=O,COc1ccc(-c2cc3c(NC(CO)CO)c(C(N)=O)cnn3c2)cn1
CC12OC(CC1(O)CO)n1c3ccccc3c3c4c(c5c6ccccc6n2c5c31)CNC4=O,CC(C)Oc1ccc(-c2cc3c(NC4CCC(C)(N)C4(C)C)c(C(N)=O)cnn3c2)cn1
CC12OC(CC1(O)CO)n1c3ccccc3c3c4c(c5c6ccccc6n2c5c31)CNC4=O,CC(NC(=O)c1c[nH]c2ncc(-c3nn(C)c4cc(Cl)cc(F)c34)nc12)C(=O)N1CC(C#N)C1
CC12OC(CC1(O)CO)n1c3ccccc3c3c4c(c5c6ccccc6n2c5c31)CNC4=O,CC1(N)CCC(Nc2c(C(N)=O)cnn3cc(-c4ccccc4F)cc23)C1(C)C
CC12OC(CC1(O)CO)n1c3ccccc3c3c4c(c5c6ccccc6n2c5c31)CNC4=O,CCn1c(C(=O)N(C2CC2)C2CC2)cc2c3c(ncn3C)c(Nc3nc(C)c(C)s3)nc21
CC12OC(CC1(O)CO)n1c3ccccc3c3c4c(c5c6ccccc6n2c5c31)CNC4=O,Cc1ccccc1-n1cc(-c2ccn(C)n2)c2[nH]nc(N)c2c1=O
CC12OC(CC1(O)CO)n1c3ccccc3c3c4c(c5c6ccccc6n2c5c31)CNC4=O,CC(NC(=O)c1c[nH]c2ncc(-c3nn(C)c4cc(Cl)ccc34)nc12)C(=O)N1CC(C#N)C1
CC12OC(CC1(O)CO)n1c3ccccc3c3c4c(c5c6ccccc6n2c5c31)CNC4=O,CC(C)C(C)n1cc(-c2ccn(C)n2)c2[nH]nc(N)c2c1=O
CC12OC(CC1(O)CO)n1c3ccccc3c3c4c(c5c6ccccc6n2c5c31)CNC4=O,N#CC(C#N)=Cc1ccc(-c2nc3cnc4[nH]ccc4c3n2C2CCCCC2)o1
CC12OC(CC1(O)CO)n1c3ccccc3c3c4c(c5c6ccccc6n2c5c31)CNC4=O,COc1ccc2c(-c3cnc4[nH]cc(C(=O)NC(C)C(=O)N5CC(C#N)C5)c4n3)nn(C)c2c1
CC12OC(CC1(O)CO)n1c3ccccc3c3c4c(c5c6ccccc6n2c5c31)CNC4=O,O=C1NC(=O)C(c2c[nH]c3ccccc23)=C1Nc1cccc(OCCNc2ccnc(F)c2)c1
CC12OC(CC1(O)CO)n1c3ccccc3c3c4c(c5c6ccccc6n2c5c31)CNC4=O,CCC(C(C)C)n1cc(-c2ccn(C)n2)c2[nH]nc(N)c2c1=O
CC12OC(CC1(O)CO)n1c3ccccc3c3c4c(c5c6ccccc6n2c5c31)CNC4=O,CC1(N)CCC(Nc2c(C(N)=O)cnn3cc(-c4ccccc4Cl)cc23)C1(C)C
CC12OC(CC1(O)CO)n1c3ccccc3c3c4c(c5c6ccccc6n2c5c31)CNC4=O,NC(=O)c1cnn2cccc2c1NCc1cccc(NC(=O)Cn2sc3ccccc3c2=O)c1
CC12OC(CC1(O)CO)n1c3ccccc3c3c4c(c5c6ccccc6n2c5c31)CNC4=O,CCC(C)n1cc(-c2ccn(C)n2)c2[nH]nc(N)c2c1=O
CC12OC(CC1(O)CO)n1c3ccccc3c3c4c(c5c6ccccc6n2c5c31)CNC4=O,N#CNC1CC(NS(=O)(=O)c2cccc(F)c2)c2ccc(-c3ncnc4[nH]ccc34)cc21
CC12OC(CC1(O)CO)n1c3ccccc3c3c4c(c5c6ccccc6n2c5c31)CNC4=O,COc1ccc(-c2cc3c(NC(CO)CC(C)C)c(C(N)=O)cnn3c2)cn1
CC12OC(CC1(O)CO)n1c3ccccc3c3c4c(c5c6ccccc6n2c5c31)CNC4=O,COc1ccc(-c2cc3c(NC4CCC(C)(N)C4(C)C)c(C(N)=O)cnn3c2)cc1
CC12OC(CC1(O)CO)n1c3ccccc3c3c4c(c5c6ccccc6n2c5c31)CNC4=O,CC(C)(O)C(=O)N1CCN(c2ccc(C(F)(F)F)c(C3=C(c4c[nH]c5ccccc45)C(=O)NC3=O)c2)CC1
CC12OC(CC1(O)CO)n1c3ccccc3c3c4c(c5c6ccccc6n2c5c31)CNC4=O,O=C1NC(=O)C(c2c[nH]c3ccccc23)=C1Nc1ccc(OCCNc2ccnc(F)c2)cc1
CC12OC(CC1(O)CO)n1c3ccccc3c3c4c(c5c6ccccc6n2c5c31)CNC4=O,CC1(N)CCC(Nc2c(C(N)=O)cnn3cc(-c4cc[nH]n4)cc23)C1(C)C
CC12OC(CC1(O)CO)n1c3ccccc3c3c4c(c5c6ccccc6n2c5c31)CNC4=O,CC(NC(=O)c1c[nH]c2ncc(-c3nn(C)c4ccccc34)nc12)C(=O)N1CC(C#N)C1
CC12OC(CC1(O)CO)n1c3ccccc3c3c4c(c5c6ccccc6n2c5c31)CNC4=O,CC(NC(=O)c1c[nH]c2ncc(-c3nn(C)c4cc(C#N)ccc34)nc12)C(=O)N1CC(C#N)C1
CC12OC(CC1(O)CO)n1c3ccccc3c3c4c(c5c6ccccc6n2c5c31)CNC4=O,CC1(N)CCC(Nc2c(C(N)=O)cnn3cc(-c4cccc(F)c4)cc23)C1(C)C
CC12OC(CC1(O)CO)n1c3ccccc3c3c4c(c5c6ccccc6n2c5c31)CNC4=O,CCn1c(C(=O)N(C2CC2)C2CC2)cc2c3c(ncn3C)c(Nc3cc(C)n(C)n3)nc21
CC12OC(CC1(O)CO)n1c3ccccc3c3c4c(c5c6ccccc6n2c5c31)CNC4=O,COc1ccc(-c2cc3c(NC(CO)CC4CC4)c(C(N)=O)cnn3c2)cn1
CC12OC(CC1(O)CO)n1c3ccccc3c3c4c(c5c6ccccc6n2c5c31)CNC4=O,CC1CCN(C(=O)CC#N)CC1n1c(=O)[nH]c2cnc3[nH]ccc3c21
CC12OC(CC1(O)CO)n1c3ccccc3c3c4c(c5c6ccccc6n2c5c31)CNC4=O,COc1ccc(S(=O)(=O)NC2CC(NC#N)c3cc(-c4ncnc5[nH]ccc45)ccc32)cc1
CC12OC(CC1(O)CO)n1c3ccccc3c3c4c(c5c6ccccc6n2c5c31)CNC4=O,CC(C)C(C)n1cc(-c2cc(N3CCS(=O)(=O)CC3)n(C)n2)c2[nH]nc(N)c2c1=O
CC12OC(CC1(O)CO)n1c3ccccc3c3c4c(c5c6ccccc6n2c5c31)CNC4=O,Cc1ccc(-c2cc3c(NC4CCC(C)(N)C4(C)C)c(C(N)=O)cnn3c2)cc1
CC12OC(CC1(O)CO)n1c3ccccc3c3c4c(c5c6ccccc6n2c5c31)CNC4=O,O=C(Nc1nc2cccc(C3=CCN(C(=O)C4CC4(F)F)CC3)n2n1)C1CC1
CC12OC(CC1(O)CO)n1c3ccccc3c3c4c(c5c6ccccc6n2c5c31)CNC4=O,N#CC=Cc1ccc(-c2nc3cnc4[nH]ccc4c3n2C2CCCCC2)o1
CC12OC(CC1(O)CO)n1c3ccccc3c3c4c(c5c6ccccc6n2c5c31)CNC4=O,CC(C)(O)CNC(=O)Cc1nc2cnc3[nH]ccc3c2n1C1CCC(CC#N)CC1
CC12OC(CC1(O)CO)n1c3ccccc3c3c4c(c5c6ccccc6n2c5c31)CNC4=O,CC(C)C(C)n1cc(-c2cc(C3CCOCC3)n(C)n2)c2[nH]nc(N)c2c1=O
CC12OC(CC1(O)CO)n1c3ccccc3c3c4c(c5c6ccccc6n2c5c31)CNC4=O,Cc1cnccc1-c1cc2c(NC3CCC(C)(N)C3(C)C)c(C(N)=O)cnn2c1
CC12OC(CC1(O)CO)n1c3ccccc3c3c4c(c5c6ccccc6n2c5c31)CNC4=O,CC1(N)CCC(Nc2c(C(N)=O)cnn3cc(-c4ccc(F)nc4)cc23)C1(C)C
CC12OC(CC1(O)CO)n1c3ccccc3c3c4c(c5c6ccccc6n2c5c31)CNC4=O,CC(=O)NC1CCc2ccc(Oc3cnc4[nH]cc(C(=O)NC(C(=O)N5CC(C#N)C5)C5CC5)c4n3)cc21
CC12OC(CC1(O)CO)n1c3ccccc3c3c4c(c5c6ccccc6n2c5c31)CNC4=O,CC1(N)CCC(Nc2c(C(N)=O)cnn3cc(-c4cccc(C#N)c4)cc23)C1(C)C
CC12OC(CC1(O)CO)n1c3ccccc3c3c4c(c5c6ccccc6n2c5c31)CNC4=O,CC1CCN(C(=O)CC#N)CC1n1c(=O)n(C)c2cnc3[nH]ccc3c21
CC12OC(CC1(O)CO)n1c3ccccc3c3c4c(c5c6ccccc6n2c5c31)CNC4=O,Cn1ccc(-c2cn(-c3ccccc3Cl)c(=O)c3c(N)n[nH]c23)n1
CC12OC(CC1(O)CO)n1c3ccccc3c3c4c(c5c6ccccc6n2c5c31)CNC4=O,COc1ccc(-c2cc3c(NC4CCC(C)(N)C4(C)C)c(C(N)=O)cnn3c2)cn1
CC12OC(CC1(O)CO)n1c3ccccc3c3c4c(c5c6ccccc6n2c5c31)CNC4=O,N#CCCc1ccc(-c2nc3cnc4[nH]ccc4c3n2C2CCCCC2)o1
CC12OC(CC1(O)CO)n1c3ccccc3c3c4c(c5c6ccccc6n2c5c31)CNC4=O,CC1(N)CCC(Nc2c(C(N)=O)cnn3cc(-c4ccc(C#N)cc4)cc23)C1(C)C
CC12OC(CC1(O)CO)n1c3ccccc3c3c4c(c5c6ccccc6n2c5c31)CNC4=O,CCn1c(C(=O)N(C2CC2)C2CC2)cc2c3c(ncn3C)c(Nc3nc(C)c(C(=O)NC)s3)nc21
CC12OC(CC1(O)CO)n1c3ccccc3c3c4c(c5c6ccccc6n2c5c31)CNC4=O,Cc1[nH]c(C=C2C(=O)Nc3ccc(F)cc32)c(C)c1C(=O)NCC(O)CN1CCOCC1
CC12OC(CC1(O)CO)n1c3ccccc3c3c4c(c5c6ccccc6n2c5c31)CNC4=O,Cn1nc(-c2cnc3[nH]cc(C(=O)NC(C(=O)N4CC(C#N)C4)C(C)(C)C)c3n2)c2ccc(Cl)cc21
CC12OC(CC1(O)CO)n1c3ccccc3c3c4c(c5c6ccccc6n2c5c31)CNC4=O,COc1cc(-c2cc3c(NC4CCC(C)(N)C4(C)C)c(C(N)=O)cnn3c2)ccn1
CC12OC(CC1(O)CO)n1c3ccccc3c3c4c(c5c6ccccc6n2c5c31)CNC4=O,CCOC(C)n1cc(-c2nc(Nc3ccc4c(c3)CCN4S(=O)(=O)c3ccc(C(F)(F)F)cc3)ncc2C)cn1
CC12OC(CC1(O)CO)n1c3ccccc3c3c4c(c5c6ccccc6n2c5c31)CNC4=O,O=C1NC(=O)C(c2c[nH]c3ccccc23)=C1Nc1ccc(OCCCNc2ccnc(F)c2)cc1
CN1C(=O)COc2c1cnc1ccc(Sc3nnc4c(F)cc(-c5cnn(C)c5)cn34)cc21,COc1ccccc1-c1cc2c(NC3CCC(C)(N)C3(C)C)c(C(N)=O)cnn2c1
CN1C(=O)COc2c1cnc1ccc(Sc3nnc4c(F)cc(-c5cnn(C)c5)cn34)cc21,CCn1c(C(=O)N(C2CC2)C2CC2)cc2c3c(ncn3C)c(Nc3nc(C(=O)NC)c(C)s3)nc21
CN1C(=O)COc2c1cnc1ccc(Sc3nnc4c(F)cc(-c5cnn(C)c5)cn34)cc21,CCn1c(C(=O)N(C2CC2)C2CC2)cc2c3c(ncn3C)c(Nc3nc(C)cs3)nc21
CN1C(=O)COc2c1cnc1ccc(Sc3nnc4c(F)cc(-c5cnn(C)c5)cn34)cc21,CCn1c(C(=O)N(C2CC2)C2CC2)cc2c3c(ncn3C)c(Nc3ncc(C)s3)nc21
CN1C(=O)COc2c1cnc1ccc(Sc3nnc4c(F)cc(-c5cnn(C)c5)cn34)cc21,CC1(N)CCC(Nc2c(C(N)=O)cnn3cc(-c4ccncc4)cc23)C1(C)C
CN1C(=O)COc2c1cnc1ccc(Sc3nnc4c(F)cc(-c5cnn(C)c5)cn34)cc21,CCOc1ccc(-c2cc3c(NC4CCC(C)(N)C4(C)C)c(C(N)=O)cnn3c2)cn1
CN1C(=O)COc2c1cnc1ccc(Sc3nnc4c(F)cc(-c5cnn(C)c5)cn34)cc21,CC(NC(=O)c1c[nH]c2ncc(-c3cn(C)c4cc(Cl)ccc34)nc12)C(=O)N1CC(C#N)C1
CN1C(=O)COc2c1cnc1ccc(Sc3nnc4c(F)cc(-c5cnn(C)c5)cn34)cc21,CC1(N)CCC(Nc2c(C(N)=O)cnn3cc(-c4cccnc4)cc23)C1(C)C
CN1C(=O)COc2c1cnc1ccc(Sc3nnc4c(F)cc(-c5cnn(C)c5)cn34)cc21,Cn1nc(-c2cnc3[nH]cc(C(=O)NC(C(=O)N4CC(C#N)C4)C4CC4)c3n2)c2ccc(Cl)cc21
CN1C(=O)COc2c1cnc1ccc(Sc3nnc4c(F)cc(-c5cnn(C)c5)cn34)cc21,COc1cccc(-c2cc3c(NC4CCC(C)(N)C4(C)C)c(C(N)=O)cnn3c2)c1
CN1C(=O)COc2c1cnc1ccc(Sc3nnc4c(F)cc(-c5cnn(C)c5)cn34)cc21,CC1(N)CCC(Nc2c(C(N)=O)cnn3cc(-c4ccc(Cl)cc4)cc23)C1(C)C
CN1C(=O)COc2c1cnc1ccc(Sc3nnc4c(F)cc(-c5cnn(C)c5)cn34)cc21,CC1(N)CCC(Nc2c(C(N)=O)cnn3cc(-c4ccccc4)cc23)C1(C)C
CN1C(=O)COc2c1cnc1ccc(Sc3nnc4c(F)cc(-c5cnn(C)c5)cn34)cc21,CC1(N)CCC(Nc2c(C(N)=O)cnn3cc(-c4ccnc(F)c4)cc23)C1(C)C
CN1C(=O)COc2c1cnc1ccc(Sc3nnc4c(F)cc(-c5cnn(C)c5)cn34)cc21,CCn1c(C(=O)N(C2CC2)C2CC2)cc2c3c(ncn3C)c(Nc3nccs3)nc21
CN1C(=O)COc2c1cnc1ccc(Sc3nnc4c(F)cc(-c5cnn(C)c5)cn34)cc21,O=C1NC(=O)C(c2c[nH]c3ccccc23)=C1Nc1cccc(OC2CN(c3ccnc(F)c3)C2)c1
CN1C(=O)COc2c1cnc1ccc(Sc3nnc4c(F)cc(-c5cnn(C)c5)cn34)cc21,CC1(N)CCC(Nc2c(C(N)=O)cnn3cc(-c4cccc(Cl)c4)cc23)C1(C)C
CN1C(=O)COc2c1cnc1ccc(Sc3nnc4c(F)cc(-c5cnn(C)c5)cn34)cc21,COc1ccc(-c2cc3c(NC(CO)C(C)O)c(C(N)=O)cnn3c2)cn1
CN1C(=O)COc2c1cnc1ccc(Sc3nnc4c(F)cc(-c5cnn(C)c5)cn34)cc21,CCn1c(C(=O)N(C2CC2)C2CC2)cc2c3c(ncn3C)c(Nc3cc(C)nn3C)nc21
CN1C(=O)COc2c1cnc1ccc(Sc3nnc4c(F)cc(-c5cnn(C)c5)cn34)cc21,CCc1nc(Nc2nc3c(cc(C(=O)N(C4CC4)C4CC4)n3CC)c3c2ncn3C)sc1C
CN1C(=O)COc2c1cnc1ccc(Sc3nnc4c(F)cc(-c5cnn(C)c5)cn34)cc21,Cc1cc(-c2cc3c(NC4CCC(C)(N)C4(C)C)c(C(N)=O)cnn3c2)ccn1
CN1C(=O)COc2c1cnc1ccc(Sc3nnc4c(F)cc(-c5cnn(C)c5)cn34)cc21,Cn1cc(C2=C(Nc3cccc(OCCNc4ccnc(F)c4)c3)C(=O)NC2=O)c2ccccc21
CN1C(=O)COc2c1cnc1ccc(Sc3nnc4c(F)cc(-c5cnn(C)c5)cn34)cc21,CCn1c(C(=O)N(C2CC2)C2CC2)cc2c3c(ncn3C)c(Nc3nc(C)c(S(C)(=O)=O)s3)nc21
CN1C(=O)COc2c1cnc1ccc(Sc3nnc4c(F)cc(-c5cnn(C)c5)cn34)cc21,COc1ccc(-c2cc3c(NC(CO)CO)c(C(N)=O)cnn3c2)cn1
CN1C(=O)COc2c1cnc1ccc(Sc3nnc4c(F)cc(-c5cnn(C)c5)cn34)cc21,CC(C)Oc1ccc(-c2cc3c(NC4CCC(C)(N)C4(C)C)c(C(N)=O)cnn3c2)cn1
CN1C(=O)COc2c1cnc1ccc(Sc3nnc4c(F)cc(-c5cnn(C)c5)cn34)cc21,CC(NC(=O)c1c[nH]c2ncc(-c3nn(C)c4cc(Cl)cc(F)c34)nc12)C(=O)N1CC(C#N)C1
CN1C(=O)COc2c1cnc1ccc(Sc3nnc4c(F)cc(-c5cnn(C)c5)cn34)cc21,CC1(N)CCC(Nc2c(C(N)=O)cnn3cc(-c4ccccc4F)cc23)C1(C)C
CN1C(=O)COc2c1cnc1ccc(Sc3nnc4c(F)cc(-c5cnn(C)c5)cn34)cc21,CCn1c(C(=O)N(C2CC2)C2CC2)cc2c3c(ncn3C)c(Nc3nc(C)c(C)s3)nc21
CN1C(=O)COc2c1cnc1ccc(Sc3nnc4c(F)cc(-c5cnn(C)c5)cn34)cc21,Cc1ccccc1-n1cc(-c2ccn(C)n2)c2[nH]nc(N)c2c1=O
CN1C(=O)COc2c1cnc1ccc(Sc3nnc4c(F)cc(-c5cnn(C)c5)cn34)cc21,CC(NC(=O)c1c[nH]c2ncc(-c3nn(C)c4cc(Cl)ccc34)nc12)C(=O)N1CC(C#N)C1
CN1C(=O)COc2c1cnc1ccc(Sc3nnc4c(F)cc(-c5cnn(C)c5)cn34)cc21,N#CC(C#N)=Cc1ccc(-c2nc3cnc4[nH]ccc4c3n2C2CCCCC2)o1
CN1C(=O)COc2c1cnc1ccc(Sc3nnc4c(F)cc(-c5cnn(C)c5)cn34)cc21,COc1ccc2c(-c3cnc4[nH]cc(C(=O)NC(C)C(=O)N5CC(C#N)C5)c4n3)nn(C)c2c1
CN1C(=O)COc2c1cnc1ccc(Sc3nnc4c(F)cc(-c5cnn(C)c5)cn34)cc21,O=C1NC(=O)C(c2c[nH]c3ccccc23)=C1Nc1cccc(OCCNc2ccnc(F)c2)c1
CN1C(=O)COc2c1cnc1ccc(Sc3nnc4c(F)cc(-c5cnn(C)c5)cn34)cc21,CCC(C(C)C)n1cc(-c2ccn(C)n2)c2[nH]nc(N)c2c1=O
CN1C(=O)COc2c1cnc1ccc(Sc3nnc4c(F)cc(-c5cnn(C)c5)cn34)cc21,CC1(N)CCC(Nc2c(C(N)=O)cnn3cc(-c4ccccc4Cl)cc23)C1(C)C
CN1C(=O)COc2c1cnc1ccc(Sc3nnc4c(F)cc(-c5cnn(C)c5)cn34)cc21,NC(=O)c1cnn2cccc2c1NCc1cccc(NC(=O)Cn2sc3ccccc3c2=O)c1
CN1C(=O)COc2c1cnc1ccc(Sc3nnc4c(F)cc(-c5cnn(C)c5)cn34)cc21,COc1ccc(-c2cc3c(NC(CO)CC(C)C)c(C(N)=O)cnn3c2)cn1
CN1C(=O)COc2c1cnc1ccc(Sc3nnc4c(F)cc(-c5cnn(C)c5)cn34)cc21,COc1ccc(-c2cc3c(NC4CCC(C)(N)C4(C)C)c(C(N)=O)cnn3c2)cc1
CN1C(=O)COc2c1cnc1ccc(Sc3nnc4c(F)cc(-c5cnn(C)c5)cn34)cc21,CC(C)(O)C(=O)N1CCN(c2ccc(C(F)(F)F)c(C3=C(c4c[nH]c5ccccc45)C(=O)NC3=O)c2)CC1
CN1C(=O)COc2c1cnc1ccc(Sc3nnc4c(F)cc(-c5cnn(C)c5)cn34)cc21,O=C1NC(=O)C(c2c[nH]c3ccccc23)=C1Nc1ccc(OCCNc2ccnc(F)c2)cc1
CN1C(=O)COc2c1cnc1ccc(Sc3nnc4c(F)cc(-c5cnn(C)c5)cn34)cc21,CC1(N)CCC(Nc2c(C(N)=O)cnn3cc(-c4cc[nH]n4)cc23)C1(C)C
CN1C(=O)COc2c1cnc1ccc(Sc3nnc4c(F)cc(-c5cnn(C)c5)cn34)cc21,CC(NC(=O)c1c[nH]c2ncc(-c3nn(C)c4ccccc34)nc12)C(=O)N1CC(C#N)C1
CN1C(=O)COc2c1cnc1ccc(Sc3nnc4c(F)cc(-c5cnn(C)c5)cn34)cc21,CC(NC(=O)c1c[nH]c2ncc(-c3nn(C)c4cc(C#N)ccc34)nc12)C(=O)N1CC(C#N)C1
CN1C(=O)COc2c1cnc1ccc(Sc3nnc4c(F)cc(-c5cnn(C)c5)cn34)cc21,CC1(N)CCC(Nc2c(C(N)=O)cnn3cc(-c4cccc(F)c4)cc23)C1(C)C
CN1C(=O)COc2c1cnc1ccc(Sc3nnc4c(F)cc(-c5cnn(C)c5)cn34)cc21,CCn1c(C(=O)N(C2CC2)C2CC2)cc2c3c(ncn3C)c(Nc3cc(C)n(C)n3)nc21
CN1C(=O)COc2c1cnc1ccc(Sc3nnc4c(F)cc(-c5cnn(C)c5)cn34)cc21,COc1ccc(-c2cc3c(NC(CO)CC4CC4)c(C(N)=O)cnn3c2)cn1
CN1C(=O)COc2c1cnc1ccc(Sc3nnc4c(F)cc(-c5cnn(C)c5)cn34)cc21,CC(C)C(C)n1cc(-c2cc(N3CCS(=O)(=O)CC3)n(C)n2)c2[nH]nc(N)c2c1=O
CN1C(=O)COc2c1cnc1ccc(Sc3nnc4c(F)cc(-c5cnn(C)c5)cn34)cc21,Cc1ccc(-c2cc3c(NC4CCC(C)(N)C4(C)C)c(C(N)=O)cnn3c2)cc1
CN1C(=O)COc2c1cnc1ccc(Sc3nnc4c(F)cc(-c5cnn(C)c5)cn34)cc21,N#CCCn1cc(-c2nc(Nc3ccc4c(c3)CCN4C(=O)CN3CCS(=O)(=O)CC3)ncc2F)cn1
CN1C(=O)COc2c1cnc1ccc(Sc3nnc4c(F)cc(-c5cnn(C)c5)cn34)cc21,CC(NC(=O)c1c[nH]c2ncc(-c3ncn4cc(F)ccc34)nc12)C(=O)N1CC(C#N)C1
CN1C(=O)COc2c1cnc1ccc(Sc3nnc4c(F)cc(-c5cnn(C)c5)cn34)cc21,CC(C)C(C)n1cc(-c2cc(C3CCOCC3)n(C)n2)c2[nH]nc(N)c2c1=O
CN1C(=O)COc2c1cnc1ccc(Sc3nnc4c(F)cc(-c5cnn(C)c5)cn34)cc21,Cc1cnccc1-c1cc2c(NC3CCC(C)(N)C3(C)C)c(C(N)=O)cnn2c1
CN1C(=O)COc2c1cnc1ccc(Sc3nnc4c(F)cc(-c5cnn(C)c5)cn34)cc21,CC1(N)CCC(Nc2c(C(N)=O)cnn3cc(-c4ccc(F)nc4)cc23)C1(C)C
CN1C(=O)COc2c1cnc1ccc(Sc3nnc4c(F)cc(-c5cnn(C)c5)cn34)cc21,CC(=O)NC1CCc2ccc(Oc3cnc4[nH]cc(C(=O)NC(C(=O)N5CC(C#N)C5)C5CC5)c4n3)cc21
CN1C(=O)COc2c1cnc1ccc(Sc3nnc4c(F)cc(-c5cnn(C)c5)cn34)cc21,CC1(N)CCC(Nc2c(C(N)=O)cnn3cc(-c4cccc(C#N)c4)cc23)C1(C)C
CN1C(=O)COc2c1cnc1ccc(Sc3nnc4c(F)cc(-c5cnn(C)c5)cn34)cc21,N#CCCn1cc(-c2nc(Nc3ccc4c(c3)CCN4C(=O)C3(C#N)CC3)ncc2F)cn1
CN1C(=O)COc2c1cnc1ccc(Sc3nnc4c(F)cc(-c5cnn(C)c5)cn34)cc21,Cn1ccc(-c2cn(-c3ccccc3Cl)c(=O)c3c(N)n[nH]c23)n1
CN1C(=O)COc2c1cnc1ccc(Sc3nnc4c(F)cc(-c5cnn(C)c5)cn34)cc21,COc1ccc(-c2cc3c(NC4CCC(C)(N)C4(C)C)c(C(N)=O)cnn3c2)cn1
CN1C(=O)COc2c1cnc1ccc(Sc3nnc4c(F)cc(-c5cnn(C)c5)cn34)cc21,CC1(N)CCC(Nc2c(C(N)=O)cnn3cc(-c4ccc(C#N)cc4)cc23)C1(C)C
CN1C(=O)COc2c1cnc1ccc(Sc3nnc4c(F)cc(-c5cnn(C)c5)cn34)cc21,CCn1c(C(=O)N(C2CC2)C2CC2)cc2c3c(ncn3C)c(Nc3nc(C)c(C(=O)NC)s3)nc21
CN1C(=O)COc2c1cnc1ccc(Sc3nnc4c(F)cc(-c5cnn(C)c5)cn34)cc21,Cn1nc(-c2cnc3[nH]cc(C(=O)NC(C(=O)N4CC(C#N)C4)C(C)(C)C)c3n2)c2ccc(Cl)cc21
CN1C(=O)COc2c1cnc1ccc(Sc3nnc4c(F)cc(-c5cnn(C)c5)cn34)cc21,COc1cc(-c2cc3c(NC4CCC(C)(N)C4(C)C)c(C(N)=O)cnn3c2)ccn1
CN1C(=O)COc2c1cnc1ccc(Sc3nnc4c(F)cc(-c5cnn(C)c5)cn34)cc21,CCOC(C)n1cc(-c2nc(Nc3ccc4c(c3)CCN4S(=O)(=O)c3ccc(C(F)(F)F)cc3)ncc2C)cn1
CN1C(=O)COc2c1cnc1ccc(Sc3nnc4c(F)cc(-c5cnn(C)c5)cn34)cc21,O=C1NC(=O)C(c2c[nH]c3ccccc23)=C1Nc1ccc(OCCCNc2ccnc(F)c2)cc1
CC(=O)N1CCC(NC(=O)Nc2cnc3[nH]ccc3n2)CC1,CC(C)CS(=O)(=O)N1CCCC(NC(=O)Nc2cnc3[nH]ccc3n2)C1
CC(=O)N1CCC(NC(=O)Nc2cnc3[nH]ccc3n2)CC1,CC(C)(C)CS(=O)(=O)N1CCCC(NC(=O)Nc2cnc3[nH]ccc3n2)C1
CC(=O)N1CCC(NC(=O)Nc2cnc3[nH]ccc3n2)CC1,CN(C(=O)NC1CCCN(S(C)(=O)=O)C1)c1cnc2[nH]ccc2n1
CC(=O)N1CCC(NC(=O)Nc2cnc3[nH]ccc3n2)CC1,CS(=O)(=O)N1CCCC(NC(=O)Nc2cnc3[nH]ccc3n2)C1
CC(=O)N1CCC(NC(=O)Nc2cnc3[nH]ccc3n2)CC1,CCCS(=O)(=O)N1CCCC(NC(=O)Nc2cnc3[nH]ccc3n2)C1
CC(=O)N1CCC(NC(=O)Nc2cnc3[nH]ccc3n2)CC1,O=C(Nc1cnc2[nH]ccc2n1)NC1CCCCC1
CC(=O)N1CCC(NC(=O)Nc2cnc3[nH]ccc3n2)CC1,CC(C)CS(=O)(=O)N1CC(C)CC(NC(=O)Nc2cnc3[nH]ccc3n2)C1
CC(=O)N1CCC(NC(=O)Nc2cnc3[nH]ccc3n2)CC1,O=C(Nc1cnc2[nH]ccc2n1)NC1CCCN(CC(F)(F)F)C1
O=C(CCCCCCC(=O)Nc1ccc(NCCCn2cc(-c3ncnc4[nH]ccc34)cn2)cc1)NO,O=C(CCCCCCn1cc(-c2ncnc3[nH]ccc23)cn1)NO
O=C(CCCCCCC(=O)Nc1ccc(NCCCn2cc(-c3ncnc4[nH]ccc34)cn2)cc1)NO,c1nc(-c2cn(CC3CO3)nn2)c2cc[nH]c2n1
O=C(CCCCCCC(=O)Nc1ccc(NCCCn2cc(-c3ncnc4[nH]ccc34)cn2)cc1)NO,N#CCCn1cc(-c2nc(Nc3ccc4c(c3)CCN4C(=O)C3(C#N)CC3)ncc2F)cn1
Cc1ccc(Cl)cc1-n1cc(-c2ncnc3[nH]ccc23)cc1C(N)=O,CCn1c(C(=O)N(C2CC2)C2CC2)cc2c3c(ncn3C)c(Nc3nc(C(=O)NC)c(C)s3)nc21
Cc1ccc(Cl)cc1-n1cc(-c2ncnc3[nH]ccc23)cc1C(N)=O,CCn1c(C(=O)N(C2CC2)C2CC2)cc2c3c(ncn3C)c(Nc3nc(C)cs3)nc21
Cc1ccc(Cl)cc1-n1cc(-c2ncnc3[nH]ccc23)cc1C(N)=O,CCn1c(C(=O)N(C2CC2)C2CC2)cc2c3c(ncn3C)c(Nc3ncc(C)s3)nc21
Cc1ccc(Cl)cc1-n1cc(-c2ncnc3[nH]ccc23)cc1C(N)=O,CN(C#N)C1CCc2ccc(-c3ncnc4[nH]ccc34)cc21
Cc1ccc(Cl)cc1-n1cc(-c2ncnc3[nH]ccc23)cc1C(N)=O,Cn1nc(-c2cnc3[nH]cc(C(=O)NC(C(=O)N4CC(C#N)C4)C4CC4)c3n2)c2ccc(Cl)cc21
Cc1ccc(Cl)cc1-n1cc(-c2ncnc3[nH]ccc23)cc1C(N)=O,CCc1nc(Nc2nc3c(cc(C(=O)N(C4CC4)C4CC4)n3CC)c3c2ncn3C)sc1C
Cc1ccc(Cl)cc1-n1cc(-c2ncnc3[nH]ccc23)cc1C(N)=O,CCn1c(C(=O)N(C2CC2)C2CC2)cc2c3c(ncn3C)c(Nc3nc(C)c(S(C)(=O)=O)s3)nc21
Cc1ccc(Cl)cc1-n1cc(-c2ncnc3[nH]ccc23)cc1C(N)=O,CC(NC(=O)c1c[nH]c2ncc(-c3nn(C)c4cc(Cl)cc(F)c34)nc12)C(=O)N1CC(C#N)C1
Cc1ccc(Cl)cc1-n1cc(-c2ncnc3[nH]ccc23)cc1C(N)=O,CCn1c(C(=O)N(C2CC2)C2CC2)cc2c3c(ncn3C)c(Nc3nc(C)c(C)s3)nc21
Cc1ccc(Cl)cc1-n1cc(-c2ncnc3[nH]ccc23)cc1C(N)=O,Cc1ccccc1-n1cc(-c2ccn(C)n2)c2[nH]nc(N)c2c1=O
Cc1ccc(Cl)cc1-n1cc(-c2ncnc3[nH]ccc23)cc1C(N)=O,N#CNC1CC(NS(=O)(=O)c2cccc(F)c2)c2ccc(-c3ncnc4[nH]ccc34)cc21
Cc1ccc(Cl)cc1-n1cc(-c2ncnc3[nH]ccc23)cc1C(N)=O,COc1ccc(S(=O)(=O)NC2CC(NC#N)c3cc(-c4ncnc5[nH]ccc45)ccc32)cc1
Cc1ccc(Cl)cc1-n1cc(-c2ncnc3[nH]ccc23)cc1C(N)=O,Cn1ccc(-c2cn(-c3ccccc3Cl)c(=O)c3c(N)n[nH]c23)n1
Cc1ccc(Cl)cc1-n1cc(-c2ncnc3[nH]ccc23)cc1C(N)=O,CCn1c(C(=O)N(C2CC2)C2CC2)cc2c3c(ncn3C)c(Nc3nc(C)c(C(=O)NC)s3)nc21
COc1ccc(-c2cccc3nc(Nc4ccc(C(=O)O)cc4)nn23)cc1,O=C(Nc1nc2cccc(-c3ccc(C(=O)N4CCC(F)(F)CC4)cc3)n2n1)C1CC1
COc1ccc(-c2cccc3nc(Nc4ccc(C(=O)O)cc4)nn23)cc1,O=C(Nc1nc2cccc(-c3ccc(C(=O)N4CC(F)(F)C4)cc3)n2n1)C1CC1
COc1ccc(-c2cccc3nc(Nc4ccc(C(=O)O)cc4)nn23)cc1,N#CCNC(=O)c1ccc(-c2cccc3nc(NC(=O)C4CC4)nn23)cc1
COc1ccc(-c2cccc3nc(Nc4ccc(C(=O)O)cc4)nn23)cc1,N#CC1CN(C(=O)c2ccc(-c3cccc4nc(NC(=O)C5CC5)nn34)cc2)C1
COc1ccc(-c2cccc3nc(Nc4ccc(C(=O)O)cc4)nn23)cc1,O=C(Nc1nc2cccc(-c3ccc(CN4CCS(=O)(=O)CC4)cc3)n2n1)C1CC1
COc1ccc(-c2cccc3nc(Nc4ccc(C(=O)O)cc4)nn23)cc1,C=C(C#N)C(O)c1ccc(-c2cccc3nc(NC(=O)C4CC4)nn23)cc1
Nc1cc(Nc2nccc3nc(-c4c(Cl)cccc4Cl)[nH]c23)ncn1,Cc1cc(Nc2nccc3nc(-c4c(Cl)cc(C#N)cc4Cl)[nH]c23)ncn1
O=c1[nH]cnc2cc(NC3CCCNC3)nc(Nc3cccc4cc[nH]c34)c12,CCn1c(C(=O)N(C2CC2)C2CC2)cc2c3c(ncn3C)c(Nc3cc(C)nn3C)nc21
O=C(CCn1cc(Nc2ncc(Cl)c(Nc3ccc(F)cc3)n2)cn1)NO,Clc1cccc(Nc2nc(Nc3cn[nH]c3)ncc2Cl)c1
O=C(CCn1cc(Nc2ncc(Cl)c(Nc3ccc(F)cc3)n2)cn1)NO,O=C(CCCCCCn1cc(Nc2ncc(Cl)c(N3CCCCC3)n2)cn1)NO
O=C(CCn1cc(Nc2ncc(Cl)c(Nc3ccc(F)cc3)n2)cn1)NO,O=C(CCCCCCn1cc(Nc2ncc(Cl)c(NC3CC3)n2)cn1)NO
O=C(CCn1cc(Nc2ncc(Cl)c(Nc3ccc(F)cc3)n2)cn1)NO,O=C(CCCCCn1cc(Nc2ncc(Cl)c(Nc3ccc(Cl)cc3)n2)cn1)NO
O=C(CCCCCCn1cc(Nc2nccc(-c3cc(F)cc(F)c3)n2)cn1)NO,O=C(CCCCCCn1cc(Nc2ncc(Cl)c(NC3CC3)n2)cn1)NO
N#CCCn1cc(-c2nc(Nc3ccc4c(c3)CCN4)ncc2F)cn1,Cc1ccc(C(=O)C=CC(=O)N2CCc3ccc(Nc4ncc(C)c(-c5cnn(C(C)C)c5)n4)cc3C2)cc1
N#CCCn1cc(-c2nc(Nc3ccc4c(c3)CCN4)ncc2F)cn1,Cc1ccc(C(=O)C=CC(=O)N2CCc3cc(Nc4ncc(C)c(-c5cnn(C(C)C)c5)n4)ccc3C2)cc1
N#CCCn1cc(-c2nc(Nc3ccc4c(c3)CCN4)ncc2F)cn1,Cc1cnc(Nc2ccc3c(c2)CCN(CC#N)C3)nc1-c1cnn(C(C)C)c1
N#CCCn1cc(-c2nc(Nc3ccc4c(c3)CCN4)ncc2F)cn1,Cc1cnc(Nc2ccc3c(c2)CCN(C(=O)C=CCN(C)C)C3)nc1-c1cnn(C(C)C)c1
N#CCCn1cc(-c2nc(Nc3ccc4c(c3)CCN4)ncc2F)cn1,Cc1cnc(Nc2ccc(NS(=O)(=O)c3ccc(C(F)(F)F)cc3)c(F)c2)nc1-c1cnn(C(C)C)c1
N#CCCn1cc(-c2nc(Nc3ccc4c(c3)CCN4)ncc2F)cn1,COC(=O)C=CCN1CCc2cc(Nc3ncc(C)c(-c4cnn(C(C)C)c4)n3)ccc2C1
N#CCCn1cc(-c2nc(Nc3ccc4c(c3)CCN4)ncc2F)cn1,Cc1cnc(Nc2ccc3c(c2)CCN(C(=O)C=CC(=O)c2ccccc2)C3)nc1-c1cnn(C(C)C)c1
N#CCCn1cc(-c2nc(Nc3ccc4c(c3)CCN4)ncc2F)cn1,N#CCCn1cc(-c2nc(Nc3ccc4c(c3)CCN4C(=O)CN3CCS(=O)(=O)CC3)ncc2F)cn1
N#CCCn1cc(-c2nc(Nc3ccc4c(c3)CCN4)ncc2F)cn1,Cc1cnc(Nc2ccc3c(c2)CN(C(=O)C=CCN(C)C)CC3)nc1-c1cnn(C(C)C)c1
N#CCCn1cc(-c2nc(Nc3ccc4c(c3)CCN4)ncc2F)cn1,Cc1cnc(Nc2ccc3c(c2)CN(C(=O)C=CC(=O)c2ccccc2)CC3)nc1-c1cnn(C(C)C)c1
N#CCCn1cc(-c2nc(Nc3ccc4c(c3)CCN4)ncc2F)cn1,N#CCCn1cc(-c2nc(Nc3ccc4c(c3)CCN4C(=O)C3(C#N)CC3)ncc2F)cn1
N#CCCn1cc(-c2nc(Nc3ccc4c(c3)CCN4)ncc2F)cn1,CCOC(C)n1cc(-c2nc(Nc3ccc4c(c3)CCN4S(=O)(=O)c3ccc(C(F)(F)F)cc3)ncc2C)cn1
Cc1ccc(Cl)cc1-c1cc(-c2ncnc3[nH]ccc23)[nH]c1C(N)=O,CCn1c(C(=O)N(C2CC2)C2CC2)cc2c3c(ncn3C)c(Nc3nc(C(=O)NC)c(C)s3)nc21
Cc1ccc(Cl)cc1-c1cc(-c2ncnc3[nH]ccc23)[nH]c1C(N)=O,CN(C#N)C1CCc2ccc(-c3ncnc4[nH]ccc34)cc21
Cc1ccc(Cl)cc1-c1cc(-c2ncnc3[nH]ccc23)[nH]c1C(N)=O,CCn1c(C(=O)N(C2CC2)C2CC2)cc2c3c(ncn3C)c(Nc3nc(C)c(S(C)(=O)=O)s3)nc21
Cc1ccc(Cl)cc1-c1cc(-c2ncnc3[nH]ccc23)[nH]c1C(N)=O,N#CNC1CC(NS(=O)(=O)c2cccc(F)c2)c2ccc(-c3ncnc4[nH]ccc34)cc21
Cc1ccc(Cl)cc1-c1cc(-c2ncnc3[nH]ccc23)[nH]c1C(N)=O,COc1ccc(S(=O)(=O)NC2CC(NC#N)c3cc(-c4ncnc5[nH]ccc45)ccc32)cc1
Cc1ccc(Cl)cc1-c1cc(-c2ncnc3[nH]ccc23)[nH]c1C(N)=O,CCn1c(C(=O)N(C2CC2)C2CC2)cc2c3c(ncn3C)c(Nc3nc(C)c(C(=O)NC)s3)nc21
N#CCCn1cc(-c2nc(Nc3ccc4c(ccn4C(=O)C4CC4)c3)ncc2F)cn1,Cc1ccc(C(=O)C=CC(=O)N2CCc3ccc(Nc4ncc(C)c(-c5cnn(C(C)C)c5)n4)cc3C2)cc1
N#CCCn1cc(-c2nc(Nc3ccc4c(ccn4C(=O)C4CC4)c3)ncc2F)cn1,Cc1ccc(C(=O)C=CC(=O)N2CCc3cc(Nc4ncc(C)c(-c5cnn(C(C)C)c5)n4)ccc3C2)cc1
N#CCCn1cc(-c2nc(Nc3ccc4c(ccn4C(=O)C4CC4)c3)ncc2F)cn1,Cc1cnc(Nc2ccc3c(c2)CCN(CC#N)C3)nc1-c1cnn(C(C)C)c1
N#CCCn1cc(-c2nc(Nc3ccc4c(ccn4C(=O)C4CC4)c3)ncc2F)cn1,Cc1cnc(Nc2ccc3c(c2)CCN(C(=O)C=CCN(C)C)C3)nc1-c1cnn(C(C)C)c1
N#CCCn1cc(-c2nc(Nc3ccc4c(ccn4C(=O)C4CC4)c3)ncc2F)cn1,Cc1cnc(Nc2ccc(NS(=O)(=O)c3ccc(C(F)(F)F)cc3)c(F)c2)nc1-c1cnn(C(C)C)c1
N#CCCn1cc(-c2nc(Nc3ccc4c(ccn4C(=O)C4CC4)c3)ncc2F)cn1,COC(=O)C=CCN1CCc2cc(Nc3ncc(C)c(-c4cnn(C(C)C)c4)n3)ccc2C1
N#CCCn1cc(-c2nc(Nc3ccc4c(ccn4C(=O)C4CC4)c3)ncc2F)cn1,Cc1cnc(Nc2ccc3c(c2)CCN(C(=O)C=CC(=O)c2ccccc2)C3)nc1-c1cnn(C(C)C)c1
N#CCCn1cc(-c2nc(Nc3ccc4c(ccn4C(=O)C4CC4)c3)ncc2F)cn1,N#CCCn1cc(-c2nc(Nc3ccc4c(c3)CCN4C(=O)CN3CCS(=O)(=O)CC3)ncc2F)cn1
N#CCCn1cc(-c2nc(Nc3ccc4c(ccn4C(=O)C4CC4)c3)ncc2F)cn1,Cc1cnc(Nc2ccc3c(c2)CN(C(=O)C=CCN(C)C)CC3)nc1-c1cnn(C(C)C)c1
N#CCCn1cc(-c2nc(Nc3ccc4c(ccn4C(=O)C4CC4)c3)ncc2F)cn1,Cc1cnc(Nc2ccc3c(c2)CN(C(=O)C=CC(=O)c2ccccc2)CC3)nc1-c1cnn(C(C)C)c1
N#CCCn1cc(-c2nc(Nc3ccc4c(ccn4C(=O)C4CC4)c3)ncc2F)cn1,N#CCCn1cc(-c2nc(Nc3ccc4c(c3)CCN4C(=O)C3(C#N)CC3)ncc2F)cn1
N#CCCn1cc(-c2nc(Nc3ccc4c(ccn4C(=O)C4CC4)c3)ncc2F)cn1,CCOC(C)n1cc(-c2nc(Nc3ccc4c(c3)CCN4S(=O)(=O)c3ccc(C(F)(F)F)cc3)ncc2C)cn1
Clc1cccc(Cl)c1-c1ncc(-c2ccncc2)[nH]1,O=c1cc(-c2[nH]c(-c3ccc(O)cc3)nc2-c2ccc(F)cc2)cc[nH]1
Cc1cnc(Nc2ccc3c(c2)CCN3C(=O)C(O)CO)nc1-c1cnn(C(C)C)c1,Cc1ccc(C(=O)C=CC(=O)N2CCc3ccc(Nc4ncc(C)c(-c5cnn(C(C)C)c5)n4)cc3C2)cc1
Cc1cnc(Nc2ccc3c(c2)CCN3C(=O)C(O)CO)nc1-c1cnn(C(C)C)c1,CCn1c(C(=O)N(C2CC2)C2CC2)cc2c3c(ncn3C)c(Nc3nc(C(=O)NC)c(C)s3)nc21
Cc1cnc(Nc2ccc3c(c2)CCN3C(=O)C(O)CO)nc1-c1cnn(C(C)C)c1,CCn1c(C(=O)N(C2CC2)C2CC2)cc2c3c(ncn3C)c(Nc3nc(C)cs3)nc21
Cc1cnc(Nc2ccc3c(c2)CCN3C(=O)C(O)CO)nc1-c1cnn(C(C)C)c1,CCn1c(C(=O)N(C2CC2)C2CC2)cc2c3c(ncn3C)c(Nc3ncc(C)s3)nc21
Cc1cnc(Nc2ccc3c(c2)CCN3C(=O)C(O)CO)nc1-c1cnn(C(C)C)c1,Cc1ccc(C(=O)C=CC(=O)N2CCc3cc(Nc4ncc(C)c(-c5cnn(C(C)C)c5)n4)ccc3C2)cc1
Cc1cnc(Nc2ccc3c(c2)CCN3C(=O)C(O)CO)nc1-c1cnn(C(C)C)c1,CCn1c(C(=O)N(C2CC2)C2CC2)cc2c3c(ncn3C)c(Nc3nccs3)nc21
Cc1cnc(Nc2ccc3c(c2)CCN3C(=O)C(O)CO)nc1-c1cnn(C(C)C)c1,CCn1c(C(=O)N(C2CC2)C2CC2)cc2c3c(ncn3C)c(Nc3cc(C)nn3C)nc21
Cc1cnc(Nc2ccc3c(c2)CCN3C(=O)C(O)CO)nc1-c1cnn(C(C)C)c1,CCc1nc(Nc2nc3c(cc(C(=O)N(C4CC4)C4CC4)n3CC)c3c2ncn3C)sc1C
Cc1cnc(Nc2ccc3c(c2)CCN3C(=O)C(O)CO)nc1-c1cnn(C(C)C)c1,Cc1cnc(Nc2ccc3c(c2)CCN(CC#N)C3)nc1-c1cnn(C(C)C)c1
Cc1cnc(Nc2ccc3c(c2)CCN3C(=O)C(O)CO)nc1-c1cnn(C(C)C)c1,CCn1c(C(=O)N(C2CC2)C2CC2)cc2c3c(ncn3C)c(Nc3nc(C)c(S(C)(=O)=O)s3)nc21
Cc1cnc(Nc2ccc3c(c2)CCN3C(=O)C(O)CO)nc1-c1cnn(C(C)C)c1,Cc1cnc(Nc2ccc3c(c2)CCN(C(=O)C=CCN(C)C)C3)nc1-c1cnn(C(C)C)c1
Cc1cnc(Nc2ccc3c(c2)CCN3C(=O)C(O)CO)nc1-c1cnn(C(C)C)c1,CCn1c(C(=O)N(C2CC2)C2CC2)cc2c3c(ncn3C)c(Nc3nc(C)c(C)s3)nc21
Cc1cnc(Nc2ccc3c(c2)CCN3C(=O)C(O)CO)nc1-c1cnn(C(C)C)c1,Cc1cnc(Nc2ccc(NS(=O)(=O)c3ccc(C(F)(F)F)cc3)c(F)c2)nc1-c1cnn(C(C)C)c1
Cc1cnc(Nc2ccc3c(c2)CCN3C(=O)C(O)CO)nc1-c1cnn(C(C)C)c1,COC(=O)C=CCN1CCc2cc(Nc3ncc(C)c(-c4cnn(C(C)C)c4)n3)ccc2C1
Cc1cnc(Nc2ccc3c(c2)CCN3C(=O)C(O)CO)nc1-c1cnn(C(C)C)c1,Cc1cnc(Nc2ccc3c(c2)CCN(C(=O)C=CC(=O)c2ccccc2)C3)nc1-c1cnn(C(C)C)c1
Cc1cnc(Nc2ccc3c(c2)CCN3C(=O)C(O)CO)nc1-c1cnn(C(C)C)c1,CCn1c(C(=O)N(C2CC2)C2CC2)cc2c3c(ncn3C)c(Nc3cc(C)n(C)n3)nc21
Cc1cnc(Nc2ccc3c(c2)CCN3C(=O)C(O)CO)nc1-c1cnn(C(C)C)c1,N#CCCn1cc(-c2nc(Nc3ccc4c(c3)CCN4C(=O)CN3CCS(=O)(=O)CC3)ncc2F)cn1
Cc1cnc(Nc2ccc3c(c2)CCN3C(=O)C(O)CO)nc1-c1cnn(C(C)C)c1,Cc1cnc(Nc2ccc3c(c2)CN(C(=O)C=CCN(C)C)CC3)nc1-c1cnn(C(C)C)c1
Cc1cnc(Nc2ccc3c(c2)CCN3C(=O)C(O)CO)nc1-c1cnn(C(C)C)c1,Cc1cnc(Nc2ccc3c(c2)CN(C(=O)C=CC(=O)c2ccccc2)CC3)nc1-c1cnn(C(C)C)c1
Cc1cnc(Nc2ccc3c(c2)CCN3C(=O)C(O)CO)nc1-c1cnn(C(C)C)c1,N#CCCn1cc(-c2nc(Nc3ccc4c(c3)CCN4C(=O)C3(C#N)CC3)ncc2F)cn1
Cc1cnc(Nc2ccc3c(c2)CCN3C(=O)C(O)CO)nc1-c1cnn(C(C)C)c1,CCn1c(C(=O)N(C2CC2)C2CC2)cc2c3c(ncn3C)c(Nc3nc(C)c(C(=O)NC)s3)nc21
Cc1cnc(Nc2ccc3c(c2)CCN3C(=O)C(O)CO)nc1-c1cnn(C(C)C)c1,CCOC(C)n1cc(-c2nc(Nc3ccc4c(c3)CCN4S(=O)(=O)c3ccc(C(F)(F)F)cc3)ncc2C)cn1
COc1ccccc1-c1ccc2cnc(Nc3ccc(C(=O)N4CCOCC4)cc3)nn12,O=C(Nc1nc2cccc(-c3ccc(C(=O)N4CCC(F)(F)CC4)cc3)n2n1)C1CC1
COc1ccccc1-c1ccc2cnc(Nc3ccc(C(=O)N4CCOCC4)cc3)nn12,COc1ccccc1-c1cc2c(NC3CCC(C)(N)C3(C)C)c(C(N)=O)cnn2c1
COc1ccccc1-c1ccc2cnc(Nc3ccc(C(=O)N4CCOCC4)cc3)nn12,O=C(Nc1nc2cccc(-c3ccc(C(=O)N4CC(F)(F)C4)cc3)n2n1)C1CC1
COc1ccccc1-c1ccc2cnc(Nc3ccc(C(=O)N4CCOCC4)cc3)nn12,CCn1c(C(=O)N(C2CC2)C2CC2)cc2c3c(ncn3C)c(Nc3nc(C(=O)NC)c(C)s3)nc21
COc1ccccc1-c1ccc2cnc(Nc3ccc(C(=O)N4CCOCC4)cc3)nn12,CCn1c(C(=O)N(C2CC2)C2CC2)cc2c3c(ncn3C)c(Nc3nc(C)cs3)nc21
COc1ccccc1-c1ccc2cnc(Nc3ccc(C(=O)N4CCOCC4)cc3)nn12,CCn1c(C(=O)N(C2CC2)C2CC2)cc2c3c(ncn3C)c(Nc3ncc(C)s3)nc21
COc1ccccc1-c1ccc2cnc(Nc3ccc(C(=O)N4CCOCC4)cc3)nn12,Cc1ccc(C(=O)C=CC(=O)N2CCc3cc(Nc4ncc(C)c(-c5cnn(C(C)C)c5)n4)ccc3C2)cc1
COc1ccccc1-c1ccc2cnc(Nc3ccc(C(=O)N4CCOCC4)cc3)nn12,Cn1nc(-c2cnc3[nH]cc(C(=O)NC(C(=O)N4CC(C#N)C4)C4CC4)c3n2)c2ccc(Cl)cc21
COc1ccccc1-c1ccc2cnc(Nc3ccc(C(=O)N4CCOCC4)cc3)nn12,CCn1c(C(=O)N(C2CC2)C2CC2)cc2c3c(ncn3C)c(Nc3nccs3)nc21
COc1ccccc1-c1ccc2cnc(Nc3ccc(C(=O)N4CCOCC4)cc3)nn12,CCn1c(C(=O)N(C2CC2)C2CC2)cc2c3c(ncn3C)c(Nc3cc(C)nn3C)nc21
COc1ccccc1-c1ccc2cnc(Nc3ccc(C(=O)N4CCOCC4)cc3)nn12,CCc1nc(Nc2nc3c(cc(C(=O)N(C4CC4)C4CC4)n3CC)c3c2ncn3C)sc1C
COc1ccccc1-c1ccc2cnc(Nc3ccc(C(=O)N4CCOCC4)cc3)nn12,CCn1c(C(=O)N(C2CC2)C2CC2)cc2c3c(ncn3C)c(Nc3nc(C)c(S(C)(=O)=O)s3)nc21
COc1ccccc1-c1ccc2cnc(Nc3ccc(C(=O)N4CCOCC4)cc3)nn12,CC(NC(=O)c1c[nH]c2ncc(-c3nn(C)c4cc(Cl)cc(F)c34)nc12)C(=O)N1CC(C#N)C1
COc1ccccc1-c1ccc2cnc(Nc3ccc(C(=O)N4CCOCC4)cc3)nn12,N#CCNC(=O)c1ccc(-c2cccc3nc(NC(=O)C4CC4)nn23)cc1
COc1ccccc1-c1ccc2cnc(Nc3ccc(C(=O)N4CCOCC4)cc3)nn12,CCn1c(C(=O)N(C2CC2)C2CC2)cc2c3c(ncn3C)c(Nc3nc(C)c(C)s3)nc21
COc1ccccc1-c1ccc2cnc(Nc3ccc(C(=O)N4CCOCC4)cc3)nn12,CC(NC(=O)c1c[nH]c2ncc(-c3nn(C)c4cc(Cl)ccc34)nc12)C(=O)N1CC(C#N)C1
COc1ccccc1-c1ccc2cnc(Nc3ccc(C(=O)N4CCOCC4)cc3)nn12,COc1ccc2c(-c3cnc4[nH]cc(C(=O)NC(C)C(=O)N5CC(C#N)C5)c4n3)nn(C)c2c1
COc1ccccc1-c1ccc2cnc(Nc3ccc(C(=O)N4CCOCC4)cc3)nn12,N#CC1CN(C(=O)c2ccc(-c3cccc4nc(NC(=O)C5CC5)nn34)cc2)C1
COc1ccccc1-c1ccc2cnc(Nc3ccc(C(=O)N4CCOCC4)cc3)nn12,O=C(Nc1nc2cccc(-c3ccc(CN4CCS(=O)(=O)CC4)cc3)n2n1)C1CC1
COc1ccccc1-c1ccc2cnc(Nc3ccc(C(=O)N4CCOCC4)cc3)nn12,CC(NC(=O)c1c[nH]c2ncc(-c3nn(C)c4cc(C#N)ccc34)nc12)C(=O)N1CC(C#N)C1
COc1ccccc1-c1ccc2cnc(Nc3ccc(C(=O)N4CCOCC4)cc3)nn12,CCn1c(C(=O)N(C2CC2)C2CC2)cc2c3c(ncn3C)c(Nc3cc(C)n(C)n3)nc21
COc1ccccc1-c1ccc2cnc(Nc3ccc(C(=O)N4CCOCC4)cc3)nn12,CCn1c(C(=O)N(C2CC2)C2CC2)cc2c3c(ncn3C)c(Nc3nc(C)c(C(=O)NC)s3)nc21
COc1ccccc1-c1ccc2cnc(Nc3ccc(C(=O)N4CCOCC4)cc3)nn12,Cn1nc(-c2cnc3[nH]cc(C(=O)NC(C(=O)N4CC(C#N)C4)C(C)(C)C)c3n2)c2ccc(Cl)cc21
COc1ccccc1-c1ccc2cnc(Nc3ccc(C(=O)N4CCOCC4)cc3)nn12,C=C(C#N)C(O)c1ccc(-c2cccc3nc(NC(=O)C4CC4)nn23)cc1
CN(C)C(=O)c1ccc(Nc2nc3c(-c4ccc(S(C)(=O)=O)cc4)cccn3n2)cc1,O=C(Nc1nc2cccc(-c3ccc(C(=O)N4CCC(F)(F)CC4)cc3)n2n1)C1CC1
CN(C)C(=O)c1ccc(Nc2nc3c(-c4ccc(S(C)(=O)=O)cc4)cccn3n2)cc1,O=C(Nc1nc2cccc(-c3ccc(C(=O)N4CC(F)(F)C4)cc3)n2n1)C1CC1
CN(C)C(=O)c1ccc(Nc2nc3c(-c4ccc(S(C)(=O)=O)cc4)cccn3n2)cc1,N#CCNC(=O)c1ccc(-c2cccc3nc(NC(=O)C4CC4)nn23)cc1
CN(C)C(=O)c1ccc(Nc2nc3c(-c4ccc(S(C)(=O)=O)cc4)cccn3n2)cc1,N#CC1CN(C(=O)c2ccc(-c3cccc4nc(NC(=O)C5CC5)nn34)cc2)C1
CN(C)C(=O)c1ccc(Nc2nc3c(-c4ccc(S(C)(=O)=O)cc4)cccn3n2)cc1,O=C(Nc1nc2cccc(-c3ccc(CN4CCS(=O)(=O)CC4)cc3)n2n1)C1CC1
CN(C)C(=O)c1ccc(Nc2nc3c(-c4ccc(S(C)(=O)=O)cc4)cccn3n2)cc1,C=C(C#N)C(O)c1ccc(-c2cccc3nc(NC(=O)C4CC4)nn23)cc1
O=C(CCCCCn1cc(Nc2ncc(Cl)c(Nc3cccc(Cl)c3)n2)cn1)NO,Clc1cccc(Nc2nc(Nc3cn[nH]c3)ncc2Cl)c1
O=C(CCCCCn1cc(Nc2ncc(Cl)c(Nc3cccc(Cl)c3)n2)cn1)NO,O=C(CCCCCCn1cc(Nc2ncc(Cl)c(N3CCCCC3)n2)cn1)NO
O=C(CCCCCn1cc(Nc2ncc(Cl)c(Nc3cccc(Cl)c3)n2)cn1)NO,O=C(CCCCCCn1cc(Nc2ncc(Cl)c(NC3CC3)n2)cn1)NO
O=C(CCCCCn1cc(Nc2ncc(Cl)c(Nc3cccc(Cl)c3)n2)cn1)NO,O=C(CCCCCn1cc(Nc2ncc(Cl)c(Nc3ccc(Cl)cc3)n2)cn1)NO
N#CCCn1cc(-c2nc(Nc3ccc4c(ccn4S(=O)(=O)C(F)(F)F)c3)ncc2F)cn1,Cc1ccc(C(=O)C=CC(=O)N2CCc3ccc(Nc4ncc(C)c(-c5cnn(C(C)C)c5)n4)cc3C2)cc1
N#CCCn1cc(-c2nc(Nc3ccc4c(ccn4S(=O)(=O)C(F)(F)F)c3)ncc2F)cn1,Cc1ccc(C(=O)C=CC(=O)N2CCc3cc(Nc4ncc(C)c(-c5cnn(C(C)C)c5)n4)ccc3C2)cc1
N#CCCn1cc(-c2nc(Nc3ccc4c(ccn4S(=O)(=O)C(F)(F)F)c3)ncc2F)cn1,Cc1cnc(Nc2ccc3c(c2)CCN(CC#N)C3)nc1-c1cnn(C(C)C)c1
N#CCCn1cc(-c2nc(Nc3ccc4c(ccn4S(=O)(=O)C(F)(F)F)c3)ncc2F)cn1,Cc1cnc(Nc2ccc3c(c2)CCN(C(=O)C=CCN(C)C)C3)nc1-c1cnn(C(C)C)c1
N#CCCn1cc(-c2nc(Nc3ccc4c(ccn4S(=O)(=O)C(F)(F)F)c3)ncc2F)cn1,Cc1cnc(Nc2ccc(NS(=O)(=O)c3ccc(C(F)(F)F)cc3)c(F)c2)nc1-c1cnn(C(C)C)c1
N#CCCn1cc(-c2nc(Nc3ccc4c(ccn4S(=O)(=O)C(F)(F)F)c3)ncc2F)cn1,COC(=O)C=CCN1CCc2cc(Nc3ncc(C)c(-c4cnn(C(C)C)c4)n3)ccc2C1
N#CCCn1cc(-c2nc(Nc3ccc4c(ccn4S(=O)(=O)C(F)(F)F)c3)ncc2F)cn1,Cc1cnc(Nc2ccc3c(c2)CCN(C(=O)C=CC(=O)c2ccccc2)C3)nc1-c1cnn(C(C)C)c1
N#CCCn1cc(-c2nc(Nc3ccc4c(ccn4S(=O)(=O)C(F)(F)F)c3)ncc2F)cn1,N#CCCn1cc(-c2nc(Nc3ccc4c(c3)CCN4C(=O)CN3CCS(=O)(=O)CC3)ncc2F)cn1
N#CCCn1cc(-c2nc(Nc3ccc4c(ccn4S(=O)(=O)C(F)(F)F)c3)ncc2F)cn1,Cc1cnc(Nc2ccc3c(c2)CN(C(=O)C=CCN(C)C)CC3)nc1-c1cnn(C(C)C)c1
N#CCCn1cc(-c2nc(Nc3ccc4c(ccn4S(=O)(=O)C(F)(F)F)c3)ncc2F)cn1,Cc1cnc(Nc2ccc3c(c2)CN(C(=O)C=CC(=O)c2ccccc2)CC3)nc1-c1cnn(C(C)C)c1
N#CCCn1cc(-c2nc(Nc3ccc4c(ccn4S(=O)(=O)C(F)(F)F)c3)ncc2F)cn1,N#CCCn1cc(-c2nc(Nc3ccc4c(c3)CCN4C(=O)C3(C#N)CC3)ncc2F)cn1
N#CCCn1cc(-c2nc(Nc3ccc4c(ccn4S(=O)(=O)C(F)(F)F)c3)ncc2F)cn1,CCOC(C)n1cc(-c2nc(Nc3ccc4c(c3)CCN4S(=O)(=O)c3ccc(C(F)(F)F)cc3)ncc2C)cn1
Cc1nccc(Nc2nccc3nc(-c4c(Cl)cccc4Cl)[nH]c23)n1,Cc1cc(Nc2nccc3nc(-c4c(Cl)cc(C#N)cc4Cl)[nH]c23)ncn1
O=C(CCCCC(=O)N1CC=CCCOc2cccc(c2)-c2ccnc(n2)Nc2cccc(c2)C1)NO,Cc1ccc(C(=O)C=CC(=O)N2CCc3ccc(Nc4ncc(C)c(-c5cnn(C(C)C)c5)n4)cc3C2)cc1
O=C(CCCCC(=O)N1CC=CCCOc2cccc(c2)-c2ccnc(n2)Nc2cccc(c2)C1)NO,Cc1ccc(C(=O)C=CC(=O)N2CCc3cc(Nc4ncc(C)c(-c5cnn(C(C)C)c5)n4)ccc3C2)cc1
O=C(CCCCC(=O)N1CC=CCCOc2cccc(c2)-c2ccnc(n2)Nc2cccc(c2)C1)NO,Cc1cnc(Nc2ccc3c(c2)CCN(CC#N)C3)nc1-c1cnn(C(C)C)c1
O=C(CCCCC(=O)N1CC=CCCOc2cccc(c2)-c2ccnc(n2)Nc2cccc(c2)C1)NO,Cc1cnc(Nc2ccc3c(c2)CCN(C(=O)C=CCN(C)C)C3)nc1-c1cnn(C(C)C)c1
O=C(CCCCC(=O)N1CC=CCCOc2cccc(c2)-c2ccnc(n2)Nc2cccc(c2)C1)NO,COC(=O)C=CCN1CCc2cc(Nc3ncc(C)c(-c4cnn(C(C)C)c4)n3)ccc2C1
O=C(CCCCC(=O)N1CC=CCCOc2cccc(c2)-c2ccnc(n2)Nc2cccc(c2)C1)NO,Cc1cnc(Nc2ccc3c(c2)CCN(C(=O)C=CC(=O)c2ccccc2)C3)nc1-c1cnn(C(C)C)c1
O=C(CCCCC(=O)N1CC=CCCOc2cccc(c2)-c2ccnc(n2)Nc2cccc(c2)C1)NO,Cc1cnc(Nc2ccc3c(c2)CN(C(=O)C=CCN(C)C)CC3)nc1-c1cnn(C(C)C)c1
O=C(CCCCC(=O)N1CC=CCCOc2cccc(c2)-c2ccnc(n2)Nc2cccc(c2)C1)NO,Cc1cnc(Nc2ccc3c(c2)CN(C(=O)C=CC(=O)c2ccccc2)CC3)nc1-c1cnn(C(C)C)c1
CNc1cc(-c2cc(C(N)=O)n(-c3cc(Cl)ccc3C)c2)ncn1,Cc1ccccc1-n1cc(-c2ccn(C)n2)c2[nH]nc(N)c2c1=O
Cc1cnc(Nc2ccc3c(c2)CCN3C(=O)C2CC2F)nc1-c1cnn(C(C)C)c1,Cc1ccc(C(=O)C=CC(=O)N2CCc3ccc(Nc4ncc(C)c(-c5cnn(C(C)C)c5)n4)cc3C2)cc1
Cc1cnc(Nc2ccc3c(c2)CCN3C(=O)C2CC2F)nc1-c1cnn(C(C)C)c1,CCn1c(C(=O)N(C2CC2)C2CC2)cc2c3c(ncn3C)c(Nc3nc(C(=O)NC)c(C)s3)nc21
Cc1cnc(Nc2ccc3c(c2)CCN3C(=O)C2CC2F)nc1-c1cnn(C(C)C)c1,CCn1c(C(=O)N(C2CC2)C2CC2)cc2c3c(ncn3C)c(Nc3nc(C)cs3)nc21
Cc1cnc(Nc2ccc3c(c2)CCN3C(=O)C2CC2F)nc1-c1cnn(C(C)C)c1,CCn1c(C(=O)N(C2CC2)C2CC2)cc2c3c(ncn3C)c(Nc3ncc(C)s3)nc21
Cc1cnc(Nc2ccc3c(c2)CCN3C(=O)C2CC2F)nc1-c1cnn(C(C)C)c1,Cc1ccc(C(=O)C=CC(=O)N2CCc3cc(Nc4ncc(C)c(-c5cnn(C(C)C)c5)n4)ccc3C2)cc1
Cc1cnc(Nc2ccc3c(c2)CCN3C(=O)C2CC2F)nc1-c1cnn(C(C)C)c1,Cn1nc(-c2cnc3[nH]cc(C(=O)NC(C(=O)N4CC(C#N)C4)C4CC4)c3n2)c2ccc(Cl)cc21
Cc1cnc(Nc2ccc3c(c2)CCN3C(=O)C2CC2F)nc1-c1cnn(C(C)C)c1,CCn1c(C(=O)N(C2CC2)C2CC2)cc2c3c(ncn3C)c(Nc3nccs3)nc21
Cc1cnc(Nc2ccc3c(c2)CCN3C(=O)C2CC2F)nc1-c1cnn(C(C)C)c1,CCn1c(C(=O)N(C2CC2)C2CC2)cc2c3c(ncn3C)c(Nc3cc(C)nn3C)nc21
Cc1cnc(Nc2ccc3c(c2)CCN3C(=O)C2CC2F)nc1-c1cnn(C(C)C)c1,CCc1nc(Nc2nc3c(cc(C(=O)N(C4CC4)C4CC4)n3CC)c3c2ncn3C)sc1C
Cc1cnc(Nc2ccc3c(c2)CCN3C(=O)C2CC2F)nc1-c1cnn(C(C)C)c1,Cc1cnc(Nc2ccc3c(c2)CCN(CC#N)C3)nc1-c1cnn(C(C)C)c1
Cc1cnc(Nc2ccc3c(c2)CCN3C(=O)C2CC2F)nc1-c1cnn(C(C)C)c1,CCn1c(C(=O)N(C2CC2)C2CC2)cc2c3c(ncn3C)c(Nc3nc(C)c(S(C)(=O)=O)s3)nc21
Cc1cnc(Nc2ccc3c(c2)CCN3C(=O)C2CC2F)nc1-c1cnn(C(C)C)c1,Cc1cnc(Nc2ccc3c(c2)CCN(C(=O)C=CCN(C)C)C3)nc1-c1cnn(C(C)C)c1
Cc1cnc(Nc2ccc3c(c2)CCN3C(=O)C2CC2F)nc1-c1cnn(C(C)C)c1,CCn1c(C(=O)N(C2CC2)C2CC2)cc2c3c(ncn3C)c(Nc3nc(C)c(C)s3)nc21
Cc1cnc(Nc2ccc3c(c2)CCN3C(=O)C2CC2F)nc1-c1cnn(C(C)C)c1,Cc1cnc(Nc2ccc(NS(=O)(=O)c3ccc(C(F)(F)F)cc3)c(F)c2)nc1-c1cnn(C(C)C)c1
Cc1cnc(Nc2ccc3c(c2)CCN3C(=O)C2CC2F)nc1-c1cnn(C(C)C)c1,COC(=O)C=CCN1CCc2cc(Nc3ncc(C)c(-c4cnn(C(C)C)c4)n3)ccc2C1
Cc1cnc(Nc2ccc3c(c2)CCN3C(=O)C2CC2F)nc1-c1cnn(C(C)C)c1,Cc1cnc(Nc2ccc3c(c2)CCN(C(=O)C=CC(=O)c2ccccc2)C3)nc1-c1cnn(C(C)C)c1
Cc1cnc(Nc2ccc3c(c2)CCN3C(=O)C2CC2F)nc1-c1cnn(C(C)C)c1,CCn1c(C(=O)N(C2CC2)C2CC2)cc2c3c(ncn3C)c(Nc3cc(C)n(C)n3)nc21
Cc1cnc(Nc2ccc3c(c2)CCN3C(=O)C2CC2F)nc1-c1cnn(C(C)C)c1,CC(C)C(C)n1cc(-c2cc(N3CCS(=O)(=O)CC3)n(C)n2)c2[nH]nc(N)c2c1=O
Cc1cnc(Nc2ccc3c(c2)CCN3C(=O)C2CC2F)nc1-c1cnn(C(C)C)c1,N#CCCn1cc(-c2nc(Nc3ccc4c(c3)CCN4C(=O)CN3CCS(=O)(=O)CC3)ncc2F)cn1
Cc1cnc(Nc2ccc3c(c2)CCN3C(=O)C2CC2F)nc1-c1cnn(C(C)C)c1,Cc1cnc(Nc2ccc3c(c2)CN(C(=O)C=CCN(C)C)CC3)nc1-c1cnn(C(C)C)c1
Cc1cnc(Nc2ccc3c(c2)CCN3C(=O)C2CC2F)nc1-c1cnn(C(C)C)c1,Cc1cnc(Nc2ccc3c(c2)CN(C(=O)C=CC(=O)c2ccccc2)CC3)nc1-c1cnn(C(C)C)c1
Cc1cnc(Nc2ccc3c(c2)CCN3C(=O)C2CC2F)nc1-c1cnn(C(C)C)c1,N#CCCn1cc(-c2nc(Nc3ccc4c(c3)CCN4C(=O)C3(C#N)CC3)ncc2F)cn1
Cc1cnc(Nc2ccc3c(c2)CCN3C(=O)C2CC2F)nc1-c1cnn(C(C)C)c1,CCn1c(C(=O)N(C2CC2)C2CC2)cc2c3c(ncn3C)c(Nc3nc(C)c(C(=O)NC)s3)nc21
Cc1cnc(Nc2ccc3c(c2)CCN3C(=O)C2CC2F)nc1-c1cnn(C(C)C)c1,CCOC(C)n1cc(-c2nc(Nc3ccc4c(c3)CCN4S(=O)(=O)c3ccc(C(F)(F)F)cc3)ncc2C)cn1
CC(C)c1cccc(-c2cccc3nc(NC(=O)C4CC4)nn23)c1,O=C(Nc1nc2cccc(C3CCC(NC(=O)C4(F)CC4)CC3)n2n1)C1CC1
CC(C)c1cccc(-c2cccc3nc(NC(=O)C4CC4)nn23)c1,O=C(Nc1nc2cccc(-c3ccc(C(=O)N4CCC(F)(F)CC4)cc3)n2n1)C1CC1
CC(C)c1cccc(-c2cccc3nc(NC(=O)C4CC4)nn23)c1,O=C(Nc1nc2cccc(-c3ccc(C(=O)N4CC(F)(F)C4)cc3)n2n1)C1CC1
CC(C)c1cccc(-c2cccc3nc(NC(=O)C4CC4)nn23)c1,N#CCNC(=O)c1ccc(-c2cccc3nc(NC(=O)C4CC4)nn23)cc1
CC(C)c1cccc(-c2cccc3nc(NC(=O)C4CC4)nn23)c1,CC(C)(C#N)C(=O)N1CC2(CCC(c3cccc4nc(NC(=O)C5CC5)nn34)CC2)C1
CC(C)c1cccc(-c2cccc3nc(NC(=O)C4CC4)nn23)c1,O=C(Nc1nc2cccc(C3=CCN(C(=O)NCC(F)(F)F)CC3)n2n1)C1CC1
CC(C)c1cccc(-c2cccc3nc(NC(=O)C4CC4)nn23)c1,O=C(Nc1nc2cccc(C3CCC4(CC3)CCN(C(=O)C3CC3(F)F)CC4)n2n1)C1CC1
CC(C)c1cccc(-c2cccc3nc(NC(=O)C4CC4)nn23)c1,N#CC1CN(C(=O)c2ccc(-c3cccc4nc(NC(=O)C5CC5)nn34)cc2)C1
CC(C)c1cccc(-c2cccc3nc(NC(=O)C4CC4)nn23)c1,O=C(Nc1nc2cccc(-c3ccc(CN4CCS(=O)(=O)CC4)cc3)n2n1)C1CC1
CC(C)c1cccc(-c2cccc3nc(NC(=O)C4CC4)nn23)c1,O=C(Nc1nc2cccc(C3CCC4(CC3)CN(C(=O)CC(F)F)C4)n2n1)C1CC1
CC(C)c1cccc(-c2cccc3nc(NC(=O)C4CC4)nn23)c1,N#CCC(=O)N1CC2(CCC(c3cccc4nc(NC(=O)C5CC5)nn34)CC2)C1
CC(C)c1cccc(-c2cccc3nc(NC(=O)C4CC4)nn23)c1,O=C(Nc1nc2cccc(C3CCC4(CC3)CCN(C(=O)C3CC3(F)F)C4)n2n1)C1CC1
CC(C)c1cccc(-c2cccc3nc(NC(=O)C4CC4)nn23)c1,O=C(Nc1nc2cccc(C3=CCN(C(=O)C4CC4(F)F)CC3)n2n1)C1CC1
CC(C)c1cccc(-c2cccc3nc(NC(=O)C4CC4)nn23)c1,C=C(C#N)C(O)c1ccc(-c2cccc3nc(NC(=O)C4CC4)nn23)cc1
COc1cc(Nc2ncc(F)c(Nc3ccc4c(n3)NC(=O)C(C)(C)O4)n2)cc(OC)c1OC,CCn1c(C(=O)N(C2CC2)C2CC2)cc2c3c(ncn3C)c(Nc3nc(C(=O)NC)c(C)s3)nc21
COc1cc(Nc2ncc(F)c(Nc3ccc4c(n3)NC(=O)C(C)(C)O4)n2)cc(OC)c1OC,CCn1c(C(=O)N(C2CC2)C2CC2)cc2c3c(ncn3C)c(Nc3nc(C)cs3)nc21
COc1cc(Nc2ncc(F)c(Nc3ccc4c(n3)NC(=O)C(C)(C)O4)n2)cc(OC)c1OC,CCn1c(C(=O)N(C2CC2)C2CC2)cc2c3c(ncn3C)c(Nc3ncc(C)s3)nc21
COc1cc(Nc2ncc(F)c(Nc3ccc4c(n3)NC(=O)C(C)(C)O4)n2)cc(OC)c1OC,CCn1c(C(=O)N(C2CC2)C2CC2)cc2c3c(ncn3C)c(Nc3nccs3)nc21
COc1cc(Nc2ncc(F)c(Nc3ccc4c(n3)NC(=O)C(C)(C)O4)n2)cc(OC)c1OC,CCn1c(C(=O)N(C2CC2)C2CC2)cc2c3c(ncn3C)c(Nc3cc(C)nn3C)nc21
COc1cc(Nc2ncc(F)c(Nc3ccc4c(n3)NC(=O)C(C)(C)O4)n2)cc(OC)c1OC,CCc1nc(Nc2nc3c(cc(C(=O)N(C4CC4)C4CC4)n3CC)c3c2ncn3C)sc1C
COc1cc(Nc2ncc(F)c(Nc3ccc4c(n3)NC(=O)C(C)(C)O4)n2)cc(OC)c1OC,CCn1c(C(=O)N(C2CC2)C2CC2)cc2c3c(ncn3C)c(Nc3nc(C)c(S(C)(=O)=O)s3)nc21
COc1cc(Nc2ncc(F)c(Nc3ccc4c(n3)NC(=O)C(C)(C)O4)n2)cc(OC)c1OC,CCn1c(C(=O)N(C2CC2)C2CC2)cc2c3c(ncn3C)c(Nc3nc(C)c(C)s3)nc21
COc1cc(Nc2ncc(F)c(Nc3ccc4c(n3)NC(=O)C(C)(C)O4)n2)cc(OC)c1OC,CCn1c(C(=O)N(C2CC2)C2CC2)cc2c3c(ncn3C)c(Nc3cc(C)n(C)n3)nc21
COc1cc(Nc2ncc(F)c(Nc3ccc4c(n3)NC(=O)C(C)(C)O4)n2)cc(OC)c1OC,CCn1c(C(=O)N(C2CC2)C2CC2)cc2c3c(ncn3C)c(Nc3nc(C)c(C(=O)NC)s3)nc21
O=C(CCCCCCn1cc(Nc2ncc(Cl)c(Nc3ccccc3Cl)n2)cn1)NO,Clc1cccc(Nc2nc(Nc3cn[nH]c3)ncc2Cl)c1
O=C(CCCCCCn1cc(Nc2ncc(Cl)c(Nc3ccccc3Cl)n2)cn1)NO,O=C(CCCCCCn1cc(Nc2ncc(Cl)c(N3CCCCC3)n2)cn1)NO
O=C(CCCCCCn1cc(Nc2ncc(Cl)c(Nc3ccccc3Cl)n2)cn1)NO,O=C(CCCCCCn1cc(Nc2ncc(Cl)c(NC3CC3)n2)cn1)NO
O=C(CCCCCCn1cc(Nc2ncc(Cl)c(Nc3ccccc3Cl)n2)cn1)NO,O=C(CCCCCn1cc(Nc2ncc(Cl)c(Nc3ccc(Cl)cc3)n2)cn1)NO
O=c1[nH]c(=O)n(CC2C3CCC(CC3)C2Nc2nc(-c3c[nH]c4ncc(F)cc34)ncc2F)o1,CCn1c(C(=O)N(C2CC2)C2CC2)cc2c3c(ncn3C)c(Nc3nc(C(=O)NC)c(C)s3)nc21
O=c1[nH]c(=O)n(CC2C3CCC(CC3)C2Nc2nc(-c3c[nH]c4ncc(F)cc34)ncc2F)o1,CCn1c(C(=O)N(C2CC2)C2CC2)cc2c3c(ncn3C)c(Nc3nc(C)cs3)nc21
O=c1[nH]c(=O)n(CC2C3CCC(CC3)C2Nc2nc(-c3c[nH]c4ncc(F)cc34)ncc2F)o1,CCn1c(C(=O)N(C2CC2)C2CC2)cc2c3c(ncn3C)c(Nc3ncc(C)s3)nc21
O=c1[nH]c(=O)n(CC2C3CCC(CC3)C2Nc2nc(-c3c[nH]c4ncc(F)cc34)ncc2F)o1,CCOc1ccc(-c2cc3c(NC4CCC(C)(N)C4(C)C)c(C(N)=O)cnn3c2)cn1
O=c1[nH]c(=O)n(CC2C3CCC(CC3)C2Nc2nc(-c3c[nH]c4ncc(F)cc34)ncc2F)o1,CC(NC(=O)c1c[nH]c2ncc(-c3cn(C)c4cc(Cl)ccc34)nc12)C(=O)N1CC(C#N)C1
O=c1[nH]c(=O)n(CC2C3CCC(CC3)C2Nc2nc(-c3c[nH]c4ncc(F)cc34)ncc2F)o1,Cn1nc(-c2cnc3[nH]cc(C(=O)NC(C(=O)N4CC(C#N)C4)C4CC4)c3n2)c2ccc(Cl)cc21
O=c1[nH]c(=O)n(CC2C3CCC(CC3)C2Nc2nc(-c3c[nH]c4ncc(F)cc34)ncc2F)o1,CCn1c(C(=O)N(C2CC2)C2CC2)cc2c3c(ncn3C)c(Nc3nccs3)nc21
O=c1[nH]c(=O)n(CC2C3CCC(CC3)C2Nc2nc(-c3c[nH]c4ncc(F)cc34)ncc2F)o1,CCn1c(C(=O)N(C2CC2)C2CC2)cc2c3c(ncn3C)c(Nc3cc(C)nn3C)nc21
O=c1[nH]c(=O)n(CC2C3CCC(CC3)C2Nc2nc(-c3c[nH]c4ncc(F)cc34)ncc2F)o1,CCc1nc(Nc2nc3c(cc(C(=O)N(C4CC4)C4CC4)n3CC)c3c2ncn3C)sc1C
O=c1[nH]c(=O)n(CC2C3CCC(CC3)C2Nc2nc(-c3c[nH]c4ncc(F)cc34)ncc2F)o1,CCn1c(C(=O)N(C2CC2)C2CC2)cc2c3c(ncn3C)c(Nc3nc(C)c(S(C)(=O)=O)s3)nc21
O=c1[nH]c(=O)n(CC2C3CCC(CC3)C2Nc2nc(-c3c[nH]c4ncc(F)cc34)ncc2F)o1,CC(C)Oc1ccc(-c2cc3c(NC4CCC(C)(N)C4(C)C)c(C(N)=O)cnn3c2)cn1
O=c1[nH]c(=O)n(CC2C3CCC(CC3)C2Nc2nc(-c3c[nH]c4ncc(F)cc34)ncc2F)o1,CC(NC(=O)c1c[nH]c2ncc(-c3nn(C)c4cc(Cl)cc(F)c34)nc12)C(=O)N1CC(C#N)C1
O=c1[nH]c(=O)n(CC2C3CCC(CC3)C2Nc2nc(-c3c[nH]c4ncc(F)cc34)ncc2F)o1,CCn1c(C(=O)N(C2CC2)C2CC2)cc2c3c(ncn3C)c(Nc3nc(C)c(C)s3)nc21
O=c1[nH]c(=O)n(CC2C3CCC(CC3)C2Nc2nc(-c3c[nH]c4ncc(F)cc34)ncc2F)o1,CC(NC(=O)c1c[nH]c2ncc(-c3nn(C)c4cc(Cl)ccc34)nc12)C(=O)N1CC(C#N)C1
O=c1[nH]c(=O)n(CC2C3CCC(CC3)C2Nc2nc(-c3c[nH]c4ncc(F)cc34)ncc2F)o1,COc1ccc2c(-c3cnc4[nH]cc(C(=O)NC(C)C(=O)N5CC(C#N)C5)c4n3)nn(C)c2c1
O=c1[nH]c(=O)n(CC2C3CCC(CC3)C2Nc2nc(-c3c[nH]c4ncc(F)cc34)ncc2F)o1,CCn1c(C(=O)N(C2CC2)C2CC2)cc2c3c(ncn3C)c(Nc3cc(C)n(C)n3)nc21
O=c1[nH]c(=O)n(CC2C3CCC(CC3)C2Nc2nc(-c3c[nH]c4ncc(F)cc34)ncc2F)o1,CS(=O)(=O)N1CCCC(Nc2nc(N3CCC(O)C3)ncc2-c2cnc3[nH]ccc3n2)C1
O=c1[nH]c(=O)n(CC2C3CCC(CC3)C2Nc2nc(-c3c[nH]c4ncc(F)cc34)ncc2F)o1,CC(C)C(C)n1cc(-c2cc(N3CCS(=O)(=O)CC3)n(C)n2)c2[nH]nc(N)c2c1=O
O=c1[nH]c(=O)n(CC2C3CCC(CC3)C2Nc2nc(-c3c[nH]c4ncc(F)cc34)ncc2F)o1,CC(C)C(C)n1cc(-c2cc(C3CCOCC3)n(C)n2)c2[nH]nc(N)c2c1=O
O=c1[nH]c(=O)n(CC2C3CCC(CC3)C2Nc2nc(-c3c[nH]c4ncc(F)cc34)ncc2F)o1,CC1(N)CCC(Nc2c(C(N)=O)cnn3cc(-c4ccc(F)nc4)cc23)C1(C)C
O=c1[nH]c(=O)n(CC2C3CCC(CC3)C2Nc2nc(-c3c[nH]c4ncc(F)cc34)ncc2F)o1,COc1ccc(-c2cc3c(NC4CCC(C)(N)C4(C)C)c(C(N)=O)cnn3c2)cn1
O=c1[nH]c(=O)n(CC2C3CCC(CC3)C2Nc2nc(-c3c[nH]c4ncc(F)cc34)ncc2F)o1,CCn1c(C(=O)N(C2CC2)C2CC2)cc2c3c(ncn3C)c(Nc3nc(C)c(C(=O)NC)s3)nc21
O=c1[nH]c(=O)n(CC2C3CCC(CC3)C2Nc2nc(-c3c[nH]c4ncc(F)cc34)ncc2F)o1,Cn1nc(-c2cnc3[nH]cc(C(=O)NC(C(=O)N4CC(C#N)C4)C(C)(C)C)c3n2)c2ccc(Cl)cc21
CCCS(=O)(=O)N1CCc2cc(Nc3ncc(C)c(-c4cnn(C(C)C)c4)n3)ccc21,Cc1ccc(C(=O)C=CC(=O)N2CCc3ccc(Nc4ncc(C)c(-c5cnn(C(C)C)c5)n4)cc3C2)cc1
CCCS(=O)(=O)N1CCc2cc(Nc3ncc(C)c(-c4cnn(C(C)C)c4)n3)ccc21,CCn1c(C(=O)N(C2CC2)C2CC2)cc2c3c(ncn3C)c(Nc3nc(C(=O)NC)c(C)s3)nc21
CCCS(=O)(=O)N1CCc2cc(Nc3ncc(C)c(-c4cnn(C(C)C)c4)n3)ccc21,CCn1c(C(=O)N(C2CC2)C2CC2)cc2c3c(ncn3C)c(Nc3nc(C)cs3)nc21
CCCS(=O)(=O)N1CCc2cc(Nc3ncc(C)c(-c4cnn(C(C)C)c4)n3)ccc21,CCn1c(C(=O)N(C2CC2)C2CC2)cc2c3c(ncn3C)c(Nc3ncc(C)s3)nc21
CCCS(=O)(=O)N1CCc2cc(Nc3ncc(C)c(-c4cnn(C(C)C)c4)n3)ccc21,Cc1ccc(C(=O)C=CC(=O)N2CCc3cc(Nc4ncc(C)c(-c5cnn(C(C)C)c5)n4)ccc3C2)cc1
CCCS(=O)(=O)N1CCc2cc(Nc3ncc(C)c(-c4cnn(C(C)C)c4)n3)ccc21,Cn1nc(-c2cnc3[nH]cc(C(=O)NC(C(=O)N4CC(C#N)C4)C4CC4)c3n2)c2ccc(Cl)cc21
CCCS(=O)(=O)N1CCc2cc(Nc3ncc(C)c(-c4cnn(C(C)C)c4)n3)ccc21,CCn1c(C(=O)N(C2CC2)C2CC2)cc2c3c(ncn3C)c(Nc3nccs3)nc21
CCCS(=O)(=O)N1CCc2cc(Nc3ncc(C)c(-c4cnn(C(C)C)c4)n3)ccc21,CCn1c(C(=O)N(C2CC2)C2CC2)cc2c3c(ncn3C)c(Nc3cc(C)nn3C)nc21
CCCS(=O)(=O)N1CCc2cc(Nc3ncc(C)c(-c4cnn(C(C)C)c4)n3)ccc21,CCc1nc(Nc2nc3c(cc(C(=O)N(C4CC4)C4CC4)n3CC)c3c2ncn3C)sc1C
CCCS(=O)(=O)N1CCc2cc(Nc3ncc(C)c(-c4cnn(C(C)C)c4)n3)ccc21,Cc1cnc(Nc2ccc3c(c2)CCN(CC#N)C3)nc1-c1cnn(C(C)C)c1
CCCS(=O)(=O)N1CCc2cc(Nc3ncc(C)c(-c4cnn(C(C)C)c4)n3)ccc21,CCn1c(C(=O)N(C2CC2)C2CC2)cc2c3c(ncn3C)c(Nc3nc(C)c(S(C)(=O)=O)s3)nc21
CCCS(=O)(=O)N1CCc2cc(Nc3ncc(C)c(-c4cnn(C(C)C)c4)n3)ccc21,Cc1cnc(Nc2ccc3c(c2)CCN(C(=O)C=CCN(C)C)C3)nc1-c1cnn(C(C)C)c1
CCCS(=O)(=O)N1CCc2cc(Nc3ncc(C)c(-c4cnn(C(C)C)c4)n3)ccc21,CC(NC(=O)c1c[nH]c2ncc(-c3nn(C)c4cc(Cl)cc(F)c34)nc12)C(=O)N1CC(C#N)C1
CCCS(=O)(=O)N1CCc2cc(Nc3ncc(C)c(-c4cnn(C(C)C)c4)n3)ccc21,CCn1c(C(=O)N(C2CC2)C2CC2)cc2c3c(ncn3C)c(Nc3nc(C)c(C)s3)nc21
CCCS(=O)(=O)N1CCc2cc(Nc3ncc(C)c(-c4cnn(C(C)C)c4)n3)ccc21,Cc1ccccc1-n1cc(-c2ccn(C)n2)c2[nH]nc(N)c2c1=O
CCCS(=O)(=O)N1CCc2cc(Nc3ncc(C)c(-c4cnn(C(C)C)c4)n3)ccc21,Cc1cnc(Nc2ccc(NS(=O)(=O)c3ccc(C(F)(F)F)cc3)c(F)c2)nc1-c1cnn(C(C)C)c1
CCCS(=O)(=O)N1CCc2cc(Nc3ncc(C)c(-c4cnn(C(C)C)c4)n3)ccc21,COC(=O)C=CCN1CCc2cc(Nc3ncc(C)c(-c4cnn(C(C)C)c4)n3)ccc2C1
CCCS(=O)(=O)N1CCc2cc(Nc3ncc(C)c(-c4cnn(C(C)C)c4)n3)ccc21,Cc1cnc(Nc2ccc3c(c2)CCN(C(=O)C=CC(=O)c2ccccc2)C3)nc1-c1cnn(C(C)C)c1
CCCS(=O)(=O)N1CCc2cc(Nc3ncc(C)c(-c4cnn(C(C)C)c4)n3)ccc21,CCn1c(C(=O)N(C2CC2)C2CC2)cc2c3c(ncn3C)c(Nc3cc(C)n(C)n3)nc21
CCCS(=O)(=O)N1CCc2cc(Nc3ncc(C)c(-c4cnn(C(C)C)c4)n3)ccc21,CC(C)C(C)n1cc(-c2cc(N3CCS(=O)(=O)CC3)n(C)n2)c2[nH]nc(N)c2c1=O
CCCS(=O)(=O)N1CCc2cc(Nc3ncc(C)c(-c4cnn(C(C)C)c4)n3)ccc21,N#CCCn1cc(-c2nc(Nc3ccc4c(c3)CCN4C(=O)CN3CCS(=O)(=O)CC3)ncc2F)cn1
CCCS(=O)(=O)N1CCc2cc(Nc3ncc(C)c(-c4cnn(C(C)C)c4)n3)ccc21,CC(C)C(C)n1cc(-c2cc(C3CCOCC3)n(C)n2)c2[nH]nc(N)c2c1=O
CCCS(=O)(=O)N1CCc2cc(Nc3ncc(C)c(-c4cnn(C(C)C)c4)n3)ccc21,Cc1cnc(Nc2ccc3c(c2)CN(C(=O)C=CCN(C)C)CC3)nc1-c1cnn(C(C)C)c1
CCCS(=O)(=O)N1CCc2cc(Nc3ncc(C)c(-c4cnn(C(C)C)c4)n3)ccc21,Cc1cnc(Nc2ccc3c(c2)CN(C(=O)C=CC(=O)c2ccccc2)CC3)nc1-c1cnn(C(C)C)c1
CCCS(=O)(=O)N1CCc2cc(Nc3ncc(C)c(-c4cnn(C(C)C)c4)n3)ccc21,N#CCCn1cc(-c2nc(Nc3ccc4c(c3)CCN4C(=O)C3(C#N)CC3)ncc2F)cn1
CCCS(=O)(=O)N1CCc2cc(Nc3ncc(C)c(-c4cnn(C(C)C)c4)n3)ccc21,CCn1c(C(=O)N(C2CC2)C2CC2)cc2c3c(ncn3C)c(Nc3nc(C)c(C(=O)NC)s3)nc21
CCCS(=O)(=O)N1CCc2cc(Nc3ncc(C)c(-c4cnn(C(C)C)c4)n3)ccc21,Cn1nc(-c2cnc3[nH]cc(C(=O)NC(C(=O)N4CC(C#N)C4)C(C)(C)C)c3n2)c2ccc(Cl)cc21
CCCS(=O)(=O)N1CCc2cc(Nc3ncc(C)c(-c4cnn(C(C)C)c4)n3)ccc21,CCOC(C)n1cc(-c2nc(Nc3ccc4c(c3)CCN4S(=O)(=O)c3ccc(C(F)(F)F)cc3)ncc2C)cn1
COc1ccc(-c2cccn3nc(Nc4ccc(C(=O)O)cc4)nc23)cc1,O=C(Nc1nc2cccc(-c3ccc(C(=O)N4CCC(F)(F)CC4)cc3)n2n1)C1CC1
COc1ccc(-c2cccn3nc(Nc4ccc(C(=O)O)cc4)nc23)cc1,O=C(Nc1nc2cccc(-c3ccc(C(=O)N4CC(F)(F)C4)cc3)n2n1)C1CC1
COc1ccc(-c2cccn3nc(Nc4ccc(C(=O)O)cc4)nc23)cc1,N#CCNC(=O)c1ccc(-c2cccc3nc(NC(=O)C4CC4)nn23)cc1
COc1ccc(-c2cccn3nc(Nc4ccc(C(=O)O)cc4)nc23)cc1,N#CC1CN(C(=O)c2ccc(-c3cccc4nc(NC(=O)C5CC5)nn34)cc2)C1
COc1ccc(-c2cccn3nc(Nc4ccc(C(=O)O)cc4)nc23)cc1,C=C(C#N)C(O)c1ccc(-c2cccc3nc(NC(=O)C4CC4)nn23)cc1
NC(=O)c1cc(-c2cc(N)ncn2)cn1-c1cc(C(F)(F)F)ccc1Cl,CCn1c(C(=O)N(C2CC2)C2CC2)cc2c3c(ncn3C)c(Nc3nc(C(=O)NC)c(C)s3)nc21
NC(=O)c1cc(-c2cc(N)ncn2)cn1-c1cc(C(F)(F)F)ccc1Cl,CCn1c(C(=O)N(C2CC2)C2CC2)cc2c3c(ncn3C)c(Nc3nc(C)c(S(C)(=O)=O)s3)nc21
NC(=O)c1cc(-c2cc(N)ncn2)cn1-c1cc(C(F)(F)F)ccc1Cl,CCn1c(C(=O)N(C2CC2)C2CC2)cc2c3c(ncn3C)c(Nc3nc(C)c(C(=O)NC)s3)nc21
COc1ccccc1-c1ccc2cnc(Nc3ccc(S(=O)(=O)N(C)C)cc3)nn12,O=C(Nc1nc2cccc(-c3ccc(C(=O)N4CCC(F)(F)CC4)cc3)n2n1)C1CC1
COc1ccccc1-c1ccc2cnc(Nc3ccc(S(=O)(=O)N(C)C)cc3)nn12,O=C(Nc1nc2cccc(-c3ccc(C(=O)N4CC(F)(F)C4)cc3)n2n1)C1CC1
COc1ccccc1-c1ccc2cnc(Nc3ccc(S(=O)(=O)N(C)C)cc3)nn12,N#CCNC(=O)c1ccc(-c2cccc3nc(NC(=O)C4CC4)nn23)cc1
COc1ccccc1-c1ccc2cnc(Nc3ccc(S(=O)(=O)N(C)C)cc3)nn12,N#CC1CN(C(=O)c2ccc(-c3cccc4nc(NC(=O)C5CC5)nn34)cc2)C1
COc1ccccc1-c1ccc2cnc(Nc3ccc(S(=O)(=O)N(C)C)cc3)nn12,O=C(Nc1nc2cccc(-c3ccc(CN4CCS(=O)(=O)CC4)cc3)n2n1)C1CC1
COc1ccccc1-c1ccc2cnc(Nc3ccc(S(=O)(=O)N(C)C)cc3)nn12,CCOC(C)n1cc(-c2nc(Nc3ccc4c(c3)CCN4S(=O)(=O)c3ccc(C(F)(F)F)cc3)ncc2C)cn1
COc1ccccc1-c1ccc2cnc(Nc3ccc(S(=O)(=O)N(C)C)cc3)nn12,C=C(C#N)C(O)c1ccc(-c2cccc3nc(NC(=O)C4CC4)nn23)cc1
O=C(CCCCCN1CC=CCOCc2cccc(c2)-c2ccnc(n2)Nc2cccc(c2)C1)NO,Cc1ccc(C(=O)C=CC(=O)N2CCc3ccc(Nc4ncc(C)c(-c5cnn(C(C)C)c5)n4)cc3C2)cc1
O=C(CCCCCN1CC=CCOCc2cccc(c2)-c2ccnc(n2)Nc2cccc(c2)C1)NO,Cc1ccc(C(=O)C=CC(=O)N2CCc3cc(Nc4ncc(C)c(-c5cnn(C(C)C)c5)n4)ccc3C2)cc1
O=C(CCCCCN1CC=CCOCc2cccc(c2)-c2ccnc(n2)Nc2cccc(c2)C1)NO,Cc1cnc(Nc2ccc3c(c2)CCN(CC#N)C3)nc1-c1cnn(C(C)C)c1
O=C(CCCCCN1CC=CCOCc2cccc(c2)-c2ccnc(n2)Nc2cccc(c2)C1)NO,Cc1cnc(Nc2ccc3c(c2)CCN(C(=O)C=CCN(C)C)C3)nc1-c1cnn(C(C)C)c1
O=C(CCCCCN1CC=CCOCc2cccc(c2)-c2ccnc(n2)Nc2cccc(c2)C1)NO,COC(=O)C=CCN1CCc2cc(Nc3ncc(C)c(-c4cnn(C(C)C)c4)n3)ccc2C1
O=C(CCCCCN1CC=CCOCc2cccc(c2)-c2ccnc(n2)Nc2cccc(c2)C1)NO,Cc1cnc(Nc2ccc3c(c2)CCN(C(=O)C=CC(=O)c2ccccc2)C3)nc1-c1cnn(C(C)C)c1
O=C(CCCCCN1CC=CCOCc2cccc(c2)-c2ccnc(n2)Nc2cccc(c2)C1)NO,Cc1cnc(Nc2ccc3c(c2)CN(C(=O)C=CCN(C)C)CC3)nc1-c1cnn(C(C)C)c1
O=C(CCCCCN1CC=CCOCc2cccc(c2)-c2ccnc(n2)Nc2cccc(c2)C1)NO,Cc1cnc(Nc2ccc3c(c2)CN(C(=O)C=CC(=O)c2ccccc2)CC3)nc1-c1cnn(C(C)C)c1
CCn1c(-c2ccnc(N)n2)cc(C(N)=O)c1-c1cc(Cl)ccc1C,CCn1c(C(=O)N(C2CC2)C2CC2)cc2c3c(ncn3C)c(Nc3nc(C(=O)NC)c(C)s3)nc21
CCn1c(-c2ccnc(N)n2)cc(C(N)=O)c1-c1cc(Cl)ccc1C,CCn1c(C(=O)N(C2CC2)C2CC2)cc2c3c(ncn3C)c(Nc3nc(C)cs3)nc21
CCn1c(-c2ccnc(N)n2)cc(C(N)=O)c1-c1cc(Cl)ccc1C,CCn1c(C(=O)N(C2CC2)C2CC2)cc2c3c(ncn3C)c(Nc3ncc(C)s3)nc21
CCn1c(-c2ccnc(N)n2)cc(C(N)=O)c1-c1cc(Cl)ccc1C,CC(NC(=O)c1c[nH]c2ncc(-c3cn(C)c4cc(Cl)ccc34)nc12)C(=O)N1CC(C#N)C1
CCn1c(-c2ccnc(N)n2)cc(C(N)=O)c1-c1cc(Cl)ccc1C,Cn1nc(-c2cnc3[nH]cc(C(=O)NC(C(=O)N4CC(C#N)C4)C4CC4)c3n2)c2ccc(Cl)cc21
CCn1c(-c2ccnc(N)n2)cc(C(N)=O)c1-c1cc(Cl)ccc1C,CCn1c(C(=O)N(C2CC2)C2CC2)cc2c3c(ncn3C)c(Nc3nccs3)nc21
CCn1c(-c2ccnc(N)n2)cc(C(N)=O)c1-c1cc(Cl)ccc1C,CCn1c(C(=O)N(C2CC2)C2CC2)cc2c3c(ncn3C)c(Nc3cc(C)nn3C)nc21
CCn1c(-c2ccnc(N)n2)cc(C(N)=O)c1-c1cc(Cl)ccc1C,CCc1nc(Nc2nc3c(cc(C(=O)N(C4CC4)C4CC4)n3CC)c3c2ncn3C)sc1C
CCn1c(-c2ccnc(N)n2)cc(C(N)=O)c1-c1cc(Cl)ccc1C,CCn1c(C(=O)N(C2CC2)C2CC2)cc2c3c(ncn3C)c(Nc3nc(C)c(S(C)(=O)=O)s3)nc21
CCn1c(-c2ccnc(N)n2)cc(C(N)=O)c1-c1cc(Cl)ccc1C,CC(NC(=O)c1c[nH]c2ncc(-c3nn(C)c4cc(Cl)cc(F)c34)nc12)C(=O)N1CC(C#N)C1
CCn1c(-c2ccnc(N)n2)cc(C(N)=O)c1-c1cc(Cl)ccc1C,CCn1c(C(=O)N(C2CC2)C2CC2)cc2c3c(ncn3C)c(Nc3nc(C)c(C)s3)nc21
CCn1c(-c2ccnc(N)n2)cc(C(N)=O)c1-c1cc(Cl)ccc1C,CC(NC(=O)c1c[nH]c2ncc(-c3nn(C)c4cc(Cl)ccc34)nc12)C(=O)N1CC(C#N)C1
CCn1c(-c2ccnc(N)n2)cc(C(N)=O)c1-c1cc(Cl)ccc1C,COc1ccc2c(-c3cnc4[nH]cc(C(=O)NC(C)C(=O)N5CC(C#N)C5)c4n3)nn(C)c2c1
CCn1c(-c2ccnc(N)n2)cc(C(N)=O)c1-c1cc(Cl)ccc1C,CC(NC(=O)c1c[nH]c2ncc(-c3nn(C)c4cc(C#N)ccc34)nc12)C(=O)N1CC(C#N)C1
CCn1c(-c2ccnc(N)n2)cc(C(N)=O)c1-c1cc(Cl)ccc1C,CCn1c(C(=O)N(C2CC2)C2CC2)cc2c3c(ncn3C)c(Nc3cc(C)n(C)n3)nc21
CCn1c(-c2ccnc(N)n2)cc(C(N)=O)c1-c1cc(Cl)ccc1C,CC(C)C(C)n1cc(-c2cc(C3CCOCC3)n(C)n2)c2[nH]nc(N)c2c1=O
CCn1c(-c2ccnc(N)n2)cc(C(N)=O)c1-c1cc(Cl)ccc1C,CCn1c(C(=O)N(C2CC2)C2CC2)cc2c3c(ncn3C)c(Nc3nc(C)c(C(=O)NC)s3)nc21
CCn1c(-c2ccnc(N)n2)cc(C(N)=O)c1-c1cc(Cl)ccc1C,Cn1nc(-c2cnc3[nH]cc(C(=O)NC(C(=O)N4CC(C#N)C4)C(C)(C)C)c3n2)c2ccc(Cl)cc21
CCn1c(-c2ccnc(N)n2)cc(C(N)=O)c1-c1cc(Cl)ccc1C,CCOC(C)n1cc(-c2nc(Nc3ccc4c(c3)CCN4S(=O)(=O)c3ccc(C(F)(F)F)cc3)ncc2C)cn1
CC1CNC(=O)c2cnn3ccc(nc23)NC(C)c2cc(F)ccc2O1,CCn1c(C(=O)N(C2CC2)C2CC2)cc2c3c(ncn3C)c(Nc3nc(C(=O)NC)c(C)s3)nc21
CC1CNC(=O)c2cnn3ccc(nc23)NC(C)c2cc(F)ccc2O1,CCn1c(C(=O)N(C2CC2)C2CC2)cc2c3c(ncn3C)c(Nc3ncc(C)s3)nc21
CC1CNC(=O)c2cnn3ccc(nc23)NC(C)c2cc(F)ccc2O1,CCn1c(C(=O)N(C2CC2)C2CC2)cc2c3c(ncn3C)c(Nc3cc(C)nn3C)nc21
CC1CNC(=O)c2cnn3ccc(nc23)NC(C)c2cc(F)ccc2O1,CCc1nc(Nc2nc3c(cc(C(=O)N(C4CC4)C4CC4)n3CC)c3c2ncn3C)sc1C
CC1CNC(=O)c2cnn3ccc(nc23)NC(C)c2cc(F)ccc2O1,CCn1c(C(=O)N(C2CC2)C2CC2)cc2c3c(ncn3C)c(Nc3nc(C)c(S(C)(=O)=O)s3)nc21
CC1CNC(=O)c2cnn3ccc(nc23)NC(C)c2cc(F)ccc2O1,CC(NC(=O)c1c[nH]c2ncc(-c3nn(C)c4cc(Cl)cc(F)c34)nc12)C(=O)N1CC(C#N)C1
CC1CNC(=O)c2cnn3ccc(nc23)NC(C)c2cc(F)ccc2O1,CCn1c(C(=O)N(C2CC2)C2CC2)cc2c3c(ncn3C)c(Nc3nc(C)c(C)s3)nc21
CC1CNC(=O)c2cnn3ccc(nc23)NC(C)c2cc(F)ccc2O1,CCn1c(C(=O)N(C2CC2)C2CC2)cc2c3c(ncn3C)c(Nc3nc(C)c(C(=O)NC)s3)nc21
CC(C)Cn1cc(-c2cccn3nc(Nc4ccc(C(=O)O)cc4)nc23)cn1,O=C(Nc1nc2cccc(-c3ccc(C(=O)N4CCC(F)(F)CC4)cc3)n2n1)C1CC1
CC(C)Cn1cc(-c2cccn3nc(Nc4ccc(C(=O)O)cc4)nc23)cn1,O=C(Nc1nc2cccc(-c3ccc(C(=O)N4CC(F)(F)C4)cc3)n2n1)C1CC1
CC(C)Cn1cc(-c2cccn3nc(Nc4ccc(C(=O)O)cc4)nc23)cn1,N#CCNC(=O)c1ccc(-c2cccc3nc(NC(=O)C4CC4)nn23)cc1
CC(C)Cn1cc(-c2cccn3nc(Nc4ccc(C(=O)O)cc4)nc23)cn1,N#CC1CN(C(=O)c2ccc(-c3cccc4nc(NC(=O)C5CC5)nn34)cc2)C1
CC(C)Cn1cc(-c2cccn3nc(Nc4ccc(C(=O)O)cc4)nc23)cn1,C=C(C#N)C(O)c1ccc(-c2cccc3nc(NC(=O)C4CC4)nn23)cc1
N#Cc1cc(F)c(C(=O)Nc2ccnc(NC(=O)C3CC3F)c2)c(Cl)c1,O=C(Nc1ccnc(NC(=O)C2CC2)c1)c1c(Cl)cccc1Cl
N#CNC1CC(O)c2ccc(-c3ncnc4[nH]ccc34)cc21,CN(C#N)C1CCc2ccc(-c3ncnc4[nH]ccc34)cc21
N#CNC1CC(O)c2ccc(-c3ncnc4[nH]ccc34)cc21,N#CNC1CC(NS(=O)(=O)c2cccc(F)c2)c2ccc(-c3ncnc4[nH]ccc34)cc21
N#CNC1CC(O)c2ccc(-c3ncnc4[nH]ccc34)cc21,COc1ccc(S(=O)(=O)NC2CC(NC#N)c3cc(-c4ncnc5[nH]ccc45)ccc32)cc1
O=C(CCCCCCCn1cc(-c2ncnc3[nH]ccc23)cn1)NO,O=C(CCCCCCn1cc(-c2ncnc3[nH]ccc23)cn1)NO
O=C(CCCCCCCn1cc(-c2ncnc3[nH]ccc23)cn1)NO,c1nc(-c2cn(CC3CO3)nn2)c2cc[nH]c2n1
CC(O)c1nc2cnc3[nH]ccc3c2n1C1CCCCC1,N#CCC(=O)N1CCCC(n2c(=O)[nH]c3cnc4[nH]ccc4c32)C1
CC(O)c1nc2cnc3[nH]ccc3c2n1C1CCCCC1,NCCCn1c(C2CCNCC2)nc2cc(C(N)=O)ccc21
CC(O)c1nc2cnc3[nH]ccc3c2n1C1CCCCC1,N#CCC1CCC(n2c(CC(=O)NCc3ccc(F)cc3)nc3cnc4[nH]ccc4c32)CC1
CC(O)c1nc2cnc3[nH]ccc3c2n1C1CCCCC1,CCn1c(C(=O)N(C2CC2)C2CC2)cc2c3c(ncn3C)c(Nc3nc(C(=O)NC)c(C)s3)nc21
CC(O)c1nc2cnc3[nH]ccc3c2n1C1CCCCC1,CCn1c(C(=O)N(C2CC2)C2CC2)cc2c3c(ncn3C)c(Nc3nc(C)cs3)nc21
CC(O)c1nc2cnc3[nH]ccc3c2n1C1CCCCC1,CCn1c(C(=O)N(C2CC2)C2CC2)cc2c3c(ncn3C)c(Nc3ncc(C)s3)nc21
CC(O)c1nc2cnc3[nH]ccc3c2n1C1CCCCC1,CC1CCC(n2c(=O)[nH]c3cnc4[nH]ccc4c32)CC1
CC(O)c1nc2cnc3[nH]ccc3c2n1C1CCCCC1,O=c1[nH]c2cnc3[nH]ccc3c2n1C1CCOCC1
CC(O)c1nc2cnc3[nH]ccc3c2n1C1CCCCC1,COc1cc2c(=O)n(C3CCCCCC3)c3c4cc[nH]c4ncc3c2cc1OC
CC(O)c1nc2cnc3[nH]ccc3c2n1C1CCCCC1,N#CCC1CCC(n2c(CNC(=O)CC3CC3)nc3cnc4[nH]ccc4c32)CC1
CC(O)c1nc2cnc3[nH]ccc3c2n1C1CCCCC1,CS(=O)(=O)N1CCC(n2c(=O)[nH]c3cnc4[nH]ccc4c32)CC1
CC(O)c1nc2cnc3[nH]ccc3c2n1C1CCCCC1,CCn1c(C(=O)N(C2CC2)C2CC2)cc2c3c(ncn3C)c(Nc3nccs3)nc21
CC(O)c1nc2cnc3[nH]ccc3c2n1C1CCCCC1,CCn1c(C(=O)N(C2CC2)C2CC2)cc2c3c(ncn3C)c(Nc3cc(C)nn3C)nc21
CC(O)c1nc2cnc3[nH]ccc3c2n1C1CCCCC1,CCc1nc(Nc2nc3c(cc(C(=O)N(C4CC4)C4CC4)n3CC)c3c2ncn3C)sc1C
CC(O)c1nc2cnc3[nH]ccc3c2n1C1CCCCC1,CCn1c(C(=O)N(C2CC2)C2CC2)cc2c3c(ncn3C)c(Nc3nc(C)c(S(C)(=O)=O)s3)nc21
CC(O)c1nc2cnc3[nH]ccc3c2n1C1CCCCC1,Cc1nc2cnc3ccc(-c4cc(Cl)c(O)c(Cl)c4)cc3c2n1C1CCN(C)CC1
CC(O)c1nc2cnc3[nH]ccc3c2n1C1CCCCC1,O=c1[nH]c2cnc3[nH]ccc3c2n1C1CCCCCC1
CC(O)c1nc2cnc3[nH]ccc3c2n1C1CCCCC1,CC1(C)CCCCC1n1c(=O)[nH]c2cnc3[nH]ccc3c21
CC(O)c1nc2cnc3[nH]ccc3c2n1C1CCCCC1,CCn1c(C(=O)N(C2CC2)C2CC2)cc2c3c(ncn3C)c(Nc3nc(C)c(C)s3)nc21
CC(O)c1nc2cnc3[nH]ccc3c2n1C1CCCCC1,N#CC(C#N)=Cc1ccc(-c2nc3cnc4[nH]ccc4c3n2C2CCCCC2)o1
CC(O)c1nc2cnc3[nH]ccc3c2n1C1CCCCC1,CCC1CCCCC1n1c(=O)[nH]c2cnc3[nH]ccc3c21
CC(O)c1nc2cnc3[nH]ccc3c2n1C1CCCCC1,CCn1c(C(=O)N(C2CC2)C2CC2)cc2c3c(ncn3C)c(Nc3cc(C)n(C)n3)nc21
CC(O)c1nc2cnc3[nH]ccc3c2n1C1CCCCC1,CC1CCN(C(=O)CC#N)CC1n1c(=O)[nH]c2cnc3[nH]ccc3c21
CC(O)c1nc2cnc3[nH]ccc3c2n1C1CCCCC1,N#CC=Cc1ccc(-c2nc3cnc4[nH]ccc4c3n2C2CCCCC2)o1
CC(O)c1nc2cnc3[nH]ccc3c2n1C1CCCCC1,O=c1[nH]c2cnc3[nH]ccc3c2n1CC1CCCCC1
CC(O)c1nc2cnc3[nH]ccc3c2n1C1CCCCC1,CC(C)(O)CNC(=O)Cc1nc2cnc3[nH]ccc3c2n1C1CCC(CC#N)CC1
CC(O)c1nc2cnc3[nH]ccc3c2n1C1CCCCC1,CC1CCN(C(=O)CC#N)CC1n1c(=O)n(C)c2cnc3[nH]ccc3c21
CC(O)c1nc2cnc3[nH]ccc3c2n1C1CCCCC1,N#CCCc1ccc(-c2nc3cnc4[nH]ccc4c3n2C2CCCCC2)o1
CC(O)c1nc2cnc3[nH]ccc3c2n1C1CCCCC1,CCn1c(C(=O)N(C2CC2)C2CC2)cc2c3c(ncn3C)c(Nc3nc(C)c(C(=O)NC)s3)nc21
O=C(CCCCCCC(=O)N1CC=CCOCc2cccc(c2)-c2ccnc(n2)Nc2cccc(c2)C1)NO,Cc1ccc(C(=O)C=CC(=O)N2CCc3ccc(Nc4ncc(C)c(-c5cnn(C(C)C)c5)n4)cc3C2)cc1
O=C(CCCCCCC(=O)N1CC=CCOCc2cccc(c2)-c2ccnc(n2)Nc2cccc(c2)C1)NO,Cc1ccc(C(=O)C=CC(=O)N2CCc3cc(Nc4ncc(C)c(-c5cnn(C(C)C)c5)n4)ccc3C2)cc1
O=C(CCCCCCC(=O)N1CC=CCOCc2cccc(c2)-c2ccnc(n2)Nc2cccc(c2)C1)NO,Cc1cnc(Nc2ccc3c(c2)CCN(CC#N)C3)nc1-c1cnn(C(C)C)c1
O=C(CCCCCCC(=O)N1CC=CCOCc2cccc(c2)-c2ccnc(n2)Nc2cccc(c2)C1)NO,Cc1cnc(Nc2ccc3c(c2)CCN(C(=O)C=CCN(C)C)C3)nc1-c1cnn(C(C)C)c1
O=C(CCCCCCC(=O)N1CC=CCOCc2cccc(c2)-c2ccnc(n2)Nc2cccc(c2)C1)NO,COC(=O)C=CCN1CCc2cc(Nc3ncc(C)c(-c4cnn(C(C)C)c4)n3)ccc2C1
O=C(CCCCCCC(=O)N1CC=CCOCc2cccc(c2)-c2ccnc(n2)Nc2cccc(c2)C1)NO,Cc1cnc(Nc2ccc3c(c2)CCN(C(=O)C=CC(=O)c2ccccc2)C3)nc1-c1cnn(C(C)C)c1
O=C(CCCCCCC(=O)N1CC=CCOCc2cccc(c2)-c2ccnc(n2)Nc2cccc(c2)C1)NO,Cc1cnc(Nc2ccc3c(c2)CN(C(=O)C=CCN(C)C)CC3)nc1-c1cnn(C(C)C)c1
O=C(CCCCCCC(=O)N1CC=CCOCc2cccc(c2)-c2ccnc(n2)Nc2cccc(c2)C1)NO,Cc1cnc(Nc2ccc3c(c2)CN(C(=O)C=CC(=O)c2ccccc2)CC3)nc1-c1cnn(C(C)C)c1
CN(c1ncnc2[nH]ccc12)C1CCCCC1,CC1CCCN(c2ncnc3[nH]cc(-c4cccc(C#N)c4)c23)C1
CN(c1ncnc2[nH]ccc12)C1CCCCC1,CN(c1ncnc2[nH]ccc12)C1CCN(C(=O)CC#N)C1
Cn1ccc2cc(Nc3ncc(F)c(-c4cnn(CCC#N)c4)n3)ccc21,Cc1ccc(C(=O)C=CC(=O)N2CCc3ccc(Nc4ncc(C)c(-c5cnn(C(C)C)c5)n4)cc3C2)cc1
Cn1ccc2cc(Nc3ncc(F)c(-c4cnn(CCC#N)c4)n3)ccc21,Cc1ccc(C(=O)C=CC(=O)N2CCc3cc(Nc4ncc(C)c(-c5cnn(C(C)C)c5)n4)ccc3C2)cc1
Cn1ccc2cc(Nc3ncc(F)c(-c4cnn(CCC#N)c4)n3)ccc21,Cc1cnc(Nc2ccc3c(c2)CCN(CC#N)C3)nc1-c1cnn(C(C)C)c1
Cn1ccc2cc(Nc3ncc(F)c(-c4cnn(CCC#N)c4)n3)ccc21,Cc1cnc(Nc2ccc3c(c2)CCN(C(=O)C=CCN(C)C)C3)nc1-c1cnn(C(C)C)c1
Cn1ccc2cc(Nc3ncc(F)c(-c4cnn(CCC#N)c4)n3)ccc21,Cc1cnc(Nc2ccc(NS(=O)(=O)c3ccc(C(F)(F)F)cc3)c(F)c2)nc1-c1cnn(C(C)C)c1
Cn1ccc2cc(Nc3ncc(F)c(-c4cnn(CCC#N)c4)n3)ccc21,COC(=O)C=CCN1CCc2cc(Nc3ncc(C)c(-c4cnn(C(C)C)c4)n3)ccc2C1
Cn1ccc2cc(Nc3ncc(F)c(-c4cnn(CCC#N)c4)n3)ccc21,Cc1cnc(Nc2ccc3c(c2)CCN(C(=O)C=CC(=O)c2ccccc2)C3)nc1-c1cnn(C(C)C)c1
Cn1ccc2cc(Nc3ncc(F)c(-c4cnn(CCC#N)c4)n3)ccc21,N#CCCn1cc(-c2nc(Nc3ccc4c(c3)CCN4C(=O)CN3CCS(=O)(=O)CC3)ncc2F)cn1
Cn1ccc2cc(Nc3ncc(F)c(-c4cnn(CCC#N)c4)n3)ccc21,Cc1cnc(Nc2ccc3c(c2)CN(C(=O)C=CCN(C)C)CC3)nc1-c1cnn(C(C)C)c1
Cn1ccc2cc(Nc3ncc(F)c(-c4cnn(CCC#N)c4)n3)ccc21,Cc1cnc(Nc2ccc3c(c2)CN(C(=O)C=CC(=O)c2ccccc2)CC3)nc1-c1cnn(C(C)C)c1
Cn1ccc2cc(Nc3ncc(F)c(-c4cnn(CCC#N)c4)n3)ccc21,N#CCCn1cc(-c2nc(Nc3ccc4c(c3)CCN4C(=O)C3(C#N)CC3)ncc2F)cn1
Cn1ccc2cc(Nc3ncc(F)c(-c4cnn(CCC#N)c4)n3)ccc21,CCOC(C)n1cc(-c2nc(Nc3ccc4c(c3)CCN4S(=O)(=O)c3ccc(C(F)(F)F)cc3)ncc2C)cn1
COc1ccc(-c2cccc3nc(Nc4ccnc(C)c4)nn23)cc1,O=C(Nc1nc2cccc(-c3ccc(C(=O)N4CCC(F)(F)CC4)cc3)n2n1)C1CC1
COc1ccc(-c2cccc3nc(Nc4ccnc(C)c4)nn23)cc1,O=C(Nc1nc2cccc(-c3ccc(C(=O)N4CC(F)(F)C4)cc3)n2n1)C1CC1
COc1ccc(-c2cccc3nc(Nc4ccnc(C)c4)nn23)cc1,N#CCNC(=O)c1ccc(-c2cccc3nc(NC(=O)C4CC4)nn23)cc1
COc1ccc(-c2cccc3nc(Nc4ccnc(C)c4)nn23)cc1,N#CC1CN(C(=O)c2ccc(-c3cccc4nc(NC(=O)C5CC5)nn34)cc2)C1
COc1ccc(-c2cccc3nc(Nc4ccnc(C)c4)nn23)cc1,O=C(Nc1nc2cccc(-c3ccc(CN4CCS(=O)(=O)CC4)cc3)n2n1)C1CC1
COc1ccc(-c2cccc3nc(Nc4ccnc(C)c4)nn23)cc1,C=C(C#N)C(O)c1ccc(-c2cccc3nc(NC(=O)C4CC4)nn23)cc1
O=c1[nH]ccc2c(N3CCCCC3)ncnc12,CCc1nc(NC2CCCC2C#N)c2cc[nH]c(=O)c2n1
O=C(CCCCCCCC(=O)N1CC=CCCOc2cccc(c2)-c2ccnc(n2)Nc2cccc(c2)C1)NO,Cc1ccc(C(=O)C=CC(=O)N2CCc3ccc(Nc4ncc(C)c(-c5cnn(C(C)C)c5)n4)cc3C2)cc1
O=C(CCCCCCCC(=O)N1CC=CCCOc2cccc(c2)-c2ccnc(n2)Nc2cccc(c2)C1)NO,Cc1ccc(C(=O)C=CC(=O)N2CCc3cc(Nc4ncc(C)c(-c5cnn(C(C)C)c5)n4)ccc3C2)cc1
O=C(CCCCCCCC(=O)N1CC=CCCOc2cccc(c2)-c2ccnc(n2)Nc2cccc(c2)C1)NO,Cc1cnc(Nc2ccc3c(c2)CCN(CC#N)C3)nc1-c1cnn(C(C)C)c1
O=C(CCCCCCCC(=O)N1CC=CCCOc2cccc(c2)-c2ccnc(n2)Nc2cccc(c2)C1)NO,Cc1cnc(Nc2ccc3c(c2)CCN(C(=O)C=CCN(C)C)C3)nc1-c1cnn(C(C)C)c1
O=C(CCCCCCCC(=O)N1CC=CCCOc2cccc(c2)-c2ccnc(n2)Nc2cccc(c2)C1)NO,COC(=O)C=CCN1CCc2cc(Nc3ncc(C)c(-c4cnn(C(C)C)c4)n3)ccc2C1
O=C(CCCCCCCC(=O)N1CC=CCCOc2cccc(c2)-c2ccnc(n2)Nc2cccc(c2)C1)NO,Cc1cnc(Nc2ccc3c(c2)CCN(C(=O)C=CC(=O)c2ccccc2)C3)nc1-c1cnn(C(C)C)c1
O=C(CCCCCCCC(=O)N1CC=CCCOc2cccc(c2)-c2ccnc(n2)Nc2cccc(c2)C1)NO,Cc1cnc(Nc2ccc3c(c2)CN(C(=O)C=CCN(C)C)CC3)nc1-c1cnn(C(C)C)c1
O=C(CCCCCCCC(=O)N1CC=CCCOc2cccc(c2)-c2ccnc(n2)Nc2cccc(c2)C1)NO,Cc1cnc(Nc2ccc3c(c2)CN(C(=O)C=CC(=O)c2ccccc2)CC3)nc1-c1cnn(C(C)C)c1
CC(=O)N1CCc2cc(Nc3ncc(C)c(-c4cnn(C(C)C)c4)n3)ccc21,Cc1ccc(C(=O)C=CC(=O)N2CCc3ccc(Nc4ncc(C)c(-c5cnn(C(C)C)c5)n4)cc3C2)cc1
CC(=O)N1CCc2cc(Nc3ncc(C)c(-c4cnn(C(C)C)c4)n3)ccc21,Cc1ccc(C(=O)C=CC(=O)N2CCc3cc(Nc4ncc(C)c(-c5cnn(C(C)C)c5)n4)ccc3C2)cc1
CC(=O)N1CCc2cc(Nc3ncc(C)c(-c4cnn(C(C)C)c4)n3)ccc21,Cc1cnc(Nc2ccc3c(c2)CCN(CC#N)C3)nc1-c1cnn(C(C)C)c1
CC(=O)N1CCc2cc(Nc3ncc(C)c(-c4cnn(C(C)C)c4)n3)ccc21,Cc1cnc(Nc2ccc3c(c2)CCN(C(=O)C=CCN(C)C)C3)nc1-c1cnn(C(C)C)c1
CC(=O)N1CCc2cc(Nc3ncc(C)c(-c4cnn(C(C)C)c4)n3)ccc21,Cc1cnc(Nc2ccc(NS(=O)(=O)c3ccc(C(F)(F)F)cc3)c(F)c2)nc1-c1cnn(C(C)C)c1
CC(=O)N1CCc2cc(Nc3ncc(C)c(-c4cnn(C(C)C)c4)n3)ccc21,COC(=O)C=CCN1CCc2cc(Nc3ncc(C)c(-c4cnn(C(C)C)c4)n3)ccc2C1
CC(=O)N1CCc2cc(Nc3ncc(C)c(-c4cnn(C(C)C)c4)n3)ccc21,Cc1cnc(Nc2ccc3c(c2)CCN(C(=O)C=CC(=O)c2ccccc2)C3)nc1-c1cnn(C(C)C)c1
CC(=O)N1CCc2cc(Nc3ncc(C)c(-c4cnn(C(C)C)c4)n3)ccc21,N#CCCn1cc(-c2nc(Nc3ccc4c(c3)CCN4C(=O)CN3CCS(=O)(=O)CC3)ncc2F)cn1
CC(=O)N1CCc2cc(Nc3ncc(C)c(-c4cnn(C(C)C)c4)n3)ccc21,Cc1cnc(Nc2ccc3c(c2)CN(C(=O)C=CCN(C)C)CC3)nc1-c1cnn(C(C)C)c1
CC(=O)N1CCc2cc(Nc3ncc(C)c(-c4cnn(C(C)C)c4)n3)ccc21,Cc1cnc(Nc2ccc3c(c2)CN(C(=O)C=CC(=O)c2ccccc2)CC3)nc1-c1cnn(C(C)C)c1
CC(=O)N1CCc2cc(Nc3ncc(C)c(-c4cnn(C(C)C)c4)n3)ccc21,N#CCCn1cc(-c2nc(Nc3ccc4c(c3)CCN4C(=O)C3(C#N)CC3)ncc2F)cn1
CC(=O)N1CCc2cc(Nc3ncc(C)c(-c4cnn(C(C)C)c4)n3)ccc21,CCOC(C)n1cc(-c2nc(Nc3ccc4c(c3)CCN4S(=O)(=O)c3ccc(C(F)(F)F)cc3)ncc2C)cn1
COCCn1cc(-c2nc(Nc3ccc(NC(=O)CCCCCCC(=O)NO)cc3)nc3[nH]ccc23)cn1,Cc1ccc(C(=O)C=CC(=O)N2CCc3ccc(Nc4ncc(C)c(-c5cnn(C(C)C)c5)n4)cc3C2)cc1
COCCn1cc(-c2nc(Nc3ccc(NC(=O)CCCCCCC(=O)NO)cc3)nc3[nH]ccc23)cn1,Cc1ccc(C(=O)C=CC(=O)N2CCc3cc(Nc4ncc(C)c(-c5cnn(C(C)C)c5)n4)ccc3C2)cc1
COCCn1cc(-c2nc(Nc3ccc(NC(=O)CCCCCCC(=O)NO)cc3)nc3[nH]ccc23)cn1,O=C(CCCCCCn1cc(-c2ncnc3[nH]ccc23)cn1)NO
COCCn1cc(-c2nc(Nc3ccc(NC(=O)CCCCCCC(=O)NO)cc3)nc3[nH]ccc23)cn1,c1nc(-c2cn(CC3CO3)nn2)c2cc[nH]c2n1
COCCn1cc(-c2nc(Nc3ccc(NC(=O)CCCCCCC(=O)NO)cc3)nc3[nH]ccc23)cn1,Cc1cnc(Nc2ccc3c(c2)CCN(CC#N)C3)nc1-c1cnn(C(C)C)c1
COCCn1cc(-c2nc(Nc3ccc(NC(=O)CCCCCCC(=O)NO)cc3)nc3[nH]ccc23)cn1,Cc1cnc(Nc2ccc3c(c2)CCN(C(=O)C=CCN(C)C)C3)nc1-c1cnn(C(C)C)c1
COCCn1cc(-c2nc(Nc3ccc(NC(=O)CCCCCCC(=O)NO)cc3)nc3[nH]ccc23)cn1,Cc1cnc(Nc2ccc(NS(=O)(=O)c3ccc(C(F)(F)F)cc3)c(F)c2)nc1-c1cnn(C(C)C)c1
COCCn1cc(-c2nc(Nc3ccc(NC(=O)CCCCCCC(=O)NO)cc3)nc3[nH]ccc23)cn1,COC(=O)C=CCN1CCc2cc(Nc3ncc(C)c(-c4cnn(C(C)C)c4)n3)ccc2C1
COCCn1cc(-c2nc(Nc3ccc(NC(=O)CCCCCCC(=O)NO)cc3)nc3[nH]ccc23)cn1,Cc1cnc(Nc2ccc3c(c2)CCN(C(=O)C=CC(=O)c2ccccc2)C3)nc1-c1cnn(C(C)C)c1
COCCn1cc(-c2nc(Nc3ccc(NC(=O)CCCCCCC(=O)NO)cc3)nc3[nH]ccc23)cn1,N#CCCn1cc(-c2nc(Nc3ccc4c(c3)CCN4C(=O)CN3CCS(=O)(=O)CC3)ncc2F)cn1
COCCn1cc(-c2nc(Nc3ccc(NC(=O)CCCCCCC(=O)NO)cc3)nc3[nH]ccc23)cn1,Cc1cnc(Nc2ccc3c(c2)CN(C(=O)C=CCN(C)C)CC3)nc1-c1cnn(C(C)C)c1
COCCn1cc(-c2nc(Nc3ccc(NC(=O)CCCCCCC(=O)NO)cc3)nc3[nH]ccc23)cn1,Cc1cnc(Nc2ccc3c(c2)CN(C(=O)C=CC(=O)c2ccccc2)CC3)nc1-c1cnn(C(C)C)c1
COCCn1cc(-c2nc(Nc3ccc(NC(=O)CCCCCCC(=O)NO)cc3)nc3[nH]ccc23)cn1,N#CCCn1cc(-c2nc(Nc3ccc4c(c3)CCN4C(=O)C3(C#N)CC3)ncc2F)cn1
COCCn1cc(-c2nc(Nc3ccc(NC(=O)CCCCCCC(=O)NO)cc3)nc3[nH]ccc23)cn1,CCOC(C)n1cc(-c2nc(Nc3ccc4c(c3)CCN4S(=O)(=O)c3ccc(C(F)(F)F)cc3)ncc2C)cn1
CCNC(=O)c1ccc(Nc2nccc(N3CC4CC3CN4C(=O)CC#N)n2)cc1,Cc1cnc(Nc2ccc(N3C4CCC3COC4)cc2)nc1N1CCC2(CCNC2=O)CC1
CCNC(=O)c1ccc(Nc2nccc(N3CC4CC3CN4C(=O)CC#N)n2)cc1,CC1C2CN(c3nc(Nc4cnn(C)c4)ncc3F)CC12NC(=O)C1CC1(F)F
CCNC(=O)c1ccc(Nc2nccc(N3CC4CC3CN4C(=O)CC#N)n2)cc1,Cn1cc(Nc2ncc(F)c(N3CC4CCC(C3)N4C(=O)C3CC3)n2)cn1
CCNC(=O)c1ccc(Nc2nccc(N3CC4CC3CN4C(=O)CC#N)n2)cc1,Cc1cnc(Nc2ccc(C(F)(F)F)cc2)nc1N1CCC2(CCNC2=O)CC1
CCNC(=O)c1ccc(Nc2nccc(N3CC4CC3CN4C(=O)CC#N)n2)cc1,Cc1cnc(Nc2ccc(F)c(N)c2)nc1N1CCC2(CCNC2=O)CC1
CCNC(=O)c1ccc(Nc2nccc(N3CC4CC3CN4C(=O)CC#N)n2)cc1,Cn1cc(Nc2nccc(N3CC4CCC(C3)N4C(=O)NCC#N)n2)cn1
CCNC(=O)c1ccc(Nc2nccc(N3CC4CC3CN4C(=O)CC#N)n2)cc1,CCNC(=O)c1ncc(Nc2ncc(F)c(N3CC4CCC(C3)N4C(=O)C3CC3)n2)cc1C
CCNC(=O)c1ccc(Nc2nccc(N3CC4CC3CN4C(=O)CC#N)n2)cc1,O=C(C1CC1)N1C2CCC1CN(c1nc(Nc3cnn(CCO)c3)ncc1F)C2
CCNC(=O)c1ccc(Nc2nccc(N3CC4CC3CN4C(=O)CC#N)n2)cc1,CN(c1ncnc2[nH]ccc12)C1CCN(C(=O)CC#N)C1
CS(=O)(=O)c1ccc(-c2cccn3nc(Nc4ccc(C(=O)N5CCOCC5)cc4)nc23)cc1,O=C(Nc1nc2cccc(-c3ccc(C(=O)N4CCC(F)(F)CC4)cc3)n2n1)C1CC1
CS(=O)(=O)c1ccc(-c2cccn3nc(Nc4ccc(C(=O)N5CCOCC5)cc4)nc23)cc1,O=C(Nc1nc2cccc(-c3ccc(C(=O)N4CC(F)(F)C4)cc3)n2n1)C1CC1
CS(=O)(=O)c1ccc(-c2cccn3nc(Nc4ccc(C(=O)N5CCOCC5)cc4)nc23)cc1,N#CCNC(=O)c1ccc(-c2cccc3nc(NC(=O)C4CC4)nn23)cc1
CS(=O)(=O)c1ccc(-c2cccn3nc(Nc4ccc(C(=O)N5CCOCC5)cc4)nc23)cc1,N#CC1CN(C(=O)c2ccc(-c3cccc4nc(NC(=O)C5CC5)nn34)cc2)C1
CS(=O)(=O)c1ccc(-c2cccn3nc(Nc4ccc(C(=O)N5CCOCC5)cc4)nc23)cc1,O=C(Nc1nc2cccc(-c3ccc(CN4CCS(=O)(=O)CC4)cc3)n2n1)C1CC1
CS(=O)(=O)c1ccc(-c2cccn3nc(Nc4ccc(C(=O)N5CCOCC5)cc4)nc23)cc1,C=C(C#N)C(O)c1ccc(-c2cccc3nc(NC(=O)C4CC4)nn23)cc1
Cc1ccc(Cl)cc1-c1[nH]c(-c2ccnc(N)n2)cc1C(=O)NCCF,Cn1nc(-c2cnc3[nH]cc(C(=O)NC(C(=O)N4CC(C#N)C4)C(C)(C)C)c3n2)c2ccc(Cl)cc21
Cc1cnc(Nc2ccc3c(c2)CCN3C(=O)c2cccc(C(F)(F)F)c2)nc1-c1cnn(C(C)C)c1,Cc1ccc(C(=O)C=CC(=O)N2CCc3ccc(Nc4ncc(C)c(-c5cnn(C(C)C)c5)n4)cc3C2)cc1
Cc1cnc(Nc2ccc3c(c2)CCN3C(=O)c2cccc(C(F)(F)F)c2)nc1-c1cnn(C(C)C)c1,CCn1c(C(=O)N(C2CC2)C2CC2)cc2c3c(ncn3C)c(Nc3nc(C(=O)NC)c(C)s3)nc21
Cc1cnc(Nc2ccc3c(c2)CCN3C(=O)c2cccc(C(F)(F)F)c2)nc1-c1cnn(C(C)C)c1,CCn1c(C(=O)N(C2CC2)C2CC2)cc2c3c(ncn3C)c(Nc3nc(C)cs3)nc21
Cc1cnc(Nc2ccc3c(c2)CCN3C(=O)c2cccc(C(F)(F)F)c2)nc1-c1cnn(C(C)C)c1,CCn1c(C(=O)N(C2CC2)C2CC2)cc2c3c(ncn3C)c(Nc3ncc(C)s3)nc21
Cc1cnc(Nc2ccc3c(c2)CCN3C(=O)c2cccc(C(F)(F)F)c2)nc1-c1cnn(C(C)C)c1,Cc1ccc(C(=O)C=CC(=O)N2CCc3cc(Nc4ncc(C)c(-c5cnn(C(C)C)c5)n4)ccc3C2)cc1
Cc1cnc(Nc2ccc3c(c2)CCN3C(=O)c2cccc(C(F)(F)F)c2)nc1-c1cnn(C(C)C)c1,Cn1nc(-c2cnc3[nH]cc(C(=O)NC(C(=O)N4CC(C#N)C4)C4CC4)c3n2)c2ccc(Cl)cc21
Cc1cnc(Nc2ccc3c(c2)CCN3C(=O)c2cccc(C(F)(F)F)c2)nc1-c1cnn(C(C)C)c1,CCn1c(C(=O)N(C2CC2)C2CC2)cc2c3c(ncn3C)c(Nc3nccs3)nc21
Cc1cnc(Nc2ccc3c(c2)CCN3C(=O)c2cccc(C(F)(F)F)c2)nc1-c1cnn(C(C)C)c1,CCn1c(C(=O)N(C2CC2)C2CC2)cc2c3c(ncn3C)c(Nc3cc(C)nn3C)nc21
Cc1cnc(Nc2ccc3c(c2)CCN3C(=O)c2cccc(C(F)(F)F)c2)nc1-c1cnn(C(C)C)c1,CCc1nc(Nc2nc3c(cc(C(=O)N(C4CC4)C4CC4)n3CC)c3c2ncn3C)sc1C
Cc1cnc(Nc2ccc3c(c2)CCN3C(=O)c2cccc(C(F)(F)F)c2)nc1-c1cnn(C(C)C)c1,Cc1cnc(Nc2ccc3c(c2)CCN(CC#N)C3)nc1-c1cnn(C(C)C)c1
Cc1cnc(Nc2ccc3c(c2)CCN3C(=O)c2cccc(C(F)(F)F)c2)nc1-c1cnn(C(C)C)c1,CCn1c(C(=O)N(C2CC2)C2CC2)cc2c3c(ncn3C)c(Nc3nc(C)c(S(C)(=O)=O)s3)nc21
Cc1cnc(Nc2ccc3c(c2)CCN3C(=O)c2cccc(C(F)(F)F)c2)nc1-c1cnn(C(C)C)c1,Cc1cnc(Nc2ccc3c(c2)CCN(C(=O)C=CCN(C)C)C3)nc1-c1cnn(C(C)C)c1
Cc1cnc(Nc2ccc3c(c2)CCN3C(=O)c2cccc(C(F)(F)F)c2)nc1-c1cnn(C(C)C)c1,CC(NC(=O)c1c[nH]c2ncc(-c3nn(C)c4cc(Cl)cc(F)c34)nc12)C(=O)N1CC(C#N)C1
Cc1cnc(Nc2ccc3c(c2)CCN3C(=O)c2cccc(C(F)(F)F)c2)nc1-c1cnn(C(C)C)c1,CCn1c(C(=O)N(C2CC2)C2CC2)cc2c3c(ncn3C)c(Nc3nc(C)c(C)s3)nc21
Cc1cnc(Nc2ccc3c(c2)CCN3C(=O)c2cccc(C(F)(F)F)c2)nc1-c1cnn(C(C)C)c1,CC(NC(=O)c1c[nH]c2ncc(-c3nn(C)c4cc(Cl)ccc34)nc12)C(=O)N1CC(C#N)C1
Cc1cnc(Nc2ccc3c(c2)CCN3C(=O)c2cccc(C(F)(F)F)c2)nc1-c1cnn(C(C)C)c1,Cc1cnc(Nc2ccc(NS(=O)(=O)c3ccc(C(F)(F)F)cc3)c(F)c2)nc1-c1cnn(C(C)C)c1
Cc1cnc(Nc2ccc3c(c2)CCN3C(=O)c2cccc(C(F)(F)F)c2)nc1-c1cnn(C(C)C)c1,COC(=O)C=CCN1CCc2cc(Nc3ncc(C)c(-c4cnn(C(C)C)c4)n3)ccc2C1
Cc1cnc(Nc2ccc3c(c2)CCN3C(=O)c2cccc(C(F)(F)F)c2)nc1-c1cnn(C(C)C)c1,COc1ccc2c(-c3cnc4[nH]cc(C(=O)NC(C)C(=O)N5CC(C#N)C5)c4n3)nn(C)c2c1
Cc1cnc(Nc2ccc3c(c2)CCN3C(=O)c2cccc(C(F)(F)F)c2)nc1-c1cnn(C(C)C)c1,CC1(N)CCC(Nc2c(C(N)=O)cnn3cc(-c4cc[nH]n4)cc23)C1(C)C
Cc1cnc(Nc2ccc3c(c2)CCN3C(=O)c2cccc(C(F)(F)F)c2)nc1-c1cnn(C(C)C)c1,Cc1cnc(Nc2ccc3c(c2)CCN(C(=O)C=CC(=O)c2ccccc2)C3)nc1-c1cnn(C(C)C)c1
Cc1cnc(Nc2ccc3c(c2)CCN3C(=O)c2cccc(C(F)(F)F)c2)nc1-c1cnn(C(C)C)c1,CC(NC(=O)c1c[nH]c2ncc(-c3nn(C)c4cc(C#N)ccc34)nc12)C(=O)N1CC(C#N)C1
Cc1cnc(Nc2ccc3c(c2)CCN3C(=O)c2cccc(C(F)(F)F)c2)nc1-c1cnn(C(C)C)c1,CCn1c(C(=O)N(C2CC2)C2CC2)cc2c3c(ncn3C)c(Nc3cc(C)n(C)n3)nc21
Cc1cnc(Nc2ccc3c(c2)CCN3C(=O)c2cccc(C(F)(F)F)c2)nc1-c1cnn(C(C)C)c1,CC(C)C(C)n1cc(-c2cc(N3CCS(=O)(=O)CC3)n(C)n2)c2[nH]nc(N)c2c1=O
Cc1cnc(Nc2ccc3c(c2)CCN3C(=O)c2cccc(C(F)(F)F)c2)nc1-c1cnn(C(C)C)c1,N#CCCn1cc(-c2nc(Nc3ccc4c(c3)CCN4C(=O)CN3CCS(=O)(=O)CC3)ncc2F)cn1
Cc1cnc(Nc2ccc3c(c2)CCN3C(=O)c2cccc(C(F)(F)F)c2)nc1-c1cnn(C(C)C)c1,CC(C)C(C)n1cc(-c2cc(C3CCOCC3)n(C)n2)c2[nH]nc(N)c2c1=O
Cc1cnc(Nc2ccc3c(c2)CCN3C(=O)c2cccc(C(F)(F)F)c2)nc1-c1cnn(C(C)C)c1,Cc1cnc(Nc2ccc3c(c2)CN(C(=O)C=CCN(C)C)CC3)nc1-c1cnn(C(C)C)c1
Cc1cnc(Nc2ccc3c(c2)CCN3C(=O)c2cccc(C(F)(F)F)c2)nc1-c1cnn(C(C)C)c1,CN(C)C1CCCN(c2ccc(C(F)(F)F)cc2NC(=O)c2cc(C#Cc3cnc(N)nc3)ccc2F)C1
Cc1cnc(Nc2ccc3c(c2)CCN3C(=O)c2cccc(C(F)(F)F)c2)nc1-c1cnn(C(C)C)c1,CC(=O)NC1CCc2ccc(Oc3cnc4[nH]cc(C(=O)NC(C(=O)N5CC(C#N)C5)C5CC5)c4n3)cc21
Cc1cnc(Nc2ccc3c(c2)CCN3C(=O)c2cccc(C(F)(F)F)c2)nc1-c1cnn(C(C)C)c1,Cc1cnc(Nc2ccc3c(c2)CN(C(=O)C=CC(=O)c2ccccc2)CC3)nc1-c1cnn(C(C)C)c1
Cc1cnc(Nc2ccc3c(c2)CCN3C(=O)c2cccc(C(F)(F)F)c2)nc1-c1cnn(C(C)C)c1,N#CCCn1cc(-c2nc(Nc3ccc4c(c3)CCN4C(=O)C3(C#N)CC3)ncc2F)cn1
Cc1cnc(Nc2ccc3c(c2)CCN3C(=O)c2cccc(C(F)(F)F)c2)nc1-c1cnn(C(C)C)c1,CCn1c(C(=O)N(C2CC2)C2CC2)cc2c3c(ncn3C)c(Nc3nc(C)c(C(=O)NC)s3)nc21
Cc1cnc(Nc2ccc3c(c2)CCN3C(=O)c2cccc(C(F)(F)F)c2)nc1-c1cnn(C(C)C)c1,Cc1[nH]c(C=C2C(=O)Nc3ccc(F)cc32)c(C)c1C(=O)NCC(O)CN1CCOCC1
Cc1cnc(Nc2ccc3c(c2)CCN3C(=O)c2cccc(C(F)(F)F)c2)nc1-c1cnn(C(C)C)c1,Cn1nc(-c2cnc3[nH]cc(C(=O)NC(C(=O)N4CC(C#N)C4)C(C)(C)C)c3n2)c2ccc(Cl)cc21
Cc1cnc(Nc2ccc3c(c2)CCN3C(=O)c2cccc(C(F)(F)F)c2)nc1-c1cnn(C(C)C)c1,CCOC(C)n1cc(-c2nc(Nc3ccc4c(c3)CCN4S(=O)(=O)c3ccc(C(F)(F)F)cc3)ncc2C)cn1
O=C(C=Cc1ccc(NCCCn2cc(-c3ncnc4[nH]ccc34)cn2)cc1)NO,O=C(CCCCCCn1cc(-c2ncnc3[nH]ccc23)cn1)NO
O=C(C=Cc1ccc(NCCCn2cc(-c3ncnc4[nH]ccc34)cn2)cc1)NO,c1nc(-c2cn(CC3CO3)nn2)c2cc[nH]c2n1
O=C(C=Cc1ccc(NCCCn2cc(-c3ncnc4[nH]ccc34)cn2)cc1)NO,N#CCCn1cc(-c2nc(Nc3ccc4c(c3)CCN4C(=O)C3(C#N)CC3)ncc2F)cn1
Oc1cc(C2C3CCC(CC3)C2Nc2nc(-c3c[nH]c4ncc(F)cc34)ncc2F)no1,COc1ccccc1-c1cc2c(NC3CCC(C)(N)C3(C)C)c(C(N)=O)cnn2c1
Oc1cc(C2C3CCC(CC3)C2Nc2nc(-c3c[nH]c4ncc(F)cc34)ncc2F)no1,CCn1c(C(=O)N(C2CC2)C2CC2)cc2c3c(ncn3C)c(Nc3nc(C(=O)NC)c(C)s3)nc21
Oc1cc(C2C3CCC(CC3)C2Nc2nc(-c3c[nH]c4ncc(F)cc34)ncc2F)no1,CCn1c(C(=O)N(C2CC2)C2CC2)cc2c3c(ncn3C)c(Nc3nc(C)cs3)nc21
Oc1cc(C2C3CCC(CC3)C2Nc2nc(-c3c[nH]c4ncc(F)cc34)ncc2F)no1,CCn1c(C(=O)N(C2CC2)C2CC2)cc2c3c(ncn3C)c(Nc3ncc(C)s3)nc21
Oc1cc(C2C3CCC(CC3)C2Nc2nc(-c3c[nH]c4ncc(F)cc34)ncc2F)no1,CCOc1ccc(-c2cc3c(NC4CCC(C)(N)C4(C)C)c(C(N)=O)cnn3c2)cn1
Oc1cc(C2C3CCC(CC3)C2Nc2nc(-c3c[nH]c4ncc(F)cc34)ncc2F)no1,CC(NC(=O)c1c[nH]c2ncc(-c3cn(C)c4cc(Cl)ccc34)nc12)C(=O)N1CC(C#N)C1
Oc1cc(C2C3CCC(CC3)C2Nc2nc(-c3c[nH]c4ncc(F)cc34)ncc2F)no1,CC1(N)CCC(Nc2c(C(N)=O)cnn3cc(-c4cccnc4)cc23)C1(C)C
Oc1cc(C2C3CCC(CC3)C2Nc2nc(-c3c[nH]c4ncc(F)cc34)ncc2F)no1,Cn1nc(-c2cnc3[nH]cc(C(=O)NC(C(=O)N4CC(C#N)C4)C4CC4)c3n2)c2ccc(Cl)cc21
Oc1cc(C2C3CCC(CC3)C2Nc2nc(-c3c[nH]c4ncc(F)cc34)ncc2F)no1,COc1cccc(-c2cc3c(NC4CCC(C)(N)C4(C)C)c(C(N)=O)cnn3c2)c1
Oc1cc(C2C3CCC(CC3)C2Nc2nc(-c3c[nH]c4ncc(F)cc34)ncc2F)no1,CC1(N)CCC(Nc2c(C(N)=O)cnn3cc(-c4ccnc(F)c4)cc23)C1(C)C
Oc1cc(C2C3CCC(CC3)C2Nc2nc(-c3c[nH]c4ncc(F)cc34)ncc2F)no1,CCn1c(C(=O)N(C2CC2)C2CC2)cc2c3c(ncn3C)c(Nc3nccs3)nc21
Oc1cc(C2C3CCC(CC3)C2Nc2nc(-c3c[nH]c4ncc(F)cc34)ncc2F)no1,CCn1c(C(=O)N(C2CC2)C2CC2)cc2c3c(ncn3C)c(Nc3cc(C)nn3C)nc21
Oc1cc(C2C3CCC(CC3)C2Nc2nc(-c3c[nH]c4ncc(F)cc34)ncc2F)no1,CCc1nc(Nc2nc3c(cc(C(=O)N(C4CC4)C4CC4)n3CC)c3c2ncn3C)sc1C
Oc1cc(C2C3CCC(CC3)C2Nc2nc(-c3c[nH]c4ncc(F)cc34)ncc2F)no1,Cc1cc(-c2cc3c(NC4CCC(C)(N)C4(C)C)c(C(N)=O)cnn3c2)ccn1
Oc1cc(C2C3CCC(CC3)C2Nc2nc(-c3c[nH]c4ncc(F)cc34)ncc2F)no1,Cn1cc(C2=C(Nc3cccc(OCCNc4ccnc(F)c4)c3)C(=O)NC2=O)c2ccccc21
Oc1cc(C2C3CCC(CC3)C2Nc2nc(-c3c[nH]c4ncc(F)cc34)ncc2F)no1,CCn1c(C(=O)N(C2CC2)C2CC2)cc2c3c(ncn3C)c(Nc3nc(C)c(S(C)(=O)=O)s3)nc21
Oc1cc(C2C3CCC(CC3)C2Nc2nc(-c3c[nH]c4ncc(F)cc34)ncc2F)no1,CC(C)Oc1ccc(-c2cc3c(NC4CCC(C)(N)C4(C)C)c(C(N)=O)cnn3c2)cn1
Oc1cc(C2C3CCC(CC3)C2Nc2nc(-c3c[nH]c4ncc(F)cc34)ncc2F)no1,CC(NC(=O)c1c[nH]c2ncc(-c3nn(C)c4cc(Cl)cc(F)c34)nc12)C(=O)N1CC(C#N)C1
Oc1cc(C2C3CCC(CC3)C2Nc2nc(-c3c[nH]c4ncc(F)cc34)ncc2F)no1,CC1(N)CCC(Nc2c(C(N)=O)cnn3cc(-c4ccccc4F)cc23)C1(C)C
Oc1cc(C2C3CCC(CC3)C2Nc2nc(-c3c[nH]c4ncc(F)cc34)ncc2F)no1,CCn1c(C(=O)N(C2CC2)C2CC2)cc2c3c(ncn3C)c(Nc3nc(C)c(C)s3)nc21
Oc1cc(C2C3CCC(CC3)C2Nc2nc(-c3c[nH]c4ncc(F)cc34)ncc2F)no1,Cc1ccccc1-n1cc(-c2ccn(C)n2)c2[nH]nc(N)c2c1=O
Oc1cc(C2C3CCC(CC3)C2Nc2nc(-c3c[nH]c4ncc(F)cc34)ncc2F)no1,CC(NC(=O)c1c[nH]c2ncc(-c3nn(C)c4cc(Cl)ccc34)nc12)C(=O)N1CC(C#N)C1
Oc1cc(C2C3CCC(CC3)C2Nc2nc(-c3c[nH]c4ncc(F)cc34)ncc2F)no1,COc1ccc2c(-c3cnc4[nH]cc(C(=O)NC(C)C(=O)N5CC(C#N)C5)c4n3)nn(C)c2c1
Oc1cc(C2C3CCC(CC3)C2Nc2nc(-c3c[nH]c4ncc(F)cc34)ncc2F)no1,CC1(N)CCC(Nc2c(C(N)=O)cnn3cc(-c4ccccc4Cl)cc23)C1(C)C
Oc1cc(C2C3CCC(CC3)C2Nc2nc(-c3c[nH]c4ncc(F)cc34)ncc2F)no1,CC1(N)CCC(Nc2c(C(N)=O)cnn3cc(-c4cc[nH]n4)cc23)C1(C)C
Oc1cc(C2C3CCC(CC3)C2Nc2nc(-c3c[nH]c4ncc(F)cc34)ncc2F)no1,CC(NC(=O)c1c[nH]c2ncc(-c3nn(C)c4ccccc34)nc12)C(=O)N1CC(C#N)C1
Oc1cc(C2C3CCC(CC3)C2Nc2nc(-c3c[nH]c4ncc(F)cc34)ncc2F)no1,CC(NC(=O)c1c[nH]c2ncc(-c3nn(C)c4cc(C#N)ccc34)nc12)C(=O)N1CC(C#N)C1
Oc1cc(C2C3CCC(CC3)C2Nc2nc(-c3c[nH]c4ncc(F)cc34)ncc2F)no1,CC1(N)CCC(Nc2c(C(N)=O)cnn3cc(-c4cccc(F)c4)cc23)C1(C)C
Oc1cc(C2C3CCC(CC3)C2Nc2nc(-c3c[nH]c4ncc(F)cc34)ncc2F)no1,CCn1c(C(=O)N(C2CC2)C2CC2)cc2c3c(ncn3C)c(Nc3cc(C)n(C)n3)nc21
Oc1cc(C2C3CCC(CC3)C2Nc2nc(-c3c[nH]c4ncc(F)cc34)ncc2F)no1,CC(C)C(C)n1cc(-c2cc(N3CCS(=O)(=O)CC3)n(C)n2)c2[nH]nc(N)c2c1=O
Oc1cc(C2C3CCC(CC3)C2Nc2nc(-c3c[nH]c4ncc(F)cc34)ncc2F)no1,CC(C)C(C)n1cc(-c2cc(C3CCOCC3)n(C)n2)c2[nH]nc(N)c2c1=O
Oc1cc(C2C3CCC(CC3)C2Nc2nc(-c3c[nH]c4ncc(F)cc34)ncc2F)no1,Cc1cnccc1-c1cc2c(NC3CCC(C)(N)C3(C)C)c(C(N)=O)cnn2c1
Oc1cc(C2C3CCC(CC3)C2Nc2nc(-c3c[nH]c4ncc(F)cc34)ncc2F)no1,CC1(N)CCC(Nc2c(C(N)=O)cnn3cc(-c4ccc(F)nc4)cc23)C1(C)C
Oc1cc(C2C3CCC(CC3)C2Nc2nc(-c3c[nH]c4ncc(F)cc34)ncc2F)no1,CC1(N)CCC(Nc2c(C(N)=O)cnn3cc(-c4cccc(C#N)c4)cc23)C1(C)C
Oc1cc(C2C3CCC(CC3)C2Nc2nc(-c3c[nH]c4ncc(F)cc34)ncc2F)no1,Cn1ccc(-c2cn(-c3ccccc3Cl)c(=O)c3c(N)n[nH]c23)n1
Oc1cc(C2C3CCC(CC3)C2Nc2nc(-c3c[nH]c4ncc(F)cc34)ncc2F)no1,COc1ccc(-c2cc3c(NC4CCC(C)(N)C4(C)C)c(C(N)=O)cnn3c2)cn1
Oc1cc(C2C3CCC(CC3)C2Nc2nc(-c3c[nH]c4ncc(F)cc34)ncc2F)no1,CCn1c(C(=O)N(C2CC2)C2CC2)cc2c3c(ncn3C)c(Nc3nc(C)c(C(=O)NC)s3)nc21
Oc1cc(C2C3CCC(CC3)C2Nc2nc(-c3c[nH]c4ncc(F)cc34)ncc2F)no1,Cn1nc(-c2cnc3[nH]cc(C(=O)NC(C(=O)N4CC(C#N)C4)C(C)(C)C)c3n2)c2ccc(Cl)cc21
Oc1cc(C2C3CCC(CC3)C2Nc2nc(-c3c[nH]c4ncc(F)cc34)ncc2F)no1,COc1cc(-c2cc3c(NC4CCC(C)(N)C4(C)C)c(C(N)=O)cnn3c2)ccn1
Nc1cc(NC(=O)c2c(Cl)cccc2Cl)ccn1,O=C(Nc1ccnc(NC(=O)C2CC2)c1)c1c(Cl)cccc1Cl
Cc1cc(Nc2cc(C)[nH]n2)nc(N2CCC3(CC2)OCCN(C(C)c2ccc(-n4cc(F)cn4)nc2)C3=O)n1,COc1ccccc1-c1cc2c(NC3CCC(C)(N)C3(C)C)c(C(N)=O)cnn2c1
Cc1cc(Nc2cc(C)[nH]n2)nc(N2CCC3(CC2)OCCN(C(C)c2ccc(-n4cc(F)cn4)nc2)C3=O)n1,CCn1c(C(=O)N(C2CC2)C2CC2)cc2c3c(ncn3C)c(Nc3nc(C(=O)NC)c(C)s3)nc21
Cc1cc(Nc2cc(C)[nH]n2)nc(N2CCC3(CC2)OCCN(C(C)c2ccc(-n4cc(F)cn4)nc2)C3=O)n1,CCn1c(C(=O)N(C2CC2)C2CC2)cc2c3c(ncn3C)c(Nc3nc(C)cs3)nc21
Cc1cc(Nc2cc(C)[nH]n2)nc(N2CCC3(CC2)OCCN(C(C)c2ccc(-n4cc(F)cn4)nc2)C3=O)n1,CCn1c(C(=O)N(C2CC2)C2CC2)cc2c3c(ncn3C)c(Nc3ncc(C)s3)nc21
Cc1cc(Nc2cc(C)[nH]n2)nc(N2CCC3(CC2)OCCN(C(C)c2ccc(-n4cc(F)cn4)nc2)C3=O)n1,CC(NC(=O)c1c[nH]c2ncc(-n3ncc4cc(Cl)ccc43)nc12)C(=O)N1CC(C#N)C1
Cc1cc(Nc2cc(C)[nH]n2)nc(N2CCC3(CC2)OCCN(C(C)c2ccc(-n4cc(F)cn4)nc2)C3=O)n1,CCOc1ccc(-c2cc3c(NC4CCC(C)(N)C4(C)C)c(C(N)=O)cnn3c2)cn1
Cc1cc(Nc2cc(C)[nH]n2)nc(N2CCC3(CC2)OCCN(C(C)c2ccc(-n4cc(F)cn4)nc2)C3=O)n1,CC(NC(=O)c1c[nH]c2ncc(-c3cn(C)c4cc(Cl)ccc34)nc12)C(=O)N1CC(C#N)C1
Cc1cc(Nc2cc(C)[nH]n2)nc(N2CCC3(CC2)OCCN(C(C)c2ccc(-n4cc(F)cn4)nc2)C3=O)n1,Cn1nc(-c2cnc3[nH]cc(C(=O)NC(C(=O)N4CC(C#N)C4)C4CC4)c3n2)c2ccc(Cl)cc21
Cc1cc(Nc2cc(C)[nH]n2)nc(N2CCC3(CC2)OCCN(C(C)c2ccc(-n4cc(F)cn4)nc2)C3=O)n1,COc1cccc(-c2cc3c(NC4CCC(C)(N)C4(C)C)c(C(N)=O)cnn3c2)c1
Cc1cc(Nc2cc(C)[nH]n2)nc(N2CCC3(CC2)OCCN(C(C)c2ccc(-n4cc(F)cn4)nc2)C3=O)n1,CCn1c(C(=O)N(C2CC2)C2CC2)cc2c3c(ncn3C)c(Nc3nccs3)nc21
Cc1cc(Nc2cc(C)[nH]n2)nc(N2CCC3(CC2)OCCN(C(C)c2ccc(-n4cc(F)cn4)nc2)C3=O)n1,O=C1NC(=O)C(c2c[nH]c3ccccc23)=C1Nc1cccc(OC2CN(c3ccnc(F)c3)C2)c1
Cc1cc(Nc2cc(C)[nH]n2)nc(N2CCC3(CC2)OCCN(C(C)c2ccc(-n4cc(F)cn4)nc2)C3=O)n1,CCn1c(C(=O)N(C2CC2)C2CC2)cc2c3c(ncn3C)c(Nc3cc(C)nn3C)nc21
Cc1cc(Nc2cc(C)[nH]n2)nc(N2CCC3(CC2)OCCN(C(C)c2ccc(-n4cc(F)cn4)nc2)C3=O)n1,CCc1nc(Nc2nc3c(cc(C(=O)N(C4CC4)C4CC4)n3CC)c3c2ncn3C)sc1C
Cc1cc(Nc2cc(C)[nH]n2)nc(N2CCC3(CC2)OCCN(C(C)c2ccc(-n4cc(F)cn4)nc2)C3=O)n1,Cn1cc(C2=C(Nc3cccc(OCCNc4ccnc(F)c4)c3)C(=O)NC2=O)c2ccccc21
Cc1cc(Nc2cc(C)[nH]n2)nc(N2CCC3(CC2)OCCN(C(C)c2ccc(-n4cc(F)cn4)nc2)C3=O)n1,CCn1c(C(=O)N(C2CC2)C2CC2)cc2c3c(ncn3C)c(Nc3nc(C)c(S(C)(=O)=O)s3)nc21
Cc1cc(Nc2cc(C)[nH]n2)nc(N2CCC3(CC2)OCCN(C(C)c2ccc(-n4cc(F)cn4)nc2)C3=O)n1,CC(C)Oc1ccc(-c2cc3c(NC4CCC(C)(N)C4(C)C)c(C(N)=O)cnn3c2)cn1
Cc1cc(Nc2cc(C)[nH]n2)nc(N2CCC3(CC2)OCCN(C(C)c2ccc(-n4cc(F)cn4)nc2)C3=O)n1,CC(NC(=O)c1c[nH]c2ncc(-c3nn(C)c4cc(Cl)cc(F)c34)nc12)C(=O)N1CC(C#N)C1
Cc1cc(Nc2cc(C)[nH]n2)nc(N2CCC3(CC2)OCCN(C(C)c2ccc(-n4cc(F)cn4)nc2)C3=O)n1,CC1C2CN(c3nc(Nc4cnn(C)c4)ncc3F)CC12NC(=O)C1CC1(F)F
Cc1cc(Nc2cc(C)[nH]n2)nc(N2CCC3(CC2)OCCN(C(C)c2ccc(-n4cc(F)cn4)nc2)C3=O)n1,CC1(N)CCC(Nc2c(C(N)=O)cnn3cc(-c4ccccc4F)cc23)C1(C)C
Cc1cc(Nc2cc(C)[nH]n2)nc(N2CCC3(CC2)OCCN(C(C)c2ccc(-n4cc(F)cn4)nc2)C3=O)n1,CCn1c(C(=O)N(C2CC2)C2CC2)cc2c3c(ncn3C)c(Nc3nc(C)c(C)s3)nc21
Cc1cc(Nc2cc(C)[nH]n2)nc(N2CCC3(CC2)OCCN(C(C)c2ccc(-n4cc(F)cn4)nc2)C3=O)n1,Cc1ccccc1-n1cc(-c2ccn(C)n2)c2[nH]nc(N)c2c1=O
Cc1cc(Nc2cc(C)[nH]n2)nc(N2CCC3(CC2)OCCN(C(C)c2ccc(-n4cc(F)cn4)nc2)C3=O)n1,O=C(Nc1nc2cccc(C3=CCN(C(=O)NCC(F)(F)F)CC3)n2n1)C1CC1
Cc1cc(Nc2cc(C)[nH]n2)nc(N2CCC3(CC2)OCCN(C(C)c2ccc(-n4cc(F)cn4)nc2)C3=O)n1,CC(NC(=O)c1c[nH]c2ncc(-c3nn(C)c4cc(Cl)ccc34)nc12)C(=O)N1CC(C#N)C1
Cc1cc(Nc2cc(C)[nH]n2)nc(N2CCC3(CC2)OCCN(C(C)c2ccc(-n4cc(F)cn4)nc2)C3=O)n1,COc1ccc2c(-c3cnc4[nH]cc(C(=O)NC(C)C(=O)N5CC(C#N)C5)c4n3)nn(C)c2c1
Cc1cc(Nc2cc(C)[nH]n2)nc(N2CCC3(CC2)OCCN(C(C)c2ccc(-n4cc(F)cn4)nc2)C3=O)n1,CC1(N)CCC(Nc2c(C(N)=O)cnn3cc(-c4ccccc4Cl)cc23)C1(C)C
Cc1cc(Nc2cc(C)[nH]n2)nc(N2CCC3(CC2)OCCN(C(C)c2ccc(-n4cc(F)cn4)nc2)C3=O)n1,NC(=O)c1cnn2cccc2c1NCc1cccc(NC(=O)Cn2sc3ccccc3c2=O)c1
Cc1cc(Nc2cc(C)[nH]n2)nc(N2CCC3(CC2)OCCN(C(C)c2ccc(-n4cc(F)cn4)nc2)C3=O)n1,CC(C)(O)C(=O)N1CCN(c2ccc(C(F)(F)F)c(C3=C(c4c[nH]c5ccccc45)C(=O)NC3=O)c2)CC1
Cc1cc(Nc2cc(C)[nH]n2)nc(N2CCC3(CC2)OCCN(C(C)c2ccc(-n4cc(F)cn4)nc2)C3=O)n1,CC1(N)CCC(Nc2c(C(N)=O)cnn3cc(-c4cc[nH]n4)cc23)C1(C)C
Cc1cc(Nc2cc(C)[nH]n2)nc(N2CCC3(CC2)OCCN(C(C)c2ccc(-n4cc(F)cn4)nc2)C3=O)n1,CC(NC(=O)c1c[nH]c2ncc(-c3nn(C)c4ccccc34)nc12)C(=O)N1CC(C#N)C1
Cc1cc(Nc2cc(C)[nH]n2)nc(N2CCC3(CC2)OCCN(C(C)c2ccc(-n4cc(F)cn4)nc2)C3=O)n1,CC(NC(=O)c1c[nH]c2ncc(-c3nn(C)c4cc(C#N)ccc34)nc12)C(=O)N1CC(C#N)C1
Cc1cc(Nc2cc(C)[nH]n2)nc(N2CCC3(CC2)OCCN(C(C)c2ccc(-n4cc(F)cn4)nc2)C3=O)n1,CCn1c(C(=O)N(C2CC2)C2CC2)cc2c3c(ncn3C)c(Nc3cc(C)n(C)n3)nc21
Cc1cc(Nc2cc(C)[nH]n2)nc(N2CCC3(CC2)OCCN(C(C)c2ccc(-n4cc(F)cn4)nc2)C3=O)n1,CC(C)C(C)n1cc(-c2cc(N3CCS(=O)(=O)CC3)n(C)n2)c2[nH]nc(N)c2c1=O
Cc1cc(Nc2cc(C)[nH]n2)nc(N2CCC3(CC2)OCCN(C(C)c2ccc(-n4cc(F)cn4)nc2)C3=O)n1,O=C(Nc1nc2cccc(C3=CCN(C(=O)C4CC4(F)F)CC3)n2n1)C1CC1
Cc1cc(Nc2cc(C)[nH]n2)nc(N2CCC3(CC2)OCCN(C(C)c2ccc(-n4cc(F)cn4)nc2)C3=O)n1,CC(C)C(C)n1cc(-c2cc(C3CCOCC3)n(C)n2)c2[nH]nc(N)c2c1=O
Cc1cc(Nc2cc(C)[nH]n2)nc(N2CCC3(CC2)OCCN(C(C)c2ccc(-n4cc(F)cn4)nc2)C3=O)n1,Cc1cnccc1-c1cc2c(NC3CCC(C)(N)C3(C)C)c(C(N)=O)cnn2c1
Cc1cc(Nc2cc(C)[nH]n2)nc(N2CCC3(CC2)OCCN(C(C)c2ccc(-n4cc(F)cn4)nc2)C3=O)n1,CC1(N)CCC(Nc2c(C(N)=O)cnn3cc(-c4ccc(F)nc4)cc23)C1(C)C
Cc1cc(Nc2cc(C)[nH]n2)nc(N2CCC3(CC2)OCCN(C(C)c2ccc(-n4cc(F)cn4)nc2)C3=O)n1,CC(=O)NC1CCc2ccc(Oc3cnc4[nH]cc(C(=O)NC(C(=O)N5CC(C#N)C5)C5CC5)c4n3)cc21
Cc1cc(Nc2cc(C)[nH]n2)nc(N2CCC3(CC2)OCCN(C(C)c2ccc(-n4cc(F)cn4)nc2)C3=O)n1,N#CCCn1cc(-c2nc(Nc3ccc4c(c3)CCN4C(=O)C3(C#N)CC3)ncc2F)cn1
Cc1cc(Nc2cc(C)[nH]n2)nc(N2CCC3(CC2)OCCN(C(C)c2ccc(-n4cc(F)cn4)nc2)C3=O)n1,CCNC(=O)c1ncc(Nc2ncc(F)c(N3CC4CCC(C3)N4C(=O)C3CC3)n2)cc1C
Cc1cc(Nc2cc(C)[nH]n2)nc(N2CCC3(CC2)OCCN(C(C)c2ccc(-n4cc(F)cn4)nc2)C3=O)n1,COc1ccc(-c2cc3c(NC4CCC(C)(N)C4(C)C)c(C(N)=O)cnn3c2)cn1
Cc1cc(Nc2cc(C)[nH]n2)nc(N2CCC3(CC2)OCCN(C(C)c2ccc(-n4cc(F)cn4)nc2)C3=O)n1,CCn1c(C(=O)N(C2CC2)C2CC2)cc2c3c(ncn3C)c(Nc3nc(C)c(C(=O)NC)s3)nc21
Cc1cc(Nc2cc(C)[nH]n2)nc(N2CCC3(CC2)OCCN(C(C)c2ccc(-n4cc(F)cn4)nc2)C3=O)n1,Cc1[nH]c(C=C2C(=O)Nc3ccc(F)cc32)c(C)c1C(=O)NCC(O)CN1CCOCC1
Cc1cc(Nc2cc(C)[nH]n2)nc(N2CCC3(CC2)OCCN(C(C)c2ccc(-n4cc(F)cn4)nc2)C3=O)n1,Cn1nc(-c2cnc3[nH]cc(C(=O)NC(C(=O)N4CC(C#N)C4)C(C)(C)C)c3n2)c2ccc(Cl)cc21
Cc1cc(Nc2cc(C)[nH]n2)nc(N2CCC3(CC2)OCCN(C(C)c2ccc(-n4cc(F)cn4)nc2)C3=O)n1,COc1cc(-c2cc3c(NC4CCC(C)(N)C4(C)C)c(C(N)=O)cnn3c2)ccn1
Cc1cc(Nc2cc(C)[nH]n2)nc(N2CCC3(CC2)OCCN(C(C)c2ccc(-n4cc(F)cn4)nc2)C3=O)n1,CCOC(C)n1cc(-c2nc(Nc3ccc4c(c3)CCN4S(=O)(=O)c3ccc(C(F)(F)F)cc3)ncc2C)cn1
Cc1cc(Nc2cc(C)[nH]n2)nc(N2CCC3(CC2)OCCN(C(C)c2ccc(-n4cc(F)cn4)nc2)C3=O)n1,O=C1NC(=O)C(c2c[nH]c3ccccc23)=C1Nc1ccc(OCCCNc2ccnc(F)c2)cc1
COc1ccccc1-c1ccc2cnc(Nc3cccc(N4CCOCC4)c3)nn12,O=C(Nc1nc2cccc(-c3ccc(C(=O)N4CCC(F)(F)CC4)cc3)n2n1)C1CC1
COc1ccccc1-c1ccc2cnc(Nc3cccc(N4CCOCC4)c3)nn12,O=C(Nc1nc2cccc(-c3ccc(C(=O)N4CC(F)(F)C4)cc3)n2n1)C1CC1
COc1ccccc1-c1ccc2cnc(Nc3cccc(N4CCOCC4)c3)nn12,CCn1c(C(=O)N(C2CC2)C2CC2)cc2c3c(ncn3C)c(Nc3nc(C(=O)NC)c(C)s3)nc21
COc1ccccc1-c1ccc2cnc(Nc3cccc(N4CCOCC4)c3)nn12,N#CCNC(=O)c1ccc(-c2cccc3nc(NC(=O)C4CC4)nn23)cc1
COc1ccccc1-c1ccc2cnc(Nc3cccc(N4CCOCC4)c3)nn12,N#CC1CN(C(=O)c2ccc(-c3cccc4nc(NC(=O)C5CC5)nn34)cc2)C1
COc1ccccc1-c1ccc2cnc(Nc3cccc(N4CCOCC4)c3)nn12,C=C(C#N)C(O)c1ccc(-c2cccc3nc(NC(=O)C4CC4)nn23)cc1
CCc1ccc(Cl)cc1-c1cc(-c2ncnc3[nH]ccc23)[nH]c1C(N)=O,CCn1c(C(=O)N(C2CC2)C2CC2)cc2c3c(ncn3C)c(Nc3nc(C(=O)NC)c(C)s3)nc21
CCc1ccc(Cl)cc1-c1cc(-c2ncnc3[nH]ccc23)[nH]c1C(N)=O,CCn1c(C(=O)N(C2CC2)C2CC2)cc2c3c(ncn3C)c(Nc3nc(C)cs3)nc21
CCc1ccc(Cl)cc1-c1cc(-c2ncnc3[nH]ccc23)[nH]c1C(N)=O,CCn1c(C(=O)N(C2CC2)C2CC2)cc2c3c(ncn3C)c(Nc3ncc(C)s3)nc21
CCc1ccc(Cl)cc1-c1cc(-c2ncnc3[nH]ccc23)[nH]c1C(N)=O,CN(C#N)C1CCc2ccc(-c3ncnc4[nH]ccc34)cc21
CCc1ccc(Cl)cc1-c1cc(-c2ncnc3[nH]ccc23)[nH]c1C(N)=O,Cn1nc(-c2cnc3[nH]cc(C(=O)NC(C(=O)N4CC(C#N)C4)C4CC4)c3n2)c2ccc(Cl)cc21
CCc1ccc(Cl)cc1-c1cc(-c2ncnc3[nH]ccc23)[nH]c1C(N)=O,CCn1c(C(=O)N(C2CC2)C2CC2)cc2c3c(ncn3C)c(Nc3nccs3)nc21
CCc1ccc(Cl)cc1-c1cc(-c2ncnc3[nH]ccc23)[nH]c1C(N)=O,CCn1c(C(=O)N(C2CC2)C2CC2)cc2c3c(ncn3C)c(Nc3cc(C)nn3C)nc21
CCc1ccc(Cl)cc1-c1cc(-c2ncnc3[nH]ccc23)[nH]c1C(N)=O,CCc1nc(Nc2nc3c(cc(C(=O)N(C4CC4)C4CC4)n3CC)c3c2ncn3C)sc1C
CCc1ccc(Cl)cc1-c1cc(-c2ncnc3[nH]ccc23)[nH]c1C(N)=O,CCn1c(C(=O)N(C2CC2)C2CC2)cc2c3c(ncn3C)c(Nc3nc(C)c(S(C)(=O)=O)s3)nc21
CCc1ccc(Cl)cc1-c1cc(-c2ncnc3[nH]ccc23)[nH]c1C(N)=O,CC(NC(=O)c1c[nH]c2ncc(-c3nn(C)c4cc(Cl)cc(F)c34)nc12)C(=O)N1CC(C#N)C1
CCc1ccc(Cl)cc1-c1cc(-c2ncnc3[nH]ccc23)[nH]c1C(N)=O,CCn1c(C(=O)N(C2CC2)C2CC2)cc2c3c(ncn3C)c(Nc3nc(C)c(C)s3)nc21
CCc1ccc(Cl)cc1-c1cc(-c2ncnc3[nH]ccc23)[nH]c1C(N)=O,N#CNC1CC(NS(=O)(=O)c2cccc(F)c2)c2ccc(-c3ncnc4[nH]ccc34)cc21
CCc1ccc(Cl)cc1-c1cc(-c2ncnc3[nH]ccc23)[nH]c1C(N)=O,CCn1c(C(=O)N(C2CC2)C2CC2)cc2c3c(ncn3C)c(Nc3cc(C)n(C)n3)nc21
CCc1ccc(Cl)cc1-c1cc(-c2ncnc3[nH]ccc23)[nH]c1C(N)=O,COc1ccc(S(=O)(=O)NC2CC(NC#N)c3cc(-c4ncnc5[nH]ccc45)ccc32)cc1
CCc1ccc(Cl)cc1-c1cc(-c2ncnc3[nH]ccc23)[nH]c1C(N)=O,CCn1c(C(=O)N(C2CC2)C2CC2)cc2c3c(ncn3C)c(Nc3nc(C)c(C(=O)NC)s3)nc21
CCc1ccc(Cl)cc1-c1cc(-c2ncnc3[nH]ccc23)[nH]c1C(N)=O,Cn1nc(-c2cnc3[nH]cc(C(=O)NC(C(=O)N4CC(C#N)C4)C(C)(C)C)c3n2)c2ccc(Cl)cc21
Clc1cccc(Cl)c1-c1nc2ccnc(Nc3cc(N4CCCC4)ncn3)c2[nH]1,CCn1c(C(=O)N(C2CC2)C2CC2)cc2c3c(ncn3C)c(Nc3nc(C)cs3)nc21
Clc1cccc(Cl)c1-c1nc2ccnc(Nc3cc(N4CCCC4)ncn3)c2[nH]1,Cc1cc(Nc2nccc3nc(-c4c(Cl)cc(C#N)cc4Cl)[nH]c23)ncn1
Clc1cccc(Cl)c1-c1nc2ccnc(Nc3cc(N4CCCC4)ncn3)c2[nH]1,CCc1nc(Nc2nc3c(cc(C(=O)N(C4CC4)C4CC4)n3CC)c3c2ncn3C)sc1C
Clc1cccc(Cl)c1-c1nc2ccnc(Nc3cc(N4CCCC4)ncn3)c2[nH]1,CCn1c(C(=O)N(C2CC2)C2CC2)cc2c3c(ncn3C)c(Nc3nc(C)c(C)s3)nc21
Clc1cccc(Cl)c1-c1nc2ccnc(Nc3cc(N4CCCC4)ncn3)c2[nH]1,CCn1c(C(=O)N(C2CC2)C2CC2)cc2c3c(ncn3C)c(Nc3cc(C)n(C)n3)nc21
N#CCCn1cc(-c2nc(Nc3ccc4c(c3)CNC4=O)ncc2F)cn1,Cc1ccc(C(=O)C=CC(=O)N2CCc3ccc(Nc4ncc(C)c(-c5cnn(C(C)C)c5)n4)cc3C2)cc1
N#CCCn1cc(-c2nc(Nc3ccc4c(c3)CNC4=O)ncc2F)cn1,Cc1ccc(C(=O)C=CC(=O)N2CCc3cc(Nc4ncc(C)c(-c5cnn(C(C)C)c5)n4)ccc3C2)cc1
N#CCCn1cc(-c2nc(Nc3ccc4c(c3)CNC4=O)ncc2F)cn1,Cc1cnc(Nc2ccc3c(c2)CCN(CC#N)C3)nc1-c1cnn(C(C)C)c1
N#CCCn1cc(-c2nc(Nc3ccc4c(c3)CNC4=O)ncc2F)cn1,Cc1cnc(Nc2ccc3c(c2)CCN(C(=O)C=CCN(C)C)C3)nc1-c1cnn(C(C)C)c1
N#CCCn1cc(-c2nc(Nc3ccc4c(c3)CNC4=O)ncc2F)cn1,Cc1cnc(Nc2ccc(NS(=O)(=O)c3ccc(C(F)(F)F)cc3)c(F)c2)nc1-c1cnn(C(C)C)c1
N#CCCn1cc(-c2nc(Nc3ccc4c(c3)CNC4=O)ncc2F)cn1,COC(=O)C=CCN1CCc2cc(Nc3ncc(C)c(-c4cnn(C(C)C)c4)n3)ccc2C1
N#CCCn1cc(-c2nc(Nc3ccc4c(c3)CNC4=O)ncc2F)cn1,Cc1cnc(Nc2ccc3c(c2)CCN(C(=O)C=CC(=O)c2ccccc2)C3)nc1-c1cnn(C(C)C)c1
N#CCCn1cc(-c2nc(Nc3ccc4c(c3)CNC4=O)ncc2F)cn1,N#CCCn1cc(-c2nc(Nc3ccc4c(c3)CCN4C(=O)CN3CCS(=O)(=O)CC3)ncc2F)cn1
N#CCCn1cc(-c2nc(Nc3ccc4c(c3)CNC4=O)ncc2F)cn1,Cc1cnc(Nc2ccc3c(c2)CN(C(=O)C=CCN(C)C)CC3)nc1-c1cnn(C(C)C)c1
N#CCCn1cc(-c2nc(Nc3ccc4c(c3)CNC4=O)ncc2F)cn1,Cc1cnc(Nc2ccc3c(c2)CN(C(=O)C=CC(=O)c2ccccc2)CC3)nc1-c1cnn(C(C)C)c1
N#CCCn1cc(-c2nc(Nc3ccc4c(c3)CNC4=O)ncc2F)cn1,N#CCCn1cc(-c2nc(Nc3ccc4c(c3)CCN4C(=O)C3(C#N)CC3)ncc2F)cn1
N#CCCn1cc(-c2nc(Nc3ccc4c(c3)CNC4=O)ncc2F)cn1,CCOC(C)n1cc(-c2nc(Nc3ccc4c(c3)CCN4S(=O)(=O)c3ccc(C(F)(F)F)cc3)ncc2C)cn1
N#CCC1CCC(n2c(=O)[nH]c3cnc(Nc4ccc[nH]c4=O)nc32)CC1,N#CCC(=O)N1CCCC(n2c(=O)[nH]c3cnc4[nH]ccc4c32)C1
N#CCC1CCC(n2c(=O)[nH]c3cnc(Nc4ccc[nH]c4=O)nc32)CC1,CCn1c(C(=O)N(C2CC2)C2CC2)cc2c3c(ncn3C)c(Nc3nc(C(=O)NC)c(C)s3)nc21
N#CCC1CCC(n2c(=O)[nH]c3cnc(Nc4ccc[nH]c4=O)nc32)CC1,CC1CCC(n2c(=O)[nH]c3cnc4[nH]ccc4c32)CC1
N#CCC1CCC(n2c(=O)[nH]c3cnc(Nc4ccc[nH]c4=O)nc32)CC1,O=c1[nH]c2cnc3[nH]ccc3c2n1C1CCCCCC1
N#CCC1CCC(n2c(=O)[nH]c3cnc(Nc4ccc[nH]c4=O)nc32)CC1,CC1(C)CCCCC1n1c(=O)[nH]c2cnc3[nH]ccc3c21
N#CCC1CCC(n2c(=O)[nH]c3cnc(Nc4ccc[nH]c4=O)nc32)CC1,CCC1CCCCC1n1c(=O)[nH]c2cnc3[nH]ccc3c21
N#CCC1CCC(n2c(=O)[nH]c3cnc(Nc4ccc[nH]c4=O)nc32)CC1,CC1CCN(C(=O)CC#N)CC1n1c(=O)[nH]c2cnc3[nH]ccc3c21
N#CCC1CCC(n2c(=O)[nH]c3cnc(Nc4ccc[nH]c4=O)nc32)CC1,CC1CCN(C(=O)CC#N)CC1n1c(=O)n(C)c2cnc3[nH]ccc3c21
O=C(CCCCn1cc(Nc2ncc(Cl)c(Nc3ccc(F)cc3)n2)cn1)NO,Clc1cccc(Nc2nc(Nc3cn[nH]c3)ncc2Cl)c1
O=C(CCCCn1cc(Nc2ncc(Cl)c(Nc3ccc(F)cc3)n2)cn1)NO,O=C(CCCCCCn1cc(Nc2ncc(Cl)c(N3CCCCC3)n2)cn1)NO
O=C(CCCCn1cc(Nc2ncc(Cl)c(Nc3ccc(F)cc3)n2)cn1)NO,O=C(CCCCCCn1cc(Nc2ncc(Cl)c(NC3CC3)n2)cn1)NO
O=C(CCCCn1cc(Nc2ncc(Cl)c(Nc3ccc(F)cc3)n2)cn1)NO,O=C(CCCCCn1cc(Nc2ncc(Cl)c(Nc3ccc(Cl)cc3)n2)cn1)NO
COc1ccccc1-c1ccc2cnc(Nc3cccc(N4CCN(CC(C)O)CC4)c3)nn12,O=C(Nc1nc2cccc(-c3ccc(C(=O)N4CCC(F)(F)CC4)cc3)n2n1)C1CC1
COc1ccccc1-c1ccc2cnc(Nc3cccc(N4CCN(CC(C)O)CC4)c3)nn12,O=C(Nc1nc2cccc(-c3ccc(C(=O)N4CC(F)(F)C4)cc3)n2n1)C1CC1
COc1ccccc1-c1ccc2cnc(Nc3cccc(N4CCN(CC(C)O)CC4)c3)nn12,CCn1c(C(=O)N(C2CC2)C2CC2)cc2c3c(ncn3C)c(Nc3nc(C(=O)NC)c(C)s3)nc21
COc1ccccc1-c1ccc2cnc(Nc3cccc(N4CCN(CC(C)O)CC4)c3)nn12,CCn1c(C(=O)N(C2CC2)C2CC2)cc2c3c(ncn3C)c(Nc3nc(C)cs3)nc21
COc1ccccc1-c1ccc2cnc(Nc3cccc(N4CCN(CC(C)O)CC4)c3)nn12,CCn1c(C(=O)N(C2CC2)C2CC2)cc2c3c(ncn3C)c(Nc3ncc(C)s3)nc21
COc1ccccc1-c1ccc2cnc(Nc3cccc(N4CCN(CC(C)O)CC4)c3)nn12,CCn1c(C(=O)N(C2CC2)C2CC2)cc2c3c(ncn3C)c(Nc3cc(C)nn3C)nc21
COc1ccccc1-c1ccc2cnc(Nc3cccc(N4CCN(CC(C)O)CC4)c3)nn12,CCc1nc(Nc2nc3c(cc(C(=O)N(C4CC4)C4CC4)n3CC)c3c2ncn3C)sc1C
COc1ccccc1-c1ccc2cnc(Nc3cccc(N4CCN(CC(C)O)CC4)c3)nn12,CCn1c(C(=O)N(C2CC2)C2CC2)cc2c3c(ncn3C)c(Nc3nc(C)c(S(C)(=O)=O)s3)nc21
COc1ccccc1-c1ccc2cnc(Nc3cccc(N4CCN(CC(C)O)CC4)c3)nn12,CCn1c(C(=O)N(C2CC2)C2CC2)cc2c3c(ncn3C)c(Nc3nc(C)c(C)s3)nc21
COc1ccccc1-c1ccc2cnc(Nc3cccc(N4CCN(CC(C)O)CC4)c3)nn12,N#CC1CN(C(=O)c2ccc(-c3cccc4nc(NC(=O)C5CC5)nn34)cc2)C1
COc1ccccc1-c1ccc2cnc(Nc3cccc(N4CCN(CC(C)O)CC4)c3)nn12,CCn1c(C(=O)N(C2CC2)C2CC2)cc2c3c(ncn3C)c(Nc3cc(C)n(C)n3)nc21
COc1ccccc1-c1ccc2cnc(Nc3cccc(N4CCN(CC(C)O)CC4)c3)nn12,CCn1c(C(=O)N(C2CC2)C2CC2)cc2c3c(ncn3C)c(Nc3nc(C)c(C(=O)NC)s3)nc21
COc1ccccc1-c1ccc2cnc(Nc3cccc(N4CCN(CC(C)O)CC4)c3)nn12,C=C(C#N)C(O)c1ccc(-c2cccc3nc(NC(=O)C4CC4)nn23)cc1
CN1CCN(C(=O)c2ccc3c(c2)[nH]c2c(C(N)=O)cc(-c4ccc(Cl)c(Cl)c4)cc23)CC1,CN1CCN(c2ccc3c(c2)[nH]c2c(C(N)=O)cc(-c4ccc5c(cnn5C)c4)cc23)CC1
CN1CCN(C(=O)c2ccc3c(c2)[nH]c2c(C(N)=O)cc(-c4ccc(Cl)c(Cl)c4)cc23)CC1,COc1ccc(-c2cc(C(N)=O)c3[nH]c4cc(C(=O)N5CCOCC5)ccc4c3c2)cc1F
CN1CCN(C(=O)c2ccc3c(c2)[nH]c2c(C(N)=O)cc(-c4ccc(Cl)c(Cl)c4)cc23)CC1,CN1CCN(c2ccc3c(c2)[nH]c2c(C(N)=O)cc(-c4cccc(Cl)c4)cc23)CC1
CN1CCN(C(=O)c2ccc3c(c2)[nH]c2c(C(N)=O)cc(-c4ccc(Cl)c(Cl)c4)cc23)CC1,COc1cccc(-c2cc(C(N)=O)c3[nH]c4cc(NC(=O)C5CCOCC5)ccc4c3c2)c1
CN1CCN(C(=O)c2ccc3c(c2)[nH]c2c(C(N)=O)cc(-c4ccc(Cl)c(Cl)c4)cc23)CC1,NC(=O)c1cc(-c2ccccc2)cc2c1[nH]c1cc(N3CCOCC3)ccc12
CN1CCN(C(=O)c2ccc3c(c2)[nH]c2c(C(N)=O)cc(-c4ccc(Cl)c(Cl)c4)cc23)CC1,Cc1ccc(-c2cc(C(N)=O)c3[nH]c4cc(N5CCOCC5)ccc4c3c2)cn1
CN1CCN(C(=O)c2ccc3c(c2)[nH]c2c(C(N)=O)cc(-c4ccc(Cl)c(Cl)c4)cc23)CC1,COc1cccc(-c2cc(C(N)=O)c3[nH]c4ccc(C(=O)N5CCOCC5)cc4c3c2)c1
CN1CCN(C(=O)c2ccc3c(c2)[nH]c2c(C(N)=O)cc(-c4ccc(Cl)c(Cl)c4)cc23)CC1,COc1cccc(-c2cc(C(N)=O)c3[nH]c4cc(C(=O)N5CCC(N(C)C)C5)ccc4c3c2)c1
CN1CCN(C(=O)c2ccc3c(c2)[nH]c2c(C(N)=O)cc(-c4ccc(Cl)c(Cl)c4)cc23)CC1,CN1CCN(C(=O)c2ccc3[nH]c4c(C(N)=O)cc(-c5ccc(Cl)cc5)cc4c3c2)CC1
CN1CCN(C(=O)c2ccc3c(c2)[nH]c2c(C(N)=O)cc(-c4ccc(Cl)c(Cl)c4)cc23)CC1,COc1cccc(-c2cc(C(N)=O)c3[nH]c4ccc(C(=O)N5CCN(C)CC5)cc4c3c2)c1
CN1CCN(C(=O)c2ccc3c(c2)[nH]c2c(C(N)=O)cc(-c4ccc(Cl)c(Cl)c4)cc23)CC1,CN1CCN(c2ccc3c(c2)[nH]c2c(C(N)=O)cc(-c4ccc(CN5CCOCC5)c(Cl)c4)cc23)CC1
CN1CCN(C(=O)c2ccc3c(c2)[nH]c2c(C(N)=O)cc(-c4ccc(Cl)c(Cl)c4)cc23)CC1,NC(=O)c1cc(-c2ccccc2)cc2c1[nH]c1cc(C(=O)N3CCOCC3)ccc12
CN1CCN(C(=O)c2ccc3c(c2)[nH]c2c(C(N)=O)cc(-c4ccc(Cl)c(Cl)c4)cc23)CC1,COc1cccc(-c2cc(C(N)=O)c3[nH]c4cc(C(=O)N5CCOCC5)ccc4c3c2)c1
CN1CCN(C(=O)c2ccc3c(c2)[nH]c2c(C(N)=O)cc(-c4ccc(Cl)c(Cl)c4)cc23)CC1,CN1CCN(c2ccc3c(c2)[nH]c2c(C(N)=O)cc(-c4ccccc4)cc23)CC1
CN1CCN(C(=O)c2ccc3c(c2)[nH]c2c(C(N)=O)cc(-c4ccc(Cl)c(Cl)c4)cc23)CC1,NC(=O)c1cc(-c2ccc(Cl)cc2Cl)cc2c1[nH]c1ccc(C(=O)N3CCOCC3)cc12
CN1CCN(C(=O)c2ccc3c(c2)[nH]c2c(C(N)=O)cc(-c4ccc(Cl)c(Cl)c4)cc23)CC1,NC(=O)c1cc(Cc2ccccc2)cc2c1[nH]c1ccc(C(=O)N3CCOCC3)cc12
O=C(CCCCCCn1cc(Nc2ncc(Cl)c(Nc3ccccc3)n2)cn1)NO,Clc1cccc(Nc2nc(Nc3cn[nH]c3)ncc2Cl)c1
O=C(CCCCCCn1cc(Nc2ncc(Cl)c(Nc3ccccc3)n2)cn1)NO,O=C(CCCCCCn1cc(Nc2ncc(Cl)c(N3CCCCC3)n2)cn1)NO
O=C(CCCCCCn1cc(Nc2ncc(Cl)c(Nc3ccccc3)n2)cn1)NO,O=C(CCCCCCn1cc(Nc2ncc(Cl)c(NC3CC3)n2)cn1)NO
O=C(CCCCCCn1cc(Nc2ncc(Cl)c(Nc3ccccc3)n2)cn1)NO,C=CC(=O)Nc1cccc(CNc2nc(Nc3cnn(C)c3)ncc2Cl)c1
O=C(CCCCCCn1cc(Nc2ncc(Cl)c(Nc3ccccc3)n2)cn1)NO,O=C(CCCCCn1cc(Nc2ncc(Cl)c(Nc3ccc(Cl)cc3)n2)cn1)NO
O=C(CCCCCn1cc(Nc2ncc3ccn(Cc4ccccc4Cl)c3n2)cn1)NO,O=C(CCCCCCn1cc(Nc2ncc3ccn(Cc4cccc(F)c4)c3n2)cn1)NO
O=C(CCCCCn1cc(Nc2ncc3ccn(Cc4ccccc4Cl)c3n2)cn1)NO,O=C(CCCCCCn1cc(Nc2ncc3ccn(-c4ccccc4)c3n2)cn1)NO
O=C(CCCCCn1cc(Nc2ncc3ccn(Cc4ccccc4Cl)c3n2)cn1)NO,O=C(CCCCCn1cc(Nc2ncc3ccn(Cc4cccc(F)c4)c3n2)cn1)NO
CC(C)c1cccc(-c2cccc3nc(Nc4ccnc(CO)c4)nn23)c1,O=C(Nc1nc2cccc(-c3ccc(C(=O)N4CCC(F)(F)CC4)cc3)n2n1)C1CC1
CC(C)c1cccc(-c2cccc3nc(Nc4ccnc(CO)c4)nn23)c1,O=C(Nc1nc2cccc(-c3ccc(C(=O)N4CC(F)(F)C4)cc3)n2n1)C1CC1
CC(C)c1cccc(-c2cccc3nc(Nc4ccnc(CO)c4)nn23)c1,N#CCNC(=O)c1ccc(-c2cccc3nc(NC(=O)C4CC4)nn23)cc1
CC(C)c1cccc(-c2cccc3nc(Nc4ccnc(CO)c4)nn23)c1,N#CC1CN(C(=O)c2ccc(-c3cccc4nc(NC(=O)C5CC5)nn34)cc2)C1
CC(C)c1cccc(-c2cccc3nc(Nc4ccnc(CO)c4)nn23)c1,O=C(Nc1nc2cccc(-c3ccc(CN4CCS(=O)(=O)CC4)cc3)n2n1)C1CC1
CC(C)c1cccc(-c2cccc3nc(Nc4ccnc(CO)c4)nn23)c1,C=C(C#N)C(O)c1ccc(-c2cccc3nc(NC(=O)C4CC4)nn23)cc1
O=C(CCCCCCn1cc(Nc2ncc3ccn(Cc4cccc(Cl)c4)c3n2)cn1)NO,O=C(CCCCCCn1cc(Nc2ncc3ccn(Cc4cccc(F)c4)c3n2)cn1)NO
O=C(CCCCCCn1cc(Nc2ncc3ccn(Cc4cccc(Cl)c4)c3n2)cn1)NO,O=C(CCCCCCn1cc(Nc2ncc3ccn(-c4ccccc4)c3n2)cn1)NO
O=C(CCCCCCn1cc(Nc2ncc3ccn(Cc4cccc(Cl)c4)c3n2)cn1)NO,O=C(CCCCCn1cc(Nc2ncc3ccn(Cc4cccc(F)c4)c3n2)cn1)NO
O=C(CCCCN1CC=CCCOc2cccc(c2)-c2ccnc(n2)Nc2cccc(c2)C1)NO,Cc1ccc(C(=O)C=CC(=O)N2CCc3ccc(Nc4ncc(C)c(-c5cnn(C(C)C)c5)n4)cc3C2)cc1
O=C(CCCCN1CC=CCCOc2cccc(c2)-c2ccnc(n2)Nc2cccc(c2)C1)NO,Cc1ccc(C(=O)C=CC(=O)N2CCc3cc(Nc4ncc(C)c(-c5cnn(C(C)C)c5)n4)ccc3C2)cc1
O=C(CCCCN1CC=CCCOc2cccc(c2)-c2ccnc(n2)Nc2cccc(c2)C1)NO,Cc1cnc(Nc2ccc3c(c2)CCN(CC#N)C3)nc1-c1cnn(C(C)C)c1
O=C(CCCCN1CC=CCCOc2cccc(c2)-c2ccnc(n2)Nc2cccc(c2)C1)NO,Cc1cnc(Nc2ccc3c(c2)CCN(C(=O)C=CCN(C)C)C3)nc1-c1cnn(C(C)C)c1
O=C(CCCCN1CC=CCCOc2cccc(c2)-c2ccnc(n2)Nc2cccc(c2)C1)NO,COC(=O)C=CCN1CCc2cc(Nc3ncc(C)c(-c4cnn(C(C)C)c4)n3)ccc2C1
O=C(CCCCN1CC=CCCOc2cccc(c2)-c2ccnc(n2)Nc2cccc(c2)C1)NO,Cc1cnc(Nc2ccc3c(c2)CCN(C(=O)C=CC(=O)c2ccccc2)C3)nc1-c1cnn(C(C)C)c1
O=C(CCCCN1CC=CCCOc2cccc(c2)-c2ccnc(n2)Nc2cccc(c2)C1)NO,Cc1cnc(Nc2ccc3c(c2)CN(C(=O)C=CCN(C)C)CC3)nc1-c1cnn(C(C)C)c1
O=C(CCCCN1CC=CCCOc2cccc(c2)-c2ccnc(n2)Nc2cccc(c2)C1)NO,Cc1cnc(Nc2ccc3c(c2)CN(C(=O)C=CC(=O)c2ccccc2)CC3)nc1-c1cnn(C(C)C)c1
CCc1ccc(Cl)cc1-n1cc(-c2ncnn3cccc23)cc1C(N)=O,COc1ccccc1-c1cc2c(NC3CCC(C)(N)C3(C)C)c(C(N)=O)cnn2c1
CCc1ccc(Cl)cc1-n1cc(-c2ncnn3cccc23)cc1C(N)=O,CCn1c(C(=O)N(C2CC2)C2CC2)cc2c3c(ncn3C)c(Nc3nc(C(=O)NC)c(C)s3)nc21
CCc1ccc(Cl)cc1-n1cc(-c2ncnn3cccc23)cc1C(N)=O,CCn1c(C(=O)N(C2CC2)C2CC2)cc2c3c(ncn3C)c(Nc3nc(C)cs3)nc21
CCc1ccc(Cl)cc1-n1cc(-c2ncnn3cccc23)cc1C(N)=O,CCn1c(C(=O)N(C2CC2)C2CC2)cc2c3c(ncn3C)c(Nc3ncc(C)s3)nc21
CCc1ccc(Cl)cc1-n1cc(-c2ncnn3cccc23)cc1C(N)=O,CCOc1ccc(-c2cc3c(NC4CCC(C)(N)C4(C)C)c(C(N)=O)cnn3c2)cn1
CCc1ccc(Cl)cc1-n1cc(-c2ncnn3cccc23)cc1C(N)=O,CC(NC(=O)c1c[nH]c2ncc(-c3cn(C)c4cc(Cl)ccc34)nc12)C(=O)N1CC(C#N)C1
CCc1ccc(Cl)cc1-n1cc(-c2ncnn3cccc23)cc1C(N)=O,Cn1nc(-c2cnc3[nH]cc(C(=O)NC(C(=O)N4CC(C#N)C4)C4CC4)c3n2)c2ccc(Cl)cc21
CCc1ccc(Cl)cc1-n1cc(-c2ncnn3cccc23)cc1C(N)=O,COc1cccc(-c2cc3c(NC4CCC(C)(N)C4(C)C)c(C(N)=O)cnn3c2)c1
CCc1ccc(Cl)cc1-n1cc(-c2ncnn3cccc23)cc1C(N)=O,CCn1c(C(=O)N(C2CC2)C2CC2)cc2c3c(ncn3C)c(Nc3nccs3)nc21
CCc1ccc(Cl)cc1-n1cc(-c2ncnn3cccc23)cc1C(N)=O,CC1(N)CCC(Nc2c(C(N)=O)cnn3cc(-c4cccc(Cl)c4)cc23)C1(C)C
CCc1ccc(Cl)cc1-n1cc(-c2ncnn3cccc23)cc1C(N)=O,CCn1c(C(=O)N(C2CC2)C2CC2)cc2c3c(ncn3C)c(Nc3cc(C)nn3C)nc21
CCc1ccc(Cl)cc1-n1cc(-c2ncnn3cccc23)cc1C(N)=O,CCc1nc(Nc2nc3c(cc(C(=O)N(C4CC4)C4CC4)n3CC)c3c2ncn3C)sc1C
CCc1ccc(Cl)cc1-n1cc(-c2ncnn3cccc23)cc1C(N)=O,Cc1cc(-c2cc3c(NC4CCC(C)(N)C4(C)C)c(C(N)=O)cnn3c2)ccn1
CCc1ccc(Cl)cc1-n1cc(-c2ncnn3cccc23)cc1C(N)=O,CCn1c(C(=O)N(C2CC2)C2CC2)cc2c3c(ncn3C)c(Nc3nc(C)c(S(C)(=O)=O)s3)nc21
CCc1ccc(Cl)cc1-n1cc(-c2ncnn3cccc23)cc1C(N)=O,CC(C)Oc1ccc(-c2cc3c(NC4CCC(C)(N)C4(C)C)c(C(N)=O)cnn3c2)cn1
CCc1ccc(Cl)cc1-n1cc(-c2ncnn3cccc23)cc1C(N)=O,CC(NC(=O)c1c[nH]c2ncc(-c3nn(C)c4cc(Cl)cc(F)c34)nc12)C(=O)N1CC(C#N)C1
CCc1ccc(Cl)cc1-n1cc(-c2ncnn3cccc23)cc1C(N)=O,CCn1c(C(=O)N(C2CC2)C2CC2)cc2c3c(ncn3C)c(Nc3nc(C)c(C)s3)nc21
CCc1ccc(Cl)cc1-n1cc(-c2ncnn3cccc23)cc1C(N)=O,Cc1ccccc1-n1cc(-c2ccn(C)n2)c2[nH]nc(N)c2c1=O
CCc1ccc(Cl)cc1-n1cc(-c2ncnn3cccc23)cc1C(N)=O,CC(NC(=O)c1c[nH]c2ncc(-c3nn(C)c4cc(Cl)ccc34)nc12)C(=O)N1CC(C#N)C1
CCc1ccc(Cl)cc1-n1cc(-c2ncnn3cccc23)cc1C(N)=O,COc1ccc2c(-c3cnc4[nH]cc(C(=O)NC(C)C(=O)N5CC(C#N)C5)c4n3)nn(C)c2c1
CCc1ccc(Cl)cc1-n1cc(-c2ncnn3cccc23)cc1C(N)=O,CC1(N)CCC(Nc2c(C(N)=O)cnn3cc(-c4ccccc4Cl)cc23)C1(C)C
CCc1ccc(Cl)cc1-n1cc(-c2ncnn3cccc23)cc1C(N)=O,NC(=O)c1cnn2cccc2c1NCc1cccc(NC(=O)Cn2sc3ccccc3c2=O)c1
CCc1ccc(Cl)cc1-n1cc(-c2ncnn3cccc23)cc1C(N)=O,COc1ccc(-c2cc3c(NC4CCC(C)(N)C4(C)C)c(C(N)=O)cnn3c2)cc1
CCc1ccc(Cl)cc1-n1cc(-c2ncnn3cccc23)cc1C(N)=O,CC1(N)CCC(Nc2c(C(N)=O)cnn3cc(-c4cc[nH]n4)cc23)C1(C)C
CCc1ccc(Cl)cc1-n1cc(-c2ncnn3cccc23)cc1C(N)=O,CC(NC(=O)c1c[nH]c2ncc(-c3nn(C)c4ccccc34)nc12)C(=O)N1CC(C#N)C1
CCc1ccc(Cl)cc1-n1cc(-c2ncnn3cccc23)cc1C(N)=O,CC(NC(=O)c1c[nH]c2ncc(-c3nn(C)c4cc(C#N)ccc34)nc12)C(=O)N1CC(C#N)C1
CCc1ccc(Cl)cc1-n1cc(-c2ncnn3cccc23)cc1C(N)=O,CCn1c(C(=O)N(C2CC2)C2CC2)cc2c3c(ncn3C)c(Nc3cc(C)n(C)n3)nc21
CCc1ccc(Cl)cc1-n1cc(-c2ncnn3cccc23)cc1C(N)=O,COc1ccc(-c2cc3c(NC(CO)CC4CC4)c(C(N)=O)cnn3c2)cn1
CCc1ccc(Cl)cc1-n1cc(-c2ncnn3cccc23)cc1C(N)=O,CC(C)C(C)n1cc(-c2cc(N3CCS(=O)(=O)CC3)n(C)n2)c2[nH]nc(N)c2c1=O
CCc1ccc(Cl)cc1-n1cc(-c2ncnn3cccc23)cc1C(N)=O,CC(C)C(C)n1cc(-c2cc(C3CCOCC3)n(C)n2)c2[nH]nc(N)c2c1=O
CCc1ccc(Cl)cc1-n1cc(-c2ncnn3cccc23)cc1C(N)=O,Cc1cnccc1-c1cc2c(NC3CCC(C)(N)C3(C)C)c(C(N)=O)cnn2c1
CCc1ccc(Cl)cc1-n1cc(-c2ncnn3cccc23)cc1C(N)=O,CC1(N)CCC(Nc2c(C(N)=O)cnn3cc(-c4ccc(F)nc4)cc23)C1(C)C
CCc1ccc(Cl)cc1-n1cc(-c2ncnn3cccc23)cc1C(N)=O,CC(=O)NC1CCc2ccc(Oc3cnc4[nH]cc(C(=O)NC(C(=O)N5CC(C#N)C5)C5CC5)c4n3)cc21
CCc1ccc(Cl)cc1-n1cc(-c2ncnn3cccc23)cc1C(N)=O,Cn1ccc(-c2cn(-c3ccccc3Cl)c(=O)c3c(N)n[nH]c23)n1
CCc1ccc(Cl)cc1-n1cc(-c2ncnn3cccc23)cc1C(N)=O,COc1ccc(-c2cc3c(NC4CCC(C)(N)C4(C)C)c(C(N)=O)cnn3c2)cn1
CCc1ccc(Cl)cc1-n1cc(-c2ncnn3cccc23)cc1C(N)=O,CCn1c(C(=O)N(C2CC2)C2CC2)cc2c3c(ncn3C)c(Nc3nc(C)c(C(=O)NC)s3)nc21
CCc1ccc(Cl)cc1-n1cc(-c2ncnn3cccc23)cc1C(N)=O,Cn1nc(-c2cnc3[nH]cc(C(=O)NC(C(=O)N4CC(C#N)C4)C(C)(C)C)c3n2)c2ccc(Cl)cc21
CCc1ccc(Cl)cc1-n1cc(-c2ncnn3cccc23)cc1C(N)=O,CCOC(C)n1cc(-c2nc(Nc3ccc4c(c3)CCN4S(=O)(=O)c3ccc(C(F)(F)F)cc3)ncc2C)cn1
Cc1cnc(Nc2ccc3c(c2)CCN3C(=O)C2CC2(F)F)nc1-c1cnn(C(C)C)c1,Cc1ccc(C(=O)C=CC(=O)N2CCc3ccc(Nc4ncc(C)c(-c5cnn(C(C)C)c5)n4)cc3C2)cc1
Cc1cnc(Nc2ccc3c(c2)CCN3C(=O)C2CC2(F)F)nc1-c1cnn(C(C)C)c1,CCn1c(C(=O)N(C2CC2)C2CC2)cc2c3c(ncn3C)c(Nc3nc(C(=O)NC)c(C)s3)nc21
Cc1cnc(Nc2ccc3c(c2)CCN3C(=O)C2CC2(F)F)nc1-c1cnn(C(C)C)c1,CCn1c(C(=O)N(C2CC2)C2CC2)cc2c3c(ncn3C)c(Nc3nc(C)cs3)nc21
Cc1cnc(Nc2ccc3c(c2)CCN3C(=O)C2CC2(F)F)nc1-c1cnn(C(C)C)c1,CCn1c(C(=O)N(C2CC2)C2CC2)cc2c3c(ncn3C)c(Nc3ncc(C)s3)nc21
Cc1cnc(Nc2ccc3c(c2)CCN3C(=O)C2CC2(F)F)nc1-c1cnn(C(C)C)c1,Cc1ccc(C(=O)C=CC(=O)N2CCc3cc(Nc4ncc(C)c(-c5cnn(C(C)C)c5)n4)ccc3C2)cc1
Cc1cnc(Nc2ccc3c(c2)CCN3C(=O)C2CC2(F)F)nc1-c1cnn(C(C)C)c1,Cn1nc(-c2cnc3[nH]cc(C(=O)NC(C(=O)N4CC(C#N)C4)C4CC4)c3n2)c2ccc(Cl)cc21
Cc1cnc(Nc2ccc3c(c2)CCN3C(=O)C2CC2(F)F)nc1-c1cnn(C(C)C)c1,CCn1c(C(=O)N(C2CC2)C2CC2)cc2c3c(ncn3C)c(Nc3nccs3)nc21
Cc1cnc(Nc2ccc3c(c2)CCN3C(=O)C2CC2(F)F)nc1-c1cnn(C(C)C)c1,CCn1c(C(=O)N(C2CC2)C2CC2)cc2c3c(ncn3C)c(Nc3cc(C)nn3C)nc21
Cc1cnc(Nc2ccc3c(c2)CCN3C(=O)C2CC2(F)F)nc1-c1cnn(C(C)C)c1,CCc1nc(Nc2nc3c(cc(C(=O)N(C4CC4)C4CC4)n3CC)c3c2ncn3C)sc1C
Cc1cnc(Nc2ccc3c(c2)CCN3C(=O)C2CC2(F)F)nc1-c1cnn(C(C)C)c1,Cc1cnc(Nc2ccc3c(c2)CCN(CC#N)C3)nc1-c1cnn(C(C)C)c1
Cc1cnc(Nc2ccc3c(c2)CCN3C(=O)C2CC2(F)F)nc1-c1cnn(C(C)C)c1,CCn1c(C(=O)N(C2CC2)C2CC2)cc2c3c(ncn3C)c(Nc3nc(C)c(S(C)(=O)=O)s3)nc21
Cc1cnc(Nc2ccc3c(c2)CCN3C(=O)C2CC2(F)F)nc1-c1cnn(C(C)C)c1,Cc1cnc(Nc2ccc3c(c2)CCN(C(=O)C=CCN(C)C)C3)nc1-c1cnn(C(C)C)c1
Cc1cnc(Nc2ccc3c(c2)CCN3C(=O)C2CC2(F)F)nc1-c1cnn(C(C)C)c1,CC(NC(=O)c1c[nH]c2ncc(-c3nn(C)c4cc(Cl)cc(F)c34)nc12)C(=O)N1CC(C#N)C1
Cc1cnc(Nc2ccc3c(c2)CCN3C(=O)C2CC2(F)F)nc1-c1cnn(C(C)C)c1,CCn1c(C(=O)N(C2CC2)C2CC2)cc2c3c(ncn3C)c(Nc3nc(C)c(C)s3)nc21
Cc1cnc(Nc2ccc3c(c2)CCN3C(=O)C2CC2(F)F)nc1-c1cnn(C(C)C)c1,Cc1cnc(Nc2ccc(NS(=O)(=O)c3ccc(C(F)(F)F)cc3)c(F)c2)nc1-c1cnn(C(C)C)c1
Cc1cnc(Nc2ccc3c(c2)CCN3C(=O)C2CC2(F)F)nc1-c1cnn(C(C)C)c1,COC(=O)C=CCN1CCc2cc(Nc3ncc(C)c(-c4cnn(C(C)C)c4)n3)ccc2C1
Cc1cnc(Nc2ccc3c(c2)CCN3C(=O)C2CC2(F)F)nc1-c1cnn(C(C)C)c1,CC1(N)CCC(Nc2c(C(N)=O)cnn3cc(-c4cc[nH]n4)cc23)C1(C)C
Cc1cnc(Nc2ccc3c(c2)CCN3C(=O)C2CC2(F)F)nc1-c1cnn(C(C)C)c1,Cc1cnc(Nc2ccc3c(c2)CCN(C(=O)C=CC(=O)c2ccccc2)C3)nc1-c1cnn(C(C)C)c1
Cc1cnc(Nc2ccc3c(c2)CCN3C(=O)C2CC2(F)F)nc1-c1cnn(C(C)C)c1,CCn1c(C(=O)N(C2CC2)C2CC2)cc2c3c(ncn3C)c(Nc3cc(C)n(C)n3)nc21
Cc1cnc(Nc2ccc3c(c2)CCN3C(=O)C2CC2(F)F)nc1-c1cnn(C(C)C)c1,CC(C)C(C)n1cc(-c2cc(N3CCS(=O)(=O)CC3)n(C)n2)c2[nH]nc(N)c2c1=O
Cc1cnc(Nc2ccc3c(c2)CCN3C(=O)C2CC2(F)F)nc1-c1cnn(C(C)C)c1,N#CCCn1cc(-c2nc(Nc3ccc4c(c3)CCN4C(=O)CN3CCS(=O)(=O)CC3)ncc2F)cn1
Cc1cnc(Nc2ccc3c(c2)CCN3C(=O)C2CC2(F)F)nc1-c1cnn(C(C)C)c1,CC(C)C(C)n1cc(-c2cc(C3CCOCC3)n(C)n2)c2[nH]nc(N)c2c1=O
Cc1cnc(Nc2ccc3c(c2)CCN3C(=O)C2CC2(F)F)nc1-c1cnn(C(C)C)c1,Cc1cnc(Nc2ccc3c(c2)CN(C(=O)C=CCN(C)C)CC3)nc1-c1cnn(C(C)C)c1
Cc1cnc(Nc2ccc3c(c2)CCN3C(=O)C2CC2(F)F)nc1-c1cnn(C(C)C)c1,Cc1cnc(Nc2ccc3c(c2)CN(C(=O)C=CC(=O)c2ccccc2)CC3)nc1-c1cnn(C(C)C)c1
Cc1cnc(Nc2ccc3c(c2)CCN3C(=O)C2CC2(F)F)nc1-c1cnn(C(C)C)c1,N#CCCn1cc(-c2nc(Nc3ccc4c(c3)CCN4C(=O)C3(C#N)CC3)ncc2F)cn1
Cc1cnc(Nc2ccc3c(c2)CCN3C(=O)C2CC2(F)F)nc1-c1cnn(C(C)C)c1,CCn1c(C(=O)N(C2CC2)C2CC2)cc2c3c(ncn3C)c(Nc3nc(C)c(C(=O)NC)s3)nc21
Cc1cnc(Nc2ccc3c(c2)CCN3C(=O)C2CC2(F)F)nc1-c1cnn(C(C)C)c1,Cn1nc(-c2cnc3[nH]cc(C(=O)NC(C(=O)N4CC(C#N)C4)C(C)(C)C)c3n2)c2ccc(Cl)cc21
Cc1cnc(Nc2ccc3c(c2)CCN3C(=O)C2CC2(F)F)nc1-c1cnn(C(C)C)c1,CCOC(C)n1cc(-c2nc(Nc3ccc4c(c3)CCN4S(=O)(=O)c3ccc(C(F)(F)F)cc3)ncc2C)cn1
CC(C)n1cc(-c2cccn3nc(Nc4ccc(C(=O)O)cc4)nc23)cn1,O=C(Nc1nc2cccc(-c3ccc(C(=O)N4CCC(F)(F)CC4)cc3)n2n1)C1CC1
CC(C)n1cc(-c2cccn3nc(Nc4ccc(C(=O)O)cc4)nc23)cn1,O=C(Nc1nc2cccc(-c3ccc(C(=O)N4CC(F)(F)C4)cc3)n2n1)C1CC1
CC(C)n1cc(-c2cccn3nc(Nc4ccc(C(=O)O)cc4)nc23)cn1,N#CCNC(=O)c1ccc(-c2cccc3nc(NC(=O)C4CC4)nn23)cc1
CC(C)n1cc(-c2cccn3nc(Nc4ccc(C(=O)O)cc4)nc23)cn1,N#CC1CN(C(=O)c2ccc(-c3cccc4nc(NC(=O)C5CC5)nn34)cc2)C1
CC(C)n1cc(-c2cccn3nc(Nc4ccc(C(=O)O)cc4)nc23)cn1,O=C(Nc1nc2cccc(-c3ccc(CN4CCS(=O)(=O)CC4)cc3)n2n1)C1CC1
CC(C)n1cc(-c2cccn3nc(Nc4ccc(C(=O)O)cc4)nc23)cn1,C=C(C#N)C(O)c1ccc(-c2cccc3nc(NC(=O)C4CC4)nn23)cc1
COc1cccc(-c2cc(C(N)=O)c3[nH]c4cc(C(=O)N5CCN(C)CC5)ccc4c3c2)c1,CN1CCN(c2ccc3c(c2)[nH]c2c(C(N)=O)cc(-c4ccc5c(cnn5C)c4)cc23)CC1
COc1cccc(-c2cc(C(N)=O)c3[nH]c4cc(C(=O)N5CCN(C)CC5)ccc4c3c2)c1,COc1ccc(-c2cc(C(N)=O)c3[nH]c4cc(C(=O)N5CCOCC5)ccc4c3c2)cc1F
COc1cccc(-c2cc(C(N)=O)c3[nH]c4cc(C(=O)N5CCN(C)CC5)ccc4c3c2)c1,CN1CCN(c2ccc3c(c2)[nH]c2c(C(N)=O)cc(-c4cccc(Cl)c4)cc23)CC1
COc1cccc(-c2cc(C(N)=O)c3[nH]c4cc(C(=O)N5CCN(C)CC5)ccc4c3c2)c1,COc1cccc(-c2cc(C(N)=O)c3[nH]c4cc(NC(=O)C5CCOCC5)ccc4c3c2)c1
COc1cccc(-c2cc(C(N)=O)c3[nH]c4cc(C(=O)N5CCN(C)CC5)ccc4c3c2)c1,NC(=O)c1cc(-c2ccccc2)cc2c1[nH]c1cc(N3CCOCC3)ccc12
COc1cccc(-c2cc(C(N)=O)c3[nH]c4cc(C(=O)N5CCN(C)CC5)ccc4c3c2)c1,Cc1ccc(-c2cc(C(N)=O)c3[nH]c4cc(N5CCOCC5)ccc4c3c2)cn1
COc1cccc(-c2cc(C(N)=O)c3[nH]c4cc(C(=O)N5CCN(C)CC5)ccc4c3c2)c1,COc1cccc(-c2cc(C(N)=O)c3[nH]c4ccc(C(=O)N5CCOCC5)cc4c3c2)c1
COc1cccc(-c2cc(C(N)=O)c3[nH]c4cc(C(=O)N5CCN(C)CC5)ccc4c3c2)c1,COc1cccc(-c2cc(C(N)=O)c3[nH]c4cc(C(=O)N5CCC(N(C)C)C5)ccc4c3c2)c1
COc1cccc(-c2cc(C(N)=O)c3[nH]c4cc(C(=O)N5CCN(C)CC5)ccc4c3c2)c1,CN1CCN(C(=O)c2ccc3[nH]c4c(C(N)=O)cc(-c5ccc(Cl)cc5)cc4c3c2)CC1
COc1cccc(-c2cc(C(N)=O)c3[nH]c4cc(C(=O)N5CCN(C)CC5)ccc4c3c2)c1,COc1cccc(-c2cc(C(N)=O)c3[nH]c4ccc(C(=O)N5CCN(C)CC5)cc4c3c2)c1
COc1cccc(-c2cc(C(N)=O)c3[nH]c4cc(C(=O)N5CCN(C)CC5)ccc4c3c2)c1,CN1CCN(c2ccc3c(c2)[nH]c2c(C(N)=O)cc(-c4ccc(CN5CCOCC5)c(Cl)c4)cc23)CC1
COc1cccc(-c2cc(C(N)=O)c3[nH]c4cc(C(=O)N5CCN(C)CC5)ccc4c3c2)c1,NC(=O)c1cc(-c2ccccc2)cc2c1[nH]c1cc(C(=O)N3CCOCC3)ccc12
COc1cccc(-c2cc(C(N)=O)c3[nH]c4cc(C(=O)N5CCN(C)CC5)ccc4c3c2)c1,COc1cccc(-c2cc(C(N)=O)c3[nH]c4cc(C(=O)N5CCOCC5)ccc4c3c2)c1
COc1cccc(-c2cc(C(N)=O)c3[nH]c4cc(C(=O)N5CCN(C)CC5)ccc4c3c2)c1,CN1CCN(c2ccc3c(c2)[nH]c2c(C(N)=O)cc(-c4ccccc4)cc23)CC1
COc1cccc(-c2cc(C(N)=O)c3[nH]c4cc(C(=O)N5CCN(C)CC5)ccc4c3c2)c1,NC(=O)c1cc(-c2ccc(Cl)cc2Cl)cc2c1[nH]c1ccc(C(=O)N3CCOCC3)cc12
COc1cccc(-c2cc(C(N)=O)c3[nH]c4cc(C(=O)N5CCN(C)CC5)ccc4c3c2)c1,NC(=O)c1cc(Cc2ccccc2)cc2c1[nH]c1ccc(C(=O)N3CCOCC3)cc12
OCCN1CCN(c2cc(Nc3nccc4nc(-c5c(Cl)cccc5Cl)[nH]c34)ncn2)CC1,CCn1c(C(=O)N(C2CC2)C2CC2)cc2c3c(ncn3C)c(Nc3nc(C(=O)NC)c(C)s3)nc21
OCCN1CCN(c2cc(Nc3nccc4nc(-c5c(Cl)cccc5Cl)[nH]c34)ncn2)CC1,CCn1c(C(=O)N(C2CC2)C2CC2)cc2c3c(ncn3C)c(Nc3nc(C)cs3)nc21
OCCN1CCN(c2cc(Nc3nccc4nc(-c5c(Cl)cccc5Cl)[nH]c34)ncn2)CC1,CCn1c(C(=O)N(C2CC2)C2CC2)cc2c3c(ncn3C)c(Nc3ncc(C)s3)nc21
OCCN1CCN(c2cc(Nc3nccc4nc(-c5c(Cl)cccc5Cl)[nH]c34)ncn2)CC1,CCn1c(C(=O)N(C2CC2)C2CC2)cc2c3c(ncn3C)c(Nc3nccs3)nc21
OCCN1CCN(c2cc(Nc3nccc4nc(-c5c(Cl)cccc5Cl)[nH]c34)ncn2)CC1,Cc1cc(Nc2nccc3nc(-c4c(Cl)cc(C#N)cc4Cl)[nH]c23)ncn1
OCCN1CCN(c2cc(Nc3nccc4nc(-c5c(Cl)cccc5Cl)[nH]c34)ncn2)CC1,CCn1c(C(=O)N(C2CC2)C2CC2)cc2c3c(ncn3C)c(Nc3cc(C)nn3C)nc21
OCCN1CCN(c2cc(Nc3nccc4nc(-c5c(Cl)cccc5Cl)[nH]c34)ncn2)CC1,CCc1nc(Nc2nc3c(cc(C(=O)N(C4CC4)C4CC4)n3CC)c3c2ncn3C)sc1C
OCCN1CCN(c2cc(Nc3nccc4nc(-c5c(Cl)cccc5Cl)[nH]c34)ncn2)CC1,CCn1c(C(=O)N(C2CC2)C2CC2)cc2c3c(ncn3C)c(Nc3nc(C)c(S(C)(=O)=O)s3)nc21
OCCN1CCN(c2cc(Nc3nccc4nc(-c5c(Cl)cccc5Cl)[nH]c34)ncn2)CC1,CCn1c(C(=O)N(C2CC2)C2CC2)cc2c3c(ncn3C)c(Nc3nc(C)c(C)s3)nc21
OCCN1CCN(c2cc(Nc3nccc4nc(-c5c(Cl)cccc5Cl)[nH]c34)ncn2)CC1,CCn1c(C(=O)N(C2CC2)C2CC2)cc2c3c(ncn3C)c(Nc3cc(C)n(C)n3)nc21
OCCN1CCN(c2cc(Nc3nccc4nc(-c5c(Cl)cccc5Cl)[nH]c34)ncn2)CC1,CCn1c(C(=O)N(C2CC2)C2CC2)cc2c3c(ncn3C)c(Nc3nc(C)c(C(=O)NC)s3)nc21
CC(C)(C)c1ccc(C(=O)N2CCc3cc(Nc4ncc(F)c(-c5cnn(CCC#N)c5)n4)ccc32)cc1,Cc1ccc(C(=O)C=CC(=O)N2CCc3ccc(Nc4ncc(C)c(-c5cnn(C(C)C)c5)n4)cc3C2)cc1
CC(C)(C)c1ccc(C(=O)N2CCc3cc(Nc4ncc(F)c(-c5cnn(CCC#N)c5)n4)ccc32)cc1,CCn1c(C(=O)N(C2CC2)C2CC2)cc2c3c(ncn3C)c(Nc3nc(C(=O)NC)c(C)s3)nc21
CC(C)(C)c1ccc(C(=O)N2CCc3cc(Nc4ncc(F)c(-c5cnn(CCC#N)c5)n4)ccc32)cc1,CCn1c(C(=O)N(C2CC2)C2CC2)cc2c3c(ncn3C)c(Nc3nc(C)cs3)nc21
CC(C)(C)c1ccc(C(=O)N2CCc3cc(Nc4ncc(F)c(-c5cnn(CCC#N)c5)n4)ccc32)cc1,CCn1c(C(=O)N(C2CC2)C2CC2)cc2c3c(ncn3C)c(Nc3ncc(C)s3)nc21
CC(C)(C)c1ccc(C(=O)N2CCc3cc(Nc4ncc(F)c(-c5cnn(CCC#N)c5)n4)ccc32)cc1,Cc1ccc(C(=O)C=CC(=O)N2CCc3cc(Nc4ncc(C)c(-c5cnn(C(C)C)c5)n4)ccc3C2)cc1
CC(C)(C)c1ccc(C(=O)N2CCc3cc(Nc4ncc(F)c(-c5cnn(CCC#N)c5)n4)ccc32)cc1,Cn1nc(-c2cnc3[nH]cc(C(=O)NC(C(=O)N4CC(C#N)C4)C4CC4)c3n2)c2ccc(Cl)cc21
CC(C)(C)c1ccc(C(=O)N2CCc3cc(Nc4ncc(F)c(-c5cnn(CCC#N)c5)n4)ccc32)cc1,CCn1c(C(=O)N(C2CC2)C2CC2)cc2c3c(ncn3C)c(Nc3nccs3)nc21
CC(C)(C)c1ccc(C(=O)N2CCc3cc(Nc4ncc(F)c(-c5cnn(CCC#N)c5)n4)ccc32)cc1,CCn1c(C(=O)N(C2CC2)C2CC2)cc2c3c(ncn3C)c(Nc3cc(C)nn3C)nc21
CC(C)(C)c1ccc(C(=O)N2CCc3cc(Nc4ncc(F)c(-c5cnn(CCC#N)c5)n4)ccc32)cc1,CCc1nc(Nc2nc3c(cc(C(=O)N(C4CC4)C4CC4)n3CC)c3c2ncn3C)sc1C
CC(C)(C)c1ccc(C(=O)N2CCc3cc(Nc4ncc(F)c(-c5cnn(CCC#N)c5)n4)ccc32)cc1,Cc1cnc(Nc2ccc3c(c2)CCN(CC#N)C3)nc1-c1cnn(C(C)C)c1
CC(C)(C)c1ccc(C(=O)N2CCc3cc(Nc4ncc(F)c(-c5cnn(CCC#N)c5)n4)ccc32)cc1,CCn1c(C(=O)N(C2CC2)C2CC2)cc2c3c(ncn3C)c(Nc3nc(C)c(S(C)(=O)=O)s3)nc21
CC(C)(C)c1ccc(C(=O)N2CCc3cc(Nc4ncc(F)c(-c5cnn(CCC#N)c5)n4)ccc32)cc1,Cc1cnc(Nc2ccc3c(c2)CCN(C(=O)C=CCN(C)C)C3)nc1-c1cnn(C(C)C)c1
CC(C)(C)c1ccc(C(=O)N2CCc3cc(Nc4ncc(F)c(-c5cnn(CCC#N)c5)n4)ccc32)cc1,CC(NC(=O)c1c[nH]c2ncc(-c3nn(C)c4cc(Cl)cc(F)c34)nc12)C(=O)N1CC(C#N)C1
CC(C)(C)c1ccc(C(=O)N2CCc3cc(Nc4ncc(F)c(-c5cnn(CCC#N)c5)n4)ccc32)cc1,CCn1c(C(=O)N(C2CC2)C2CC2)cc2c3c(ncn3C)c(Nc3nc(C)c(C)s3)nc21
CC(C)(C)c1ccc(C(=O)N2CCc3cc(Nc4ncc(F)c(-c5cnn(CCC#N)c5)n4)ccc32)cc1,Cc1ccccc1-n1cc(-c2ccn(C)n2)c2[nH]nc(N)c2c1=O
CC(C)(C)c1ccc(C(=O)N2CCc3cc(Nc4ncc(F)c(-c5cnn(CCC#N)c5)n4)ccc32)cc1,Cc1cnc(Nc2ccc(NS(=O)(=O)c3ccc(C(F)(F)F)cc3)c(F)c2)nc1-c1cnn(C(C)C)c1
CC(C)(C)c1ccc(C(=O)N2CCc3cc(Nc4ncc(F)c(-c5cnn(CCC#N)c5)n4)ccc32)cc1,COC(=O)C=CCN1CCc2cc(Nc3ncc(C)c(-c4cnn(C(C)C)c4)n3)ccc2C1
CC(C)(C)c1ccc(C(=O)N2CCc3cc(Nc4ncc(F)c(-c5cnn(CCC#N)c5)n4)ccc32)cc1,COc1ccc2c(-c3cnc4[nH]cc(C(=O)NC(C)C(=O)N5CC(C#N)C5)c4n3)nn(C)c2c1
CC(C)(C)c1ccc(C(=O)N2CCc3cc(Nc4ncc(F)c(-c5cnn(CCC#N)c5)n4)ccc32)cc1,CC1(N)CCC(Nc2c(C(N)=O)cnn3cc(-c4cc[nH]n4)cc23)C1(C)C
CC(C)(C)c1ccc(C(=O)N2CCc3cc(Nc4ncc(F)c(-c5cnn(CCC#N)c5)n4)ccc32)cc1,Cc1cnc(Nc2ccc3c(c2)CCN(C(=O)C=CC(=O)c2ccccc2)C3)nc1-c1cnn(C(C)C)c1
CC(C)(C)c1ccc(C(=O)N2CCc3cc(Nc4ncc(F)c(-c5cnn(CCC#N)c5)n4)ccc32)cc1,CC(NC(=O)c1c[nH]c2ncc(-c3nn(C)c4cc(C#N)ccc34)nc12)C(=O)N1CC(C#N)C1
CC(C)(C)c1ccc(C(=O)N2CCc3cc(Nc4ncc(F)c(-c5cnn(CCC#N)c5)n4)ccc32)cc1,CCn1c(C(=O)N(C2CC2)C2CC2)cc2c3c(ncn3C)c(Nc3cc(C)n(C)n3)nc21
CC(C)(C)c1ccc(C(=O)N2CCc3cc(Nc4ncc(F)c(-c5cnn(CCC#N)c5)n4)ccc32)cc1,CC(C)C(C)n1cc(-c2cc(N3CCS(=O)(=O)CC3)n(C)n2)c2[nH]nc(N)c2c1=O
CC(C)(C)c1ccc(C(=O)N2CCc3cc(Nc4ncc(F)c(-c5cnn(CCC#N)c5)n4)ccc32)cc1,N#CCCn1cc(-c2nc(Nc3ccc4c(c3)CCN4C(=O)CN3CCS(=O)(=O)CC3)ncc2F)cn1
CC(C)(C)c1ccc(C(=O)N2CCc3cc(Nc4ncc(F)c(-c5cnn(CCC#N)c5)n4)ccc32)cc1,CC(C)C(C)n1cc(-c2cc(C3CCOCC3)n(C)n2)c2[nH]nc(N)c2c1=O
CC(C)(C)c1ccc(C(=O)N2CCc3cc(Nc4ncc(F)c(-c5cnn(CCC#N)c5)n4)ccc32)cc1,Cc1cnc(Nc2ccc3c(c2)CN(C(=O)C=CCN(C)C)CC3)nc1-c1cnn(C(C)C)c1
CC(C)(C)c1ccc(C(=O)N2CCc3cc(Nc4ncc(F)c(-c5cnn(CCC#N)c5)n4)ccc32)cc1,Cc1cnc(Nc2ccc3c(c2)CN(C(=O)C=CC(=O)c2ccccc2)CC3)nc1-c1cnn(C(C)C)c1
CC(C)(C)c1ccc(C(=O)N2CCc3cc(Nc4ncc(F)c(-c5cnn(CCC#N)c5)n4)ccc32)cc1,N#CCCn1cc(-c2nc(Nc3ccc4c(c3)CCN4C(=O)C3(C#N)CC3)ncc2F)cn1
CC(C)(C)c1ccc(C(=O)N2CCc3cc(Nc4ncc(F)c(-c5cnn(CCC#N)c5)n4)ccc32)cc1,CCn1c(C(=O)N(C2CC2)C2CC2)cc2c3c(ncn3C)c(Nc3nc(C)c(C(=O)NC)s3)nc21
CC(C)(C)c1ccc(C(=O)N2CCc3cc(Nc4ncc(F)c(-c5cnn(CCC#N)c5)n4)ccc32)cc1,Cn1nc(-c2cnc3[nH]cc(C(=O)NC(C(=O)N4CC(C#N)C4)C(C)(C)C)c3n2)c2ccc(Cl)cc21
CC(C)(C)c1ccc(C(=O)N2CCc3cc(Nc4ncc(F)c(-c5cnn(CCC#N)c5)n4)ccc32)cc1,CCOC(C)n1cc(-c2nc(Nc3ccc4c(c3)CCN4S(=O)(=O)c3ccc(C(F)(F)F)cc3)ncc2C)cn1
O=C1Nc2cc(Br)ccc2C1=C1Nc2ccccc2C1=NOCCN1CCCC1,CCn1c(C(=O)N(C2CC2)C2CC2)cc2c3c(ncn3C)c(Nc3nc(C(=O)NC)c(C)s3)nc21
O=C1Nc2cc(Br)ccc2C1=C1Nc2ccccc2C1=NOCCN1CCCC1,CCn1c(C(=O)N(C2CC2)C2CC2)cc2c3c(ncn3C)c(Nc3nc(C)cs3)nc21
O=C1Nc2cc(Br)ccc2C1=C1Nc2ccccc2C1=NOCCN1CCCC1,CCn1c(C(=O)N(C2CC2)C2CC2)cc2c3c(ncn3C)c(Nc3ncc(C)s3)nc21
O=C1Nc2cc(Br)ccc2C1=C1Nc2ccccc2C1=NOCCN1CCCC1,CCN(CC)CCNC(=O)c1c(C)[nH]c(C=C2C(=O)Nc3ccc(F)cc32)c1C
O=C1Nc2cc(Br)ccc2C1=C1Nc2ccccc2C1=NOCCN1CCCC1,CCn1c(C(=O)N(C2CC2)C2CC2)cc2c3c(ncn3C)c(Nc3nccs3)nc21
O=C1Nc2cc(Br)ccc2C1=C1Nc2ccccc2C1=NOCCN1CCCC1,O=C1NC(=O)C(c2c[nH]c3ccccc23)=C1Nc1cccc(OC2CN(c3ccnc(F)c3)C2)c1
O=C1Nc2cc(Br)ccc2C1=C1Nc2ccccc2C1=NOCCN1CCCC1,CCn1c(C(=O)N(C2CC2)C2CC2)cc2c3c(ncn3C)c(Nc3cc(C)nn3C)nc21
O=C1Nc2cc(Br)ccc2C1=C1Nc2ccccc2C1=NOCCN1CCCC1,CCc1nc(Nc2nc3c(cc(C(=O)N(C4CC4)C4CC4)n3CC)c3c2ncn3C)sc1C
O=C1Nc2cc(Br)ccc2C1=C1Nc2ccccc2C1=NOCCN1CCCC1,Cn1cc(C2=C(Nc3cccc(OCCNc4ccnc(F)c4)c3)C(=O)NC2=O)c2ccccc21
O=C1Nc2cc(Br)ccc2C1=C1Nc2ccccc2C1=NOCCN1CCCC1,CCn1c(C(=O)N(C2CC2)C2CC2)cc2c3c(ncn3C)c(Nc3nc(C)c(S(C)(=O)=O)s3)nc21
O=C1Nc2cc(Br)ccc2C1=C1Nc2ccccc2C1=NOCCN1CCCC1,CC(NC(=O)c1c[nH]c2ncc(-c3nn(C)c4cc(Cl)cc(F)c34)nc12)C(=O)N1CC(C#N)C1
O=C1Nc2cc(Br)ccc2C1=C1Nc2ccccc2C1=NOCCN1CCCC1,CCn1c(C(=O)N(C2CC2)C2CC2)cc2c3c(ncn3C)c(Nc3nc(C)c(C)s3)nc21
O=C1Nc2cc(Br)ccc2C1=C1Nc2ccccc2C1=NOCCN1CCCC1,O=C1NC(=O)C(c2c[nH]c3ccccc23)=C1Nc1cccc(OCCNc2ccnc(F)c2)c1
O=C1Nc2cc(Br)ccc2C1=C1Nc2ccccc2C1=NOCCN1CCCC1,CC(C)(O)C(=O)N1CCN(c2ccc(C(F)(F)F)c(C3=C(c4c[nH]c5ccccc45)C(=O)NC3=O)c2)CC1
O=C1Nc2cc(Br)ccc2C1=C1Nc2ccccc2C1=NOCCN1CCCC1,O=C1NC(=O)C(c2c[nH]c3ccccc23)=C1Nc1ccc(OCCNc2ccnc(F)c2)cc1
O=C1Nc2cc(Br)ccc2C1=C1Nc2ccccc2C1=NOCCN1CCCC1,CCn1c(C(=O)N(C2CC2)C2CC2)cc2c3c(ncn3C)c(Nc3cc(C)n(C)n3)nc21
O=C1Nc2cc(Br)ccc2C1=C1Nc2ccccc2C1=NOCCN1CCCC1,CCn1c(C(=O)N(C2CC2)C2CC2)cc2c3c(ncn3C)c(Nc3nc(C)c(C(=O)NC)s3)nc21
O=C1Nc2cc(Br)ccc2C1=C1Nc2ccccc2C1=NOCCN1CCCC1,Cc1[nH]c(C=C2C(=O)Nc3ccc(F)cc32)c(C)c1C(=O)NCC(O)CN1CCOCC1
O=C1Nc2cc(Br)ccc2C1=C1Nc2ccccc2C1=NOCCN1CCCC1,CCOC(C)n1cc(-c2nc(Nc3ccc4c(c3)CCN4S(=O)(=O)c3ccc(C(F)(F)F)cc3)ncc2C)cn1
O=C1Nc2cc(Br)ccc2C1=C1Nc2ccccc2C1=NOCCN1CCCC1,O=C1NC(=O)C(c2c[nH]c3ccccc23)=C1Nc1ccc(OCCCNc2ccnc(F)c2)cc1
COc1ccc2nc(NC(C)c3ncc(F)cn3)nc(Nc3cn(C)cn3)c2c1,CC(Nc1nc(Nc2cn(C)cn2)c2cccnc2n1)c1ncc(F)cn1
COc1ccc2nc(NC(C)c3ncc(F)cn3)nc(Nc3cn(C)cn3)c2c1,CC(Nc1nc(Nc2cn(C)cn2)c2ccn(C)c2n1)c1ncc(F)cn1
COc1ccc2nc(NC(C)c3ncc(F)cn3)nc(Nc3cn(C)cn3)c2c1,CC(Nc1nc(Nc2cn(C)cn2)c2ccncc2n1)c1ncc(F)cn1
COc1ccc2nc(NC(C)c3ncc(F)cn3)nc(Nc3cn(C)cn3)c2c1,CC(Nc1nc(Nc2cn(C)cn2)c2cnn(C)c2n1)c1ncc(F)cn1
COc1ccc2nc(NC(C)c3ncc(F)cn3)nc(Nc3cn(C)cn3)c2c1,CC(Nc1nc(Nc2cn(C)cn2)c2cn[nH]c2n1)c1ncc(F)cn1
CNc1cc(-c2cc(C(N)=O)n(-c3cc(C(F)(F)F)ccc3Cl)c2)ncn1,CCn1c(C(=O)N(C2CC2)C2CC2)cc2c3c(ncn3C)c(Nc3nc(C(=O)NC)c(C)s3)nc21
CNc1cc(-c2cc(C(N)=O)n(-c3cc(C(F)(F)F)ccc3Cl)c2)ncn1,CCn1c(C(=O)N(C2CC2)C2CC2)cc2c3c(ncn3C)c(Nc3nc(C)cs3)nc21
CNc1cc(-c2cc(C(N)=O)n(-c3cc(C(F)(F)F)ccc3Cl)c2)ncn1,CCn1c(C(=O)N(C2CC2)C2CC2)cc2c3c(ncn3C)c(Nc3ncc(C)s3)nc21
CNc1cc(-c2cc(C(N)=O)n(-c3cc(C(F)(F)F)ccc3Cl)c2)ncn1,CCn1c(C(=O)N(C2CC2)C2CC2)cc2c3c(ncn3C)c(Nc3nccs3)nc21
CNc1cc(-c2cc(C(N)=O)n(-c3cc(C(F)(F)F)ccc3Cl)c2)ncn1,CCn1c(C(=O)N(C2CC2)C2CC2)cc2c3c(ncn3C)c(Nc3cc(C)nn3C)nc21
CNc1cc(-c2cc(C(N)=O)n(-c3cc(C(F)(F)F)ccc3Cl)c2)ncn1,CCc1nc(Nc2nc3c(cc(C(=O)N(C4CC4)C4CC4)n3CC)c3c2ncn3C)sc1C
CNc1cc(-c2cc(C(N)=O)n(-c3cc(C(F)(F)F)ccc3Cl)c2)ncn1,CCn1c(C(=O)N(C2CC2)C2CC2)cc2c3c(ncn3C)c(Nc3nc(C)c(S(C)(=O)=O)s3)nc21
CNc1cc(-c2cc(C(N)=O)n(-c3cc(C(F)(F)F)ccc3Cl)c2)ncn1,CC(NC(=O)c1c[nH]c2ncc(-c3nn(C)c4cc(Cl)cc(F)c34)nc12)C(=O)N1CC(C#N)C1
CNc1cc(-c2cc(C(N)=O)n(-c3cc(C(F)(F)F)ccc3Cl)c2)ncn1,CCn1c(C(=O)N(C2CC2)C2CC2)cc2c3c(ncn3C)c(Nc3nc(C)c(C)s3)nc21
CNc1cc(-c2cc(C(N)=O)n(-c3cc(C(F)(F)F)ccc3Cl)c2)ncn1,Cn1ccc(-c2cn(-c3ccccc3Cl)c(=O)c3c(N)n[nH]c23)n1
CNc1cc(-c2cc(C(N)=O)n(-c3cc(C(F)(F)F)ccc3Cl)c2)ncn1,CCn1c(C(=O)N(C2CC2)C2CC2)cc2c3c(ncn3C)c(Nc3nc(C)c(C(=O)NC)s3)nc21
CC1(NC#N)CCc2ccc(-c3ncnc4[nH]ccc34)cc21,CN(C#N)C1CCc2ccc(-c3ncnc4[nH]ccc34)cc21
CC1(NC#N)CCc2ccc(-c3ncnc4[nH]ccc34)cc21,N#CNC1CC(NS(=O)(=O)c2cccc(F)c2)c2ccc(-c3ncnc4[nH]ccc34)cc21
CC1(NC#N)CCc2ccc(-c3ncnc4[nH]ccc34)cc21,COc1ccc(S(=O)(=O)NC2CC(NC#N)c3cc(-c4ncnc5[nH]ccc45)ccc32)cc1
CC(O)CN1CCC(c2ccc(Nc3ncc4ccc(-c5cccc(S(=O)(=O)NC(C)(C)C)c5)n4n3)cc2)CC1,O=C(Nc1nc2cccc(-c3ccc(C(=O)N4CCC(F)(F)CC4)cc3)n2n1)C1CC1
CC(O)CN1CCC(c2ccc(Nc3ncc4ccc(-c5cccc(S(=O)(=O)NC(C)(C)C)c5)n4n3)cc2)CC1,COc1ccccc1-c1cc2c(NC3CCC(C)(N)C3(C)C)c(C(N)=O)cnn2c1
CC(O)CN1CCC(c2ccc(Nc3ncc4ccc(-c5cccc(S(=O)(=O)NC(C)(C)C)c5)n4n3)cc2)CC1,O=C(Nc1nc2cccc(-c3ccc(C(=O)N4CC(F)(F)C4)cc3)n2n1)C1CC1
CC(O)CN1CCC(c2ccc(Nc3ncc4ccc(-c5cccc(S(=O)(=O)NC(C)(C)C)c5)n4n3)cc2)CC1,CCn1c(C(=O)N(C2CC2)C2CC2)cc2c3c(ncn3C)c(Nc3nc(C(=O)NC)c(C)s3)nc21
CC(O)CN1CCC(c2ccc(Nc3ncc4ccc(-c5cccc(S(=O)(=O)NC(C)(C)C)c5)n4n3)cc2)CC1,CCn1c(C(=O)N(C2CC2)C2CC2)cc2c3c(ncn3C)c(Nc3nc(C)cs3)nc21
CC(O)CN1CCC(c2ccc(Nc3ncc4ccc(-c5cccc(S(=O)(=O)NC(C)(C)C)c5)n4n3)cc2)CC1,CCn1c(C(=O)N(C2CC2)C2CC2)cc2c3c(ncn3C)c(Nc3ncc(C)s3)nc21
CC(O)CN1CCC(c2ccc(Nc3ncc4ccc(-c5cccc(S(=O)(=O)NC(C)(C)C)c5)n4n3)cc2)CC1,CCOc1ccc(-c2cc3c(NC4CCC(C)(N)C4(C)C)c(C(N)=O)cnn3c2)cn1
CC(O)CN1CCC(c2ccc(Nc3ncc4ccc(-c5cccc(S(=O)(=O)NC(C)(C)C)c5)n4n3)cc2)CC1,Cn1nc(-c2cnc3[nH]cc(C(=O)NC(C(=O)N4CC(C#N)C4)C4CC4)c3n2)c2ccc(Cl)cc21
CC(O)CN1CCC(c2ccc(Nc3ncc4ccc(-c5cccc(S(=O)(=O)NC(C)(C)C)c5)n4n3)cc2)CC1,CCn1c(C(=O)N(C2CC2)C2CC2)cc2c3c(ncn3C)c(Nc3nccs3)nc21
CC(O)CN1CCC(c2ccc(Nc3ncc4ccc(-c5cccc(S(=O)(=O)NC(C)(C)C)c5)n4n3)cc2)CC1,CCn1c(C(=O)N(C2CC2)C2CC2)cc2c3c(ncn3C)c(Nc3cc(C)nn3C)nc21
CC(O)CN1CCC(c2ccc(Nc3ncc4ccc(-c5cccc(S(=O)(=O)NC(C)(C)C)c5)n4n3)cc2)CC1,CCc1nc(Nc2nc3c(cc(C(=O)N(C4CC4)C4CC4)n3CC)c3c2ncn3C)sc1C
CC(O)CN1CCC(c2ccc(Nc3ncc4ccc(-c5cccc(S(=O)(=O)NC(C)(C)C)c5)n4n3)cc2)CC1,CCn1c(C(=O)N(C2CC2)C2CC2)cc2c3c(ncn3C)c(Nc3nc(C)c(S(C)(=O)=O)s3)nc21
CC(O)CN1CCC(c2ccc(Nc3ncc4ccc(-c5cccc(S(=O)(=O)NC(C)(C)C)c5)n4n3)cc2)CC1,CC(C)Oc1ccc(-c2cc3c(NC4CCC(C)(N)C4(C)C)c(C(N)=O)cnn3c2)cn1
CC(O)CN1CCC(c2ccc(Nc3ncc4ccc(-c5cccc(S(=O)(=O)NC(C)(C)C)c5)n4n3)cc2)CC1,CC(NC(=O)c1c[nH]c2ncc(-c3nn(C)c4cc(Cl)cc(F)c34)nc12)C(=O)N1CC(C#N)C1
CC(O)CN1CCC(c2ccc(Nc3ncc4ccc(-c5cccc(S(=O)(=O)NC(C)(C)C)c5)n4n3)cc2)CC1,N#CCNC(=O)c1ccc(-c2cccc3nc(NC(=O)C4CC4)nn23)cc1
CC(O)CN1CCC(c2ccc(Nc3ncc4ccc(-c5cccc(S(=O)(=O)NC(C)(C)C)c5)n4n3)cc2)CC1,CCn1c(C(=O)N(C2CC2)C2CC2)cc2c3c(ncn3C)c(Nc3nc(C)c(C)s3)nc21
CC(O)CN1CCC(c2ccc(Nc3ncc4ccc(-c5cccc(S(=O)(=O)NC(C)(C)C)c5)n4n3)cc2)CC1,CC(NC(=O)c1c[nH]c2ncc(-c3nn(C)c4cc(Cl)ccc34)nc12)C(=O)N1CC(C#N)C1
CC(O)CN1CCC(c2ccc(Nc3ncc4ccc(-c5cccc(S(=O)(=O)NC(C)(C)C)c5)n4n3)cc2)CC1,COc1ccc2c(-c3cnc4[nH]cc(C(=O)NC(C)C(=O)N5CC(C#N)C5)c4n3)nn(C)c2c1
CC(O)CN1CCC(c2ccc(Nc3ncc4ccc(-c5cccc(S(=O)(=O)NC(C)(C)C)c5)n4n3)cc2)CC1,N#CC1CN(C(=O)c2ccc(-c3cccc4nc(NC(=O)C5CC5)nn34)cc2)C1
CC(O)CN1CCC(c2ccc(Nc3ncc4ccc(-c5cccc(S(=O)(=O)NC(C)(C)C)c5)n4n3)cc2)CC1,CC1(N)CCC(Nc2c(C(N)=O)cnn3cc(-c4ccccc4Cl)cc23)C1(C)C
CC(O)CN1CCC(c2ccc(Nc3ncc4ccc(-c5cccc(S(=O)(=O)NC(C)(C)C)c5)n4n3)cc2)CC1,O=C(Nc1nc2cccc(-c3ccc(CN4CCS(=O)(=O)CC4)cc3)n2n1)C1CC1
CC(O)CN1CCC(c2ccc(Nc3ncc4ccc(-c5cccc(S(=O)(=O)NC(C)(C)C)c5)n4n3)cc2)CC1,N#CNC1CC(NS(=O)(=O)c2cccc(F)c2)c2ccc(-c3ncnc4[nH]ccc34)cc21
CC(O)CN1CCC(c2ccc(Nc3ncc4ccc(-c5cccc(S(=O)(=O)NC(C)(C)C)c5)n4n3)cc2)CC1,CC1(N)CCC(Nc2c(C(N)=O)cnn3cc(-c4cc[nH]n4)cc23)C1(C)C
CC(O)CN1CCC(c2ccc(Nc3ncc4ccc(-c5cccc(S(=O)(=O)NC(C)(C)C)c5)n4n3)cc2)CC1,CC(NC(=O)c1c[nH]c2ncc(-c3nn(C)c4ccccc34)nc12)C(=O)N1CC(C#N)C1
CC(O)CN1CCC(c2ccc(Nc3ncc4ccc(-c5cccc(S(=O)(=O)NC(C)(C)C)c5)n4n3)cc2)CC1,CC(NC(=O)c1c[nH]c2ncc(-c3nn(C)c4cc(C#N)ccc34)nc12)C(=O)N1CC(C#N)C1
CC(O)CN1CCC(c2ccc(Nc3ncc4ccc(-c5cccc(S(=O)(=O)NC(C)(C)C)c5)n4n3)cc2)CC1,CCn1c(C(=O)N(C2CC2)C2CC2)cc2c3c(ncn3C)c(Nc3cc(C)n(C)n3)nc21
CC(O)CN1CCC(c2ccc(Nc3ncc4ccc(-c5cccc(S(=O)(=O)NC(C)(C)C)c5)n4n3)cc2)CC1,COc1ccc(S(=O)(=O)NC2CC(NC#N)c3cc(-c4ncnc5[nH]ccc45)ccc32)cc1
CC(O)CN1CCC(c2ccc(Nc3ncc4ccc(-c5cccc(S(=O)(=O)NC(C)(C)C)c5)n4n3)cc2)CC1,CC(C)C(C)n1cc(-c2cc(N3CCS(=O)(=O)CC3)n(C)n2)c2[nH]nc(N)c2c1=O
CC(O)CN1CCC(c2ccc(Nc3ncc4ccc(-c5cccc(S(=O)(=O)NC(C)(C)C)c5)n4n3)cc2)CC1,CC(C)C(C)n1cc(-c2cc(C3CCOCC3)n(C)n2)c2[nH]nc(N)c2c1=O
CC(O)CN1CCC(c2ccc(Nc3ncc4ccc(-c5cccc(S(=O)(=O)NC(C)(C)C)c5)n4n3)cc2)CC1,COc1ccc(-c2cc3c(NC4CCC(C)(N)C4(C)C)c(C(N)=O)cnn3c2)cn1
CC(O)CN1CCC(c2ccc(Nc3ncc4ccc(-c5cccc(S(=O)(=O)NC(C)(C)C)c5)n4n3)cc2)CC1,CCn1c(C(=O)N(C2CC2)C2CC2)cc2c3c(ncn3C)c(Nc3nc(C)c(C(=O)NC)s3)nc21
CC(O)CN1CCC(c2ccc(Nc3ncc4ccc(-c5cccc(S(=O)(=O)NC(C)(C)C)c5)n4n3)cc2)CC1,Cn1nc(-c2cnc3[nH]cc(C(=O)NC(C(=O)N4CC(C#N)C4)C(C)(C)C)c3n2)c2ccc(Cl)cc21
CC(O)CN1CCC(c2ccc(Nc3ncc4ccc(-c5cccc(S(=O)(=O)NC(C)(C)C)c5)n4n3)cc2)CC1,COc1cc(-c2cc3c(NC4CCC(C)(N)C4(C)C)c(C(N)=O)cnn3c2)ccn1
CC(O)CN1CCC(c2ccc(Nc3ncc4ccc(-c5cccc(S(=O)(=O)NC(C)(C)C)c5)n4n3)cc2)CC1,CCOC(C)n1cc(-c2nc(Nc3ccc4c(c3)CCN4S(=O)(=O)c3ccc(C(F)(F)F)cc3)ncc2C)cn1
CC(O)CN1CCC(c2ccc(Nc3ncc4ccc(-c5cccc(S(=O)(=O)NC(C)(C)C)c5)n4n3)cc2)CC1,C=C(C#N)C(O)c1ccc(-c2cccc3nc(NC(=O)C4CC4)nn23)cc1
COc1ccc(-c2ccc3cnc(Nc4ccc(C5CCN(CC(C)O)CC5)cc4)nn23)cn1,O=C(Nc1nc2cccc(-c3ccc(C(=O)N4CCC(F)(F)CC4)cc3)n2n1)C1CC1
COc1ccc(-c2ccc3cnc(Nc4ccc(C5CCN(CC(C)O)CC5)cc4)nn23)cn1,O=C(Nc1nc2cccc(-c3ccc(C(=O)N4CC(F)(F)C4)cc3)n2n1)C1CC1
COc1ccc(-c2ccc3cnc(Nc4ccc(C5CCN(CC(C)O)CC5)cc4)nn23)cn1,CCn1c(C(=O)N(C2CC2)C2CC2)cc2c3c(ncn3C)c(Nc3nc(C(=O)NC)c(C)s3)nc21
COc1ccc(-c2ccc3cnc(Nc4ccc(C5CCN(CC(C)O)CC5)cc4)nn23)cn1,CCOc1ccc(-c2cc3c(NC4CCC(C)(N)C4(C)C)c(C(N)=O)cnn3c2)cn1
COc1ccc(-c2ccc3cnc(Nc4ccc(C5CCN(CC(C)O)CC5)cc4)nn23)cn1,Cn1nc(-c2cnc3[nH]cc(C(=O)NC(C(=O)N4CC(C#N)C4)C4CC4)c3n2)c2ccc(Cl)cc21
COc1ccc(-c2ccc3cnc(Nc4ccc(C5CCN(CC(C)O)CC5)cc4)nn23)cn1,COc1ccc(-c2cc3c(NC(CO)C(C)O)c(C(N)=O)cnn3c2)cn1
COc1ccc(-c2ccc3cnc(Nc4ccc(C5CCN(CC(C)O)CC5)cc4)nn23)cn1,CCc1nc(Nc2nc3c(cc(C(=O)N(C4CC4)C4CC4)n3CC)c3c2ncn3C)sc1C
COc1ccc(-c2ccc3cnc(Nc4ccc(C5CCN(CC(C)O)CC5)cc4)nn23)cn1,CCn1c(C(=O)N(C2CC2)C2CC2)cc2c3c(ncn3C)c(Nc3nc(C)c(S(C)(=O)=O)s3)nc21
COc1ccc(-c2ccc3cnc(Nc4ccc(C5CCN(CC(C)O)CC5)cc4)nn23)cn1,COc1ccc(-c2cc3c(NC(CO)CO)c(C(N)=O)cnn3c2)cn1
COc1ccc(-c2ccc3cnc(Nc4ccc(C5CCN(CC(C)O)CC5)cc4)nn23)cn1,CC(C)Oc1ccc(-c2cc3c(NC4CCC(C)(N)C4(C)C)c(C(N)=O)cnn3c2)cn1
COc1ccc(-c2ccc3cnc(Nc4ccc(C5CCN(CC(C)O)CC5)cc4)nn23)cn1,N#CCNC(=O)c1ccc(-c2cccc3nc(NC(=O)C4CC4)nn23)cc1
COc1ccc(-c2ccc3cnc(Nc4ccc(C5CCN(CC(C)O)CC5)cc4)nn23)cn1,CCn1c(C(=O)N(C2CC2)C2CC2)cc2c3c(ncn3C)c(Nc3nc(C)c(C)s3)nc21
COc1ccc(-c2ccc3cnc(Nc4ccc(C5CCN(CC(C)O)CC5)cc4)nn23)cn1,N#CC1CN(C(=O)c2ccc(-c3cccc4nc(NC(=O)C5CC5)nn34)cc2)C1
COc1ccc(-c2ccc3cnc(Nc4ccc(C5CCN(CC(C)O)CC5)cc4)nn23)cn1,O=C(Nc1nc2cccc(-c3ccc(CN4CCS(=O)(=O)CC4)cc3)n2n1)C1CC1
COc1ccc(-c2ccc3cnc(Nc4ccc(C5CCN(CC(C)O)CC5)cc4)nn23)cn1,COc1ccc(-c2cc3c(NC(CO)CC(C)C)c(C(N)=O)cnn3c2)cn1
COc1ccc(-c2ccc3cnc(Nc4ccc(C5CCN(CC(C)O)CC5)cc4)nn23)cn1,CC1(N)CCC(Nc2c(C(N)=O)cnn3cc(-c4cc[nH]n4)cc23)C1(C)C
COc1ccc(-c2ccc3cnc(Nc4ccc(C5CCN(CC(C)O)CC5)cc4)nn23)cn1,COc1ccc(-c2cc3c(NC(CO)CC4CC4)c(C(N)=O)cnn3c2)cn1
COc1ccc(-c2ccc3cnc(Nc4ccc(C5CCN(CC(C)O)CC5)cc4)nn23)cn1,CC(C)C(C)n1cc(-c2cc(N3CCS(=O)(=O)CC3)n(C)n2)c2[nH]nc(N)c2c1=O
COc1ccc(-c2ccc3cnc(Nc4ccc(C5CCN(CC(C)O)CC5)cc4)nn23)cn1,CC(C)C(C)n1cc(-c2cc(C3CCOCC3)n(C)n2)c2[nH]nc(N)c2c1=O
COc1ccc(-c2ccc3cnc(Nc4ccc(C5CCN(CC(C)O)CC5)cc4)nn23)cn1,COc1ccc(-c2cc3c(NC4CCC(C)(N)C4(C)C)c(C(N)=O)cnn3c2)cn1
COc1ccc(-c2ccc3cnc(Nc4ccc(C5CCN(CC(C)O)CC5)cc4)nn23)cn1,CCn1c(C(=O)N(C2CC2)C2CC2)cc2c3c(ncn3C)c(Nc3nc(C)c(C(=O)NC)s3)nc21
COc1ccc(-c2ccc3cnc(Nc4ccc(C5CCN(CC(C)O)CC5)cc4)nn23)cn1,COc1cc(-c2cc3c(NC4CCC(C)(N)C4(C)C)c(C(N)=O)cnn3c2)ccn1
COc1ccc(-c2ccc3cnc(Nc4ccc(C5CCN(CC(C)O)CC5)cc4)nn23)cn1,C=C(C#N)C(O)c1ccc(-c2cccc3nc(NC(=O)C4CC4)nn23)cc1
O=C(O)c1ccc(Nc2nc3c(-c4cnn(C5CCCC5)c4)cccn3n2)cc1,O=C(Nc1nc2cccc(-c3ccc(C(=O)N4CCC(F)(F)CC4)cc3)n2n1)C1CC1
O=C(O)c1ccc(Nc2nc3c(-c4cnn(C5CCCC5)c4)cccn3n2)cc1,O=C(Nc1nc2cccc(-c3ccc(C(=O)N4CC(F)(F)C4)cc3)n2n1)C1CC1
O=C(O)c1ccc(Nc2nc3c(-c4cnn(C5CCCC5)c4)cccn3n2)cc1,N#CCNC(=O)c1ccc(-c2cccc3nc(NC(=O)C4CC4)nn23)cc1
O=C(O)c1ccc(Nc2nc3c(-c4cnn(C5CCCC5)c4)cccn3n2)cc1,N#CC1CN(C(=O)c2ccc(-c3cccc4nc(NC(=O)C5CC5)nn34)cc2)C1
O=C(O)c1ccc(Nc2nc3c(-c4cnn(C5CCCC5)c4)cccn3n2)cc1,O=C(Nc1nc2cccc(-c3ccc(CN4CCS(=O)(=O)CC4)cc3)n2n1)C1CC1
O=C(O)c1ccc(Nc2nc3c(-c4cnn(C5CCCC5)c4)cccn3n2)cc1,C=C(C#N)C(O)c1ccc(-c2cccc3nc(NC(=O)C4CC4)nn23)cc1
O=C(CCCCCn1cc(-c2ncnc3[nH]ccc23)cn1)NO,O=C(CCCCCCn1cc(-c2ncnc3[nH]ccc23)cn1)NO
O=C(CCCCCn1cc(-c2ncnc3[nH]ccc23)cn1)NO,c1nc(-c2cn(CC3CO3)nn2)c2cc[nH]c2n1
O=C(CCCCC(=O)N1CC=CCOCc2cccc(c2)-c2ccnc(n2)Nc2cccc(c2)C1)NO,Cc1ccc(C(=O)C=CC(=O)N2CCc3ccc(Nc4ncc(C)c(-c5cnn(C(C)C)c5)n4)cc3C2)cc1
O=C(CCCCC(=O)N1CC=CCOCc2cccc(c2)-c2ccnc(n2)Nc2cccc(c2)C1)NO,Cc1ccc(C(=O)C=CC(=O)N2CCc3cc(Nc4ncc(C)c(-c5cnn(C(C)C)c5)n4)ccc3C2)cc1
O=C(CCCCC(=O)N1CC=CCOCc2cccc(c2)-c2ccnc(n2)Nc2cccc(c2)C1)NO,Cc1cnc(Nc2ccc3c(c2)CCN(CC#N)C3)nc1-c1cnn(C(C)C)c1
O=C(CCCCC(=O)N1CC=CCOCc2cccc(c2)-c2ccnc(n2)Nc2cccc(c2)C1)NO,Cc1cnc(Nc2ccc3c(c2)CCN(C(=O)C=CCN(C)C)C3)nc1-c1cnn(C(C)C)c1
O=C(CCCCC(=O)N1CC=CCOCc2cccc(c2)-c2ccnc(n2)Nc2cccc(c2)C1)NO,COC(=O)C=CCN1CCc2cc(Nc3ncc(C)c(-c4cnn(C(C)C)c4)n3)ccc2C1
O=C(CCCCC(=O)N1CC=CCOCc2cccc(c2)-c2ccnc(n2)Nc2cccc(c2)C1)NO,Cc1cnc(Nc2ccc3c(c2)CCN(C(=O)C=CC(=O)c2ccccc2)C3)nc1-c1cnn(C(C)C)c1
O=C(CCCCC(=O)N1CC=CCOCc2cccc(c2)-c2ccnc(n2)Nc2cccc(c2)C1)NO,Cc1cnc(Nc2ccc3c(c2)CN(C(=O)C=CCN(C)C)CC3)nc1-c1cnn(C(C)C)c1
O=C(CCCCC(=O)N1CC=CCOCc2cccc(c2)-c2ccnc(n2)Nc2cccc(c2)C1)NO,Cc1cnc(Nc2ccc3c(c2)CN(C(=O)C=CC(=O)c2ccccc2)CC3)nc1-c1cnn(C(C)C)c1
CS(=O)(=O)CCn1cc(-c2nc(Nc3ccc(NC(=O)CCCCCCC(=O)NO)cc3)nc3[nH]ccc23)cn1,Cc1ccc(C(=O)C=CC(=O)N2CCc3ccc(Nc4ncc(C)c(-c5cnn(C(C)C)c5)n4)cc3C2)cc1
CS(=O)(=O)CCn1cc(-c2nc(Nc3ccc(NC(=O)CCCCCCC(=O)NO)cc3)nc3[nH]ccc23)cn1,Cc1ccc(C(=O)C=CC(=O)N2CCc3cc(Nc4ncc(C)c(-c5cnn(C(C)C)c5)n4)ccc3C2)cc1
CS(=O)(=O)CCn1cc(-c2nc(Nc3ccc(NC(=O)CCCCCCC(=O)NO)cc3)nc3[nH]ccc23)cn1,O=C(CCCCCCn1cc(-c2ncnc3[nH]ccc23)cn1)NO
CS(=O)(=O)CCn1cc(-c2nc(Nc3ccc(NC(=O)CCCCCCC(=O)NO)cc3)nc3[nH]ccc23)cn1,Cc1cnc(Nc2ccc3c(c2)CCN(CC#N)C3)nc1-c1cnn(C(C)C)c1
CS(=O)(=O)CCn1cc(-c2nc(Nc3ccc(NC(=O)CCCCCCC(=O)NO)cc3)nc3[nH]ccc23)cn1,Cc1cnc(Nc2ccc3c(c2)CCN(C(=O)C=CCN(C)C)C3)nc1-c1cnn(C(C)C)c1
CS(=O)(=O)CCn1cc(-c2nc(Nc3ccc(NC(=O)CCCCCCC(=O)NO)cc3)nc3[nH]ccc23)cn1,Cc1cnc(Nc2ccc(NS(=O)(=O)c3ccc(C(F)(F)F)cc3)c(F)c2)nc1-c1cnn(C(C)C)c1
CS(=O)(=O)CCn1cc(-c2nc(Nc3ccc(NC(=O)CCCCCCC(=O)NO)cc3)nc3[nH]ccc23)cn1,COC(=O)C=CCN1CCc2cc(Nc3ncc(C)c(-c4cnn(C(C)C)c4)n3)ccc2C1
CS(=O)(=O)CCn1cc(-c2nc(Nc3ccc(NC(=O)CCCCCCC(=O)NO)cc3)nc3[nH]ccc23)cn1,Cc1cnc(Nc2ccc3c(c2)CCN(C(=O)C=CC(=O)c2ccccc2)C3)nc1-c1cnn(C(C)C)c1
CS(=O)(=O)CCn1cc(-c2nc(Nc3ccc(NC(=O)CCCCCCC(=O)NO)cc3)nc3[nH]ccc23)cn1,N#CCCn1cc(-c2nc(Nc3ccc4c(c3)CCN4C(=O)CN3CCS(=O)(=O)CC3)ncc2F)cn1
CS(=O)(=O)CCn1cc(-c2nc(Nc3ccc(NC(=O)CCCCCCC(=O)NO)cc3)nc3[nH]ccc23)cn1,Cc1cnc(Nc2ccc3c(c2)CN(C(=O)C=CCN(C)C)CC3)nc1-c1cnn(C(C)C)c1
CS(=O)(=O)CCn1cc(-c2nc(Nc3ccc(NC(=O)CCCCCCC(=O)NO)cc3)nc3[nH]ccc23)cn1,Cc1cnc(Nc2ccc3c(c2)CN(C(=O)C=CC(=O)c2ccccc2)CC3)nc1-c1cnn(C(C)C)c1
CS(=O)(=O)CCn1cc(-c2nc(Nc3ccc(NC(=O)CCCCCCC(=O)NO)cc3)nc3[nH]ccc23)cn1,N#CCCn1cc(-c2nc(Nc3ccc4c(c3)CCN4C(=O)C3(C#N)CC3)ncc2F)cn1
CS(=O)(=O)CCn1cc(-c2nc(Nc3ccc(NC(=O)CCCCCCC(=O)NO)cc3)nc3[nH]ccc23)cn1,CCOC(C)n1cc(-c2nc(Nc3ccc4c(c3)CCN4S(=O)(=O)c3ccc(C(F)(F)F)cc3)ncc2C)cn1
O=C(CCCCCn1cc(Nc2ncc3ccn(-c4ccc(Br)cc4)c3n2)cn1)NO,O=C(CCCCCCn1cc(Nc2ncc3ccn(Cc4cccc(F)c4)c3n2)cn1)NO
O=C(CCCCCn1cc(Nc2ncc3ccn(-c4ccc(Br)cc4)c3n2)cn1)NO,O=C(CCCCCCn1cc(Nc2ncc3ccn(-c4ccccc4)c3n2)cn1)NO
O=C(CCCCCn1cc(Nc2ncc3ccn(-c4ccc(Br)cc4)c3n2)cn1)NO,O=C(CCCCCn1cc(Nc2ncc3ccn(Cc4cccc(F)c4)c3n2)cn1)NO
CS(=O)(=O)c1ccc(-n2ccc3cnc(Nc4cnn(CCCCCC(=O)NO)c4)nc32)cc1,O=C(CCCCCCn1cc(Nc2ncc3ccn(Cc4cccc(F)c4)c3n2)cn1)NO
CS(=O)(=O)c1ccc(-n2ccc3cnc(Nc4cnn(CCCCCC(=O)NO)c4)nc32)cc1,O=C(CCCCCCn1cc(Nc2ncc3ccn(-c4ccccc4)c3n2)cn1)NO
CS(=O)(=O)c1ccc(-n2ccc3cnc(Nc4cnn(CCCCCC(=O)NO)c4)nc32)cc1,O=C(CCCCCn1cc(Nc2ncc3ccn(Cc4cccc(F)c4)c3n2)cn1)NO
Cn1c(-c2c(Cl)cccc2Cl)nc2c(NC(=O)C3CC3)nccc21,CCn1c(C(=O)N(C2CC2)C2CC2)cc2c3c(ncn3C)c(Nc3nc(C(=O)NC)c(C)s3)nc21
Cn1c(-c2c(Cl)cccc2Cl)nc2c(NC(=O)C3CC3)nccc21,CCn1c(C(=O)N(C2CC2)C2CC2)cc2c3c(ncn3C)c(Nc3nc(C)cs3)nc21
Cn1c(-c2c(Cl)cccc2Cl)nc2c(NC(=O)C3CC3)nccc21,CCn1c(C(=O)N(C2CC2)C2CC2)cc2c3c(ncn3C)c(Nc3ncc(C)s3)nc21
Cn1c(-c2c(Cl)cccc2Cl)nc2c(NC(=O)C3CC3)nccc21,CCn1c(C(=O)N(C2CC2)C2CC2)cc2c3c(ncn3C)c(Nc3nccs3)nc21
Cn1c(-c2c(Cl)cccc2Cl)nc2c(NC(=O)C3CC3)nccc21,Cc1cc(Nc2nccc3nc(-c4c(Cl)cc(C#N)cc4Cl)[nH]c23)ncn1
Cn1c(-c2c(Cl)cccc2Cl)nc2c(NC(=O)C3CC3)nccc21,CCn1c(C(=O)N(C2CC2)C2CC2)cc2c3c(ncn3C)c(Nc3cc(C)nn3C)nc21
Cn1c(-c2c(Cl)cccc2Cl)nc2c(NC(=O)C3CC3)nccc21,CCc1nc(Nc2nc3c(cc(C(=O)N(C4CC4)C4CC4)n3CC)c3c2ncn3C)sc1C
Cn1c(-c2c(Cl)cccc2Cl)nc2c(NC(=O)C3CC3)nccc21,CCn1c(C(=O)N(C2CC2)C2CC2)cc2c3c(ncn3C)c(Nc3nc(C)c(S(C)(=O)=O)s3)nc21
Cn1c(-c2c(Cl)cccc2Cl)nc2c(NC(=O)C3CC3)nccc21,CCn1c(C(=O)N(C2CC2)C2CC2)cc2c3c(ncn3C)c(Nc3nc(C)c(C)s3)nc21
Cn1c(-c2c(Cl)cccc2Cl)nc2c(NC(=O)C3CC3)nccc21,CCn1c(C(=O)N(C2CC2)C2CC2)cc2c3c(ncn3C)c(Nc3cc(C)n(C)n3)nc21
Cn1c(-c2c(Cl)cccc2Cl)nc2c(NC(=O)C3CC3)nccc21,N#CCCc1ccc(-c2nc3cnc4[nH]ccc4c3n2C2CCCCC2)o1
Cn1c(-c2c(Cl)cccc2Cl)nc2c(NC(=O)C3CC3)nccc21,CCn1c(C(=O)N(C2CC2)C2CC2)cc2c3c(ncn3C)c(Nc3nc(C)c(C(=O)NC)s3)nc21
CCCNc1nc(Nc2cnn(CCCCCCC(=O)NO)c2)ncc1Cl,O=C(CCCCCCn1cc(Nc2ncc(Cl)c(N3CCCCC3)n2)cn1)NO
CCCNc1nc(Nc2cnn(CCCCCCC(=O)NO)c2)ncc1Cl,Cc1cnc(Nc2cnn(C(F)F)c2)nc1N1CCC2(CCNC2=O)CC1
CCCNc1nc(Nc2cnn(CCCCCCC(=O)NO)c2)ncc1Cl,O=C(CCCCCCn1cc(Nc2ncc(Cl)c(NC3CC3)n2)cn1)NO
CCCNc1nc(Nc2cnn(CCCCCCC(=O)NO)c2)ncc1Cl,C=CC(=O)Nc1cccc(CNc2nc(Nc3cnn(C)c3)ncc2Cl)c1
CCCNc1nc(Nc2cnn(CCCCCCC(=O)NO)c2)ncc1Cl,O=C(CCCCCn1cc(Nc2ncc(Cl)c(Nc3ccc(Cl)cc3)n2)cn1)NO
CCCNc1nc(Nc2cnn(CCCCCCC(=O)NO)c2)ncc1Cl,O=C(C1CC1)N1C2CCC1CN(c1nc(Nc3cnn(CCO)c3)ncc1F)C2
CCCn1cc(-c2nc(Nc3ccc(NC(=O)CCCCCCC(=O)NO)cc3)nc3[nH]ccc23)cn1,Cc1ccc(C(=O)C=CC(=O)N2CCc3ccc(Nc4ncc(C)c(-c5cnn(C(C)C)c5)n4)cc3C2)cc1
CCCn1cc(-c2nc(Nc3ccc(NC(=O)CCCCCCC(=O)NO)cc3)nc3[nH]ccc23)cn1,Cc1ccc(C(=O)C=CC(=O)N2CCc3cc(Nc4ncc(C)c(-c5cnn(C(C)C)c5)n4)ccc3C2)cc1
CCCn1cc(-c2nc(Nc3ccc(NC(=O)CCCCCCC(=O)NO)cc3)nc3[nH]ccc23)cn1,O=C(CCCCCCn1cc(-c2ncnc3[nH]ccc23)cn1)NO
CCCn1cc(-c2nc(Nc3ccc(NC(=O)CCCCCCC(=O)NO)cc3)nc3[nH]ccc23)cn1,c1nc(-c2cn(CC3CO3)nn2)c2cc[nH]c2n1
CCCn1cc(-c2nc(Nc3ccc(NC(=O)CCCCCCC(=O)NO)cc3)nc3[nH]ccc23)cn1,O=C(CCCCCCn1cc(Nc2ncc3ccn(-c4ccccc4)c3n2)cn1)NO
CCCn1cc(-c2nc(Nc3ccc(NC(=O)CCCCCCC(=O)NO)cc3)nc3[nH]ccc23)cn1,Cc1cnc(Nc2ccc3c(c2)CCN(CC#N)C3)nc1-c1cnn(C(C)C)c1
CCCn1cc(-c2nc(Nc3ccc(NC(=O)CCCCCCC(=O)NO)cc3)nc3[nH]ccc23)cn1,Cc1cnc(Nc2ccc3c(c2)CCN(C(=O)C=CCN(C)C)C3)nc1-c1cnn(C(C)C)c1
CCCn1cc(-c2nc(Nc3ccc(NC(=O)CCCCCCC(=O)NO)cc3)nc3[nH]ccc23)cn1,Cc1cnc(Nc2ccc(NS(=O)(=O)c3ccc(C(F)(F)F)cc3)c(F)c2)nc1-c1cnn(C(C)C)c1
CCCn1cc(-c2nc(Nc3ccc(NC(=O)CCCCCCC(=O)NO)cc3)nc3[nH]ccc23)cn1,COC(=O)C=CCN1CCc2cc(Nc3ncc(C)c(-c4cnn(C(C)C)c4)n3)ccc2C1
CCCn1cc(-c2nc(Nc3ccc(NC(=O)CCCCCCC(=O)NO)cc3)nc3[nH]ccc23)cn1,Cc1cnc(Nc2ccc3c(c2)CCN(C(=O)C=CC(=O)c2ccccc2)C3)nc1-c1cnn(C(C)C)c1
CCCn1cc(-c2nc(Nc3ccc(NC(=O)CCCCCCC(=O)NO)cc3)nc3[nH]ccc23)cn1,N#CCCn1cc(-c2nc(Nc3ccc4c(c3)CCN4C(=O)CN3CCS(=O)(=O)CC3)ncc2F)cn1
CCCn1cc(-c2nc(Nc3ccc(NC(=O)CCCCCCC(=O)NO)cc3)nc3[nH]ccc23)cn1,Cc1cnc(Nc2ccc3c(c2)CN(C(=O)C=CCN(C)C)CC3)nc1-c1cnn(C(C)C)c1
CCCn1cc(-c2nc(Nc3ccc(NC(=O)CCCCCCC(=O)NO)cc3)nc3[nH]ccc23)cn1,Cc1cnc(Nc2ccc3c(c2)CN(C(=O)C=CC(=O)c2ccccc2)CC3)nc1-c1cnn(C(C)C)c1
CCCn1cc(-c2nc(Nc3ccc(NC(=O)CCCCCCC(=O)NO)cc3)nc3[nH]ccc23)cn1,N#CCCn1cc(-c2nc(Nc3ccc4c(c3)CCN4C(=O)C3(C#N)CC3)ncc2F)cn1
CCCn1cc(-c2nc(Nc3ccc(NC(=O)CCCCCCC(=O)NO)cc3)nc3[nH]ccc23)cn1,CCOC(C)n1cc(-c2nc(Nc3ccc4c(c3)CCN4S(=O)(=O)c3ccc(C(F)(F)F)cc3)ncc2C)cn1
NC(=O)c1cc(-c2ccc(Cl)cc2)cc2c1[nH]c1ccc(C(=O)N3CCOCC3)cc12,CN1CCN(c2ccc3c(c2)[nH]c2c(C(N)=O)cc(-c4ccc5c(cnn5C)c4)cc23)CC1
NC(=O)c1cc(-c2ccc(Cl)cc2)cc2c1[nH]c1ccc(C(=O)N3CCOCC3)cc12,COc1ccc(-c2cc(C(N)=O)c3[nH]c4cc(C(=O)N5CCOCC5)ccc4c3c2)cc1F
NC(=O)c1cc(-c2ccc(Cl)cc2)cc2c1[nH]c1ccc(C(=O)N3CCOCC3)cc12,CN1CCN(c2ccc3c(c2)[nH]c2c(C(N)=O)cc(-c4cccc(Cl)c4)cc23)CC1
NC(=O)c1cc(-c2ccc(Cl)cc2)cc2c1[nH]c1ccc(C(=O)N3CCOCC3)cc12,COc1cccc(-c2cc(C(N)=O)c3[nH]c4cc(NC(=O)C5CCOCC5)ccc4c3c2)c1
NC(=O)c1cc(-c2ccc(Cl)cc2)cc2c1[nH]c1ccc(C(=O)N3CCOCC3)cc12,NC(=O)c1cc(-c2ccccc2)cc2c1[nH]c1cc(N3CCOCC3)ccc12
NC(=O)c1cc(-c2ccc(Cl)cc2)cc2c1[nH]c1ccc(C(=O)N3CCOCC3)cc12,Cc1ccc(-c2cc(C(N)=O)c3[nH]c4cc(N5CCOCC5)ccc4c3c2)cn1
NC(=O)c1cc(-c2ccc(Cl)cc2)cc2c1[nH]c1ccc(C(=O)N3CCOCC3)cc12,COc1cccc(-c2cc(C(N)=O)c3[nH]c4ccc(C(=O)N5CCOCC5)cc4c3c2)c1
NC(=O)c1cc(-c2ccc(Cl)cc2)cc2c1[nH]c1ccc(C(=O)N3CCOCC3)cc12,COc1cccc(-c2cc(C(N)=O)c3[nH]c4cc(C(=O)N5CCC(N(C)C)C5)ccc4c3c2)c1
NC(=O)c1cc(-c2ccc(Cl)cc2)cc2c1[nH]c1ccc(C(=O)N3CCOCC3)cc12,CN1CCN(C(=O)c2ccc3[nH]c4c(C(N)=O)cc(-c5ccc(Cl)cc5)cc4c3c2)CC1
NC(=O)c1cc(-c2ccc(Cl)cc2)cc2c1[nH]c1ccc(C(=O)N3CCOCC3)cc12,COc1cccc(-c2cc(C(N)=O)c3[nH]c4ccc(C(=O)N5CCN(C)CC5)cc4c3c2)c1
NC(=O)c1cc(-c2ccc(Cl)cc2)cc2c1[nH]c1ccc(C(=O)N3CCOCC3)cc12,CN1CCN(c2ccc3c(c2)[nH]c2c(C(N)=O)cc(-c4ccc(CN5CCOCC5)c(Cl)c4)cc23)CC1
NC(=O)c1cc(-c2ccc(Cl)cc2)cc2c1[nH]c1ccc(C(=O)N3CCOCC3)cc12,NC(=O)c1cc(-c2ccccc2)cc2c1[nH]c1cc(C(=O)N3CCOCC3)ccc12
NC(=O)c1cc(-c2ccc(Cl)cc2)cc2c1[nH]c1ccc(C(=O)N3CCOCC3)cc12,COc1cccc(-c2cc(C(N)=O)c3[nH]c4cc(C(=O)N5CCOCC5)ccc4c3c2)c1
NC(=O)c1cc(-c2ccc(Cl)cc2)cc2c1[nH]c1ccc(C(=O)N3CCOCC3)cc12,CN1CCN(c2ccc3c(c2)[nH]c2c(C(N)=O)cc(-c4ccccc4)cc23)CC1
NC(=O)c1cc(-c2ccc(Cl)cc2)cc2c1[nH]c1ccc(C(=O)N3CCOCC3)cc12,NC(=O)c1cc(-c2ccc(Cl)cc2Cl)cc2c1[nH]c1ccc(C(=O)N3CCOCC3)cc12
NC(=O)c1cc(-c2ccc(Cl)cc2)cc2c1[nH]c1ccc(C(=O)N3CCOCC3)cc12,NC(=O)c1cc(Cc2ccccc2)cc2c1[nH]c1ccc(C(=O)N3CCOCC3)cc12
O=C(Nc1nc2cccc(-c3cccc(C(F)(F)F)c3)n2n1)C1CC1,O=C(Nc1nc2cccc(C3CCC(NC(=O)C4(F)CC4)CC3)n2n1)C1CC1
O=C(Nc1nc2cccc(-c3cccc(C(F)(F)F)c3)n2n1)C1CC1,O=C(Nc1nc2cccc(-c3ccc(C(=O)N4CCC(F)(F)CC4)cc3)n2n1)C1CC1
O=C(Nc1nc2cccc(-c3cccc(C(F)(F)F)c3)n2n1)C1CC1,O=C(Nc1nc2cccc(-c3ccc(C(=O)N4CC(F)(F)C4)cc3)n2n1)C1CC1
O=C(Nc1nc2cccc(-c3cccc(C(F)(F)F)c3)n2n1)C1CC1,N#CCNC(=O)c1ccc(-c2cccc3nc(NC(=O)C4CC4)nn23)cc1
O=C(Nc1nc2cccc(-c3cccc(C(F)(F)F)c3)n2n1)C1CC1,CC(C)(C#N)C(=O)N1CC2(CCC(c3cccc4nc(NC(=O)C5CC5)nn34)CC2)C1
O=C(Nc1nc2cccc(-c3cccc(C(F)(F)F)c3)n2n1)C1CC1,O=C(Nc1nc2cccc(C3=CCN(C(=O)NCC(F)(F)F)CC3)n2n1)C1CC1
O=C(Nc1nc2cccc(-c3cccc(C(F)(F)F)c3)n2n1)C1CC1,O=C(Nc1nc2cccc(C3CCC4(CC3)CCN(C(=O)C3CC3(F)F)CC4)n2n1)C1CC1
O=C(Nc1nc2cccc(-c3cccc(C(F)(F)F)c3)n2n1)C1CC1,N#CC1CN(C(=O)c2ccc(-c3cccc4nc(NC(=O)C5CC5)nn34)cc2)C1
O=C(Nc1nc2cccc(-c3cccc(C(F)(F)F)c3)n2n1)C1CC1,O=C(Nc1nc2cccc(-c3ccc(CN4CCS(=O)(=O)CC4)cc3)n2n1)C1CC1
O=C(Nc1nc2cccc(-c3cccc(C(F)(F)F)c3)n2n1)C1CC1,O=C(Nc1nc2cccc(C3CCC4(CC3)CN(C(=O)CC(F)F)C4)n2n1)C1CC1
O=C(Nc1nc2cccc(-c3cccc(C(F)(F)F)c3)n2n1)C1CC1,N#CCC(=O)N1CC2(CCC(c3cccc4nc(NC(=O)C5CC5)nn34)CC2)C1
O=C(Nc1nc2cccc(-c3cccc(C(F)(F)F)c3)n2n1)C1CC1,O=C(Nc1nc2cccc(C3CCC4(CC3)CCN(C(=O)C3CC3(F)F)C4)n2n1)C1CC1
O=C(Nc1nc2cccc(-c3cccc(C(F)(F)F)c3)n2n1)C1CC1,O=C(Nc1nc2cccc(C3=CCN(C(=O)C4CC4(F)F)CC3)n2n1)C1CC1
O=C(Nc1nc2cccc(-c3cccc(C(F)(F)F)c3)n2n1)C1CC1,C=C(C#N)C(O)c1ccc(-c2cccc3nc(NC(=O)C4CC4)nn23)cc1
NC1CCCCC1Nc1cc2nc[nH]c(=O)c2c(Nc2cccc3c(Cl)c[nH]c23)n1,CCn1c(C(=O)N(C2CC2)C2CC2)cc2c3c(ncn3C)c(Nc3nc(C(=O)NC)c(C)s3)nc21
NC1CCCCC1Nc1cc2nc[nH]c(=O)c2c(Nc2cccc3c(Cl)c[nH]c23)n1,CCn1c(C(=O)N(C2CC2)C2CC2)cc2c3c(ncn3C)c(Nc3nc(C)cs3)nc21
NC1CCCCC1Nc1cc2nc[nH]c(=O)c2c(Nc2cccc3c(Cl)c[nH]c23)n1,CCn1c(C(=O)N(C2CC2)C2CC2)cc2c3c(ncn3C)c(Nc3ncc(C)s3)nc21
NC1CCCCC1Nc1cc2nc[nH]c(=O)c2c(Nc2cccc3c(Cl)c[nH]c23)n1,CCn1c(C(=O)N(C2CC2)C2CC2)cc2c3c(ncn3C)c(Nc3nccs3)nc21
NC1CCCCC1Nc1cc2nc[nH]c(=O)c2c(Nc2cccc3c(Cl)c[nH]c23)n1,CCn1c(C(=O)N(C2CC2)C2CC2)cc2c3c(ncn3C)c(Nc3cc(C)nn3C)nc21
NC1CCCCC1Nc1cc2nc[nH]c(=O)c2c(Nc2cccc3c(Cl)c[nH]c23)n1,CCc1nc(Nc2nc3c(cc(C(=O)N(C4CC4)C4CC4)n3CC)c3c2ncn3C)sc1C
NC1CCCCC1Nc1cc2nc[nH]c(=O)c2c(Nc2cccc3c(Cl)c[nH]c23)n1,CCn1c(C(=O)N(C2CC2)C2CC2)cc2c3c(ncn3C)c(Nc3nc(C)c(S(C)(=O)=O)s3)nc21
NC1CCCCC1Nc1cc2nc[nH]c(=O)c2c(Nc2cccc3c(Cl)c[nH]c23)n1,CCn1c(C(=O)N(C2CC2)C2CC2)cc2c3c(ncn3C)c(Nc3nc(C)c(C)s3)nc21
NC1CCCCC1Nc1cc2nc[nH]c(=O)c2c(Nc2cccc3c(Cl)c[nH]c23)n1,CCn1c(C(=O)N(C2CC2)C2CC2)cc2c3c(ncn3C)c(Nc3cc(C)n(C)n3)nc21
NC1CCCCC1Nc1cc2nc[nH]c(=O)c2c(Nc2cccc3c(Cl)c[nH]c23)n1,CC(C)C(C)n1cc(-c2cc(N3CCS(=O)(=O)CC3)n(C)n2)c2[nH]nc(N)c2c1=O
NC1CCCCC1Nc1cc2nc[nH]c(=O)c2c(Nc2cccc3c(Cl)c[nH]c23)n1,CCn1c(C(=O)N(C2CC2)C2CC2)cc2c3c(ncn3C)c(Nc3nc(C)c(C(=O)NC)s3)nc21
COc1cc(Nc2nccc3nc(-c4c(Cl)cccc4Cl)[nH]c23)ncn1,Cc1cc(Nc2nccc3nc(-c4c(Cl)cc(C#N)cc4Cl)[nH]c23)ncn1
O=C(CCCCn1cc(-c2ncnc3[nH]ccc23)cn1)NO,O=C(CCCCCCn1cc(-c2ncnc3[nH]ccc23)cn1)NO
O=C(CCCCn1cc(-c2ncnc3[nH]ccc23)cn1)NO,c1nc(-c2cn(CC3CO3)nn2)c2cc[nH]c2n1
O=C(CCCCCCC(=O)N1CC=CCCOc2cccc(c2)-c2ccnc(n2)Nc2cccc(c2)C1)NO,Cc1ccc(C(=O)C=CC(=O)N2CCc3ccc(Nc4ncc(C)c(-c5cnn(C(C)C)c5)n4)cc3C2)cc1
O=C(CCCCCCC(=O)N1CC=CCCOc2cccc(c2)-c2ccnc(n2)Nc2cccc(c2)C1)NO,Cc1ccc(C(=O)C=CC(=O)N2CCc3cc(Nc4ncc(C)c(-c5cnn(C(C)C)c5)n4)ccc3C2)cc1
O=C(CCCCCCC(=O)N1CC=CCCOc2cccc(c2)-c2ccnc(n2)Nc2cccc(c2)C1)NO,Cc1cnc(Nc2ccc3c(c2)CCN(CC#N)C3)nc1-c1cnn(C(C)C)c1
O=C(CCCCCCC(=O)N1CC=CCCOc2cccc(c2)-c2ccnc(n2)Nc2cccc(c2)C1)NO,Cc1cnc(Nc2ccc3c(c2)CCN(C(=O)C=CCN(C)C)C3)nc1-c1cnn(C(C)C)c1
O=C(CCCCCCC(=O)N1CC=CCCOc2cccc(c2)-c2ccnc(n2)Nc2cccc(c2)C1)NO,COC(=O)C=CCN1CCc2cc(Nc3ncc(C)c(-c4cnn(C(C)C)c4)n3)ccc2C1
O=C(CCCCCCC(=O)N1CC=CCCOc2cccc(c2)-c2ccnc(n2)Nc2cccc(c2)C1)NO,Cc1cnc(Nc2ccc3c(c2)CCN(C(=O)C=CC(=O)c2ccccc2)C3)nc1-c1cnn(C(C)C)c1
O=C(CCCCCCC(=O)N1CC=CCCOc2cccc(c2)-c2ccnc(n2)Nc2cccc(c2)C1)NO,Cc1cnc(Nc2ccc3c(c2)CN(C(=O)C=CCN(C)C)CC3)nc1-c1cnn(C(C)C)c1
O=C(CCCCCCC(=O)N1CC=CCCOc2cccc(c2)-c2ccnc(n2)Nc2cccc(c2)C1)NO,Cc1cnc(Nc2ccc3c(c2)CN(C(=O)C=CC(=O)c2ccccc2)CC3)nc1-c1cnn(C(C)C)c1
O=C(CCCCCCN1CC=CCOCc2cccc(c2)-c2ccnc(n2)Nc2cccc(c2)C1)NO,Cc1ccc(C(=O)C=CC(=O)N2CCc3ccc(Nc4ncc(C)c(-c5cnn(C(C)C)c5)n4)cc3C2)cc1
O=C(CCCCCCN1CC=CCOCc2cccc(c2)-c2ccnc(n2)Nc2cccc(c2)C1)NO,Cc1ccc(C(=O)C=CC(=O)N2CCc3cc(Nc4ncc(C)c(-c5cnn(C(C)C)c5)n4)ccc3C2)cc1
O=C(CCCCCCN1CC=CCOCc2cccc(c2)-c2ccnc(n2)Nc2cccc(c2)C1)NO,Cc1cnc(Nc2ccc3c(c2)CCN(CC#N)C3)nc1-c1cnn(C(C)C)c1
O=C(CCCCCCN1CC=CCOCc2cccc(c2)-c2ccnc(n2)Nc2cccc(c2)C1)NO,Cc1cnc(Nc2ccc3c(c2)CCN(C(=O)C=CCN(C)C)C3)nc1-c1cnn(C(C)C)c1
O=C(CCCCCCN1CC=CCOCc2cccc(c2)-c2ccnc(n2)Nc2cccc(c2)C1)NO,COC(=O)C=CCN1CCc2cc(Nc3ncc(C)c(-c4cnn(C(C)C)c4)n3)ccc2C1
O=C(CCCCCCN1CC=CCOCc2cccc(c2)-c2ccnc(n2)Nc2cccc(c2)C1)NO,Cc1cnc(Nc2ccc3c(c2)CCN(C(=O)C=CC(=O)c2ccccc2)C3)nc1-c1cnn(C(C)C)c1
O=C(CCCCCCN1CC=CCOCc2cccc(c2)-c2ccnc(n2)Nc2cccc(c2)C1)NO,Cc1cnc(Nc2ccc3c(c2)CN(C(=O)C=CCN(C)C)CC3)nc1-c1cnn(C(C)C)c1
O=C(CCCCCCN1CC=CCOCc2cccc(c2)-c2ccnc(n2)Nc2cccc(c2)C1)NO,Cc1cnc(Nc2ccc3c(c2)CN(C(=O)C=CC(=O)c2ccccc2)CC3)nc1-c1cnn(C(C)C)c1
O=C1Nc2cc(Br)ccc2C1=C1Nc2ccccc2C1=NOCCN1CCNCC1,CCn1c(C(=O)N(C2CC2)C2CC2)cc2c3c(ncn3C)c(Nc3nc(C(=O)NC)c(C)s3)nc21
O=C1Nc2cc(Br)ccc2C1=C1Nc2ccccc2C1=NOCCN1CCNCC1,CCn1c(C(=O)N(C2CC2)C2CC2)cc2c3c(ncn3C)c(Nc3nc(C)cs3)nc21
O=C1Nc2cc(Br)ccc2C1=C1Nc2ccccc2C1=NOCCN1CCNCC1,CCn1c(C(=O)N(C2CC2)C2CC2)cc2c3c(ncn3C)c(Nc3ncc(C)s3)nc21
O=C1Nc2cc(Br)ccc2C1=C1Nc2ccccc2C1=NOCCN1CCNCC1,CCN(CC)CCNC(=O)c1c(C)[nH]c(C=C2C(=O)Nc3ccc(F)cc32)c1C
O=C1Nc2cc(Br)ccc2C1=C1Nc2ccccc2C1=NOCCN1CCNCC1,CCn1c(C(=O)N(C2CC2)C2CC2)cc2c3c(ncn3C)c(Nc3nccs3)nc21
O=C1Nc2cc(Br)ccc2C1=C1Nc2ccccc2C1=NOCCN1CCNCC1,O=C1NC(=O)C(c2c[nH]c3ccccc23)=C1Nc1cccc(OC2CN(c3ccnc(F)c3)C2)c1
O=C1Nc2cc(Br)ccc2C1=C1Nc2ccccc2C1=NOCCN1CCNCC1,CCn1c(C(=O)N(C2CC2)C2CC2)cc2c3c(ncn3C)c(Nc3cc(C)nn3C)nc21
O=C1Nc2cc(Br)ccc2C1=C1Nc2ccccc2C1=NOCCN1CCNCC1,CCc1nc(Nc2nc3c(cc(C(=O)N(C4CC4)C4CC4)n3CC)c3c2ncn3C)sc1C
O=C1Nc2cc(Br)ccc2C1=C1Nc2ccccc2C1=NOCCN1CCNCC1,Cn1cc(C2=C(Nc3cccc(OCCNc4ccnc(F)c4)c3)C(=O)NC2=O)c2ccccc21
O=C1Nc2cc(Br)ccc2C1=C1Nc2ccccc2C1=NOCCN1CCNCC1,CCn1c(C(=O)N(C2CC2)C2CC2)cc2c3c(ncn3C)c(Nc3nc(C)c(S(C)(=O)=O)s3)nc21
O=C1Nc2cc(Br)ccc2C1=C1Nc2ccccc2C1=NOCCN1CCNCC1,CC(NC(=O)c1c[nH]c2ncc(-c3nn(C)c4cc(Cl)cc(F)c34)nc12)C(=O)N1CC(C#N)C1
O=C1Nc2cc(Br)ccc2C1=C1Nc2ccccc2C1=NOCCN1CCNCC1,O=C1NC(=O)C(c2ccccc2)=C1Nc1cccc(OCCNc2ccnc(F)c2)c1
O=C1Nc2cc(Br)ccc2C1=C1Nc2ccccc2C1=NOCCN1CCNCC1,CCn1c(C(=O)N(C2CC2)C2CC2)cc2c3c(ncn3C)c(Nc3nc(C)c(C)s3)nc21
O=C1Nc2cc(Br)ccc2C1=C1Nc2ccccc2C1=NOCCN1CCNCC1,O=C1NC(=O)C(c2c[nH]c3ccccc23)=C1Nc1cccc(OCCNc2ccnc(F)c2)c1
O=C1Nc2cc(Br)ccc2C1=C1Nc2ccccc2C1=NOCCN1CCNCC1,CC(C)(O)C(=O)N1CCN(c2ccc(C(F)(F)F)c(C3=C(c4c[nH]c5ccccc45)C(=O)NC3=O)c2)CC1
O=C1Nc2cc(Br)ccc2C1=C1Nc2ccccc2C1=NOCCN1CCNCC1,O=C1NC(=O)C(c2c[nH]c3ccccc23)=C1Nc1ccc(OCCNc2ccnc(F)c2)cc1
O=C1Nc2cc(Br)ccc2C1=C1Nc2ccccc2C1=NOCCN1CCNCC1,CCn1c(C(=O)N(C2CC2)C2CC2)cc2c3c(ncn3C)c(Nc3cc(C)n(C)n3)nc21
O=C1Nc2cc(Br)ccc2C1=C1Nc2ccccc2C1=NOCCN1CCNCC1,CCn1c(C(=O)N(C2CC2)C2CC2)cc2c3c(ncn3C)c(Nc3nc(C)c(C(=O)NC)s3)nc21
O=C1Nc2cc(Br)ccc2C1=C1Nc2ccccc2C1=NOCCN1CCNCC1,Cc1[nH]c(C=C2C(=O)Nc3ccc(F)cc32)c(C)c1C(=O)NCC(O)CN1CCOCC1
O=C1Nc2cc(Br)ccc2C1=C1Nc2ccccc2C1=NOCCN1CCNCC1,CCOC(C)n1cc(-c2nc(Nc3ccc4c(c3)CCN4S(=O)(=O)c3ccc(C(F)(F)F)cc3)ncc2C)cn1
O=C1Nc2cc(Br)ccc2C1=C1Nc2ccccc2C1=NOCCN1CCNCC1,O=C1NC(=O)C(c2c[nH]c3ccccc23)=C1Nc1ccc(OCCCNc2ccnc(F)c2)cc1
N#Cc1cc(Cl)c(-c2nc3ccnc(Nc4cc(N)ncn4)c3[nH]2)c(Cl)c1,Cc1cc(Nc2nccc3nc(-c4c(Cl)cc(C#N)cc4Cl)[nH]c23)ncn1
COC(=O)Nc1nc2cccc(-c3cccc(C(C)C)c3)n2n1,O=C(Nc1nc2cccc(C3CCC(NC(=O)C4(F)CC4)CC3)n2n1)C1CC1
COC(=O)Nc1nc2cccc(-c3cccc(C(C)C)c3)n2n1,O=C(Nc1nc2cccc(-c3ccc(C(=O)N4CCC(F)(F)CC4)cc3)n2n1)C1CC1
COC(=O)Nc1nc2cccc(-c3cccc(C(C)C)c3)n2n1,O=C(Nc1nc2cccc(-c3ccc(C(=O)N4CC(F)(F)C4)cc3)n2n1)C1CC1
COC(=O)Nc1nc2cccc(-c3cccc(C(C)C)c3)n2n1,N#CCNC(=O)c1ccc(-c2cccc3nc(NC(=O)C4CC4)nn23)cc1
COC(=O)Nc1nc2cccc(-c3cccc(C(C)C)c3)n2n1,CC(C)(C#N)C(=O)N1CC2(CCC(c3cccc4nc(NC(=O)C5CC5)nn34)CC2)C1
COC(=O)Nc1nc2cccc(-c3cccc(C(C)C)c3)n2n1,N#CC1CN(C(=O)c2ccc(-c3cccc4nc(NC(=O)C5CC5)nn34)cc2)C1
COC(=O)Nc1nc2cccc(-c3cccc(C(C)C)c3)n2n1,O=C(Nc1nc2cccc(-c3ccc(CN4CCS(=O)(=O)CC4)cc3)n2n1)C1CC1
COC(=O)Nc1nc2cccc(-c3cccc(C(C)C)c3)n2n1,N#CCC(=O)N1CC2(CCC(c3cccc4nc(NC(=O)C5CC5)nn34)CC2)C1
COC(=O)Nc1nc2cccc(-c3cccc(C(C)C)c3)n2n1,C=C(C#N)C(O)c1ccc(-c2cccc3nc(NC(=O)C4CC4)nn23)cc1
O=C(Nc1ccnc(NC(=O)C2CCCO2)c1)c1c(Cl)cccc1Cl,O=C(Nc1ccnc(NC(=O)C2CC2)c1)c1c(Cl)cccc1Cl
CNc1nc(Nc2cnn(CCCCCCC(=O)NO)c2)ncc1C(F)(F)F,O=C(CCCCCCn1cc(Nc2ncc(Cl)c(N3CCCCC3)n2)cn1)NO
CNc1nc(Nc2cnn(CCCCCCC(=O)NO)c2)ncc1C(F)(F)F,Cc1cnc(Nc2cnn(C(F)F)c2)nc1N1CCC2(CCNC2=O)CC1
CNc1nc(Nc2cnn(CCCCCCC(=O)NO)c2)ncc1C(F)(F)F,O=C(CCCCCCn1cc(Nc2ncc(Cl)c(NC3CC3)n2)cn1)NO
CNc1nc(Nc2cnn(CCCCCCC(=O)NO)c2)ncc1C(F)(F)F,O=C(CCCCCn1cc(Nc2ncc(Cl)c(Nc3ccc(Cl)cc3)n2)cn1)NO
O=C(CCCCCCn1cc(Nc2ncc3ccn(Cc4ccccc4)c3n2)cn1)NO,O=C(CCCCCCn1cc(Nc2ncc3ccn(Cc4cccc(F)c4)c3n2)cn1)NO
O=C(CCCCCCn1cc(Nc2ncc3ccn(Cc4ccccc4)c3n2)cn1)NO,O=C(CCCCCCn1cc(Nc2ncc3ccn(-c4ccccc4)c3n2)cn1)NO
O=C(CCCCCCn1cc(Nc2ncc3ccn(Cc4ccccc4)c3n2)cn1)NO,O=C(CCCCCn1cc(Nc2ncc3ccn(Cc4cccc(F)c4)c3n2)cn1)NO
CCC(=O)Nc1nc2cccc(-c3cccc(C(C)C)c3)n2n1,O=C(Nc1nc2cccc(C3CCC(NC(=O)C4(F)CC4)CC3)n2n1)C1CC1
CCC(=O)Nc1nc2cccc(-c3cccc(C(C)C)c3)n2n1,O=C(Nc1nc2cccc(-c3ccc(C(=O)N4CCC(F)(F)CC4)cc3)n2n1)C1CC1
CCC(=O)Nc1nc2cccc(-c3cccc(C(C)C)c3)n2n1,O=C(Nc1nc2cccc(-c3ccc(C(=O)N4CC(F)(F)C4)cc3)n2n1)C1CC1
CCC(=O)Nc1nc2cccc(-c3cccc(C(C)C)c3)n2n1,N#CCNC(=O)c1ccc(-c2cccc3nc(NC(=O)C4CC4)nn23)cc1
CCC(=O)Nc1nc2cccc(-c3cccc(C(C)C)c3)n2n1,CC(C)(C#N)C(=O)N1CC2(CCC(c3cccc4nc(NC(=O)C5CC5)nn34)CC2)C1
CCC(=O)Nc1nc2cccc(-c3cccc(C(C)C)c3)n2n1,O=C(Nc1nc2cccc(C3=CCN(C(=O)NCC(F)(F)F)CC3)n2n1)C1CC1
CCC(=O)Nc1nc2cccc(-c3cccc(C(C)C)c3)n2n1,O=C(Nc1nc2cccc(C3CCC4(CC3)CCN(C(=O)C3CC3(F)F)CC4)n2n1)C1CC1
CCC(=O)Nc1nc2cccc(-c3cccc(C(C)C)c3)n2n1,N#CC1CN(C(=O)c2ccc(-c3cccc4nc(NC(=O)C5CC5)nn34)cc2)C1
CCC(=O)Nc1nc2cccc(-c3cccc(C(C)C)c3)n2n1,O=C(Nc1nc2cccc(-c3ccc(CN4CCS(=O)(=O)CC4)cc3)n2n1)C1CC1
CCC(=O)Nc1nc2cccc(-c3cccc(C(C)C)c3)n2n1,O=C(Nc1nc2cccc(C3CCC4(CC3)CN(C(=O)CC(F)F)C4)n2n1)C1CC1
CCC(=O)Nc1nc2cccc(-c3cccc(C(C)C)c3)n2n1,N#CCC(=O)N1CC2(CCC(c3cccc4nc(NC(=O)C5CC5)nn34)CC2)C1
CCC(=O)Nc1nc2cccc(-c3cccc(C(C)C)c3)n2n1,O=C(Nc1nc2cccc(C3CCC4(CC3)CCN(C(=O)C3CC3(F)F)C4)n2n1)C1CC1
CCC(=O)Nc1nc2cccc(-c3cccc(C(C)C)c3)n2n1,O=C(Nc1nc2cccc(C3=CCN(C(=O)C4CC4(F)F)CC3)n2n1)C1CC1
CCC(=O)Nc1nc2cccc(-c3cccc(C(C)C)c3)n2n1,C=C(C#N)C(O)c1ccc(-c2cccc3nc(NC(=O)C4CC4)nn23)cc1
CNCCNC(=O)c1cc(-c2ccnc(N)n2)[nH]c1-c1cc(Cl)ccc1C,CC(NC(=O)c1c[nH]c2ncc(-c3cn(C)c4cc(Cl)ccc34)nc12)C(=O)N1CC(C#N)C1
CNCCNC(=O)c1cc(-c2ccnc(N)n2)[nH]c1-c1cc(Cl)ccc1C,Cn1nc(-c2cnc3[nH]cc(C(=O)NC(C(=O)N4CC(C#N)C4)C4CC4)c3n2)c2ccc(Cl)cc21
CNCCNC(=O)c1cc(-c2ccnc(N)n2)[nH]c1-c1cc(Cl)ccc1C,CC(NC(=O)c1c[nH]c2ncc(-c3nn(C)c4cc(Cl)cc(F)c34)nc12)C(=O)N1CC(C#N)C1
CNCCNC(=O)c1cc(-c2ccnc(N)n2)[nH]c1-c1cc(Cl)ccc1C,CC(NC(=O)c1c[nH]c2ncc(-c3nn(C)c4cc(Cl)ccc34)nc12)C(=O)N1CC(C#N)C1
CNCCNC(=O)c1cc(-c2ccnc(N)n2)[nH]c1-c1cc(Cl)ccc1C,Cn1nc(-c2cnc3[nH]cc(C(=O)NC(C(=O)N4CC(C#N)C4)C(C)(C)C)c3n2)c2ccc(Cl)cc21
Cc1cnc(Nc2ccc3c(c2)CCN3C(=O)Cc2ccc(OC(F)(F)F)cc2)nc1-c1cnn(C(C)C)c1,Cc1ccc(C(=O)C=CC(=O)N2CCc3ccc(Nc4ncc(C)c(-c5cnn(C(C)C)c5)n4)cc3C2)cc1
Cc1cnc(Nc2ccc3c(c2)CCN3C(=O)Cc2ccc(OC(F)(F)F)cc2)nc1-c1cnn(C(C)C)c1,CCn1c(C(=O)N(C2CC2)C2CC2)cc2c3c(ncn3C)c(Nc3nc(C(=O)NC)c(C)s3)nc21
Cc1cnc(Nc2ccc3c(c2)CCN3C(=O)Cc2ccc(OC(F)(F)F)cc2)nc1-c1cnn(C(C)C)c1,CCn1c(C(=O)N(C2CC2)C2CC2)cc2c3c(ncn3C)c(Nc3nc(C)cs3)nc21
Cc1cnc(Nc2ccc3c(c2)CCN3C(=O)Cc2ccc(OC(F)(F)F)cc2)nc1-c1cnn(C(C)C)c1,CCn1c(C(=O)N(C2CC2)C2CC2)cc2c3c(ncn3C)c(Nc3ncc(C)s3)nc21
Cc1cnc(Nc2ccc3c(c2)CCN3C(=O)Cc2ccc(OC(F)(F)F)cc2)nc1-c1cnn(C(C)C)c1,Cc1ccc(C(=O)C=CC(=O)N2CCc3cc(Nc4ncc(C)c(-c5cnn(C(C)C)c5)n4)ccc3C2)cc1
Cc1cnc(Nc2ccc3c(c2)CCN3C(=O)Cc2ccc(OC(F)(F)F)cc2)nc1-c1cnn(C(C)C)c1,CCn1c(C(=O)N(C2CC2)C2CC2)cc2c3c(ncn3C)c(Nc3cc(C)nn3C)nc21
Cc1cnc(Nc2ccc3c(c2)CCN3C(=O)Cc2ccc(OC(F)(F)F)cc2)nc1-c1cnn(C(C)C)c1,CCc1nc(Nc2nc3c(cc(C(=O)N(C4CC4)C4CC4)n3CC)c3c2ncn3C)sc1C
Cc1cnc(Nc2ccc3c(c2)CCN3C(=O)Cc2ccc(OC(F)(F)F)cc2)nc1-c1cnn(C(C)C)c1,Cc1cnc(Nc2ccc3c(c2)CCN(CC#N)C3)nc1-c1cnn(C(C)C)c1
Cc1cnc(Nc2ccc3c(c2)CCN3C(=O)Cc2ccc(OC(F)(F)F)cc2)nc1-c1cnn(C(C)C)c1,CCn1c(C(=O)N(C2CC2)C2CC2)cc2c3c(ncn3C)c(Nc3nc(C)c(S(C)(=O)=O)s3)nc21
Cc1cnc(Nc2ccc3c(c2)CCN3C(=O)Cc2ccc(OC(F)(F)F)cc2)nc1-c1cnn(C(C)C)c1,Cc1cnc(Nc2ccc3c(c2)CCN(C(=O)C=CCN(C)C)C3)nc1-c1cnn(C(C)C)c1
Cc1cnc(Nc2ccc3c(c2)CCN3C(=O)Cc2ccc(OC(F)(F)F)cc2)nc1-c1cnn(C(C)C)c1,CCn1c(C(=O)N(C2CC2)C2CC2)cc2c3c(ncn3C)c(Nc3nc(C)c(C)s3)nc21
Cc1cnc(Nc2ccc3c(c2)CCN3C(=O)Cc2ccc(OC(F)(F)F)cc2)nc1-c1cnn(C(C)C)c1,Cc1cnc(Nc2ccc(NS(=O)(=O)c3ccc(C(F)(F)F)cc3)c(F)c2)nc1-c1cnn(C(C)C)c1
Cc1cnc(Nc2ccc3c(c2)CCN3C(=O)Cc2ccc(OC(F)(F)F)cc2)nc1-c1cnn(C(C)C)c1,COC(=O)C=CCN1CCc2cc(Nc3ncc(C)c(-c4cnn(C(C)C)c4)n3)ccc2C1
Cc1cnc(Nc2ccc3c(c2)CCN3C(=O)Cc2ccc(OC(F)(F)F)cc2)nc1-c1cnn(C(C)C)c1,Cc1cnc(Nc2ccc3c(c2)CCN(C(=O)C=CC(=O)c2ccccc2)C3)nc1-c1cnn(C(C)C)c1
Cc1cnc(Nc2ccc3c(c2)CCN3C(=O)Cc2ccc(OC(F)(F)F)cc2)nc1-c1cnn(C(C)C)c1,CCn1c(C(=O)N(C2CC2)C2CC2)cc2c3c(ncn3C)c(Nc3cc(C)n(C)n3)nc21
Cc1cnc(Nc2ccc3c(c2)CCN3C(=O)Cc2ccc(OC(F)(F)F)cc2)nc1-c1cnn(C(C)C)c1,N#CCCn1cc(-c2nc(Nc3ccc4c(c3)CCN4C(=O)CN3CCS(=O)(=O)CC3)ncc2F)cn1
Cc1cnc(Nc2ccc3c(c2)CCN3C(=O)Cc2ccc(OC(F)(F)F)cc2)nc1-c1cnn(C(C)C)c1,Cc1cnc(Nc2ccc3c(c2)CN(C(=O)C=CCN(C)C)CC3)nc1-c1cnn(C(C)C)c1
Cc1cnc(Nc2ccc3c(c2)CCN3C(=O)Cc2ccc(OC(F)(F)F)cc2)nc1-c1cnn(C(C)C)c1,Cc1cnc(Nc2ccc3c(c2)CN(C(=O)C=CC(=O)c2ccccc2)CC3)nc1-c1cnn(C(C)C)c1
Cc1cnc(Nc2ccc3c(c2)CCN3C(=O)Cc2ccc(OC(F)(F)F)cc2)nc1-c1cnn(C(C)C)c1,N#CCCn1cc(-c2nc(Nc3ccc4c(c3)CCN4C(=O)C3(C#N)CC3)ncc2F)cn1
Cc1cnc(Nc2ccc3c(c2)CCN3C(=O)Cc2ccc(OC(F)(F)F)cc2)nc1-c1cnn(C(C)C)c1,CCn1c(C(=O)N(C2CC2)C2CC2)cc2c3c(ncn3C)c(Nc3nc(C)c(C(=O)NC)s3)nc21
Cc1cnc(Nc2ccc3c(c2)CCN3C(=O)Cc2ccc(OC(F)(F)F)cc2)nc1-c1cnn(C(C)C)c1,CCOC(C)n1cc(-c2nc(Nc3ccc4c(c3)CCN4S(=O)(=O)c3ccc(C(F)(F)F)cc3)ncc2C)cn1
Cc1cnc(Nc2ccc3c(c2)CCN3S(=O)(=O)c2ccc3c(c2)CC(=O)N3)nc1-c1cnn(C(C)C)c1,COc1ccccc1-c1cc2c(NC3CCC(C)(N)C3(C)C)c(C(N)=O)cnn2c1
Cc1cnc(Nc2ccc3c(c2)CCN3S(=O)(=O)c2ccc3c(c2)CC(=O)N3)nc1-c1cnn(C(C)C)c1,Cc1ccc(C(=O)C=CC(=O)N2CCc3ccc(Nc4ncc(C)c(-c5cnn(C(C)C)c5)n4)cc3C2)cc1
Cc1cnc(Nc2ccc3c(c2)CCN3S(=O)(=O)c2ccc3c(c2)CC(=O)N3)nc1-c1cnn(C(C)C)c1,CCn1c(C(=O)N(C2CC2)C2CC2)cc2c3c(ncn3C)c(Nc3nc(C(=O)NC)c(C)s3)nc21
Cc1cnc(Nc2ccc3c(c2)CCN3S(=O)(=O)c2ccc3c(c2)CC(=O)N3)nc1-c1cnn(C(C)C)c1,CCn1c(C(=O)N(C2CC2)C2CC2)cc2c3c(ncn3C)c(Nc3nc(C)cs3)nc21
Cc1cnc(Nc2ccc3c(c2)CCN3S(=O)(=O)c2ccc3c(c2)CC(=O)N3)nc1-c1cnn(C(C)C)c1,CCn1c(C(=O)N(C2CC2)C2CC2)cc2c3c(ncn3C)c(Nc3ncc(C)s3)nc21
Cc1cnc(Nc2ccc3c(c2)CCN3S(=O)(=O)c2ccc3c(c2)CC(=O)N3)nc1-c1cnn(C(C)C)c1,Cc1ccc(C(=O)C=CC(=O)N2CCc3cc(Nc4ncc(C)c(-c5cnn(C(C)C)c5)n4)ccc3C2)cc1
Cc1cnc(Nc2ccc3c(c2)CCN3S(=O)(=O)c2ccc3c(c2)CC(=O)N3)nc1-c1cnn(C(C)C)c1,CCOc1ccc(-c2cc3c(NC4CCC(C)(N)C4(C)C)c(C(N)=O)cnn3c2)cn1
Cc1cnc(Nc2ccc3c(c2)CCN3S(=O)(=O)c2ccc3c(c2)CC(=O)N3)nc1-c1cnn(C(C)C)c1,CC(NC(=O)c1c[nH]c2ncc(-c3cn(C)c4cc(Cl)ccc34)nc12)C(=O)N1CC(C#N)C1
Cc1cnc(Nc2ccc3c(c2)CCN3S(=O)(=O)c2ccc3c(c2)CC(=O)N3)nc1-c1cnn(C(C)C)c1,Cn1nc(-c2cnc3[nH]cc(C(=O)NC(C(=O)N4CC(C#N)C4)C4CC4)c3n2)c2ccc(Cl)cc21
Cc1cnc(Nc2ccc3c(c2)CCN3S(=O)(=O)c2ccc3c(c2)CC(=O)N3)nc1-c1cnn(C(C)C)c1,CCN(CC)CCNC(=O)c1c(C)[nH]c(C=C2C(=O)Nc3ccc(F)cc32)c1C
Cc1cnc(Nc2ccc3c(c2)CCN3S(=O)(=O)c2ccc3c(c2)CC(=O)N3)nc1-c1cnn(C(C)C)c1,CCn1c(C(=O)N(C2CC2)C2CC2)cc2c3c(ncn3C)c(Nc3nccs3)nc21
Cc1cnc(Nc2ccc3c(c2)CCN3S(=O)(=O)c2ccc3c(c2)CC(=O)N3)nc1-c1cnn(C(C)C)c1,O=C1NC(=O)C(c2c[nH]c3ccccc23)=C1Nc1cccc(OC2CN(c3ccnc(F)c3)C2)c1
Cc1cnc(Nc2ccc3c(c2)CCN3S(=O)(=O)c2ccc3c(c2)CC(=O)N3)nc1-c1cnn(C(C)C)c1,CCn1c(C(=O)N(C2CC2)C2CC2)cc2c3c(ncn3C)c(Nc3cc(C)nn3C)nc21
Cc1cnc(Nc2ccc3c(c2)CCN3S(=O)(=O)c2ccc3c(c2)CC(=O)N3)nc1-c1cnn(C(C)C)c1,CCc1nc(Nc2nc3c(cc(C(=O)N(C4CC4)C4CC4)n3CC)c3c2ncn3C)sc1C
Cc1cnc(Nc2ccc3c(c2)CCN3S(=O)(=O)c2ccc3c(c2)CC(=O)N3)nc1-c1cnn(C(C)C)c1,Cc1cnc(Nc2ccc3c(c2)CCN(CC#N)C3)nc1-c1cnn(C(C)C)c1
Cc1cnc(Nc2ccc3c(c2)CCN3S(=O)(=O)c2ccc3c(c2)CC(=O)N3)nc1-c1cnn(C(C)C)c1,Cn1cc(C2=C(Nc3cccc(OCCNc4ccnc(F)c4)c3)C(=O)NC2=O)c2ccccc21
Cc1cnc(Nc2ccc3c(c2)CCN3S(=O)(=O)c2ccc3c(c2)CC(=O)N3)nc1-c1cnn(C(C)C)c1,CCn1c(C(=O)N(C2CC2)C2CC2)cc2c3c(ncn3C)c(Nc3nc(C)c(S(C)(=O)=O)s3)nc21
Cc1cnc(Nc2ccc3c(c2)CCN3S(=O)(=O)c2ccc3c(c2)CC(=O)N3)nc1-c1cnn(C(C)C)c1,Cc1cnc(Nc2ccc3c(c2)CCN(C(=O)C=CCN(C)C)C3)nc1-c1cnn(C(C)C)c1
Cc1cnc(Nc2ccc3c(c2)CCN3S(=O)(=O)c2ccc3c(c2)CC(=O)N3)nc1-c1cnn(C(C)C)c1,CC(C)Oc1ccc(-c2cc3c(NC4CCC(C)(N)C4(C)C)c(C(N)=O)cnn3c2)cn1
Cc1cnc(Nc2ccc3c(c2)CCN3S(=O)(=O)c2ccc3c(c2)CC(=O)N3)nc1-c1cnn(C(C)C)c1,CC(NC(=O)c1c[nH]c2ncc(-c3nn(C)c4cc(Cl)cc(F)c34)nc12)C(=O)N1CC(C#N)C1
Cc1cnc(Nc2ccc3c(c2)CCN3S(=O)(=O)c2ccc3c(c2)CC(=O)N3)nc1-c1cnn(C(C)C)c1,CC1(N)CCC(Nc2c(C(N)=O)cnn3cc(-c4ccccc4F)cc23)C1(C)C
Cc1cnc(Nc2ccc3c(c2)CCN3S(=O)(=O)c2ccc3c(c2)CC(=O)N3)nc1-c1cnn(C(C)C)c1,CCn1c(C(=O)N(C2CC2)C2CC2)cc2c3c(ncn3C)c(Nc3nc(C)c(C)s3)nc21
Cc1cnc(Nc2ccc3c(c2)CCN3S(=O)(=O)c2ccc3c(c2)CC(=O)N3)nc1-c1cnn(C(C)C)c1,Cc1ccccc1-n1cc(-c2ccn(C)n2)c2[nH]nc(N)c2c1=O
Cc1cnc(Nc2ccc3c(c2)CCN3S(=O)(=O)c2ccc3c(c2)CC(=O)N3)nc1-c1cnn(C(C)C)c1,CC(NC(=O)c1c[nH]c2ncc(-c3nn(C)c4cc(Cl)ccc34)nc12)C(=O)N1CC(C#N)C1
Cc1cnc(Nc2ccc3c(c2)CCN3S(=O)(=O)c2ccc3c(c2)CC(=O)N3)nc1-c1cnn(C(C)C)c1,Cc1cnc(Nc2ccc(NS(=O)(=O)c3ccc(C(F)(F)F)cc3)c(F)c2)nc1-c1cnn(C(C)C)c1
Cc1cnc(Nc2ccc3c(c2)CCN3S(=O)(=O)c2ccc3c(c2)CC(=O)N3)nc1-c1cnn(C(C)C)c1,COC(=O)C=CCN1CCc2cc(Nc3ncc(C)c(-c4cnn(C(C)C)c4)n3)ccc2C1
Cc1cnc(Nc2ccc3c(c2)CCN3S(=O)(=O)c2ccc3c(c2)CC(=O)N3)nc1-c1cnn(C(C)C)c1,COc1ccc2c(-c3cnc4[nH]cc(C(=O)NC(C)C(=O)N5CC(C#N)C5)c4n3)nn(C)c2c1
Cc1cnc(Nc2ccc3c(c2)CCN3S(=O)(=O)c2ccc3c(c2)CC(=O)N3)nc1-c1cnn(C(C)C)c1,CC1(N)CCC(Nc2c(C(N)=O)cnn3cc(-c4ccccc4Cl)cc23)C1(C)C
Cc1cnc(Nc2ccc3c(c2)CCN3S(=O)(=O)c2ccc3c(c2)CC(=O)N3)nc1-c1cnn(C(C)C)c1,NC(=O)c1cnn2cccc2c1NCc1cccc(NC(=O)Cn2sc3ccccc3c2=O)c1
Cc1cnc(Nc2ccc3c(c2)CCN3S(=O)(=O)c2ccc3c(c2)CC(=O)N3)nc1-c1cnn(C(C)C)c1,N#CNC1CC(NS(=O)(=O)c2cccc(F)c2)c2ccc(-c3ncnc4[nH]ccc34)cc21
Cc1cnc(Nc2ccc3c(c2)CCN3S(=O)(=O)c2ccc3c(c2)CC(=O)N3)nc1-c1cnn(C(C)C)c1,CC(C)(O)C(=O)N1CCN(c2ccc(C(F)(F)F)c(C3=C(c4c[nH]c5ccccc45)C(=O)NC3=O)c2)CC1
Cc1cnc(Nc2ccc3c(c2)CCN3S(=O)(=O)c2ccc3c(c2)CC(=O)N3)nc1-c1cnn(C(C)C)c1,CC1(N)CCC(Nc2c(C(N)=O)cnn3cc(-c4cc[nH]n4)cc23)C1(C)C
Cc1cnc(Nc2ccc3c(c2)CCN3S(=O)(=O)c2ccc3c(c2)CC(=O)N3)nc1-c1cnn(C(C)C)c1,Cc1cnc(Nc2ccc3c(c2)CCN(C(=O)C=CC(=O)c2ccccc2)C3)nc1-c1cnn(C(C)C)c1
Cc1cnc(Nc2ccc3c(c2)CCN3S(=O)(=O)c2ccc3c(c2)CC(=O)N3)nc1-c1cnn(C(C)C)c1,CC(NC(=O)c1c[nH]c2ncc(-c3nn(C)c4ccccc34)nc12)C(=O)N1CC(C#N)C1
Cc1cnc(Nc2ccc3c(c2)CCN3S(=O)(=O)c2ccc3c(c2)CC(=O)N3)nc1-c1cnn(C(C)C)c1,CC(NC(=O)c1c[nH]c2ncc(-c3nn(C)c4cc(C#N)ccc34)nc12)C(=O)N1CC(C#N)C1
Cc1cnc(Nc2ccc3c(c2)CCN3S(=O)(=O)c2ccc3c(c2)CC(=O)N3)nc1-c1cnn(C(C)C)c1,CCn1c(C(=O)N(C2CC2)C2CC2)cc2c3c(ncn3C)c(Nc3cc(C)n(C)n3)nc21
Cc1cnc(Nc2ccc3c(c2)CCN3S(=O)(=O)c2ccc3c(c2)CC(=O)N3)nc1-c1cnn(C(C)C)c1,COc1ccc(S(=O)(=O)NC2CC(NC#N)c3cc(-c4ncnc5[nH]ccc45)ccc32)cc1
Cc1cnc(Nc2ccc3c(c2)CCN3S(=O)(=O)c2ccc3c(c2)CC(=O)N3)nc1-c1cnn(C(C)C)c1,CC(C)C(C)n1cc(-c2cc(N3CCS(=O)(=O)CC3)n(C)n2)c2[nH]nc(N)c2c1=O
Cc1cnc(Nc2ccc3c(c2)CCN3S(=O)(=O)c2ccc3c(c2)CC(=O)N3)nc1-c1cnn(C(C)C)c1,N#CCCn1cc(-c2nc(Nc3ccc4c(c3)CCN4C(=O)CN3CCS(=O)(=O)CC3)ncc2F)cn1
Cc1cnc(Nc2ccc3c(c2)CCN3S(=O)(=O)c2ccc3c(c2)CC(=O)N3)nc1-c1cnn(C(C)C)c1,CC(C)C(C)n1cc(-c2cc(C3CCOCC3)n(C)n2)c2[nH]nc(N)c2c1=O
Cc1cnc(Nc2ccc3c(c2)CCN3S(=O)(=O)c2ccc3c(c2)CC(=O)N3)nc1-c1cnn(C(C)C)c1,Cc1cnc(Nc2ccc3c(c2)CN(C(=O)C=CCN(C)C)CC3)nc1-c1cnn(C(C)C)c1
Cc1cnc(Nc2ccc3c(c2)CCN3S(=O)(=O)c2ccc3c(c2)CC(=O)N3)nc1-c1cnn(C(C)C)c1,Cc1cnccc1-c1cc2c(NC3CCC(C)(N)C3(C)C)c(C(N)=O)cnn2c1
Cc1cnc(Nc2ccc3c(c2)CCN3S(=O)(=O)c2ccc3c(c2)CC(=O)N3)nc1-c1cnn(C(C)C)c1,CC1(N)CCC(Nc2c(C(N)=O)cnn3cc(-c4ccc(F)nc4)cc23)C1(C)C
Cc1cnc(Nc2ccc3c(c2)CCN3S(=O)(=O)c2ccc3c(c2)CC(=O)N3)nc1-c1cnn(C(C)C)c1,CC(=O)NC1CCc2ccc(Oc3cnc4[nH]cc(C(=O)NC(C(=O)N5CC(C#N)C5)C5CC5)c4n3)cc21
Cc1cnc(Nc2ccc3c(c2)CCN3S(=O)(=O)c2ccc3c(c2)CC(=O)N3)nc1-c1cnn(C(C)C)c1,Cc1cnc(Nc2ccc3c(c2)CN(C(=O)C=CC(=O)c2ccccc2)CC3)nc1-c1cnn(C(C)C)c1
Cc1cnc(Nc2ccc3c(c2)CCN3S(=O)(=O)c2ccc3c(c2)CC(=O)N3)nc1-c1cnn(C(C)C)c1,N#CCCn1cc(-c2nc(Nc3ccc4c(c3)CCN4C(=O)C3(C#N)CC3)ncc2F)cn1
Cc1cnc(Nc2ccc3c(c2)CCN3S(=O)(=O)c2ccc3c(c2)CC(=O)N3)nc1-c1cnn(C(C)C)c1,Cn1ccc(-c2cn(-c3ccccc3Cl)c(=O)c3c(N)n[nH]c23)n1
Cc1cnc(Nc2ccc3c(c2)CCN3S(=O)(=O)c2ccc3c(c2)CC(=O)N3)nc1-c1cnn(C(C)C)c1,COc1ccc(-c2cc3c(NC4CCC(C)(N)C4(C)C)c(C(N)=O)cnn3c2)cn1
Cc1cnc(Nc2ccc3c(c2)CCN3S(=O)(=O)c2ccc3c(c2)CC(=O)N3)nc1-c1cnn(C(C)C)c1,CCn1c(C(=O)N(C2CC2)C2CC2)cc2c3c(ncn3C)c(Nc3nc(C)c(C(=O)NC)s3)nc21
Cc1cnc(Nc2ccc3c(c2)CCN3S(=O)(=O)c2ccc3c(c2)CC(=O)N3)nc1-c1cnn(C(C)C)c1,Cc1[nH]c(C=C2C(=O)Nc3ccc(F)cc32)c(C)c1C(=O)NCC(O)CN1CCOCC1
Cc1cnc(Nc2ccc3c(c2)CCN3S(=O)(=O)c2ccc3c(c2)CC(=O)N3)nc1-c1cnn(C(C)C)c1,Cn1nc(-c2cnc3[nH]cc(C(=O)NC(C(=O)N4CC(C#N)C4)C(C)(C)C)c3n2)c2ccc(Cl)cc21
Cc1cnc(Nc2ccc3c(c2)CCN3S(=O)(=O)c2ccc3c(c2)CC(=O)N3)nc1-c1cnn(C(C)C)c1,COc1cc(-c2cc3c(NC4CCC(C)(N)C4(C)C)c(C(N)=O)cnn3c2)ccn1
Cc1cnc(Nc2ccc3c(c2)CCN3S(=O)(=O)c2ccc3c(c2)CC(=O)N3)nc1-c1cnn(C(C)C)c1,CCOC(C)n1cc(-c2nc(Nc3ccc4c(c3)CCN4S(=O)(=O)c3ccc(C(F)(F)F)cc3)ncc2C)cn1
COC1CCN(c2nccc(Nc3cc(NC(=O)c4c(Cl)cccc4Cl)ccn3)n2)CC1,O=C(Nc1ccnc(NC(=O)C2CC2)c1)c1c(Cl)cccc1Cl
COC1CCN(c2nccc(Nc3cc(NC(=O)c4c(Cl)cccc4Cl)ccn3)n2)CC1,N#Cc1ccc(N2CCC(Nc3cc(Nc4ccncn4)ncc3C(N)=O)CC2)nc1
CC1(C)OCC(=O)Nc2cc(Nc3nc(NCC(F)(F)F)c4occc4n3)ccc21,CCn1c(C(=O)N(C2CC2)C2CC2)cc2c3c(ncn3C)c(Nc3nc(C(=O)NC)c(C)s3)nc21
CC1(C)OCC(=O)Nc2cc(Nc3nc(NCC(F)(F)F)c4occc4n3)ccc21,CCn1c(C(=O)N(C2CC2)C2CC2)cc2c3c(ncn3C)c(Nc3nc(C)cs3)nc21
CC1(C)OCC(=O)Nc2cc(Nc3nc(NCC(F)(F)F)c4occc4n3)ccc21,CCn1c(C(=O)N(C2CC2)C2CC2)cc2c3c(ncn3C)c(Nc3ncc(C)s3)nc21
CC1(C)OCC(=O)Nc2cc(Nc3nc(NCC(F)(F)F)c4occc4n3)ccc21,CCn1c(C(=O)N(C2CC2)C2CC2)cc2c3c(ncn3C)c(Nc3nccs3)nc21
CC1(C)OCC(=O)Nc2cc(Nc3nc(NCC(F)(F)F)c4occc4n3)ccc21,CCn1c(C(=O)N(C2CC2)C2CC2)cc2c3c(ncn3C)c(Nc3cc(C)nn3C)nc21
CC1(C)OCC(=O)Nc2cc(Nc3nc(NCC(F)(F)F)c4occc4n3)ccc21,CCc1nc(Nc2nc3c(cc(C(=O)N(C4CC4)C4CC4)n3CC)c3c2ncn3C)sc1C
CC1(C)OCC(=O)Nc2cc(Nc3nc(NCC(F)(F)F)c4occc4n3)ccc21,CCn1c(C(=O)N(C2CC2)C2CC2)cc2c3c(ncn3C)c(Nc3nc(C)c(S(C)(=O)=O)s3)nc21
CC1(C)OCC(=O)Nc2cc(Nc3nc(NCC(F)(F)F)c4occc4n3)ccc21,CCn1c(C(=O)N(C2CC2)C2CC2)cc2c3c(ncn3C)c(Nc3nc(C)c(C)s3)nc21
CC1(C)OCC(=O)Nc2cc(Nc3nc(NCC(F)(F)F)c4occc4n3)ccc21,CCn1c(C(=O)N(C2CC2)C2CC2)cc2c3c(ncn3C)c(Nc3cc(C)n(C)n3)nc21
CC1(C)OCC(=O)Nc2cc(Nc3nc(NCC(F)(F)F)c4occc4n3)ccc21,CCn1c(C(=O)N(C2CC2)C2CC2)cc2c3c(ncn3C)c(Nc3nc(C)c(C(=O)NC)s3)nc21
CC1(C)OCC(=O)Nc2cc(Nc3nc(NCC(F)(F)F)c4occc4n3)ccc21,CCOC(C)n1cc(-c2nc(Nc3ccc4c(c3)CCN4S(=O)(=O)c3ccc(C(F)(F)F)cc3)ncc2C)cn1
O=C(CCCn1cc(Nc2ncc(Cl)c(Nc3ccc(F)cc3)n2)cn1)NO,Clc1cccc(Nc2nc(Nc3cn[nH]c3)ncc2Cl)c1
O=C(CCCn1cc(Nc2ncc(Cl)c(Nc3ccc(F)cc3)n2)cn1)NO,O=C(CCCCCCn1cc(Nc2ncc(Cl)c(N3CCCCC3)n2)cn1)NO
O=C(CCCn1cc(Nc2ncc(Cl)c(Nc3ccc(F)cc3)n2)cn1)NO,O=C(CCCCCCn1cc(Nc2ncc(Cl)c(NC3CC3)n2)cn1)NO
O=C(CCCn1cc(Nc2ncc(Cl)c(Nc3ccc(F)cc3)n2)cn1)NO,O=C(CCCCCn1cc(Nc2ncc(Cl)c(Nc3ccc(Cl)cc3)n2)cn1)NO
Cc1cnc(Nc2ccc3c(c2)CCN3S(=O)(=O)c2ccc3c(c2)CC(=O)N3C)nc1-c1cnn(C(C)C)c1,COc1ccccc1-c1cc2c(NC3CCC(C)(N)C3(C)C)c(C(N)=O)cnn2c1
Cc1cnc(Nc2ccc3c(c2)CCN3S(=O)(=O)c2ccc3c(c2)CC(=O)N3C)nc1-c1cnn(C(C)C)c1,Cc1ccc(C(=O)C=CC(=O)N2CCc3ccc(Nc4ncc(C)c(-c5cnn(C(C)C)c5)n4)cc3C2)cc1
Cc1cnc(Nc2ccc3c(c2)CCN3S(=O)(=O)c2ccc3c(c2)CC(=O)N3C)nc1-c1cnn(C(C)C)c1,CCn1c(C(=O)N(C2CC2)C2CC2)cc2c3c(ncn3C)c(Nc3nc(C(=O)NC)c(C)s3)nc21
Cc1cnc(Nc2ccc3c(c2)CCN3S(=O)(=O)c2ccc3c(c2)CC(=O)N3C)nc1-c1cnn(C(C)C)c1,CCn1c(C(=O)N(C2CC2)C2CC2)cc2c3c(ncn3C)c(Nc3nc(C)cs3)nc21
Cc1cnc(Nc2ccc3c(c2)CCN3S(=O)(=O)c2ccc3c(c2)CC(=O)N3C)nc1-c1cnn(C(C)C)c1,CCn1c(C(=O)N(C2CC2)C2CC2)cc2c3c(ncn3C)c(Nc3ncc(C)s3)nc21
Cc1cnc(Nc2ccc3c(c2)CCN3S(=O)(=O)c2ccc3c(c2)CC(=O)N3C)nc1-c1cnn(C(C)C)c1,Cc1ccc(C(=O)C=CC(=O)N2CCc3cc(Nc4ncc(C)c(-c5cnn(C(C)C)c5)n4)ccc3C2)cc1
Cc1cnc(Nc2ccc3c(c2)CCN3S(=O)(=O)c2ccc3c(c2)CC(=O)N3C)nc1-c1cnn(C(C)C)c1,CCOc1ccc(-c2cc3c(NC4CCC(C)(N)C4(C)C)c(C(N)=O)cnn3c2)cn1
Cc1cnc(Nc2ccc3c(c2)CCN3S(=O)(=O)c2ccc3c(c2)CC(=O)N3C)nc1-c1cnn(C(C)C)c1,CC(NC(=O)c1c[nH]c2ncc(-c3cn(C)c4cc(Cl)ccc34)nc12)C(=O)N1CC(C#N)C1
Cc1cnc(Nc2ccc3c(c2)CCN3S(=O)(=O)c2ccc3c(c2)CC(=O)N3C)nc1-c1cnn(C(C)C)c1,CC1(N)CCC(Nc2c(C(N)=O)cnn3cc(-c4cccnc4)cc23)C1(C)C
Cc1cnc(Nc2ccc3c(c2)CCN3S(=O)(=O)c2ccc3c(c2)CC(=O)N3C)nc1-c1cnn(C(C)C)c1,Cn1nc(-c2cnc3[nH]cc(C(=O)NC(C(=O)N4CC(C#N)C4)C4CC4)c3n2)c2ccc(Cl)cc21
Cc1cnc(Nc2ccc3c(c2)CCN3S(=O)(=O)c2ccc3c(c2)CC(=O)N3C)nc1-c1cnn(C(C)C)c1,COc1cccc(-c2cc3c(NC4CCC(C)(N)C4(C)C)c(C(N)=O)cnn3c2)c1
Cc1cnc(Nc2ccc3c(c2)CCN3S(=O)(=O)c2ccc3c(c2)CC(=O)N3C)nc1-c1cnn(C(C)C)c1,CC1(N)CCC(Nc2c(C(N)=O)cnn3cc(-c4ccc(Cl)cc4)cc23)C1(C)C
Cc1cnc(Nc2ccc3c(c2)CCN3S(=O)(=O)c2ccc3c(c2)CC(=O)N3C)nc1-c1cnn(C(C)C)c1,CCN(CC)CCNC(=O)c1c(C)[nH]c(C=C2C(=O)Nc3ccc(F)cc32)c1C
Cc1cnc(Nc2ccc3c(c2)CCN3S(=O)(=O)c2ccc3c(c2)CC(=O)N3C)nc1-c1cnn(C(C)C)c1,CC1(N)CCC(Nc2c(C(N)=O)cnn3cc(-c4ccnc(F)c4)cc23)C1(C)C
Cc1cnc(Nc2ccc3c(c2)CCN3S(=O)(=O)c2ccc3c(c2)CC(=O)N3C)nc1-c1cnn(C(C)C)c1,CCn1c(C(=O)N(C2CC2)C2CC2)cc2c3c(ncn3C)c(Nc3nccs3)nc21
Cc1cnc(Nc2ccc3c(c2)CCN3S(=O)(=O)c2ccc3c(c2)CC(=O)N3C)nc1-c1cnn(C(C)C)c1,O=C1NC(=O)C(c2c[nH]c3ccccc23)=C1Nc1cccc(OC2CN(c3ccnc(F)c3)C2)c1
Cc1cnc(Nc2ccc3c(c2)CCN3S(=O)(=O)c2ccc3c(c2)CC(=O)N3C)nc1-c1cnn(C(C)C)c1,CC1(N)CCC(Nc2c(C(N)=O)cnn3cc(-c4cccc(Cl)c4)cc23)C1(C)C
Cc1cnc(Nc2ccc3c(c2)CCN3S(=O)(=O)c2ccc3c(c2)CC(=O)N3C)nc1-c1cnn(C(C)C)c1,CCn1c(C(=O)N(C2CC2)C2CC2)cc2c3c(ncn3C)c(Nc3cc(C)nn3C)nc21
Cc1cnc(Nc2ccc3c(c2)CCN3S(=O)(=O)c2ccc3c(c2)CC(=O)N3C)nc1-c1cnn(C(C)C)c1,CCc1nc(Nc2nc3c(cc(C(=O)N(C4CC4)C4CC4)n3CC)c3c2ncn3C)sc1C
Cc1cnc(Nc2ccc3c(c2)CCN3S(=O)(=O)c2ccc3c(c2)CC(=O)N3C)nc1-c1cnn(C(C)C)c1,Cc1cc(-c2cc3c(NC4CCC(C)(N)C4(C)C)c(C(N)=O)cnn3c2)ccn1
Cc1cnc(Nc2ccc3c(c2)CCN3S(=O)(=O)c2ccc3c(c2)CC(=O)N3C)nc1-c1cnn(C(C)C)c1,Cc1cnc(Nc2ccc3c(c2)CCN(CC#N)C3)nc1-c1cnn(C(C)C)c1
Cc1cnc(Nc2ccc3c(c2)CCN3S(=O)(=O)c2ccc3c(c2)CC(=O)N3C)nc1-c1cnn(C(C)C)c1,Cn1cc(C2=C(Nc3cccc(OCCNc4ccnc(F)c4)c3)C(=O)NC2=O)c2ccccc21
Cc1cnc(Nc2ccc3c(c2)CCN3S(=O)(=O)c2ccc3c(c2)CC(=O)N3C)nc1-c1cnn(C(C)C)c1,CCn1c(C(=O)N(C2CC2)C2CC2)cc2c3c(ncn3C)c(Nc3nc(C)c(S(C)(=O)=O)s3)nc21
Cc1cnc(Nc2ccc3c(c2)CCN3S(=O)(=O)c2ccc3c(c2)CC(=O)N3C)nc1-c1cnn(C(C)C)c1,Cc1cnc(Nc2ccc3c(c2)CCN(C(=O)C=CCN(C)C)C3)nc1-c1cnn(C(C)C)c1
Cc1cnc(Nc2ccc3c(c2)CCN3S(=O)(=O)c2ccc3c(c2)CC(=O)N3C)nc1-c1cnn(C(C)C)c1,CC(C)Oc1ccc(-c2cc3c(NC4CCC(C)(N)C4(C)C)c(C(N)=O)cnn3c2)cn1
Cc1cnc(Nc2ccc3c(c2)CCN3S(=O)(=O)c2ccc3c(c2)CC(=O)N3C)nc1-c1cnn(C(C)C)c1,CC(NC(=O)c1c[nH]c2ncc(-c3nn(C)c4cc(Cl)cc(F)c34)nc12)C(=O)N1CC(C#N)C1
Cc1cnc(Nc2ccc3c(c2)CCN3S(=O)(=O)c2ccc3c(c2)CC(=O)N3C)nc1-c1cnn(C(C)C)c1,Cc1cc(Nc2ncc(Cl)c(Nc3ccccc3S(=O)(=O)C(C)C)n2)c(OC(C)C)cc1C1CCNCC1
Cc1cnc(Nc2ccc3c(c2)CCN3S(=O)(=O)c2ccc3c(c2)CC(=O)N3C)nc1-c1cnn(C(C)C)c1,CC1(N)CCC(Nc2c(C(N)=O)cnn3cc(-c4ccccc4F)cc23)C1(C)C
Cc1cnc(Nc2ccc3c(c2)CCN3S(=O)(=O)c2ccc3c(c2)CC(=O)N3C)nc1-c1cnn(C(C)C)c1,CCn1c(C(=O)N(C2CC2)C2CC2)cc2c3c(ncn3C)c(Nc3nc(C)c(C)s3)nc21
Cc1cnc(Nc2ccc3c(c2)CCN3S(=O)(=O)c2ccc3c(c2)CC(=O)N3C)nc1-c1cnn(C(C)C)c1,Cc1ccccc1-n1cc(-c2ccn(C)n2)c2[nH]nc(N)c2c1=O
Cc1cnc(Nc2ccc3c(c2)CCN3S(=O)(=O)c2ccc3c(c2)CC(=O)N3C)nc1-c1cnn(C(C)C)c1,CC(NC(=O)c1c[nH]c2ncc(-c3nn(C)c4cc(Cl)ccc34)nc12)C(=O)N1CC(C#N)C1
Cc1cnc(Nc2ccc3c(c2)CCN3S(=O)(=O)c2ccc3c(c2)CC(=O)N3C)nc1-c1cnn(C(C)C)c1,Cc1cnc(Nc2ccc(NS(=O)(=O)c3ccc(C(F)(F)F)cc3)c(F)c2)nc1-c1cnn(C(C)C)c1
Cc1cnc(Nc2ccc3c(c2)CCN3S(=O)(=O)c2ccc3c(c2)CC(=O)N3C)nc1-c1cnn(C(C)C)c1,COC(=O)C=CCN1CCc2cc(Nc3ncc(C)c(-c4cnn(C(C)C)c4)n3)ccc2C1
Cc1cnc(Nc2ccc3c(c2)CCN3S(=O)(=O)c2ccc3c(c2)CC(=O)N3C)nc1-c1cnn(C(C)C)c1,COc1ccc2c(-c3cnc4[nH]cc(C(=O)NC(C)C(=O)N5CC(C#N)C5)c4n3)nn(C)c2c1
Cc1cnc(Nc2ccc3c(c2)CCN3S(=O)(=O)c2ccc3c(c2)CC(=O)N3C)nc1-c1cnn(C(C)C)c1,CCC(C(C)C)n1cc(-c2ccn(C)n2)c2[nH]nc(N)c2c1=O
Cc1cnc(Nc2ccc3c(c2)CCN3S(=O)(=O)c2ccc3c(c2)CC(=O)N3C)nc1-c1cnn(C(C)C)c1,CC1(N)CCC(Nc2c(C(N)=O)cnn3cc(-c4ccccc4Cl)cc23)C1(C)C
Cc1cnc(Nc2ccc3c(c2)CCN3S(=O)(=O)c2ccc3c(c2)CC(=O)N3C)nc1-c1cnn(C(C)C)c1,NC(=O)c1cnn2cccc2c1NCc1cccc(NC(=O)Cn2sc3ccccc3c2=O)c1
Cc1cnc(Nc2ccc3c(c2)CCN3S(=O)(=O)c2ccc3c(c2)CC(=O)N3C)nc1-c1cnn(C(C)C)c1,N#CNC1CC(NS(=O)(=O)c2cccc(F)c2)c2ccc(-c3ncnc4[nH]ccc34)cc21
Cc1cnc(Nc2ccc3c(c2)CCN3S(=O)(=O)c2ccc3c(c2)CC(=O)N3C)nc1-c1cnn(C(C)C)c1,COc1ccc(-c2cc3c(NC(CO)CC(C)C)c(C(N)=O)cnn3c2)cn1
Cc1cnc(Nc2ccc3c(c2)CCN3S(=O)(=O)c2ccc3c(c2)CC(=O)N3C)nc1-c1cnn(C(C)C)c1,COc1ccc(-c2cc3c(NC4CCC(C)(N)C4(C)C)c(C(N)=O)cnn3c2)cc1
Cc1cnc(Nc2ccc3c(c2)CCN3S(=O)(=O)c2ccc3c(c2)CC(=O)N3C)nc1-c1cnn(C(C)C)c1,CC(C)(O)C(=O)N1CCN(c2ccc(C(F)(F)F)c(C3=C(c4c[nH]c5ccccc45)C(=O)NC3=O)c2)CC1
Cc1cnc(Nc2ccc3c(c2)CCN3S(=O)(=O)c2ccc3c(c2)CC(=O)N3C)nc1-c1cnn(C(C)C)c1,CC1(N)CCC(Nc2c(C(N)=O)cnn3cc(-c4cc[nH]n4)cc23)C1(C)C
Cc1cnc(Nc2ccc3c(c2)CCN3S(=O)(=O)c2ccc3c(c2)CC(=O)N3C)nc1-c1cnn(C(C)C)c1,Cc1cnc(Nc2ccc3c(c2)CCN(C(=O)C=CC(=O)c2ccccc2)C3)nc1-c1cnn(C(C)C)c1
Cc1cnc(Nc2ccc3c(c2)CCN3S(=O)(=O)c2ccc3c(c2)CC(=O)N3C)nc1-c1cnn(C(C)C)c1,CC(NC(=O)c1c[nH]c2ncc(-c3nn(C)c4ccccc34)nc12)C(=O)N1CC(C#N)C1
Cc1cnc(Nc2ccc3c(c2)CCN3S(=O)(=O)c2ccc3c(c2)CC(=O)N3C)nc1-c1cnn(C(C)C)c1,CC(NC(=O)c1c[nH]c2ncc(-c3nn(C)c4cc(C#N)ccc34)nc12)C(=O)N1CC(C#N)C1
Cc1cnc(Nc2ccc3c(c2)CCN3S(=O)(=O)c2ccc3c(c2)CC(=O)N3C)nc1-c1cnn(C(C)C)c1,CC1(N)CCC(Nc2c(C(N)=O)cnn3cc(-c4cccc(F)c4)cc23)C1(C)C
Cc1cnc(Nc2ccc3c(c2)CCN3S(=O)(=O)c2ccc3c(c2)CC(=O)N3C)nc1-c1cnn(C(C)C)c1,CCn1c(C(=O)N(C2CC2)C2CC2)cc2c3c(ncn3C)c(Nc3cc(C)n(C)n3)nc21
Cc1cnc(Nc2ccc3c(c2)CCN3S(=O)(=O)c2ccc3c(c2)CC(=O)N3C)nc1-c1cnn(C(C)C)c1,COc1ccc(-c2cc3c(NC(CO)CC4CC4)c(C(N)=O)cnn3c2)cn1
Cc1cnc(Nc2ccc3c(c2)CCN3S(=O)(=O)c2ccc3c(c2)CC(=O)N3C)nc1-c1cnn(C(C)C)c1,COc1ccc(S(=O)(=O)NC2CC(NC#N)c3cc(-c4ncnc5[nH]ccc45)ccc32)cc1
Cc1cnc(Nc2ccc3c(c2)CCN3S(=O)(=O)c2ccc3c(c2)CC(=O)N3C)nc1-c1cnn(C(C)C)c1,CC(C)C(C)n1cc(-c2cc(N3CCS(=O)(=O)CC3)n(C)n2)c2[nH]nc(N)c2c1=O
Cc1cnc(Nc2ccc3c(c2)CCN3S(=O)(=O)c2ccc3c(c2)CC(=O)N3C)nc1-c1cnn(C(C)C)c1,Cc1ccc(-c2cc3c(NC4CCC(C)(N)C4(C)C)c(C(N)=O)cnn3c2)cc1
Cc1cnc(Nc2ccc3c(c2)CCN3S(=O)(=O)c2ccc3c(c2)CC(=O)N3C)nc1-c1cnn(C(C)C)c1,N#CCCn1cc(-c2nc(Nc3ccc4c(c3)CCN4C(=O)CN3CCS(=O)(=O)CC3)ncc2F)cn1
Cc1cnc(Nc2ccc3c(c2)CCN3S(=O)(=O)c2ccc3c(c2)CC(=O)N3C)nc1-c1cnn(C(C)C)c1,CC(NC(=O)c1c[nH]c2ncc(-c3ncn4cc(F)ccc34)nc12)C(=O)N1CC(C#N)C1
Cc1cnc(Nc2ccc3c(c2)CCN3S(=O)(=O)c2ccc3c(c2)CC(=O)N3C)nc1-c1cnn(C(C)C)c1,CC(C)C(C)n1cc(-c2cc(C3CCOCC3)n(C)n2)c2[nH]nc(N)c2c1=O
Cc1cnc(Nc2ccc3c(c2)CCN3S(=O)(=O)c2ccc3c(c2)CC(=O)N3C)nc1-c1cnn(C(C)C)c1,Cc1cnc(Nc2ccc3c(c2)CN(C(=O)C=CCN(C)C)CC3)nc1-c1cnn(C(C)C)c1
Cc1cnc(Nc2ccc3c(c2)CCN3S(=O)(=O)c2ccc3c(c2)CC(=O)N3C)nc1-c1cnn(C(C)C)c1,Cc1cnccc1-c1cc2c(NC3CCC(C)(N)C3(C)C)c(C(N)=O)cnn2c1
Cc1cnc(Nc2ccc3c(c2)CCN3S(=O)(=O)c2ccc3c(c2)CC(=O)N3C)nc1-c1cnn(C(C)C)c1,CC1(N)CCC(Nc2c(C(N)=O)cnn3cc(-c4ccc(F)nc4)cc23)C1(C)C
Cc1cnc(Nc2ccc3c(c2)CCN3S(=O)(=O)c2ccc3c(c2)CC(=O)N3C)nc1-c1cnn(C(C)C)c1,CC(=O)NC1CCc2ccc(Oc3cnc4[nH]cc(C(=O)NC(C(=O)N5CC(C#N)C5)C5CC5)c4n3)cc21
Cc1cnc(Nc2ccc3c(c2)CCN3S(=O)(=O)c2ccc3c(c2)CC(=O)N3C)nc1-c1cnn(C(C)C)c1,CC1(N)CCC(Nc2c(C(N)=O)cnn3cc(-c4cccc(C#N)c4)cc23)C1(C)C
Cc1cnc(Nc2ccc3c(c2)CCN3S(=O)(=O)c2ccc3c(c2)CC(=O)N3C)nc1-c1cnn(C(C)C)c1,Cc1cnc(Nc2ccc3c(c2)CN(C(=O)C=CC(=O)c2ccccc2)CC3)nc1-c1cnn(C(C)C)c1
Cc1cnc(Nc2ccc3c(c2)CCN3S(=O)(=O)c2ccc3c(c2)CC(=O)N3C)nc1-c1cnn(C(C)C)c1,N#CCCn1cc(-c2nc(Nc3ccc4c(c3)CCN4C(=O)C3(C#N)CC3)ncc2F)cn1
Cc1cnc(Nc2ccc3c(c2)CCN3S(=O)(=O)c2ccc3c(c2)CC(=O)N3C)nc1-c1cnn(C(C)C)c1,Cn1ccc(-c2cn(-c3ccccc3Cl)c(=O)c3c(N)n[nH]c23)n1
Cc1cnc(Nc2ccc3c(c2)CCN3S(=O)(=O)c2ccc3c(c2)CC(=O)N3C)nc1-c1cnn(C(C)C)c1,COc1ccc(-c2cc3c(NC4CCC(C)(N)C4(C)C)c(C(N)=O)cnn3c2)cn1
Cc1cnc(Nc2ccc3c(c2)CCN3S(=O)(=O)c2ccc3c(c2)CC(=O)N3C)nc1-c1cnn(C(C)C)c1,CC1(N)CCC(Nc2c(C(N)=O)cnn3cc(-c4ccc(C#N)cc4)cc23)C1(C)C
Cc1cnc(Nc2ccc3c(c2)CCN3S(=O)(=O)c2ccc3c(c2)CC(=O)N3C)nc1-c1cnn(C(C)C)c1,CCn1c(C(=O)N(C2CC2)C2CC2)cc2c3c(ncn3C)c(Nc3nc(C)c(C(=O)NC)s3)nc21
Cc1cnc(Nc2ccc3c(c2)CCN3S(=O)(=O)c2ccc3c(c2)CC(=O)N3C)nc1-c1cnn(C(C)C)c1,Cc1[nH]c(C=C2C(=O)Nc3ccc(F)cc32)c(C)c1C(=O)NCC(O)CN1CCOCC1
Cc1cnc(Nc2ccc3c(c2)CCN3S(=O)(=O)c2ccc3c(c2)CC(=O)N3C)nc1-c1cnn(C(C)C)c1,Cn1nc(-c2cnc3[nH]cc(C(=O)NC(C(=O)N4CC(C#N)C4)C(C)(C)C)c3n2)c2ccc(Cl)cc21
Cc1cnc(Nc2ccc3c(c2)CCN3S(=O)(=O)c2ccc3c(c2)CC(=O)N3C)nc1-c1cnn(C(C)C)c1,COc1cc(-c2cc3c(NC4CCC(C)(N)C4(C)C)c(C(N)=O)cnn3c2)ccn1
Cc1cnc(Nc2ccc3c(c2)CCN3S(=O)(=O)c2ccc3c(c2)CC(=O)N3C)nc1-c1cnn(C(C)C)c1,CCOC(C)n1cc(-c2nc(Nc3ccc4c(c3)CCN4S(=O)(=O)c3ccc(C(F)(F)F)cc3)ncc2C)cn1
O=C(CCCCCCn1cc(Nc2ncc3ccn(-c4ccc(F)cc4)c3n2)cn1)NO,O=C(CCCCCCn1cc(Nc2ncc3ccn(Cc4cccc(F)c4)c3n2)cn1)NO
O=C(CCCCCCn1cc(Nc2ncc3ccn(-c4ccc(F)cc4)c3n2)cn1)NO,O=C(CCCCCCn1cc(Nc2ncc3ccn(-c4ccccc4)c3n2)cn1)NO
O=C(CCCCCCn1cc(Nc2ncc3ccn(-c4ccc(F)cc4)c3n2)cn1)NO,O=C(CCCCCn1cc(Nc2ncc3ccn(Cc4cccc(F)c4)c3n2)cn1)NO
Cc1cccc(Nc2nc3cccc(-c4cccc(C(C)C)c4)n3n2)c1,O=C(Nc1nc2cccc(-c3ccc(C(=O)N4CCC(F)(F)CC4)cc3)n2n1)C1CC1
Cc1cccc(Nc2nc3cccc(-c4cccc(C(C)C)c4)n3n2)c1,O=C(Nc1nc2cccc(-c3ccc(C(=O)N4CC(F)(F)C4)cc3)n2n1)C1CC1
Cc1cccc(Nc2nc3cccc(-c4cccc(C(C)C)c4)n3n2)c1,N#CCNC(=O)c1ccc(-c2cccc3nc(NC(=O)C4CC4)nn23)cc1
Cc1cccc(Nc2nc3cccc(-c4cccc(C(C)C)c4)n3n2)c1,N#CC1CN(C(=O)c2ccc(-c3cccc4nc(NC(=O)C5CC5)nn34)cc2)C1
Cc1cccc(Nc2nc3cccc(-c4cccc(C(C)C)c4)n3n2)c1,O=C(Nc1nc2cccc(-c3ccc(CN4CCS(=O)(=O)CC4)cc3)n2n1)C1CC1
Cc1cccc(Nc2nc3cccc(-c4cccc(C(C)C)c4)n3n2)c1,C=C(C#N)C(O)c1ccc(-c2cccc3nc(NC(=O)C4CC4)nn23)cc1
O=C(CCCCCCn1cc(Nc2ncc3ccn(-c4ccc(Br)cc4)c3n2)cn1)NO,O=C(CCCCCCn1cc(Nc2ncc3ccn(Cc4cccc(F)c4)c3n2)cn1)NO
O=C(CCCCCCn1cc(Nc2ncc3ccn(-c4ccc(Br)cc4)c3n2)cn1)NO,O=C(CCCCCCn1cc(Nc2ncc3ccn(-c4ccccc4)c3n2)cn1)NO
O=C(CCCCCCn1cc(Nc2ncc3ccn(-c4ccc(Br)cc4)c3n2)cn1)NO,O=C(CCCCCn1cc(Nc2ncc3ccn(Cc4cccc(F)c4)c3n2)cn1)NO
Cc1cnc(Nc2ccc3c(c2)CCN3C(=O)C2CCCN2)nc1-c1cnn(C(C)C)c1,Cc1ccc(C(=O)C=CC(=O)N2CCc3ccc(Nc4ncc(C)c(-c5cnn(C(C)C)c5)n4)cc3C2)cc1
Cc1cnc(Nc2ccc3c(c2)CCN3C(=O)C2CCCN2)nc1-c1cnn(C(C)C)c1,CCn1c(C(=O)N(C2CC2)C2CC2)cc2c3c(ncn3C)c(Nc3nc(C(=O)NC)c(C)s3)nc21
Cc1cnc(Nc2ccc3c(c2)CCN3C(=O)C2CCCN2)nc1-c1cnn(C(C)C)c1,CCn1c(C(=O)N(C2CC2)C2CC2)cc2c3c(ncn3C)c(Nc3nc(C)cs3)nc21
Cc1cnc(Nc2ccc3c(c2)CCN3C(=O)C2CCCN2)nc1-c1cnn(C(C)C)c1,CCn1c(C(=O)N(C2CC2)C2CC2)cc2c3c(ncn3C)c(Nc3ncc(C)s3)nc21
Cc1cnc(Nc2ccc3c(c2)CCN3C(=O)C2CCCN2)nc1-c1cnn(C(C)C)c1,Cc1ccc(C(=O)C=CC(=O)N2CCc3cc(Nc4ncc(C)c(-c5cnn(C(C)C)c5)n4)ccc3C2)cc1
Cc1cnc(Nc2ccc3c(c2)CCN3C(=O)C2CCCN2)nc1-c1cnn(C(C)C)c1,Cn1nc(-c2cnc3[nH]cc(C(=O)NC(C(=O)N4CC(C#N)C4)C4CC4)c3n2)c2ccc(Cl)cc21
Cc1cnc(Nc2ccc3c(c2)CCN3C(=O)C2CCCN2)nc1-c1cnn(C(C)C)c1,CCn1c(C(=O)N(C2CC2)C2CC2)cc2c3c(ncn3C)c(Nc3nccs3)nc21
Cc1cnc(Nc2ccc3c(c2)CCN3C(=O)C2CCCN2)nc1-c1cnn(C(C)C)c1,CCn1c(C(=O)N(C2CC2)C2CC2)cc2c3c(ncn3C)c(Nc3cc(C)nn3C)nc21
Cc1cnc(Nc2ccc3c(c2)CCN3C(=O)C2CCCN2)nc1-c1cnn(C(C)C)c1,CCc1nc(Nc2nc3c(cc(C(=O)N(C4CC4)C4CC4)n3CC)c3c2ncn3C)sc1C
Cc1cnc(Nc2ccc3c(c2)CCN3C(=O)C2CCCN2)nc1-c1cnn(C(C)C)c1,Cc1cnc(Nc2ccc3c(c2)CCN(CC#N)C3)nc1-c1cnn(C(C)C)c1
Cc1cnc(Nc2ccc3c(c2)CCN3C(=O)C2CCCN2)nc1-c1cnn(C(C)C)c1,CCn1c(C(=O)N(C2CC2)C2CC2)cc2c3c(ncn3C)c(Nc3nc(C)c(S(C)(=O)=O)s3)nc21
Cc1cnc(Nc2ccc3c(c2)CCN3C(=O)C2CCCN2)nc1-c1cnn(C(C)C)c1,Cc1cnc(Nc2ccc3c(c2)CCN(C(=O)C=CCN(C)C)C3)nc1-c1cnn(C(C)C)c1
Cc1cnc(Nc2ccc3c(c2)CCN3C(=O)C2CCCN2)nc1-c1cnn(C(C)C)c1,CC(NC(=O)c1c[nH]c2ncc(-c3nn(C)c4cc(Cl)cc(F)c34)nc12)C(=O)N1CC(C#N)C1
Cc1cnc(Nc2ccc3c(c2)CCN3C(=O)C2CCCN2)nc1-c1cnn(C(C)C)c1,CCn1c(C(=O)N(C2CC2)C2CC2)cc2c3c(ncn3C)c(Nc3nc(C)c(C)s3)nc21
Cc1cnc(Nc2ccc3c(c2)CCN3C(=O)C2CCCN2)nc1-c1cnn(C(C)C)c1,Cc1cnc(Nc2ccc(NS(=O)(=O)c3ccc(C(F)(F)F)cc3)c(F)c2)nc1-c1cnn(C(C)C)c1
Cc1cnc(Nc2ccc3c(c2)CCN3C(=O)C2CCCN2)nc1-c1cnn(C(C)C)c1,COC(=O)C=CCN1CCc2cc(Nc3ncc(C)c(-c4cnn(C(C)C)c4)n3)ccc2C1
Cc1cnc(Nc2ccc3c(c2)CCN3C(=O)C2CCCN2)nc1-c1cnn(C(C)C)c1,CC1(N)CCC(Nc2c(C(N)=O)cnn3cc(-c4cc[nH]n4)cc23)C1(C)C
Cc1cnc(Nc2ccc3c(c2)CCN3C(=O)C2CCCN2)nc1-c1cnn(C(C)C)c1,Cc1cnc(Nc2ccc3c(c2)CCN(C(=O)C=CC(=O)c2ccccc2)C3)nc1-c1cnn(C(C)C)c1
Cc1cnc(Nc2ccc3c(c2)CCN3C(=O)C2CCCN2)nc1-c1cnn(C(C)C)c1,CC(NC(=O)c1c[nH]c2ncc(-c3nn(C)c4cc(C#N)ccc34)nc12)C(=O)N1CC(C#N)C1
Cc1cnc(Nc2ccc3c(c2)CCN3C(=O)C2CCCN2)nc1-c1cnn(C(C)C)c1,CCn1c(C(=O)N(C2CC2)C2CC2)cc2c3c(ncn3C)c(Nc3cc(C)n(C)n3)nc21
Cc1cnc(Nc2ccc3c(c2)CCN3C(=O)C2CCCN2)nc1-c1cnn(C(C)C)c1,CC(C)C(C)n1cc(-c2cc(N3CCS(=O)(=O)CC3)n(C)n2)c2[nH]nc(N)c2c1=O
Cc1cnc(Nc2ccc3c(c2)CCN3C(=O)C2CCCN2)nc1-c1cnn(C(C)C)c1,N#CCCn1cc(-c2nc(Nc3ccc4c(c3)CCN4C(=O)CN3CCS(=O)(=O)CC3)ncc2F)cn1
Cc1cnc(Nc2ccc3c(c2)CCN3C(=O)C2CCCN2)nc1-c1cnn(C(C)C)c1,CC(C)C(C)n1cc(-c2cc(C3CCOCC3)n(C)n2)c2[nH]nc(N)c2c1=O
Cc1cnc(Nc2ccc3c(c2)CCN3C(=O)C2CCCN2)nc1-c1cnn(C(C)C)c1,Cc1cnc(Nc2ccc3c(c2)CN(C(=O)C=CCN(C)C)CC3)nc1-c1cnn(C(C)C)c1
Cc1cnc(Nc2ccc3c(c2)CCN3C(=O)C2CCCN2)nc1-c1cnn(C(C)C)c1,CC(=O)NC1CCc2ccc(Oc3cnc4[nH]cc(C(=O)NC(C(=O)N5CC(C#N)C5)C5CC5)c4n3)cc21
Cc1cnc(Nc2ccc3c(c2)CCN3C(=O)C2CCCN2)nc1-c1cnn(C(C)C)c1,Cc1cnc(Nc2ccc3c(c2)CN(C(=O)C=CC(=O)c2ccccc2)CC3)nc1-c1cnn(C(C)C)c1
Cc1cnc(Nc2ccc3c(c2)CCN3C(=O)C2CCCN2)nc1-c1cnn(C(C)C)c1,N#CCCn1cc(-c2nc(Nc3ccc4c(c3)CCN4C(=O)C3(C#N)CC3)ncc2F)cn1
Cc1cnc(Nc2ccc3c(c2)CCN3C(=O)C2CCCN2)nc1-c1cnn(C(C)C)c1,CCNC(=O)c1ncc(Nc2ncc(F)c(N3CC4CCC(C3)N4C(=O)C3CC3)n2)cc1C
Cc1cnc(Nc2ccc3c(c2)CCN3C(=O)C2CCCN2)nc1-c1cnn(C(C)C)c1,CCn1c(C(=O)N(C2CC2)C2CC2)cc2c3c(ncn3C)c(Nc3nc(C)c(C(=O)NC)s3)nc21
Cc1cnc(Nc2ccc3c(c2)CCN3C(=O)C2CCCN2)nc1-c1cnn(C(C)C)c1,Cn1nc(-c2cnc3[nH]cc(C(=O)NC(C(=O)N4CC(C#N)C4)C(C)(C)C)c3n2)c2ccc(Cl)cc21
Cc1cnc(Nc2ccc3c(c2)CCN3C(=O)C2CCCN2)nc1-c1cnn(C(C)C)c1,CCOC(C)n1cc(-c2nc(Nc3ccc4c(c3)CCN4S(=O)(=O)c3ccc(C(F)(F)F)cc3)ncc2C)cn1
Cc1cnc(Nc2ccc3c(c2)CCN3C(=O)C2CCCN2C(=O)C2(C#N)CC2)nc1-c1cnn(C(C)C)c1,Cc1ccc(C(=O)C=CC(=O)N2CCc3ccc(Nc4ncc(C)c(-c5cnn(C(C)C)c5)n4)cc3C2)cc1
Cc1cnc(Nc2ccc3c(c2)CCN3C(=O)C2CCCN2C(=O)C2(C#N)CC2)nc1-c1cnn(C(C)C)c1,CCn1c(C(=O)N(C2CC2)C2CC2)cc2c3c(ncn3C)c(Nc3nc(C(=O)NC)c(C)s3)nc21
Cc1cnc(Nc2ccc3c(c2)CCN3C(=O)C2CCCN2C(=O)C2(C#N)CC2)nc1-c1cnn(C(C)C)c1,CCn1c(C(=O)N(C2CC2)C2CC2)cc2c3c(ncn3C)c(Nc3nc(C)cs3)nc21
Cc1cnc(Nc2ccc3c(c2)CCN3C(=O)C2CCCN2C(=O)C2(C#N)CC2)nc1-c1cnn(C(C)C)c1,CCn1c(C(=O)N(C2CC2)C2CC2)cc2c3c(ncn3C)c(Nc3ncc(C)s3)nc21
Cc1cnc(Nc2ccc3c(c2)CCN3C(=O)C2CCCN2C(=O)C2(C#N)CC2)nc1-c1cnn(C(C)C)c1,Cc1ccc(C(=O)C=CC(=O)N2CCc3cc(Nc4ncc(C)c(-c5cnn(C(C)C)c5)n4)ccc3C2)cc1
Cc1cnc(Nc2ccc3c(c2)CCN3C(=O)C2CCCN2C(=O)C2(C#N)CC2)nc1-c1cnn(C(C)C)c1,CC(NC(=O)c1c[nH]c2ncc(-c3cn(C)c4cc(Cl)ccc34)nc12)C(=O)N1CC(C#N)C1
Cc1cnc(Nc2ccc3c(c2)CCN3C(=O)C2CCCN2C(=O)C2(C#N)CC2)nc1-c1cnn(C(C)C)c1,Cn1nc(-c2cnc3[nH]cc(C(=O)NC(C(=O)N4CC(C#N)C4)C4CC4)c3n2)c2ccc(Cl)cc21
Cc1cnc(Nc2ccc3c(c2)CCN3C(=O)C2CCCN2C(=O)C2(C#N)CC2)nc1-c1cnn(C(C)C)c1,CCn1c(C(=O)N(C2CC2)C2CC2)cc2c3c(ncn3C)c(Nc3nccs3)nc21
Cc1cnc(Nc2ccc3c(c2)CCN3C(=O)C2CCCN2C(=O)C2(C#N)CC2)nc1-c1cnn(C(C)C)c1,O=C1NC(=O)C(c2c[nH]c3ccccc23)=C1Nc1cccc(OC2CN(c3ccnc(F)c3)C2)c1
Cc1cnc(Nc2ccc3c(c2)CCN3C(=O)C2CCCN2C(=O)C2(C#N)CC2)nc1-c1cnn(C(C)C)c1,CCn1c(C(=O)N(C2CC2)C2CC2)cc2c3c(ncn3C)c(Nc3cc(C)nn3C)nc21
Cc1cnc(Nc2ccc3c(c2)CCN3C(=O)C2CCCN2C(=O)C2(C#N)CC2)nc1-c1cnn(C(C)C)c1,CCc1nc(Nc2nc3c(cc(C(=O)N(C4CC4)C4CC4)n3CC)c3c2ncn3C)sc1C
Cc1cnc(Nc2ccc3c(c2)CCN3C(=O)C2CCCN2C(=O)C2(C#N)CC2)nc1-c1cnn(C(C)C)c1,Cc1cnc(Nc2ccc3c(c2)CCN(CC#N)C3)nc1-c1cnn(C(C)C)c1
Cc1cnc(Nc2ccc3c(c2)CCN3C(=O)C2CCCN2C(=O)C2(C#N)CC2)nc1-c1cnn(C(C)C)c1,Cn1cc(C2=C(Nc3cccc(OCCNc4ccnc(F)c4)c3)C(=O)NC2=O)c2ccccc21
Cc1cnc(Nc2ccc3c(c2)CCN3C(=O)C2CCCN2C(=O)C2(C#N)CC2)nc1-c1cnn(C(C)C)c1,CCn1c(C(=O)N(C2CC2)C2CC2)cc2c3c(ncn3C)c(Nc3nc(C)c(S(C)(=O)=O)s3)nc21
Cc1cnc(Nc2ccc3c(c2)CCN3C(=O)C2CCCN2C(=O)C2(C#N)CC2)nc1-c1cnn(C(C)C)c1,Cc1cnc(Nc2ccc3c(c2)CCN(C(=O)C=CCN(C)C)C3)nc1-c1cnn(C(C)C)c1
Cc1cnc(Nc2ccc3c(c2)CCN3C(=O)C2CCCN2C(=O)C2(C#N)CC2)nc1-c1cnn(C(C)C)c1,CC(C)Oc1ccc(-c2cc3c(NC4CCC(C)(N)C4(C)C)c(C(N)=O)cnn3c2)cn1
Cc1cnc(Nc2ccc3c(c2)CCN3C(=O)C2CCCN2C(=O)C2(C#N)CC2)nc1-c1cnn(C(C)C)c1,CC(NC(=O)c1c[nH]c2ncc(-c3nn(C)c4cc(Cl)cc(F)c34)nc12)C(=O)N1CC(C#N)C1
Cc1cnc(Nc2ccc3c(c2)CCN3C(=O)C2CCCN2C(=O)C2(C#N)CC2)nc1-c1cnn(C(C)C)c1,CC1C2CN(c3nc(Nc4cnn(C)c4)ncc3F)CC12NC(=O)C1CC1(F)F
Cc1cnc(Nc2ccc3c(c2)CCN3C(=O)C2CCCN2C(=O)C2(C#N)CC2)nc1-c1cnn(C(C)C)c1,CCn1c(C(=O)N(C2CC2)C2CC2)cc2c3c(ncn3C)c(Nc3nc(C)c(C)s3)nc21
Cc1cnc(Nc2ccc3c(c2)CCN3C(=O)C2CCCN2C(=O)C2(C#N)CC2)nc1-c1cnn(C(C)C)c1,Cc1ccccc1-n1cc(-c2ccn(C)n2)c2[nH]nc(N)c2c1=O
Cc1cnc(Nc2ccc3c(c2)CCN3C(=O)C2CCCN2C(=O)C2(C#N)CC2)nc1-c1cnn(C(C)C)c1,CC(NC(=O)c1c[nH]c2ncc(-c3nn(C)c4cc(Cl)ccc34)nc12)C(=O)N1CC(C#N)C1
Cc1cnc(Nc2ccc3c(c2)CCN3C(=O)C2CCCN2C(=O)C2(C#N)CC2)nc1-c1cnn(C(C)C)c1,Cc1cnc(Nc2ccc(NS(=O)(=O)c3ccc(C(F)(F)F)cc3)c(F)c2)nc1-c1cnn(C(C)C)c1
Cc1cnc(Nc2ccc3c(c2)CCN3C(=O)C2CCCN2C(=O)C2(C#N)CC2)nc1-c1cnn(C(C)C)c1,COC(=O)C=CCN1CCc2cc(Nc3ncc(C)c(-c4cnn(C(C)C)c4)n3)ccc2C1
Cc1cnc(Nc2ccc3c(c2)CCN3C(=O)C2CCCN2C(=O)C2(C#N)CC2)nc1-c1cnn(C(C)C)c1,COc1ccc2c(-c3cnc4[nH]cc(C(=O)NC(C)C(=O)N5CC(C#N)C5)c4n3)nn(C)c2c1
Cc1cnc(Nc2ccc3c(c2)CCN3C(=O)C2CCCN2C(=O)C2(C#N)CC2)nc1-c1cnn(C(C)C)c1,CC(C)(O)C(=O)N1CCN(c2ccc(C(F)(F)F)c(C3=C(c4c[nH]c5ccccc45)C(=O)NC3=O)c2)CC1
Cc1cnc(Nc2ccc3c(c2)CCN3C(=O)C2CCCN2C(=O)C2(C#N)CC2)nc1-c1cnn(C(C)C)c1,CC1(N)CCC(Nc2c(C(N)=O)cnn3cc(-c4cc[nH]n4)cc23)C1(C)C
Cc1cnc(Nc2ccc3c(c2)CCN3C(=O)C2CCCN2C(=O)C2(C#N)CC2)nc1-c1cnn(C(C)C)c1,Cc1cnc(Nc2ccc3c(c2)CCN(C(=O)C=CC(=O)c2ccccc2)C3)nc1-c1cnn(C(C)C)c1
Cc1cnc(Nc2ccc3c(c2)CCN3C(=O)C2CCCN2C(=O)C2(C#N)CC2)nc1-c1cnn(C(C)C)c1,CC(NC(=O)c1c[nH]c2ncc(-c3nn(C)c4ccccc34)nc12)C(=O)N1CC(C#N)C1
Cc1cnc(Nc2ccc3c(c2)CCN3C(=O)C2CCCN2C(=O)C2(C#N)CC2)nc1-c1cnn(C(C)C)c1,CC(NC(=O)c1c[nH]c2ncc(-c3nn(C)c4cc(C#N)ccc34)nc12)C(=O)N1CC(C#N)C1
Cc1cnc(Nc2ccc3c(c2)CCN3C(=O)C2CCCN2C(=O)C2(C#N)CC2)nc1-c1cnn(C(C)C)c1,CCn1c(C(=O)N(C2CC2)C2CC2)cc2c3c(ncn3C)c(Nc3cc(C)n(C)n3)nc21
Cc1cnc(Nc2ccc3c(c2)CCN3C(=O)C2CCCN2C(=O)C2(C#N)CC2)nc1-c1cnn(C(C)C)c1,CC(C)C(C)n1cc(-c2cc(N3CCS(=O)(=O)CC3)n(C)n2)c2[nH]nc(N)c2c1=O
Cc1cnc(Nc2ccc3c(c2)CCN3C(=O)C2CCCN2C(=O)C2(C#N)CC2)nc1-c1cnn(C(C)C)c1,O=C(Nc1nc2cccc(C3=CCN(C(=O)C4CC4(F)F)CC3)n2n1)C1CC1
Cc1cnc(Nc2ccc3c(c2)CCN3C(=O)C2CCCN2C(=O)C2(C#N)CC2)nc1-c1cnn(C(C)C)c1,N#CCCn1cc(-c2nc(Nc3ccc4c(c3)CCN4C(=O)CN3CCS(=O)(=O)CC3)ncc2F)cn1
Cc1cnc(Nc2ccc3c(c2)CCN3C(=O)C2CCCN2C(=O)C2(C#N)CC2)nc1-c1cnn(C(C)C)c1,CC(C)C(C)n1cc(-c2cc(C3CCOCC3)n(C)n2)c2[nH]nc(N)c2c1=O
Cc1cnc(Nc2ccc3c(c2)CCN3C(=O)C2CCCN2C(=O)C2(C#N)CC2)nc1-c1cnn(C(C)C)c1,Cc1cnc(Nc2ccc3c(c2)CN(C(=O)C=CCN(C)C)CC3)nc1-c1cnn(C(C)C)c1
Cc1cnc(Nc2ccc3c(c2)CCN3C(=O)C2CCCN2C(=O)C2(C#N)CC2)nc1-c1cnn(C(C)C)c1,CC(=O)NC1CCc2ccc(Oc3cnc4[nH]cc(C(=O)NC(C(=O)N5CC(C#N)C5)C5CC5)c4n3)cc21
Cc1cnc(Nc2ccc3c(c2)CCN3C(=O)C2CCCN2C(=O)C2(C#N)CC2)nc1-c1cnn(C(C)C)c1,Cc1cnc(Nc2ccc3c(c2)CN(C(=O)C=CC(=O)c2ccccc2)CC3)nc1-c1cnn(C(C)C)c1
Cc1cnc(Nc2ccc3c(c2)CCN3C(=O)C2CCCN2C(=O)C2(C#N)CC2)nc1-c1cnn(C(C)C)c1,N#CCCn1cc(-c2nc(Nc3ccc4c(c3)CCN4C(=O)C3(C#N)CC3)ncc2F)cn1
Cc1cnc(Nc2ccc3c(c2)CCN3C(=O)C2CCCN2C(=O)C2(C#N)CC2)nc1-c1cnn(C(C)C)c1,CCNC(=O)c1ncc(Nc2ncc(F)c(N3CC4CCC(C3)N4C(=O)C3CC3)n2)cc1C
Cc1cnc(Nc2ccc3c(c2)CCN3C(=O)C2CCCN2C(=O)C2(C#N)CC2)nc1-c1cnn(C(C)C)c1,Cn1ccc(-c2cn(-c3ccccc3Cl)c(=O)c3c(N)n[nH]c23)n1
Cc1cnc(Nc2ccc3c(c2)CCN3C(=O)C2CCCN2C(=O)C2(C#N)CC2)nc1-c1cnn(C(C)C)c1,O=C(C1CC1)N1C2CCC1CN(c1nc(Nc3cnn(CCO)c3)ncc1F)C2
Cc1cnc(Nc2ccc3c(c2)CCN3C(=O)C2CCCN2C(=O)C2(C#N)CC2)nc1-c1cnn(C(C)C)c1,CCn1c(C(=O)N(C2CC2)C2CC2)cc2c3c(ncn3C)c(Nc3nc(C)c(C(=O)NC)s3)nc21
Cc1cnc(Nc2ccc3c(c2)CCN3C(=O)C2CCCN2C(=O)C2(C#N)CC2)nc1-c1cnn(C(C)C)c1,Cc1[nH]c(C=C2C(=O)Nc3ccc(F)cc32)c(C)c1C(=O)NCC(O)CN1CCOCC1
Cc1cnc(Nc2ccc3c(c2)CCN3C(=O)C2CCCN2C(=O)C2(C#N)CC2)nc1-c1cnn(C(C)C)c1,Cn1nc(-c2cnc3[nH]cc(C(=O)NC(C(=O)N4CC(C#N)C4)C(C)(C)C)c3n2)c2ccc(Cl)cc21
Cc1cnc(Nc2ccc3c(c2)CCN3C(=O)C2CCCN2C(=O)C2(C#N)CC2)nc1-c1cnn(C(C)C)c1,CCOC(C)n1cc(-c2nc(Nc3ccc4c(c3)CCN4S(=O)(=O)c3ccc(C(F)(F)F)cc3)ncc2C)cn1
Nc1ccc(C(=O)Nc2ccncc2)c(Cl)c1,O=C(Nc1ccnc(NC(=O)C2CC2)c1)c1c(Cl)cccc1Cl
NCC(=O)Nc1cc(NC(=O)c2c(Cl)cccc2Cl)ccn1,O=C(Nc1ccnc(NC(=O)C2CC2)c1)c1c(Cl)cccc1Cl
Cc1cnc(Nc2ccc3c(c2)CCN3C(=O)C2CC2)nc1-c1cnn(C(C)C)c1,Cc1ccc(C(=O)C=CC(=O)N2CCc3ccc(Nc4ncc(C)c(-c5cnn(C(C)C)c5)n4)cc3C2)cc1
Cc1cnc(Nc2ccc3c(c2)CCN3C(=O)C2CC2)nc1-c1cnn(C(C)C)c1,CCn1c(C(=O)N(C2CC2)C2CC2)cc2c3c(ncn3C)c(Nc3nc(C(=O)NC)c(C)s3)nc21
Cc1cnc(Nc2ccc3c(c2)CCN3C(=O)C2CC2)nc1-c1cnn(C(C)C)c1,Cc1ccc(C(=O)C=CC(=O)N2CCc3cc(Nc4ncc(C)c(-c5cnn(C(C)C)c5)n4)ccc3C2)cc1
Cc1cnc(Nc2ccc3c(c2)CCN3C(=O)C2CC2)nc1-c1cnn(C(C)C)c1,CCc1nc(Nc2nc3c(cc(C(=O)N(C4CC4)C4CC4)n3CC)c3c2ncn3C)sc1C
Cc1cnc(Nc2ccc3c(c2)CCN3C(=O)C2CC2)nc1-c1cnn(C(C)C)c1,Cc1cnc(Nc2ccc3c(c2)CCN(CC#N)C3)nc1-c1cnn(C(C)C)c1
Cc1cnc(Nc2ccc3c(c2)CCN3C(=O)C2CC2)nc1-c1cnn(C(C)C)c1,CCn1c(C(=O)N(C2CC2)C2CC2)cc2c3c(ncn3C)c(Nc3nc(C)c(S(C)(=O)=O)s3)nc21
Cc1cnc(Nc2ccc3c(c2)CCN3C(=O)C2CC2)nc1-c1cnn(C(C)C)c1,Cc1cnc(Nc2ccc3c(c2)CCN(C(=O)C=CCN(C)C)C3)nc1-c1cnn(C(C)C)c1
Cc1cnc(Nc2ccc3c(c2)CCN3C(=O)C2CC2)nc1-c1cnn(C(C)C)c1,Cc1cnc(Nc2ccc(NS(=O)(=O)c3ccc(C(F)(F)F)cc3)c(F)c2)nc1-c1cnn(C(C)C)c1
Cc1cnc(Nc2ccc3c(c2)CCN3C(=O)C2CC2)nc1-c1cnn(C(C)C)c1,COC(=O)C=CCN1CCc2cc(Nc3ncc(C)c(-c4cnn(C(C)C)c4)n3)ccc2C1
Cc1cnc(Nc2ccc3c(c2)CCN3C(=O)C2CC2)nc1-c1cnn(C(C)C)c1,Cc1cnc(Nc2ccc3c(c2)CCN(C(=O)C=CC(=O)c2ccccc2)C3)nc1-c1cnn(C(C)C)c1
Cc1cnc(Nc2ccc3c(c2)CCN3C(=O)C2CC2)nc1-c1cnn(C(C)C)c1,N#CCCn1cc(-c2nc(Nc3ccc4c(c3)CCN4C(=O)CN3CCS(=O)(=O)CC3)ncc2F)cn1
Cc1cnc(Nc2ccc3c(c2)CCN3C(=O)C2CC2)nc1-c1cnn(C(C)C)c1,Cc1cnc(Nc2ccc3c(c2)CN(C(=O)C=CCN(C)C)CC3)nc1-c1cnn(C(C)C)c1
Cc1cnc(Nc2ccc3c(c2)CCN3C(=O)C2CC2)nc1-c1cnn(C(C)C)c1,Cc1cnc(Nc2ccc3c(c2)CN(C(=O)C=CC(=O)c2ccccc2)CC3)nc1-c1cnn(C(C)C)c1
Cc1cnc(Nc2ccc3c(c2)CCN3C(=O)C2CC2)nc1-c1cnn(C(C)C)c1,N#CCCn1cc(-c2nc(Nc3ccc4c(c3)CCN4C(=O)C3(C#N)CC3)ncc2F)cn1
Cc1cnc(Nc2ccc3c(c2)CCN3C(=O)C2CC2)nc1-c1cnn(C(C)C)c1,CCn1c(C(=O)N(C2CC2)C2CC2)cc2c3c(ncn3C)c(Nc3nc(C)c(C(=O)NC)s3)nc21
Cc1cnc(Nc2ccc3c(c2)CCN3C(=O)C2CC2)nc1-c1cnn(C(C)C)c1,CCOC(C)n1cc(-c2nc(Nc3ccc4c(c3)CCN4S(=O)(=O)c3ccc(C(F)(F)F)cc3)ncc2C)cn1
CC(=O)Nc1cccc(-c2cc(C(N)=O)c3[nH]c4cc(C(=O)N5CCN(C)CC5)ccc4c3c2)c1,CN1CCN(c2ccc3c(c2)[nH]c2c(C(N)=O)cc(-c4ccc5c(cnn5C)c4)cc23)CC1
CC(=O)Nc1cccc(-c2cc(C(N)=O)c3[nH]c4cc(C(=O)N5CCN(C)CC5)ccc4c3c2)c1,COc1ccc(-c2cc(C(N)=O)c3[nH]c4cc(C(=O)N5CCOCC5)ccc4c3c2)cc1F
CC(=O)Nc1cccc(-c2cc(C(N)=O)c3[nH]c4cc(C(=O)N5CCN(C)CC5)ccc4c3c2)c1,CN1CCN(c2ccc3c(c2)[nH]c2c(C(N)=O)cc(-c4cccc(Cl)c4)cc23)CC1
CC(=O)Nc1cccc(-c2cc(C(N)=O)c3[nH]c4cc(C(=O)N5CCN(C)CC5)ccc4c3c2)c1,COc1cccc(-c2cc(C(N)=O)c3[nH]c4cc(NC(=O)C5CCOCC5)ccc4c3c2)c1
CC(=O)Nc1cccc(-c2cc(C(N)=O)c3[nH]c4cc(C(=O)N5CCN(C)CC5)ccc4c3c2)c1,NC(=O)c1cc(-c2ccccc2)cc2c1[nH]c1cc(N3CCOCC3)ccc12
CC(=O)Nc1cccc(-c2cc(C(N)=O)c3[nH]c4cc(C(=O)N5CCN(C)CC5)ccc4c3c2)c1,Cc1ccc(-c2cc(C(N)=O)c3[nH]c4cc(N5CCOCC5)ccc4c3c2)cn1
CC(=O)Nc1cccc(-c2cc(C(N)=O)c3[nH]c4cc(C(=O)N5CCN(C)CC5)ccc4c3c2)c1,COc1cccc(-c2cc(C(N)=O)c3[nH]c4ccc(C(=O)N5CCOCC5)cc4c3c2)c1
CC(=O)Nc1cccc(-c2cc(C(N)=O)c3[nH]c4cc(C(=O)N5CCN(C)CC5)ccc4c3c2)c1,COc1cccc(-c2cc(C(N)=O)c3[nH]c4cc(C(=O)N5CCC(N(C)C)C5)ccc4c3c2)c1
CC(=O)Nc1cccc(-c2cc(C(N)=O)c3[nH]c4cc(C(=O)N5CCN(C)CC5)ccc4c3c2)c1,CN1CCN(C(=O)c2ccc3[nH]c4c(C(N)=O)cc(-c5ccc(Cl)cc5)cc4c3c2)CC1
CC(=O)Nc1cccc(-c2cc(C(N)=O)c3[nH]c4cc(C(=O)N5CCN(C)CC5)ccc4c3c2)c1,COc1cccc(-c2cc(C(N)=O)c3[nH]c4ccc(C(=O)N5CCN(C)CC5)cc4c3c2)c1
CC(=O)Nc1cccc(-c2cc(C(N)=O)c3[nH]c4cc(C(=O)N5CCN(C)CC5)ccc4c3c2)c1,CN1CCN(c2ccc3c(c2)[nH]c2c(C(N)=O)cc(-c4ccc(CN5CCOCC5)c(Cl)c4)cc23)CC1
CC(=O)Nc1cccc(-c2cc(C(N)=O)c3[nH]c4cc(C(=O)N5CCN(C)CC5)ccc4c3c2)c1,NC(=O)c1cc(-c2ccccc2)cc2c1[nH]c1cc(C(=O)N3CCOCC3)ccc12
CC(=O)Nc1cccc(-c2cc(C(N)=O)c3[nH]c4cc(C(=O)N5CCN(C)CC5)ccc4c3c2)c1,COc1cccc(-c2cc(C(N)=O)c3[nH]c4cc(C(=O)N5CCOCC5)ccc4c3c2)c1
CC(=O)Nc1cccc(-c2cc(C(N)=O)c3[nH]c4cc(C(=O)N5CCN(C)CC5)ccc4c3c2)c1,CN1CCN(c2ccc3c(c2)[nH]c2c(C(N)=O)cc(-c4ccccc4)cc23)CC1
CC(=O)Nc1cccc(-c2cc(C(N)=O)c3[nH]c4cc(C(=O)N5CCN(C)CC5)ccc4c3c2)c1,NC(=O)c1cc(-c2ccc(Cl)cc2Cl)cc2c1[nH]c1ccc(C(=O)N3CCOCC3)cc12
CC(=O)Nc1cccc(-c2cc(C(N)=O)c3[nH]c4cc(C(=O)N5CCN(C)CC5)ccc4c3c2)c1,NC(=O)c1cc(Cc2ccccc2)cc2c1[nH]c1ccc(C(=O)N3CCOCC3)cc12
CCc1ccc(Cl)cc1-n1cc(-c2cc(N)ncn2)cc1C(N)=O,Cc1ccccc1-n1cc(-c2ccn(C)n2)c2[nH]nc(N)c2c1=O
NS(=O)(=O)C1C2CCC(CC2)C1Nc1nc(-c2c[nH]c3ncc(F)cc23)ncc1F,CCn1c(C(=O)N(C2CC2)C2CC2)cc2c3c(ncn3C)c(Nc3nc(C(=O)NC)c(C)s3)nc21
NS(=O)(=O)C1C2CCC(CC2)C1Nc1nc(-c2c[nH]c3ncc(F)cc23)ncc1F,CCn1c(C(=O)N(C2CC2)C2CC2)cc2c3c(ncn3C)c(Nc3nc(C)cs3)nc21
NS(=O)(=O)C1C2CCC(CC2)C1Nc1nc(-c2c[nH]c3ncc(F)cc23)ncc1F,CCn1c(C(=O)N(C2CC2)C2CC2)cc2c3c(ncn3C)c(Nc3ncc(C)s3)nc21
NS(=O)(=O)C1C2CCC(CC2)C1Nc1nc(-c2c[nH]c3ncc(F)cc23)ncc1F,CCn1c(C(=O)N(C2CC2)C2CC2)cc2c3c(ncn3C)c(Nc3nccs3)nc21
NS(=O)(=O)C1C2CCC(CC2)C1Nc1nc(-c2c[nH]c3ncc(F)cc23)ncc1F,CCn1c(C(=O)N(C2CC2)C2CC2)cc2c3c(ncn3C)c(Nc3cc(C)nn3C)nc21
NS(=O)(=O)C1C2CCC(CC2)C1Nc1nc(-c2c[nH]c3ncc(F)cc23)ncc1F,CCc1nc(Nc2nc3c(cc(C(=O)N(C4CC4)C4CC4)n3CC)c3c2ncn3C)sc1C
NS(=O)(=O)C1C2CCC(CC2)C1Nc1nc(-c2c[nH]c3ncc(F)cc23)ncc1F,CCn1c(C(=O)N(C2CC2)C2CC2)cc2c3c(ncn3C)c(Nc3nc(C)c(S(C)(=O)=O)s3)nc21
NS(=O)(=O)C1C2CCC(CC2)C1Nc1nc(-c2c[nH]c3ncc(F)cc23)ncc1F,CC(NC(=O)c1c[nH]c2ncc(-c3nn(C)c4cc(Cl)cc(F)c34)nc12)C(=O)N1CC(C#N)C1
NS(=O)(=O)C1C2CCC(CC2)C1Nc1nc(-c2c[nH]c3ncc(F)cc23)ncc1F,CCn1c(C(=O)N(C2CC2)C2CC2)cc2c3c(ncn3C)c(Nc3nc(C)c(C)s3)nc21
NS(=O)(=O)C1C2CCC(CC2)C1Nc1nc(-c2c[nH]c3ncc(F)cc23)ncc1F,CCn1c(C(=O)N(C2CC2)C2CC2)cc2c3c(ncn3C)c(Nc3cc(C)n(C)n3)nc21
NS(=O)(=O)C1C2CCC(CC2)C1Nc1nc(-c2c[nH]c3ncc(F)cc23)ncc1F,CCn1c(C(=O)N(C2CC2)C2CC2)cc2c3c(ncn3C)c(Nc3nc(C)c(C(=O)NC)s3)nc21
O=C(CCCCCCn1cc(Nc2ncc(Cl)c(Nc3ccc(F)cc3)n2)cn1)NO,Clc1cccc(Nc2nc(Nc3cn[nH]c3)ncc2Cl)c1
O=C(CCCCCCn1cc(Nc2ncc(Cl)c(Nc3ccc(F)cc3)n2)cn1)NO,O=C(CCCCCCn1cc(Nc2ncc(Cl)c(N3CCCCC3)n2)cn1)NO
O=C(CCCCCCn1cc(Nc2ncc(Cl)c(Nc3ccc(F)cc3)n2)cn1)NO,O=C(CCCCCCn1cc(Nc2ncc(Cl)c(NC3CC3)n2)cn1)NO
O=C(CCCCCCn1cc(Nc2ncc(Cl)c(Nc3ccc(F)cc3)n2)cn1)NO,O=C(CCCCCn1cc(Nc2ncc(Cl)c(Nc3ccc(Cl)cc3)n2)cn1)NO
CC(=O)Nc1cccc(-c2ccc(C(N)=O)c3[nH]c4cc(C(=O)N5CCN(C)CC5)ccc4c23)c1C,CN1CCN(c2ccc3c(c2)[nH]c2c(C(N)=O)cc(-c4ccc5c(cnn5C)c4)cc23)CC1
CC(=O)Nc1cccc(-c2ccc(C(N)=O)c3[nH]c4cc(C(=O)N5CCN(C)CC5)ccc4c23)c1C,CC(NC(=O)c1c[nH]c2ncc(-c3cn(C)c4cc(Cl)ccc34)nc12)C(=O)N1CC(C#N)C1
CC(=O)Nc1cccc(-c2ccc(C(N)=O)c3[nH]c4cc(C(=O)N5CCN(C)CC5)ccc4c23)c1C,Cn1nc(-c2cnc3[nH]cc(C(=O)NC(C(=O)N4CC(C#N)C4)C4CC4)c3n2)c2ccc(Cl)cc21
CC(=O)Nc1cccc(-c2ccc(C(N)=O)c3[nH]c4cc(C(=O)N5CCN(C)CC5)ccc4c23)c1C,COc1ccc(-c2cc(C(N)=O)c3[nH]c4cc(C(=O)N5CCOCC5)ccc4c3c2)cc1F
CC(=O)Nc1cccc(-c2ccc(C(N)=O)c3[nH]c4cc(C(=O)N5CCN(C)CC5)ccc4c23)c1C,CC(NC(=O)c1c[nH]c2ncc(-c3nn(C)c4cc(Cl)cc(F)c34)nc12)C(=O)N1CC(C#N)C1
CC(=O)Nc1cccc(-c2ccc(C(N)=O)c3[nH]c4cc(C(=O)N5CCN(C)CC5)ccc4c23)c1C,CN1CCN(c2ccc3c(c2)[nH]c2c(C(N)=O)cc(-c4cccc(Cl)c4)cc23)CC1
CC(=O)Nc1cccc(-c2ccc(C(N)=O)c3[nH]c4cc(C(=O)N5CCN(C)CC5)ccc4c23)c1C,CC(NC(=O)c1c[nH]c2ncc(-c3nn(C)c4cc(Cl)ccc34)nc12)C(=O)N1CC(C#N)C1
CC(=O)Nc1cccc(-c2ccc(C(N)=O)c3[nH]c4cc(C(=O)N5CCN(C)CC5)ccc4c23)c1C,COc1cccc(-c2cc(C(N)=O)c3[nH]c4cc(NC(=O)C5CCOCC5)ccc4c3c2)c1
CC(=O)Nc1cccc(-c2ccc(C(N)=O)c3[nH]c4cc(C(=O)N5CCN(C)CC5)ccc4c23)c1C,NC(=O)c1cc(-c2ccccc2)cc2c1[nH]c1cc(N3CCOCC3)ccc12
CC(=O)Nc1cccc(-c2ccc(C(N)=O)c3[nH]c4cc(C(=O)N5CCN(C)CC5)ccc4c23)c1C,Cc1ccc(-c2cc(C(N)=O)c3[nH]c4cc(N5CCOCC5)ccc4c3c2)cn1
CC(=O)Nc1cccc(-c2ccc(C(N)=O)c3[nH]c4cc(C(=O)N5CCN(C)CC5)ccc4c23)c1C,COc1cccc(-c2cc(C(N)=O)c3[nH]c4ccc(C(=O)N5CCOCC5)cc4c3c2)c1
CC(=O)Nc1cccc(-c2ccc(C(N)=O)c3[nH]c4cc(C(=O)N5CCN(C)CC5)ccc4c23)c1C,CC(NC(=O)c1c[nH]c2ncc(-c3nn(C)c4cc(C#N)ccc34)nc12)C(=O)N1CC(C#N)C1
CC(=O)Nc1cccc(-c2ccc(C(N)=O)c3[nH]c4cc(C(=O)N5CCN(C)CC5)ccc4c23)c1C,COc1cccc(-c2cc(C(N)=O)c3[nH]c4cc(C(=O)N5CCC(N(C)C)C5)ccc4c3c2)c1
CC(=O)Nc1cccc(-c2ccc(C(N)=O)c3[nH]c4cc(C(=O)N5CCN(C)CC5)ccc4c23)c1C,CN1CCN(C(=O)c2ccc3[nH]c4c(C(N)=O)cc(-c5ccc(Cl)cc5)cc4c3c2)CC1
CC(=O)Nc1cccc(-c2ccc(C(N)=O)c3[nH]c4cc(C(=O)N5CCN(C)CC5)ccc4c23)c1C,COc1cccc(-c2cc(C(N)=O)c3[nH]c4ccc(C(=O)N5CCN(C)CC5)cc4c3c2)c1
CC(=O)Nc1cccc(-c2ccc(C(N)=O)c3[nH]c4cc(C(=O)N5CCN(C)CC5)ccc4c23)c1C,CN1CCN(c2ccc3c(c2)[nH]c2c(C(N)=O)cc(-c4ccc(CN5CCOCC5)c(Cl)c4)cc23)CC1
CC(=O)Nc1cccc(-c2ccc(C(N)=O)c3[nH]c4cc(C(=O)N5CCN(C)CC5)ccc4c23)c1C,NC(=O)c1cc(-c2ccccc2)cc2c1[nH]c1cc(C(=O)N3CCOCC3)ccc12
CC(=O)Nc1cccc(-c2ccc(C(N)=O)c3[nH]c4cc(C(=O)N5CCN(C)CC5)ccc4c23)c1C,COc1cccc(-c2cc(C(N)=O)c3[nH]c4cc(C(=O)N5CCOCC5)ccc4c3c2)c1
CC(=O)Nc1cccc(-c2ccc(C(N)=O)c3[nH]c4cc(C(=O)N5CCN(C)CC5)ccc4c23)c1C,Cc1cnccc1-c1cc2c(NC3CCC(C)(N)C3(C)C)c(C(N)=O)cnn2c1
CC(=O)Nc1cccc(-c2ccc(C(N)=O)c3[nH]c4cc(C(=O)N5CCN(C)CC5)ccc4c23)c1C,CC1(N)CCC(Nc2c(C(N)=O)cnn3cc(-c4cccc(C#N)c4)cc23)C1(C)C
CC(=O)Nc1cccc(-c2ccc(C(N)=O)c3[nH]c4cc(C(=O)N5CCN(C)CC5)ccc4c23)c1C,CN1CCN(c2ccc3c(c2)[nH]c2c(C(N)=O)cc(-c4ccccc4)cc23)CC1
CC(=O)Nc1cccc(-c2ccc(C(N)=O)c3[nH]c4cc(C(=O)N5CCN(C)CC5)ccc4c23)c1C,NC(=O)c1cc(-c2ccc(Cl)cc2Cl)cc2c1[nH]c1ccc(C(=O)N3CCOCC3)cc12
CC(=O)Nc1cccc(-c2ccc(C(N)=O)c3[nH]c4cc(C(=O)N5CCN(C)CC5)ccc4c23)c1C,NC(=O)c1cc(Cc2ccccc2)cc2c1[nH]c1ccc(C(=O)N3CCOCC3)cc12
CC(=O)Nc1cccc(-c2ccc(C(N)=O)c3[nH]c4cc(C(=O)N5CCN(C)CC5)ccc4c23)c1C,Cn1nc(-c2cnc3[nH]cc(C(=O)NC(C(=O)N4CC(C#N)C4)C(C)(C)C)c3n2)c2ccc(Cl)cc21
